security_code,security_name,secucode,org_code,security_type_code,security_type,trade_market_code,trade_market,exchange,board,industry,report_period,report_date,announcement_date,update_date,basic_eps,book_value_per_share,revenue_cny,revenue_yoy_pct,revenue_qoq_pct,parent_net_profit_cny,parent_net_profit_yoy_pct,parent_net_profit_qoq_pct,weighted_roe_pct,operating_cash_flow_per_share,gross_margin_pct,profit_distribution_description,disclosure_status,source_name,source_page_url,source_api_report,research_stage,fundamental_acceleration_status,new_profit_pool_status,cyclical_turn_status,capital_event_status,announcement_review_status,peer_comparison_status,data_quality_flag
920000,安徽凤凰,920000.BJ,10427133,058001001,A股,069001017,北京证券交易所,BSE,Beijing Stock Exchange,,2026H1,2026-06-30,2026-08-14,2026-08-14,0.3,7.447232018106,209115574.24,3.8876698141,31.0533,27928097.85,-14.58,14.7941,4.14,0.202113079843,26.603411832,10派0.70元(含税),disclosed,Eastmoney Data Center / Choice public web aggregation,https://data.eastmoney.com/bbsj/202606/yjbb.html,RPT_LICO_FN_CPD,stage_0_raw_archive,pending,pending,pending,pending,pending,pending,ok
920001,纬达光电,920001.BJ,10060888,058001001,A股,069001017,北京证券交易所,BSE,Beijing Stock Exchange,,2026H1,2026-06-30,2026-08-27,2026-08-27,-0.08,4.567234314405,114637086.28,13.0814598281,14.3787,-12838469.27,-235.47,-32.4552,-1.81,-0.013305934461,6.6603881325,不分配不转增,disclosed,Eastmoney Data Center / Choice public web aggregation,https://data.eastmoney.com/bbsj/202606/yjbb.html,RPT_LICO_FN_CPD,stage_0_raw_archive,pending,pending,pending,pending,pending,pending,ok
920002,万达轴承,920002.BJ,10000255777,058001001,A股,069001017,北京证券交易所,BSE,Beijing Stock Exchange,,2026H1,2026-06-30,2026-08-03,2026-08-03,0.56,11.926858388122,201361490.17,12.2379484584,6.417,35428935.84,4.44,31.4482,4.73,0.168494954842,32.5106217801,不分配不转增,disclosed,Eastmoney Data Center / Choice public web aggregation,https://data.eastmoney.com/bbsj/202606/yjbb.html,RPT_LICO_FN_CPD,stage_0_raw_archive,pending,pending,pending,pending,pending,pending,ok
920003,中诚咨询,920003.BJ,10557339,058001001,A股,069001017,北京证券交易所,BSE,Beijing Stock Exchange,,2026H1,2026-06-30,2026-08-20,2026-08-20,0.54,6.589705423951,173546508.79,-9.1989667872,-45.4415,48875924.63,-8.28,-83.6601,7.7,0.441399139073,47.7307338174,不分配不转增,disclosed,Eastmoney Data Center / Choice public web aggregation,https://data.eastmoney.com/bbsj/202606/yjbb.html,RPT_LICO_FN_CPD,stage_0_raw_archive,pending,pending,pending,pending,pending,pending,ok
920005,鼎佳精密,920005.BJ,10000296782,058001001,A股,069001017,北京证券交易所,BSE,Beijing Stock Exchange,,2026H1,2026-06-30,2026-08-18,2026-08-18,0.35,7.541172417229,254009002.37,17.9259522409,21.9898,28935656.46,-23.96,22.6241,4.55,0.238287751084,29.3497496169,不分配不转增,disclosed,Eastmoney Data Center / Choice public web aggregation,https://data.eastmoney.com/bbsj/202606/yjbb.html,RPT_LICO_FN_CPD,stage_0_raw_archive,pending,pending,pending,pending,pending,pending,ok
920006,晟楠科技,920006.BJ,10507331,058001001,A股,069001017,北京证券交易所,BSE,Beijing Stock Exchange,,2026H1,2026-06-30,2026-08-25,2026-08-25,0.01,3.431865328308,65916425.36,0.4623132705,342.1929,557385.25,-94.69,211.2444,0.17,-0.374970714121,35.8758140643,不分配不转增,disclosed,Eastmoney Data Center / Choice public web aggregation,https://data.eastmoney.com/bbsj/202606/yjbb.html,RPT_LICO_FN_CPD,stage_0_raw_archive,pending,pending,pending,pending,pending,pending,ok
920007,酉立智能,920007.BJ,10669920,058001001,A股,069001017,北京证券交易所,BSE,Beijing Stock Exchange,,2026H1,2026-06-30,2026-08-07,2026-08-07,0.47,14.595403104702,520792739.08,8.3227481872,22.8853,20994500.91,-63.77,-50.8819,3.27,2.418790287307,13.2553335751,不分配不转增,disclosed,Eastmoney Data Center / Choice public web aggregation,https://data.eastmoney.com/bbsj/202606/yjbb.html,RPT_LICO_FN_CPD,stage_0_raw_archive,pending,pending,pending,pending,pending,pending,ok
920008,成电光信,920008.BJ,10416183,058001001,A股,069001017,北京证券交易所,BSE,Beijing Stock Exchange,,2026H1,2026-06-30,2026-08-27,2026-08-27,-0.0362,4.99179644549,69240787.02,0.0659234441,56.1277,-2307859.94,45.48,-5377.7555,-0.71,-0.90853566902,38.5961877098,不分配不转增,disclosed,Eastmoney Data Center / Choice public web aggregation,https://data.eastmoney.com/bbsj/202606/yjbb.html,RPT_LICO_FN_CPD,stage_0_raw_archive,pending,pending,pending,pending,pending,pending,ok
920009,丹娜生物,920009.BJ,10000108767,058001001,A股,069001017,北京证券交易所,BSE,Beijing Stock Exchange,,2026H1,2026-06-30,2026-08-24,2026-08-24,0.78,8.977559174554,118141959.57,1.7429880476,18.6368,45906554.77,-8.12,50.5609,6.59,0.325954239677,85.3148677378,10派3.50元(含税),disclosed,Eastmoney Data Center / Choice public web aggregation,https://data.eastmoney.com/bbsj/202606/yjbb.html,RPT_LICO_FN_CPD,stage_0_raw_archive,pending,pending,pending,pending,pending,pending,ok
920010,凯添燃气,920010.BJ,10400658,058001001,A股,069001017,北京证券交易所,BSE,Beijing Stock Exchange,,2026H1,2026-06-30,2026-08-20,2026-08-20,0.08,2.98523474307,295971232.42,22.5249283595,-15.9185,19389742.74,5.65,6.058,2.79,0.075229265885,15.1871319731,不分配不转增,disclosed,Eastmoney Data Center / Choice public web aggregation,https://data.eastmoney.com/bbsj/202606/yjbb.html,RPT_LICO_FN_CPD,stage_0_raw_archive,pending,pending,pending,pending,pending,pending,ok
920011,晨光电机,920011.BJ,10000147471,058001001,A股,069001017,北京证券交易所,BSE,Beijing Stock Exchange,,2026H1,2026-06-30,2026-08-26,2026-08-26,0.41,10.429390239478,463846290.54,6.0699256218,29.3415,29367372.86,-32.08,-15.1918,4.15,-0.029598187381,16.9420159421,不分配不转增,disclosed,Eastmoney Data Center / Choice public web aggregation,https://data.eastmoney.com/bbsj/202606/yjbb.html,RPT_LICO_FN_CPD,stage_0_raw_archive,pending,pending,pending,pending,pending,pending,ok
920012,创达新材,920012.BJ,10455396,058001001,A股,069001017,北京证券交易所,BSE,Beijing Stock Exchange,,2026H1,2026-06-30,2026-08-20,2026-08-20,0.89,17.172848958724,242934421.35,14.8802691639,35.0416,36737712.59,10.72,29.1244,5.35,0.520244255068,31.6629558391,10派6.80元(含税),disclosed,Eastmoney Data Center / Choice public web aggregation,https://data.eastmoney.com/bbsj/202606/yjbb.html,RPT_LICO_FN_CPD,stage_0_raw_archive,pending,pending,pending,pending,pending,pending,ok
920014,特瑞斯,920014.BJ,10483019,058001001,A股,069001017,北京证券交易所,BSE,Beijing Stock Exchange,,2026H1,2026-06-30,2026-08-25,2026-08-25,0.01,6.379174903928,200705791.77,-10.6934186852,89.6723,1644837.49,-78.83,-157.8688,0.21,0.155511305927,28.9201246651,不分配不转增,disclosed,Eastmoney Data Center / Choice public web aggregation,https://data.eastmoney.com/bbsj/202606/yjbb.html,RPT_LICO_FN_CPD,stage_0_raw_archive,pending,pending,pending,pending,pending,pending,ok
920015,锦华新材,920015.BJ,10186960,058001001,A股,069001017,北京证券交易所,BSE,Beijing Stock Exchange,,2026H1,2026-06-30,2026-08-14,2026-08-14,0.4705,12.428261446451,410776985.64,-28.0119756285,-9.2725,63784858.27,-43.82,18.9863,3.73,0.719157778881,24.6055476848,不分配不转增,disclosed,Eastmoney Data Center / Choice public web aggregation,https://data.eastmoney.com/bbsj/202606/yjbb.html,RPT_LICO_FN_CPD,stage_0_raw_archive,pending,pending,pending,pending,pending,pending,ok
920016,中草香料,920016.BJ,10578280,058001001,A股,069001017,北京证券交易所,BSE,Beijing Stock Exchange,,2026H1,2026-06-30,2026-08-21,2026-08-21,0.17,5.100440054444,140584524.03,38.1632203903,0.3556,12877680.24,37.32,4.8494,3.31,0.328747191955,27.7295295047,不分配不转增,disclosed,Eastmoney Data Center / Choice public web aggregation,https://data.eastmoney.com/bbsj/202606/yjbb.html,RPT_LICO_FN_CPD,stage_0_raw_archive,pending,pending,pending,pending,pending,pending,ok
920017,星昊医药,920017.BJ,10095020,058001001,A股,069001017,北京证券交易所,BSE,Beijing Stock Exchange,,2026H1,2026-06-30,2026-08-10,2026-08-10,0.43,13.175904546438,314456566.52,2.0042819262,-1.4147,53240074.09,29.59,-32.5201,3.17,0.905658443278,70.2865889226,不分配不转增,disclosed,Eastmoney Data Center / Choice public web aggregation,https://data.eastmoney.com/bbsj/202606/yjbb.html,RPT_LICO_FN_CPD,stage_0_raw_archive,pending,pending,pending,pending,pending,pending,ok
920018,宏远股份,920018.BJ,10000145673,058001001,A股,069001017,北京证券交易所,BSE,Beijing Stock Exchange,,2026H1,2026-06-30,2026-08-26,2026-08-26,0.35,5.832404392543,1747066222.37,40.2073456705,32.3469,58731801.2,22.98,7.8235,6.06,0.24280998981,7.6881611538,不分配不转增,disclosed,Eastmoney Data Center / Choice public web aggregation,https://data.eastmoney.com/bbsj/202606/yjbb.html,RPT_LICO_FN_CPD,stage_0_raw_archive,pending,pending,pending,pending,pending,pending,ok
920019,铜冠矿建,920019.BJ,10000039385,058001001,A股,069001017,北京证券交易所,BSE,Beijing Stock Exchange,,2026H1,2026-06-30,2026-08-26,2026-08-26,0.22,4.482988913366,869921001.21,22.4639730931,12.9914,46713016.29,4.48,79.5772,5.03,0.004322257733,13.4487492884,不分配不转增,disclosed,Eastmoney Data Center / Choice public web aggregation,https://data.eastmoney.com/bbsj/202606/yjbb.html,RPT_LICO_FN_CPD,stage_0_raw_archive,pending,pending,pending,pending,pending,pending,ok
920020,泰凯英,920020.BJ,10463763,058001001,A股,069001017,北京证券交易所,BSE,Beijing Stock Exchange,,2026H1,2026-06-30,2026-08-26,2026-08-26,0.4525,5.262893957323,1577266507.48,27.0433541872,15.2734,101340707.74,15.94,47.3065,8.47,0.152160739381,18.0256395068,不分配不转增,disclosed,Eastmoney Data Center / Choice public web aggregation,https://data.eastmoney.com/bbsj/202606/yjbb.html,RPT_LICO_FN_CPD,stage_0_raw_archive,pending,pending,pending,pending,pending,pending,ok
920021,流金科技,920021.BJ,10475013,058001001,A股,069001017,北京证券交易所,BSE,Beijing Stock Exchange,,2026H1,2026-06-30,2026-08-21,2026-08-21,0.02,2.087889249042,133371521.21,-13.6440947294,24.1107,6546778.61,464.61,-86.6849,1.01,-0.520484417632,27.8019378377,不分配不转增,disclosed,Eastmoney Data Center / Choice public web aggregation,https://data.eastmoney.com/bbsj/202606/yjbb.html,RPT_LICO_FN_CPD,stage_0_raw_archive,pending,pending,pending,pending,pending,pending,ok
920022,世昌股份,920022.BJ,10000256478,058001001,A股,069001017,北京证券交易所,BSE,Beijing Stock Exchange,,2026H1,2026-06-30,2026-08-24,2026-08-24,0.46,6.967990926543,267560646.49,0.3530497048,17.7619,27476148.85,-5.7,-31.6813,6.38,1.002069130817,23.0934891886,10派3.00元(含税),disclosed,Eastmoney Data Center / Choice public web aggregation,https://data.eastmoney.com/bbsj/202606/yjbb.html,RPT_LICO_FN_CPD,stage_0_raw_archive,pending,pending,pending,pending,pending,pending,ok
920023,*ST田野,920023.BJ,10425838,058001001,A股,069001017,北京证券交易所,BSE,Beijing Stock Exchange,,2026H1,2026-06-30,2026-08-14,2026-08-14,0.003,3.687551836977,248049711.81,-6.7541505606,18.7253,956562.35,-94.16,-53.7508,0.08,-0.124057363521,15.9307588675,不分配不转增,disclosed,Eastmoney Data Center / Choice public web aggregation,https://data.eastmoney.com/bbsj/202606/yjbb.html,RPT_LICO_FN_CPD,stage_0_raw_archive,pending,pending,pending,pending,pending,pending,ok
920026,卓兆点胶,920026.BJ,10000249139,058001001,A股,069001017,北京证券交易所,BSE,Beijing Stock Exchange,,2026H1,2026-06-30,2026-08-18,2026-08-18,0.15,5.509073109996,195239281.64,25.3422903582,58.7885,17346796.56,-35.23,218.2893,2.71,0.320237328522,55.1444585514,不分配不转增,disclosed,Eastmoney Data Center / Choice public web aggregation,https://data.eastmoney.com/bbsj/202606/yjbb.html,RPT_LICO_FN_CPD,stage_0_raw_archive,pending,pending,pending,pending,pending,pending,ok
920027,交大铁发,920027.BJ,10552990,058001001,A股,069001017,北京证券交易所,BSE,Beijing Stock Exchange,,2026H1,2026-06-30,2026-08-21,2026-08-21,0.15,4.48154804843,153072685.54,13.1536001138,62.5174,14990546.1,19.06,60.7118,3.22,-0.222853051948,38.1477780402,不分配不转增,disclosed,Eastmoney Data Center / Choice public web aggregation,https://data.eastmoney.com/bbsj/202606/yjbb.html,RPT_LICO_FN_CPD,stage_0_raw_archive,pending,pending,pending,pending,pending,pending,ok
920028,新恒泰,920028.BJ,10000351003,058001001,A股,069001017,北京证券交易所,BSE,Beijing Stock Exchange,,2026H1,2026-06-30,2026-08-27,2026-08-27,0.36,7.065975229131,430531867.47,12.0341841782,24.7144,51495997.59,0.29,33.1238,5.3,-0.22549761274,26.1482418576,不分配不转增,disclosed,Eastmoney Data Center / Choice public web aggregation,https://data.eastmoney.com/bbsj/202606/yjbb.html,RPT_LICO_FN_CPD,stage_0_raw_archive,pending,pending,pending,pending,pending,pending,ok
920029,开发科技,920029.BJ,10567861,058001001,A股,069001017,北京证券交易所,BSE,Beijing Stock Exchange,,2026H1,2026-06-30,2026-08-25,2026-08-25,0.88,17.84395402682,1357906554.1,-19.1819169716,56.7776,182706111.37,-53.78,141.9126,4.83,-0.538843602736,36.2910756924,不分配不转增,disclosed,Eastmoney Data Center / Choice public web aggregation,https://data.eastmoney.com/bbsj/202606/yjbb.html,RPT_LICO_FN_CPD,stage_0_raw_archive,pending,pending,pending,pending,pending,pending,ok
920030,德众汽车,920030.BJ,10524433,058001001,A股,069001017,北京证券交易所,BSE,Beijing Stock Exchange,,2026H1,2026-06-30,2026-08-24,2026-08-24,0.02,2.452651683773,863800646.62,-23.8805696297,-20.4607,4349380.9,248.02,34.8687,1,0.433668030587,9.3196742379,不分配不转增,disclosed,Eastmoney Data Center / Choice public web aggregation,https://data.eastmoney.com/bbsj/202606/yjbb.html,RPT_LICO_FN_CPD,stage_0_raw_archive,pending,pending,pending,pending,pending,pending,ok
920033,康普化学,920033.BJ,10476078,058001001,A股,069001017,北京证券交易所,BSE,Beijing Stock Exchange,,2026H1,2026-06-30,2026-08-25,2026-08-25,0.29,6.498382789812,199608466.61,109.4964509021,-38.1826,34349711.05,78.07,-67.9691,4.52,0.56787839359,36.3547101946,10派1.00元(含税),disclosed,Eastmoney Data Center / Choice public web aggregation,https://data.eastmoney.com/bbsj/202606/yjbb.html,RPT_LICO_FN_CPD,stage_0_raw_archive,pending,pending,pending,pending,pending,pending,ok
920035,精创电气,920035.BJ,10000366960,058001001,A股,069001017,北京证券交易所,BSE,Beijing Stock Exchange,,2026H1,2026-06-30,2026-08-17,2026-08-17,0.46,8.406530676606,314574711.22,26.2562293768,32.4848,31908753.2,12.58,85.9144,5.43,0.434986401901,45.9484221886,不分配不转增,disclosed,Eastmoney Data Center / Choice public web aggregation,https://data.eastmoney.com/bbsj/202606/yjbb.html,RPT_LICO_FN_CPD,stage_0_raw_archive,pending,pending,pending,pending,pending,pending,ok
920036,觅睿科技,920036.BJ,10000292295,058001001,A股,069001017,北京证券交易所,BSE,Beijing Stock Exchange,,2026H1,2026-06-30,2026-08-20,2026-08-20,0.44,11.02829180891,362404063.66,1.5668069459,17.541,20885564.22,-35.1,350.4876,5.83,-0.503189204581,39.8545925814,不分配不转增,disclosed,Eastmoney Data Center / Choice public web aggregation,https://data.eastmoney.com/bbsj/202606/yjbb.html,RPT_LICO_FN_CPD,stage_0_raw_archive,pending,pending,pending,pending,pending,pending,ok
920037,广信科技,920037.BJ,10376778,058001001,A股,069001017,北京证券交易所,BSE,Beijing Stock Exchange,,2026H1,2026-06-30,2026-08-26,2026-08-26,0.94,7.113665391726,481731149.14,28.3160355548,12.1564,120744979.79,25.14,11.055,13.56,0.499674068967,38.1472434569,不分配不转增,disclosed,Eastmoney Data Center / Choice public web aggregation,https://data.eastmoney.com/bbsj/202606/yjbb.html,RPT_LICO_FN_CPD,stage_0_raw_archive,pending,pending,pending,pending,pending,pending,ok
920038,森合高科,920038.BJ,10463826,058001001,A股,069001017,北京证券交易所,BSE,Beijing Stock Exchange,,2026H1,2026-06-30,2026-08-27,2026-08-27,1.49,11.022899288809,408015369.41,2.6066055236,16.9967,127258919.14,5.52,8.1818,14.5,0.643367231239,46.3444957903,不分配不转增,disclosed,Eastmoney Data Center / Choice public web aggregation,https://data.eastmoney.com/bbsj/202606/yjbb.html,RPT_LICO_FN_CPD,stage_0_raw_archive,pending,pending,pending,pending,pending,pending,ok
920039,国义招标,920039.BJ,10139785,058001001,A股,069001017,北京证券交易所,BSE,Beijing Stock Exchange,,2026H1,2026-06-30,2026-08-28,2026-08-28,0.09,3.475268228254,116269742.76,-3.2220796285,11.1664,14034107.67,-18.68,-17.987,2.58,-0.228826834937,42.8162133486,不分配不转增,disclosed,Eastmoney Data Center / Choice public web aggregation,https://data.eastmoney.com/bbsj/202606/yjbb.html,RPT_LICO_FN_CPD,stage_0_raw_archive,pending,pending,pending,pending,pending,pending,ok
920045,蘅东光,920045.BJ,10628482,058001001,A股,069001017,北京证券交易所,BSE,Beijing Stock Exchange,,2026H1,2026-06-30,2026-08-21,2026-08-21,3.2,19.595844644079,1805370776.36,76.751145324,62.6942,304643830.2,113.32,162.2853,24.99,-1.724992875144,30.6043971579,不分配不转增,disclosed,Eastmoney Data Center / Choice public web aggregation,https://data.eastmoney.com/bbsj/202606/yjbb.html,RPT_LICO_FN_CPD,stage_0_raw_archive,pending,pending,pending,pending,pending,pending,ok
920046,亿能电力,920046.BJ,10507130,058001001,A股,069001017,北京证券交易所,BSE,Beijing Stock Exchange,,2026H1,2026-06-30,2026-08-25,2026-08-25,0.1018,2.51159277301,114327739.37,11.7304456976,5.9574,10299208.87,7.71,-41.5087,4.03,-0.004867507662,23.7481315467,不分配不转增,disclosed,Eastmoney Data Center / Choice public web aggregation,https://data.eastmoney.com/bbsj/202606/yjbb.html,RPT_LICO_FN_CPD,stage_0_raw_archive,pending,pending,pending,pending,pending,pending,ok
920047,诺思兰德,920047.BJ,10122902,058001001,A股,069001017,北京证券交易所,BSE,Beijing Stock Exchange,,2026H1,2026-06-30,2026-08-26,2026-08-26,-0.11,0.905231385836,29702716.93,-18.6309869181,-8.8687,-29175284.67,-48.05,-45.5032,-11.09,0.030490182748,52.9883763398,不分配不转增,disclosed,Eastmoney Data Center / Choice public web aggregation,https://data.eastmoney.com/bbsj/202606/yjbb.html,RPT_LICO_FN_CPD,stage_0_raw_archive,pending,pending,pending,pending,pending,pending,ok
920050,爱伦医疗,920050.BJ,10000296996,058001001,A股,069001017,北京证券交易所,BSE,Beijing Stock Exchange,,2026H1,2026-06-30,2026-07-31,2026-07-31,0.97,15.488204299853,641650456.84,46.4273924979,17.8501,62677845.41,26.17,55.0734,5.88,1.081532922147,24.6821826747,不分配不转增,disclosed,Eastmoney Data Center / Choice public web aggregation,https://data.eastmoney.com/bbsj/202606/yjbb.html,RPT_LICO_FN_CPD,stage_0_raw_archive,pending,pending,pending,pending,pending,pending,ok
920055,隆源股份,920055.BJ,10000437194,058001001,A股,069001017,北京证券交易所,BSE,Beijing Stock Exchange,,2026H1,2026-06-30,2026-08-26,2026-08-26,1.07,17.887327167353,605665870.05,27.3956541666,26.7471,63453211.93,-2.62,-19.1657,6.17,1.576262180588,22.7467782325,10派4.00元(含税),disclosed,Eastmoney Data Center / Choice public web aggregation,https://data.eastmoney.com/bbsj/202606/yjbb.html,RPT_LICO_FN_CPD,stage_0_raw_archive,pending,pending,pending,pending,pending,pending,ok
920056,能之光,920056.BJ,10141568,058001001,A股,069001017,北京证券交易所,BSE,Beijing Stock Exchange,,2026H1,2026-06-30,2026-08-27,2026-08-27,0.19,6.60098318495,290118743.74,-1.1709224867,16.1704,15168038.52,-48.63,-97.6206,2.79,0.215795551812,16.5967278464,不分配不转增,disclosed,Eastmoney Data Center / Choice public web aggregation,https://data.eastmoney.com/bbsj/202606/yjbb.html,RPT_LICO_FN_CPD,stage_0_raw_archive,pending,pending,pending,pending,pending,pending,ok
920057,百甲科技,920057.BJ,10494119,058001001,A股,069001017,北京证券交易所,BSE,Beijing Stock Exchange,,2026H1,2026-06-30,2026-08-25,2026-08-25,-0.01,3.95461189559,769129025.4,10.0423388595,74.7405,-2482585.28,-135.08,-336.4747,-0.35,-0.671240692152,13.0925567056,不分配不转增,disclosed,Eastmoney Data Center / Choice public web aggregation,https://data.eastmoney.com/bbsj/202606/yjbb.html,RPT_LICO_FN_CPD,stage_0_raw_archive,pending,pending,pending,pending,pending,pending,ok
920058,华洋赛车,920058.BJ,10475874,058001001,A股,069001017,北京证券交易所,BSE,Beijing Stock Exchange,,2026H1,2026-06-30,2026-08-25,2026-08-25,0.28,6.150554083578,415385867.77,-3.4027039681,18.5403,15551818.64,-57.66,2.7801,4.35,0.674786161758,17.7864403083,不分配不转增,disclosed,Eastmoney Data Center / Choice public web aggregation,https://data.eastmoney.com/bbsj/202606/yjbb.html,RPT_LICO_FN_CPD,stage_0_raw_archive,pending,pending,pending,pending,pending,pending,ok
920059,双英集团,920059.BJ,10512139,058001001,A股,069001017,北京证券交易所,BSE,Beijing Stock Exchange,,2026H1,2026-06-30,2026-07-27,2026-07-27,0.31,7.042921853636,1578712995.77,-0.9615543782,8.2213,35765279.34,8.96,304.8434,4.55,1.075272652762,14.3564958322,,disclosed,Eastmoney Data Center / Choice public web aggregation,https://data.eastmoney.com/bbsj/202606/yjbb.html,RPT_LICO_FN_CPD,stage_0_raw_archive,pending,pending,pending,pending,pending,pending,ok
920060,万源通,920060.BJ,10470299,058001001,A股,069001017,北京证券交易所,BSE,Beijing Stock Exchange,,2026H1,2026-06-30,2026-08-27,2026-08-27,0.2318,6.770743357299,594071722.42,9.8830523473,27.9108,35239249.01,-45.6,-8.9651,3.31,-0.140535083892,15.8977732613,不分配不转增,disclosed,Eastmoney Data Center / Choice public web aggregation,https://data.eastmoney.com/bbsj/202606/yjbb.html,RPT_LICO_FN_CPD,stage_0_raw_archive,pending,pending,pending,pending,pending,pending,ok
920061,西磁科技,920061.BJ,10507312,058001001,A股,069001017,北京证券交易所,BSE,Beijing Stock Exchange,,2026H1,2026-06-30,2026-08-21,2026-08-21,0.05,3.919048686255,53143084.15,12.5436085568,11.2313,3284919.11,54.27,59.4328,1.17,0.18666660743,26.3981338765,不分配不转增,disclosed,Eastmoney Data Center / Choice public web aggregation,https://data.eastmoney.com/bbsj/202606/yjbb.html,RPT_LICO_FN_CPD,stage_0_raw_archive,pending,pending,pending,pending,pending,pending,ok
920062,科润智控,920062.BJ,10374605,058001001,A股,069001017,北京证券交易所,BSE,Beijing Stock Exchange,,2026H1,2026-06-30,2026-08-24,2026-08-24,0.02,3.94532348704,746004844.57,6.3730774777,7.7686,4557300.64,-80.04,-124.3905,0.61,0.373568976458,11.4283532487,不分配不转增,disclosed,Eastmoney Data Center / Choice public web aggregation,https://data.eastmoney.com/bbsj/202606/yjbb.html,RPT_LICO_FN_CPD,stage_0_raw_archive,pending,pending,pending,pending,pending,pending,ok
920065,千岸科技,920065.BJ,10000152098,058001001,A股,069001017,北京证券交易所,BSE,Beijing Stock Exchange,,2026H1,2026-06-30,2026-08-20,2026-08-20,1.53,10.991322175258,942832828.5,5.5713152364,6.8659,111558675.27,-3.14,14.6565,14.98,1.497580703505,47.6081763937,10派3.34元(含税),disclosed,Eastmoney Data Center / Choice public web aggregation,https://data.eastmoney.com/bbsj/202606/yjbb.html,RPT_LICO_FN_CPD,stage_0_raw_archive,pending,pending,pending,pending,pending,pending,ok
920066,科拜尔,920066.BJ,10000256020,058001001,A股,069001017,北京证券交易所,BSE,Beijing Stock Exchange,,2026H1,2026-06-30,2026-08-19,2026-08-19,0.31,6.605288021671,266600640.92,13.705460562,45.159,19615161.98,46.87,138.532,4.77,-1.357644575245,18.9722915164,不分配不转增,disclosed,Eastmoney Data Center / Choice public web aggregation,https://data.eastmoney.com/bbsj/202606/yjbb.html,RPT_LICO_FN_CPD,stage_0_raw_archive,pending,pending,pending,pending,pending,pending,ok
920068,天工股份,920068.BJ,10483516,058001001,A股,069001017,北京证券交易所,BSE,Beijing Stock Exchange,,2026H1,2026-06-30,2026-08-26,2026-08-26,0.016,1.964009435082,229842243.1,-37.0347904925,21.4786,10609726.06,-83.42,10462.3929,0.81,0.007051677416,11.9892795416,不分配不转增,disclosed,Eastmoney Data Center / Choice public web aggregation,https://data.eastmoney.com/bbsj/202606/yjbb.html,RPT_LICO_FN_CPD,stage_0_raw_archive,pending,pending,pending,pending,pending,pending,ok
920069,普昂医疗,920069.BJ,10000296860,058001001,A股,069001017,北京证券交易所,BSE,Beijing Stock Exchange,,2026H1,2026-06-30,2026-08-26,2026-08-26,1.12,15.012783460899,223178034.96,25.1395061518,24.7352,53139178.38,19.87,24.5549,7.47,1.212301186453,53.2226028477,不分配不转增,disclosed,Eastmoney Data Center / Choice public web aggregation,https://data.eastmoney.com/bbsj/202606/yjbb.html,RPT_LICO_FN_CPD,stage_0_raw_archive,pending,pending,pending,pending,pending,pending,ok
920072,科莱瑞迪,920072.BJ,10552535,058001001,A股,069001017,北京证券交易所,BSE,Beijing Stock Exchange,,2026H1,2026-06-30,2026-08-26,2026-08-26,0.57,9.662667213446,176638318.62,16.0814231697,28.6208,35217301.61,15.3,39.5151,6.72,0.276190948433,60.3956318501,10派2.00元(含税),disclosed,Eastmoney Data Center / Choice public web aggregation,https://data.eastmoney.com/bbsj/202606/yjbb.html,RPT_LICO_FN_CPD,stage_0_raw_archive,pending,pending,pending,pending,pending,pending,ok
920075,柏星龙,920075.BJ,10455681,058001001,A股,069001017,北京证券交易所,BSE,Beijing Stock Exchange,,2026H1,2026-06-30,2026-08-25,2026-08-25,0.0934,5.932922315513,263258040.52,4.4798722123,-22.1929,6053124.91,-71.12,-124.1714,1.52,0.793991591298,31.9817284569,不分配不转增,disclosed,Eastmoney Data Center / Choice public web aggregation,https://data.eastmoney.com/bbsj/202606/yjbb.html,RPT_LICO_FN_CPD,stage_0_raw_archive,pending,pending,pending,pending,pending,pending,ok
920076,国亮新材,920076.BJ,10000046868,058001001,A股,069001017,北京证券交易所,BSE,Beijing Stock Exchange,,2026H1,2026-06-30,2026-08-26,2026-08-26,0.4,8.501266766504,616103367.1,20.4514450836,8.8548,45676202.61,10.07,0.4937,4.73,0.111772548692,20.9314319019,不分配不转增,disclosed,Eastmoney Data Center / Choice public web aggregation,https://data.eastmoney.com/bbsj/202606/yjbb.html,RPT_LICO_FN_CPD,stage_0_raw_archive,pending,pending,pending,pending,pending,pending,ok
920077,吉林碳谷,920077.BJ,10206729,058001001,A股,069001017,北京证券交易所,BSE,Beijing Stock Exchange,,2026H1,2026-06-30,2026-08-10,2026-08-10,0.1791,4.559348970057,1516169961,27.7318854632,24.716,104995119.72,36.4,54.964,3.93,0.420877394187,15.6490225155,不分配不转增,disclosed,Eastmoney Data Center / Choice public web aggregation,https://data.eastmoney.com/bbsj/202606/yjbb.html,RPT_LICO_FN_CPD,stage_0_raw_archive,pending,pending,pending,pending,pending,pending,ok
920078,族兴新材,920078.BJ,10400541,058001001,A股,069001017,北京证券交易所,BSE,Beijing Stock Exchange,,2026H1,2026-06-30,2026-08-26,2026-08-26,0.22,8.25346286625,445594445.44,22.8980555942,9.3934,23725138.26,-33.91,49.8571,2.58,-0.68747752525,16.8518563839,不分配不转增,disclosed,Eastmoney Data Center / Choice public web aggregation,https://data.eastmoney.com/bbsj/202606/yjbb.html,RPT_LICO_FN_CPD,stage_0_raw_archive,pending,pending,pending,pending,pending,pending,ok
920079,乔路铭,920079.BJ,10000455373,058001001,A股,069001017,北京证券交易所,BSE,Beijing Stock Exchange,,2026H1,2026-06-30,2026-08-26,2026-08-26,0.59,5.248337921146,1415893291.78,-0.6382925067,8.9684,215625340.96,7.09,22.096,11.9,1.710107486547,25.803416896,不分配不转增,disclosed,Eastmoney Data Center / Choice public web aggregation,https://data.eastmoney.com/bbsj/202606/yjbb.html,RPT_LICO_FN_CPD,stage_0_raw_archive,pending,pending,pending,pending,pending,pending,ok
920080,奥美森,920080.BJ,10455653,058001001,A股,069001017,北京证券交易所,BSE,Beijing Stock Exchange,,2026H1,2026-06-30,2026-08-20,2026-08-20,0.47,6.744826456386,208509676.52,8.9522934181,10.1549,38911407.57,19.19,-24.1691,6.72,0.297964048675,45.2620204324,不分配不转增,disclosed,Eastmoney Data Center / Choice public web aggregation,https://data.eastmoney.com/bbsj/202606/yjbb.html,RPT_LICO_FN_CPD,stage_0_raw_archive,pending,pending,pending,pending,pending,pending,ok
920081,欧伦电气,920081.BJ,10000339230,058001001,A股,069001017,北京证券交易所,BSE,Beijing Stock Exchange,,2026H1,2026-06-30,2026-08-14,2026-08-14,3.04,19.529702478358,1524708124.95,22.7356580215,43.136,162906306.11,8.6,71.6517,16.88,3.702490342351,23.2146451683,10派5.00元(含税),disclosed,Eastmoney Data Center / Choice public web aggregation,https://data.eastmoney.com/bbsj/202606/yjbb.html,RPT_LICO_FN_CPD,stage_0_raw_archive,pending,pending,pending,pending,pending,pending,ok
920082,方正阀门,920082.BJ,10000106783,058001001,A股,069001017,北京证券交易所,BSE,Beijing Stock Exchange,,2026H1,2026-06-30,2026-08-24,2026-08-24,0.11,2.618633009332,296506369.08,-23.9447445439,-26.6565,21425524.89,-52.85,-13.3362,3.99,0.076826680688,21.8296503852,不分配不转增,disclosed,Eastmoney Data Center / Choice public web aggregation,https://data.eastmoney.com/bbsj/202606/yjbb.html,RPT_LICO_FN_CPD,stage_0_raw_archive,pending,pending,pending,pending,pending,pending,ok
920083,金戈新材,920083.BJ,10000531013,058001001,A股,069001017,北京证券交易所,BSE,Beijing Stock Exchange,,2026H1,2026-06-30,2026-08-28,2026-08-28,0.46,7.328342663137,273326478.35,11.0142075042,23.4243,30485509.25,28.03,17.3205,6.68,0.168300640822,23.1052965308,不分配不转增,disclosed,Eastmoney Data Center / Choice public web aggregation,https://data.eastmoney.com/bbsj/202606/yjbb.html,RPT_LICO_FN_CPD,stage_0_raw_archive,pending,pending,pending,pending,pending,pending,ok
920086,科马材料,920086.BJ,10404308,058001001,A股,069001017,北京证券交易所,BSE,Beijing Stock Exchange,,2026H1,2026-06-30,2026-08-20,2026-08-20,0.61,10.291538890057,152142303.21,9.1434188419,9.3458,48551050.65,6.7,-0.8498,5.8,0.312484897586,50.3190476776,不分配不转增,disclosed,Eastmoney Data Center / Choice public web aggregation,https://data.eastmoney.com/bbsj/202606/yjbb.html,RPT_LICO_FN_CPD,stage_0_raw_archive,pending,pending,pending,pending,pending,pending,ok
920087,秋乐种业,920087.BJ,10293353,058001001,A股,069001017,北京证券交易所,BSE,Beijing Stock Exchange,,2026H1,2026-06-30,2026-08-26,2026-08-26,-0.0648,3.186309213196,56180692.71,20.3423762866,84.357,-10707850.69,47.8,65.3424,-1.98,0.04726518753,18.0224212298,不分配不转增,disclosed,Eastmoney Data Center / Choice public web aggregation,https://data.eastmoney.com/bbsj/202606/yjbb.html,RPT_LICO_FN_CPD,stage_0_raw_archive,pending,pending,pending,pending,pending,pending,ok
920088,科力股份,920088.BJ,10616190,058001001,A股,069001017,北京证券交易所,BSE,Beijing Stock Exchange,,2026H1,2026-06-30,2026-08-28,2026-08-28,0.16,8.076447200627,194387621.25,3.712436318,14.7544,13861954.9,-48.98,118.7767,1.98,-0.025562193672,32.1060474884,不分配不转增,disclosed,Eastmoney Data Center / Choice public web aggregation,https://data.eastmoney.com/bbsj/202606/yjbb.html,RPT_LICO_FN_CPD,stage_0_raw_archive,pending,pending,pending,pending,pending,pending,ok
920089,禾昌聚合,920089.BJ,10427132,058001001,A股,069001017,北京证券交易所,BSE,Beijing Stock Exchange,,2026H1,2026-06-30,2026-08-10,2026-08-10,0.31,6.713592189041,879035238.95,-0.0348145541,22.983,61336462,-15.72,-7.9937,4.78,0.057469979895,13.7240275377,不分配不转增,disclosed,Eastmoney Data Center / Choice public web aggregation,https://data.eastmoney.com/bbsj/202606/yjbb.html,RPT_LICO_FN_CPD,stage_0_raw_archive,pending,pending,pending,pending,pending,pending,ok
920090,*ST同辉,920090.BJ,10176835,058001001,A股,069001017,北京证券交易所,BSE,Beijing Stock Exchange,,2026H1,2026-06-30,2026-08-20,2026-08-20,-0.05,0.173857428644,22161581.59,-40.427796057,904.2922,-9909515.6,31.12,39.5148,-25.02,0.077154954791,9.6774712188,不分配不转增,disclosed,Eastmoney Data Center / Choice public web aggregation,https://data.eastmoney.com/bbsj/202606/yjbb.html,RPT_LICO_FN_CPD,stage_0_raw_archive,pending,pending,pending,pending,pending,pending,ok
920091,大鹏工业,920091.BJ,10000101355,058001001,A股,069001017,北京证券交易所,BSE,Beijing Stock Exchange,,2026H1,2026-06-30,2026-08-26,2026-08-26,-0.13,7.305744489239,72663366,-43.6257006361,164.381,-7765250.97,-147.44,36.1471,-1.65,-0.417339556855,18.3863039183,不分配不转增,disclosed,Eastmoney Data Center / Choice public web aggregation,https://data.eastmoney.com/bbsj/202606/yjbb.html,RPT_LICO_FN_CPD,stage_0_raw_archive,pending,pending,pending,pending,pending,pending,ok
920092,汉鑫科技,920092.BJ,10507004,058001001,A股,069001017,北京证券交易所,BSE,Beijing Stock Exchange,,2026H1,2026-06-30,2026-08-28,2026-08-28,-0.24,5.466447855579,48486481.97,-24.0574362996,225.5033,-14902352.25,16.84,-366.4849,-4.3,-0.09194056028,19.7089434245,不分配不转增,disclosed,Eastmoney Data Center / Choice public web aggregation,https://data.eastmoney.com/bbsj/202606/yjbb.html,RPT_LICO_FN_CPD,stage_0_raw_archive,pending,pending,pending,pending,pending,pending,ok
920093,信胜科技,920093.BJ,10504099,058001001,A股,069001017,北京证券交易所,BSE,Beijing Stock Exchange,,2026H1,2026-06-30,2026-07-27,2026-07-27,1.17,7.256264020667,821718473.07,25.4122547966,,122665633.51,39.64,,17.32,1.368495230952,27.4955844519,,disclosed,Eastmoney Data Center / Choice public web aggregation,https://data.eastmoney.com/bbsj/202606/yjbb.html,RPT_LICO_FN_CPD,stage_0_raw_archive,pending,pending,pending,pending,pending,pending,ok
920096,嘉晨智能,920096.BJ,10912976,058001001,A股,069001017,北京证券交易所,BSE,Beijing Stock Exchange,,2026H1,2026-06-30,2026-08-12,2026-08-12,0.64,10.064686038696,228844294.27,19.5773015431,,34575149.19,12.16,,7.01,-0.000691296957,33.9562404813,10派4.30元(含税),disclosed,Eastmoney Data Center / Choice public web aggregation,https://data.eastmoney.com/bbsj/202606/yjbb.html,RPT_LICO_FN_CPD,stage_0_raw_archive,pending,pending,pending,pending,pending,pending,ok
920098,科隆新材,920098.BJ,10483510,058001001,A股,069001017,北京证券交易所,BSE,Beijing Stock Exchange,,2026H1,2026-06-30,2026-08-28,2026-08-28,0.3,11.603038102791,228396609.13,5.5590829587,50.0693,23992840.74,-15.84,91.7906,2.54,-0.183329167628,34.058170043,不分配不转增,disclosed,Eastmoney Data Center / Choice public web aggregation,https://data.eastmoney.com/bbsj/202606/yjbb.html,RPT_LICO_FN_CPD,stage_0_raw_archive,pending,pending,pending,pending,pending,pending,ok
920099,瑞华技术,920099.BJ,10931029,058001001,A股,069001017,北京证券交易所,BSE,Beijing Stock Exchange,,2026H1,2026-06-30,2026-08-21,2026-08-21,-0.22,9.384125955914,88963864.48,-47.7175742063,59.8828,-20827429.65,-184.57,27.6299,-2.28,-0.239839550909,28.2416636877,不分配不转增,disclosed,Eastmoney Data Center / Choice public web aggregation,https://data.eastmoney.com/bbsj/202606/yjbb.html,RPT_LICO_FN_CPD,stage_0_raw_archive,pending,pending,pending,pending,pending,pending,ok
920100,三协电机,920100.BJ,10000272617,058001001,A股,069001017,北京证券交易所,BSE,Beijing Stock Exchange,,2026H1,2026-06-30,2026-08-24,2026-08-24,0.24,4.493717132433,361950664.91,41.6047705504,34.6013,25219763.44,-20.01,-44.1675,5.37,0.056785617414,21.4600634839,不分配不转增,disclosed,Eastmoney Data Center / Choice public web aggregation,https://data.eastmoney.com/bbsj/202606/yjbb.html,RPT_LICO_FN_CPD,stage_0_raw_archive,pending,pending,pending,pending,pending,pending,ok
920101,志高机械,920101.BJ,10495588,058001001,A股,069001017,北京证券交易所,BSE,Beijing Stock Exchange,,2026H1,2026-06-30,2026-08-27,2026-08-27,0.39,8.665160403454,417450164.06,-11.067830326,26.6472,48289791.88,-18.96,14.7203,4.5,0.247786168971,27.9641706892,不分配不转增,disclosed,Eastmoney Data Center / Choice public web aggregation,https://data.eastmoney.com/bbsj/202606/yjbb.html,RPT_LICO_FN_CPD,stage_0_raw_archive,pending,pending,pending,pending,pending,pending,ok
920106,林泰新材,920106.BJ,10000290029,058001001,A股,069001017,北京证券交易所,BSE,Beijing Stock Exchange,,2026H1,2026-06-30,2026-08-24,2026-08-24,0.82,10.580182067552,164911995.08,-19.539724965,20.5337,45660775.02,-39.25,-3.0054,7.66,1.555146039563,48.0787721363,不分配不转增,disclosed,Eastmoney Data Center / Choice public web aggregation,https://data.eastmoney.com/bbsj/202606/yjbb.html,RPT_LICO_FN_CPD,stage_0_raw_archive,pending,pending,pending,pending,pending,pending,ok
920107,恒兴股份,920107.BJ,10000255962,058001001,A股,069001017,北京证券交易所,BSE,Beijing Stock Exchange,,2026H1,2026-06-30,2026-07-27,2026-07-27,1,11.813377683993,435352454.57,5.4895678553,-4.5966,62615955.29,2.46,-31.794,8.77,1.204399340486,35.2568645356,,disclosed,Eastmoney Data Center / Choice public web aggregation,https://data.eastmoney.com/bbsj/202606/yjbb.html,RPT_LICO_FN_CPD,stage_0_raw_archive,pending,pending,pending,pending,pending,pending,ok
920108,宏海科技,920108.BJ,10400796,058001001,A股,069001017,北京证券交易所,BSE,Beijing Stock Exchange,,2026H1,2026-06-30,2026-08-26,2026-08-26,0.12,2.771040967015,333619548.04,3.0603525168,-40.1923,21068214.86,-24.09,21.2124,4.34,0.229799393206,16.4417899228,不分配不转增,disclosed,Eastmoney Data Center / Choice public web aggregation,https://data.eastmoney.com/bbsj/202606/yjbb.html,RPT_LICO_FN_CPD,stage_0_raw_archive,pending,pending,pending,pending,pending,pending,ok
920110,雷特科技,920110.BJ,10427925,058001001,A股,069001017,北京证券交易所,BSE,Beijing Stock Exchange,,2026H1,2026-06-30,2026-08-18,2026-08-18,0.37,9.322202277949,93811810.73,4.1572102198,41.389,14533104.74,-28.39,61.3189,3.85,0.294534242821,45.6809533432,不分配不转增,disclosed,Eastmoney Data Center / Choice public web aggregation,https://data.eastmoney.com/bbsj/202606/yjbb.html,RPT_LICO_FN_CPD,stage_0_raw_archive,pending,pending,pending,pending,pending,pending,ok
920111,聚星科技,920111.BJ,10000066255,058001001,A股,069001017,北京证券交易所,BSE,Beijing Stock Exchange,,2026H1,2026-06-30,2026-08-20,2026-08-20,1.18,7.103045768379,1332511375.58,148.0646021304,52.2608,183734999.93,239.98,0.4859,17.96,-1.961001023625,22.7613443321,不分配不转增,disclosed,Eastmoney Data Center / Choice public web aggregation,https://data.eastmoney.com/bbsj/202606/yjbb.html,RPT_LICO_FN_CPD,stage_0_raw_archive,pending,pending,pending,pending,pending,pending,ok
920112,巴兰仕,920112.BJ,10392502,058001001,A股,069001017,北京证券交易所,BSE,Beijing Stock Exchange,,2026H1,2026-06-30,2026-08-26,2026-08-26,0.51,7.995438980806,561844151.72,4.0414552771,17.5884,60493842.34,-21.98,19.0866,6.53,0.357545769172,27.7199126845,10派3.00元(含税),disclosed,Eastmoney Data Center / Choice public web aggregation,https://data.eastmoney.com/bbsj/202606/yjbb.html,RPT_LICO_FN_CPD,stage_0_raw_archive,pending,pending,pending,pending,pending,pending,ok
920116,星图测控,920116.BJ,10721593,058001001,A股,069001017,北京证券交易所,BSE,Beijing Stock Exchange,,2026H1,2026-06-30,2026-08-25,2026-08-25,0.12,2.6560993574,90758452.53,-8.4881494203,6.0129,27539691.71,-14.62,-4.9544,4.61,-0.213440949952,52.739095804,不分配不转增,disclosed,Eastmoney Data Center / Choice public web aggregation,https://data.eastmoney.com/bbsj/202606/yjbb.html,RPT_LICO_FN_CPD,stage_0_raw_archive,pending,pending,pending,pending,pending,pending,ok
920117,龙鑫智能,920117.BJ,10000440772,058001001,A股,069001017,北京证券交易所,BSE,Beijing Stock Exchange,,2026H1,2026-06-30,2026-08-26,2026-08-26,0.96,10.997857016463,375170231.61,10.3775900422,54.5188,64591417.96,0.65,102.4437,9.14,0.199881101084,28.3965496817,不分配不转增,disclosed,Eastmoney Data Center / Choice public web aggregation,https://data.eastmoney.com/bbsj/202606/yjbb.html,RPT_LICO_FN_CPD,stage_0_raw_archive,pending,pending,pending,pending,pending,pending,ok
920118,太湖远大,920118.BJ,10441452,058001001,A股,069001017,北京证券交易所,BSE,Beijing Stock Exchange,,2026H1,2026-06-30,2026-08-20,2026-08-20,0.8821,11.559093378391,877429956.5,15.845425142,45.6268,44897629.01,226.41,197.8803,7.64,-3.894131808126,12.3200400852,不分配不转增,disclosed,Eastmoney Data Center / Choice public web aggregation,https://data.eastmoney.com/bbsj/202606/yjbb.html,RPT_LICO_FN_CPD,stage_0_raw_archive,pending,pending,pending,pending,pending,pending,ok
920119,美德乐,920119.BJ,10000469592,058001001,A股,069001017,北京证券交易所,BSE,Beijing Stock Exchange,,2026H1,2026-06-30,2026-08-24,2026-08-24,1.66,20.008735693702,863169306.9,21.277810539,6.6198,163450236.06,7.7,29.1164,8.76,2.314422135801,32.4114722435,不分配不转增,disclosed,Eastmoney Data Center / Choice public web aggregation,https://data.eastmoney.com/bbsj/202606/yjbb.html,RPT_LICO_FN_CPD,stage_0_raw_archive,pending,pending,pending,pending,pending,pending,ok
920121,江天科技,920121.BJ,10000067167,058001001,A股,069001017,北京证券交易所,BSE,Beijing Stock Exchange,,2026H1,2026-06-30,2026-08-26,2026-08-26,0.88,12.205733651249,322360681.2,5.767874052,10.9218,57955559.38,1.24,-6.1687,7.21,1.525513487937,28.0156797144,不分配不转增,disclosed,Eastmoney Data Center / Choice public web aggregation,https://data.eastmoney.com/bbsj/202606/yjbb.html,RPT_LICO_FN_CPD,stage_0_raw_archive,pending,pending,pending,pending,pending,pending,ok
920122,中纺标,920122.BJ,10981913,058001001,A股,069001017,北京证券交易所,BSE,Beijing Stock Exchange,,2026H1,2026-06-30,2026-08-28,2026-08-28,0.1337,3.725176598306,92475913.71,5.1192208136,46.1196,12333538.26,49.35,987.7902,3.65,0.242345275327,48.1501058639,不分配不转增,disclosed,Eastmoney Data Center / Choice public web aggregation,https://data.eastmoney.com/bbsj/202606/yjbb.html,RPT_LICO_FN_CPD,stage_0_raw_archive,pending,pending,pending,pending,pending,pending,ok
920123,芭薇股份,920123.BJ,10506816,058001001,A股,069001017,北京证券交易所,BSE,Beijing Stock Exchange,,2026H1,2026-06-30,2026-08-25,2026-08-25,0.19,3.739699977318,463454457.62,25.0113194294,3.9147,21741759.48,28.32,17.528,5.24,0.051381240631,22.2355656021,不分配不转增,disclosed,Eastmoney Data Center / Choice public web aggregation,https://data.eastmoney.com/bbsj/202606/yjbb.html,RPT_LICO_FN_CPD,stage_0_raw_archive,pending,pending,pending,pending,pending,pending,ok
920124,南特科技,920124.BJ,10528960,058001001,A股,069001017,北京证券交易所,BSE,Beijing Stock Exchange,,2026H1,2026-06-30,2026-08-28,2026-08-28,0.23,7.177897104963,540255769.72,-5.7266731042,-4.2969,34122602.54,-48.87,-61.1605,3.19,-0.015425473573,20.1012569762,不分配不转增,disclosed,Eastmoney Data Center / Choice public web aggregation,https://data.eastmoney.com/bbsj/202606/yjbb.html,RPT_LICO_FN_CPD,stage_0_raw_archive,pending,pending,pending,pending,pending,pending,ok
920125,鸿仕达,920125.BJ,10000329484,058001001,A股,069001017,北京证券交易所,BSE,Beijing Stock Exchange,,2026H1,2026-06-30,2026-08-07,2026-08-07,0.51,12.566329475427,272322095.24,38.6725764882,55.4451,23955075.72,332,1485.1652,4.25,0.731153773326,34.3567821618,10派3.00元(含税),disclosed,Eastmoney Data Center / Choice public web aggregation,https://data.eastmoney.com/bbsj/202606/yjbb.html,RPT_LICO_FN_CPD,stage_0_raw_archive,pending,pending,pending,pending,pending,pending,ok
920126,永大股份,920126.BJ,10000383261,058001001,A股,069001017,北京证券交易所,BSE,Beijing Stock Exchange,,2026H1,2026-06-30,2026-08-28,2026-08-28,0.4687,6.270138538586,421180627.1,31.298398928,19.7971,65417370.37,-8.19,-15.9336,8.1,-0.160706691208,22.3538176336,不分配不转增,disclosed,Eastmoney Data Center / Choice public web aggregation,https://data.eastmoney.com/bbsj/202606/yjbb.html,RPT_LICO_FN_CPD,stage_0_raw_archive,pending,pending,pending,pending,pending,pending,ok
920128,胜业电气,920128.BJ,10000314097,058001001,A股,069001017,北京证券交易所,BSE,Beijing Stock Exchange,,2026H1,2026-06-30,2026-08-26,2026-08-26,0.08,6.253375000862,387652182.03,32.3811564773,67.7765,6262419.05,-64.35,155.8373,1.21,-0.31729888373,19.6260160852,不分配不转增,disclosed,Eastmoney Data Center / Choice public web aggregation,https://data.eastmoney.com/bbsj/202606/yjbb.html,RPT_LICO_FN_CPD,stage_0_raw_archive,pending,pending,pending,pending,pending,pending,ok
920130,立方控股,920130.BJ,10455662,058001001,A股,069001017,北京证券交易所,BSE,Beijing Stock Exchange,,2026H1,2026-06-30,2026-08-27,2026-08-27,-0.16,4.984576173802,157640784.97,0.8831542077,28.0609,-14918508.06,-23.02,14.5778,-3.19,0.003127209241,39.3984579129,不分配不转增,disclosed,Eastmoney Data Center / Choice public web aggregation,https://data.eastmoney.com/bbsj/202606/yjbb.html,RPT_LICO_FN_CPD,stage_0_raw_archive,pending,pending,pending,pending,pending,pending,ok
920132,泰鹏智能,920132.BJ,10981899,058001001,A股,069001017,北京证券交易所,BSE,Beijing Stock Exchange,,2026H1,2026-06-30,2026-08-24,2026-08-24,0.14,2.467373500713,221200274.05,65.9287541563,-16.7538,14750719.54,23.57,-38.5872,5.46,0.361506301964,21.9861312871,不分配不转增,disclosed,Eastmoney Data Center / Choice public web aggregation,https://data.eastmoney.com/bbsj/202606/yjbb.html,RPT_LICO_FN_CPD,stage_0_raw_archive,pending,pending,pending,pending,pending,pending,ok
920136,永励精密,920136.BJ,10000418163,058001001,A股,069001017,北京证券交易所,BSE,Beijing Stock Exchange,,2026H1,2026-06-30,2026-08-26,2026-08-26,1.51,15.050258500875,318499583.22,25.0993356335,70.1613,90484125.69,64.91,188.8313,11,0.93858150875,42.1742057688,不分配不转增,disclosed,Eastmoney Data Center / Choice public web aggregation,https://data.eastmoney.com/bbsj/202606/yjbb.html,RPT_LICO_FN_CPD,stage_0_raw_archive,pending,pending,pending,pending,pending,pending,ok
920138,杰理科技,920138.BJ,10665667,058001001,A股,069001017,北京证券交易所,BSE,Beijing Stock Exchange,,2026H1,2026-06-30,2026-08-24,2026-08-24,0.78,11.662453588729,1457545207.23,6.1604380933,-0.3774,311164520.27,6.18,-5.7894,6.95,0.726664334113,32.2557392997,不分配不转增,disclosed,Eastmoney Data Center / Choice public web aggregation,https://data.eastmoney.com/bbsj/202606/yjbb.html,RPT_LICO_FN_CPD,stage_0_raw_archive,pending,pending,pending,pending,pending,pending,ok
920139,华岭股份,920139.BJ,10305799,058001001,A股,069001017,北京证券交易所,BSE,Beijing Stock Exchange,,2026H1,2026-06-30,2026-08-17,2026-08-17,-0.03,3.839800743091,159301357.47,1.051454553,14.315,-8891870.54,34.2311810691,129.7927,-0.86,0.339735026785,14.0819074654,不分配不转增,disclosed,Eastmoney Data Center / Choice public web aggregation,https://data.eastmoney.com/bbsj/202606/yjbb.html,RPT_LICO_FN_CPD,stage_0_raw_archive,pending,pending,pending,pending,pending,pending,ok
920145,恒合股份,920145.BJ,10427703,058001001,A股,069001017,北京证券交易所,BSE,Beijing Stock Exchange,,2026H1,2026-06-30,2026-08-21,2026-08-21,-0.13,3.57312411056,11977183.02,-52.1916485148,-21.3531,-9232312.61,-66.28,-64.3844,-3.62,-0.030236048335,-14.4253997548,不分配不转增,disclosed,Eastmoney Data Center / Choice public web aggregation,https://data.eastmoney.com/bbsj/202606/yjbb.html,RPT_LICO_FN_CPD,stage_0_raw_archive,pending,pending,pending,pending,pending,pending,ok
920146,华阳变速,920146.BJ,10518804,058001001,A股,069001017,北京证券交易所,BSE,Beijing Stock Exchange,,2026H1,2026-06-30,2026-08-28,2026-08-28,-0.16,1.289322365288,87073736.29,-50.9806656491,4.8918,-21845642.41,-1302.37,25.9489,-11.81,0.033335267297,-18.6693307909,不分配不转增,disclosed,Eastmoney Data Center / Choice public web aggregation,https://data.eastmoney.com/bbsj/202606/yjbb.html,RPT_LICO_FN_CPD,stage_0_raw_archive,pending,pending,pending,pending,pending,pending,ok
920149,旭杰科技,920149.BJ,10498198,058001001,A股,069001017,北京证券交易所,BSE,Beijing Stock Exchange,,2026H1,2026-06-30,2026-08-26,2026-08-26,0.18,1.734496827146,131305128.47,-53.9820446008,61.3046,13454018.6,1192.11,266.538,10.68,0.223247193958,24.284677759,不分配不转增,disclosed,Eastmoney Data Center / Choice public web aggregation,https://data.eastmoney.com/bbsj/202606/yjbb.html,RPT_LICO_FN_CPD,stage_0_raw_archive,pending,pending,pending,pending,pending,pending,ok
920152,昆工科技,920152.BJ,10400839,058001001,A股,069001017,北京证券交易所,BSE,Beijing Stock Exchange,,2026H1,2026-06-30,2026-08-20,2026-08-20,-0.5,1.345714203882,271681263.68,-13.2069937379,20.4075,-54082121.29,-45.11,-7.5483,-31.15,0.498488716183,13.889702311,不分配不转增,disclosed,Eastmoney Data Center / Choice public web aggregation,https://data.eastmoney.com/bbsj/202606/yjbb.html,RPT_LICO_FN_CPD,stage_0_raw_archive,pending,pending,pending,pending,pending,pending,ok
920156,海昌智能,920156.BJ,10000257624,058001001,A股,069001017,北京证券交易所,BSE,Beijing Stock Exchange,,2026H1,2026-06-30,2026-08-24,2026-08-24,1.47,11.955083375912,699182914.61,59.4581696004,-38.3071,129195070.11,112.37,-51.7216,14.7,-0.976122836823,36.1241080055,不分配不转增,disclosed,Eastmoney Data Center / Choice public web aggregation,https://data.eastmoney.com/bbsj/202606/yjbb.html,RPT_LICO_FN_CPD,stage_0_raw_archive,pending,pending,pending,pending,pending,pending,ok
920158,长江能科,920158.BJ,10528697,058001001,A股,069001017,北京证券交易所,BSE,Beijing Stock Exchange,,2026H1,2026-06-30,2026-08-28,2026-08-28,0.01,2.575167422951,131049688.61,3.9501498713,50.8028,1389313.06,-92.38,249.5957,0.25,-0.033080356291,30.6870358996,不分配不转增,disclosed,Eastmoney Data Center / Choice public web aggregation,https://data.eastmoney.com/bbsj/202606/yjbb.html,RPT_LICO_FN_CPD,stage_0_raw_archive,pending,pending,pending,pending,pending,pending,ok
920159,农大科技,920159.BJ,10000324582,058001001,A股,069001017,北京证券交易所,BSE,Beijing Stock Exchange,,2026H1,2026-06-30,2026-08-24,2026-08-24,1.26,14.451890385658,1601684489.78,7.1686284599,13.806,92760132.48,-26.18,6.7936,8.89,-4.081758394605,15.1495991207,不分配不转增,disclosed,Eastmoney Data Center / Choice public web aggregation,https://data.eastmoney.com/bbsj/202606/yjbb.html,RPT_LICO_FN_CPD,stage_0_raw_archive,pending,pending,pending,pending,pending,pending,ok
920160,北矿检测,920160.BJ,10000246700,058001001,A股,069001017,北京证券交易所,BSE,Beijing Stock Exchange,,2026H1,2026-06-30,2026-08-25,2026-08-25,0.42,4.877823723605,98214607.94,14.289202813,-9.3781,47658246.21,29.66,-19.2838,8.63,0.424283724311,65.1728473621,不分配不转增,disclosed,Eastmoney Data Center / Choice public web aggregation,https://data.eastmoney.com/bbsj/202606/yjbb.html,RPT_LICO_FN_CPD,stage_0_raw_archive,pending,pending,pending,pending,pending,pending,ok
920161,龙辰科技,920161.BJ,10181622,058001001,A股,069001017,北京证券交易所,BSE,Beijing Stock Exchange,,2026H1,2026-06-30,2026-08-25,2026-08-25,0.4,7.561247265862,349746687.89,5.5887742828,-10.7234,42782458.32,-13.22,-40.419,5.48,-0.881515736719,32.7675611401,不分配不转增,disclosed,Eastmoney Data Center / Choice public web aggregation,https://data.eastmoney.com/bbsj/202606/yjbb.html,RPT_LICO_FN_CPD,stage_0_raw_archive,pending,pending,pending,pending,pending,pending,ok
920163,方大新材,920163.BJ,10528363,058001001,A股,069001017,北京证券交易所,BSE,Beijing Stock Exchange,,2026H1,2026-06-30,2026-08-24,2026-08-24,0.24,4.044663809964,455007223.67,7.8325780372,18.8117,30983193.11,57.2,-11.3805,6.03,0.425676429662,16.0990600213,不分配不转增,disclosed,Eastmoney Data Center / Choice public web aggregation,https://data.eastmoney.com/bbsj/202606/yjbb.html,RPT_LICO_FN_CPD,stage_0_raw_archive,pending,pending,pending,pending,pending,pending,ok
920165,珈凯生物,920165.BJ,10000638292,058001001,A股,069001017,北京证券交易所,BSE,Beijing Stock Exchange,,2026H1,2026-06-30,2026-08-20,2026-08-20,0.92,11.724880448747,151131040.55,23.7576881527,1.6434,37571648.64,29.47,-5.3617,8.14,1.019075098367,64.5130826303,10派6.22元(含税),disclosed,Eastmoney Data Center / Choice public web aggregation,https://data.eastmoney.com/bbsj/202606/yjbb.html,RPT_LICO_FN_CPD,stage_0_raw_archive,pending,pending,pending,pending,pending,pending,ok
920166,海圣医疗,920166.BJ,10442061,058001001,A股,069001017,北京证券交易所,BSE,Beijing Stock Exchange,,2026H1,2026-06-30,2026-08-24,2026-08-24,0.43,8.528787811154,162345228.59,4.3144813208,20.8923,30662409.68,-13.61,53.3691,5.21,0.128541824077,49.568196287,不分配不转增,disclosed,Eastmoney Data Center / Choice public web aggregation,https://data.eastmoney.com/bbsj/202606/yjbb.html,RPT_LICO_FN_CPD,stage_0_raw_archive,pending,pending,pending,pending,pending,pending,ok
920167,同享科技,920167.BJ,10535323,058001001,A股,069001017,北京证券交易所,BSE,Beijing Stock Exchange,,2026H1,2026-06-30,2026-08-27,2026-08-27,0.43,6.118314606754,1870261182.23,18.3872031956,-11.3594,47637862.39,568.86,-69.6282,7.3,-5.993093598451,7.5782059435,不分配不转增,disclosed,Eastmoney Data Center / Choice public web aggregation,https://data.eastmoney.com/bbsj/202606/yjbb.html,RPT_LICO_FN_CPD,stage_0_raw_archive,pending,pending,pending,pending,pending,pending,ok
920168,通宝光电,920168.BJ,10455712,058001001,A股,069001017,北京证券交易所,BSE,Beijing Stock Exchange,,2026H1,2026-06-30,2026-08-26,2026-08-26,0.25,10.522529545557,246325242.12,-25.2363902211,44.7557,16977493.35,-49.25,68.4719,2.34,-0.210219695398,18.9179943594,不分配不转增,disclosed,Eastmoney Data Center / Choice public web aggregation,https://data.eastmoney.com/bbsj/202606/yjbb.html,RPT_LICO_FN_CPD,stage_0_raw_archive,pending,pending,pending,pending,pending,pending,ok
920169,七丰精工,920169.BJ,10422841,058001001,A股,069001017,北京证券交易所,BSE,Beijing Stock Exchange,,2026H1,2026-06-30,2026-08-26,2026-08-26,0.3,4.452058281247,98437006,5.0720967705,61.3868,24048570.57,0.09,1975.0901,6.92,0.213933354777,23.2990309762,不分配不转增,disclosed,Eastmoney Data Center / Choice public web aggregation,https://data.eastmoney.com/bbsj/202606/yjbb.html,RPT_LICO_FN_CPD,stage_0_raw_archive,pending,pending,pending,pending,pending,pending,ok
920171,志晟信息,920171.BJ,10429257,058001001,A股,069001017,北京证券交易所,BSE,Beijing Stock Exchange,,2026H1,2026-06-30,2026-08-24,2026-08-24,0.01,2.186077919864,119569088.02,44.6758941525,217.5703,1072643.43,-56.87,-3.6618,0.49,-0.109101562471,25.4316089581,不分配不转增,disclosed,Eastmoney Data Center / Choice public web aggregation,https://data.eastmoney.com/bbsj/202606/yjbb.html,RPT_LICO_FN_CPD,stage_0_raw_archive,pending,pending,pending,pending,pending,pending,ok
920174,五新智能,920174.BJ,10492564,058001001,A股,069001017,北京证券交易所,BSE,Beijing Stock Exchange,,2026H1,2026-06-30,2026-08-28,2026-08-28,1.3,13.042136833466,1548800526.67,161.7220499703,127.737,281187054.03,224.76,278.4145,10.23,-0.033021704107,35.8003807109,不分配不转增,disclosed,Eastmoney Data Center / Choice public web aggregation,https://data.eastmoney.com/bbsj/202606/yjbb.html,RPT_LICO_FN_CPD,stage_0_raw_archive,pending,pending,pending,pending,pending,pending,ok
920175,东方碳素,920175.BJ,10427924,058001001,A股,069001017,北京证券交易所,BSE,Beijing Stock Exchange,,2026H1,2026-06-30,2026-08-28,2026-08-28,-0.35,5.212661775294,105148007.84,-18.0819180746,7.9465,-41061369.1,28.2,-95.3772,-6.41,0.353242597563,5.4035928942,不分配不转增,disclosed,Eastmoney Data Center / Choice public web aggregation,https://data.eastmoney.com/bbsj/202606/yjbb.html,RPT_LICO_FN_CPD,stage_0_raw_archive,pending,pending,pending,pending,pending,pending,ok
920176,维琪科技,920176.BJ,10000695546,058001001,A股,069001017,北京证券交易所,BSE,Beijing Stock Exchange,,2026H1,2026-06-30,2026-08-21,2026-08-21,0.84,12.8280002022,122757855.74,-7.1829304131,-14.3446,42026628.02,4.55,-25.5603,7.11,0.632016136,70.2125448921,10派4.00元(含税),disclosed,Eastmoney Data Center / Choice public web aggregation,https://data.eastmoney.com/bbsj/202606/yjbb.html,RPT_LICO_FN_CPD,stage_0_raw_archive,pending,pending,pending,pending,pending,pending,ok
920177,恒道科技,920177.BJ,10000651924,058001001,A股,069001017,北京证券交易所,BSE,Beijing Stock Exchange,,2026H1,2026-06-30,2026-08-26,2026-08-26,0.75,12.984957265864,157545205.66,7.1786704006,-6.7454,32679417.74,-18.92,-10.1251,6.52,0.02380649656,47.0506315692,不分配不转增,disclosed,Eastmoney Data Center / Choice public web aggregation,https://data.eastmoney.com/bbsj/202606/yjbb.html,RPT_LICO_FN_CPD,stage_0_raw_archive,pending,pending,pending,pending,pending,pending,ok
920178,锐翔智能,920178.BJ,10000620632,058001001,A股,069001017,北京证券交易所,BSE,Beijing Stock Exchange,,2026H1,2026-06-30,2026-08-25,2026-08-25,1.15,15.161381440583,326142933.73,22.994736217,,65006795.71,12.46,,8.93,0.535916363222,44.7732552075,10派8.80元(含税),disclosed,Eastmoney Data Center / Choice public web aggregation,https://data.eastmoney.com/bbsj/202606/yjbb.html,RPT_LICO_FN_CPD,stage_0_raw_archive,pending,pending,pending,pending,pending,pending,ok
920179,凯德石英,920179.BJ,10467830,058001001,A股,069001017,北京证券交易所,BSE,Beijing Stock Exchange,,2026H1,2026-06-30,2026-08-19,2026-08-19,0.12,10.039962040416,137965368.64,-12.4442537277,-9.7258,8930123.82,-48.31,-15.424,1.18,0.581652697212,39.4051742737,不分配不转增,disclosed,Eastmoney Data Center / Choice public web aggregation,https://data.eastmoney.com/bbsj/202606/yjbb.html,RPT_LICO_FN_CPD,stage_0_raw_archive,pending,pending,pending,pending,pending,pending,ok
920180,爱得科技,920180.BJ,10483404,058001001,A股,069001017,北京证券交易所,BSE,Beijing Stock Exchange,,2026H1,2026-06-30,2026-08-24,2026-08-24,0.23,6.518371620471,131995297.31,-11.4637051202,17.5034,25405451.73,-33.41,9.5445,3.52,0.05772761549,59.0460657299,不分配不转增,disclosed,Eastmoney Data Center / Choice public web aggregation,https://data.eastmoney.com/bbsj/202606/yjbb.html,RPT_LICO_FN_CPD,stage_0_raw_archive,pending,pending,pending,pending,pending,pending,ok
920181,赛英电子,920181.BJ,10512888,058001001,A股,069001017,北京证券交易所,BSE,Beijing Stock Exchange,,2026H1,2026-06-30,2026-08-25,2026-08-25,1.36,18.356062183796,321979285.9,11.444252908,19.0897,51514332.19,17.44,-9.1229,8.2,0.171358745139,26.2051317786,不分配不转增,disclosed,Eastmoney Data Center / Choice public web aggregation,https://data.eastmoney.com/bbsj/202606/yjbb.html,RPT_LICO_FN_CPD,stage_0_raw_archive,pending,pending,pending,pending,pending,pending,ok
920183,海菲曼,920183.BJ,10000620566,058001001,A股,069001017,北京证券交易所,BSE,Beijing Stock Exchange,,2026H1,2026-06-30,2026-08-28,2026-08-28,0.8,9.144678198439,130806866.08,21.7801322845,5.4072,36400106.44,4.88,-6.3986,10.6,0.535203035831,68.0681529328,10派2.04元(含税),disclosed,Eastmoney Data Center / Choice public web aggregation,https://data.eastmoney.com/bbsj/202606/yjbb.html,RPT_LICO_FN_CPD,stage_0_raw_archive,pending,pending,pending,pending,pending,pending,ok
920184,国源科技,920184.BJ,10484848,058001001,A股,069001017,北京证券交易所,BSE,Beijing Stock Exchange,,2026H1,2026-06-30,2026-08-26,2026-08-26,0.06,4.73745728357,115903358.16,4.0227947501,-16.986,7605723.7,5.44,281.8303,1.21,-0.113251865834,37.385254593,不分配不转增,disclosed,Eastmoney Data Center / Choice public web aggregation,https://data.eastmoney.com/bbsj/202606/yjbb.html,RPT_LICO_FN_CPD,stage_0_raw_archive,pending,pending,pending,pending,pending,pending,ok
920185,贝特瑞,920185.BJ,10108670,058001001,A股,069001017,北京证券交易所,BSE,Beijing Stock Exchange,,2026H1,2026-06-30,2026-08-28,2026-08-28,0.34,11.196656653986,10220514268.03,30.4028527272,37.1112,382519235.1,-20.07,37.8384,2.97,-0.298553917005,19.6480674351,不分配不转增,disclosed,Eastmoney Data Center / Choice public web aggregation,https://data.eastmoney.com/bbsj/202606/yjbb.html,RPT_LICO_FN_CPD,stage_0_raw_archive,pending,pending,pending,pending,pending,pending,ok
920186,中科仪,920186.BJ,10400555,058001001,A股,069001017,北京证券交易所,BSE,Beijing Stock Exchange,,2026H1,2026-06-30,2026-08-28,2026-08-28,9.72,22.756826392395,623158292.71,8.5210962835,43.2541,1838736106.63,1229.96,871.6833,50.33,-0.27960342018,28.0815278312,10派4.00元(含税),disclosed,Eastmoney Data Center / Choice public web aggregation,https://data.eastmoney.com/bbsj/202606/yjbb.html,RPT_LICO_FN_CPD,stage_0_raw_archive,pending,pending,pending,pending,pending,pending,ok
920187,通领科技,920187.BJ,10475895,058001001,A股,069001017,北京证券交易所,BSE,Beijing Stock Exchange,,2026H1,2026-06-30,2026-08-26,2026-08-26,0.38,13.815362489943,403658337.14,-16.8876305069,-20.8583,32087546.19,-63.2,-78.4051,2.86,1.541577637268,28.6218233218,不分配不转增,disclosed,Eastmoney Data Center / Choice public web aggregation,https://data.eastmoney.com/bbsj/202606/yjbb.html,RPT_LICO_FN_CPD,stage_0_raw_archive,pending,pending,pending,pending,pending,pending,ok
920188,悦龙科技,920188.BJ,10579042,058001001,A股,069001017,北京证券交易所,BSE,Beijing Stock Exchange,,2026H1,2026-06-30,2026-08-11,2026-08-11,0.766,9.601105466137,170392088.62,11.2006931917,4.6532,55118903.14,4.13,-28.1486,6.8,1.014316850159,53.7483002243,不分配不转增,disclosed,Eastmoney Data Center / Choice public web aggregation,https://data.eastmoney.com/bbsj/202606/yjbb.html,RPT_LICO_FN_CPD,stage_0_raw_archive,pending,pending,pending,pending,pending,pending,ok
920189,康美特,920189.BJ,10543746,058001001,A股,069001017,北京证券交易所,BSE,Beijing Stock Exchange,,2026H1,2026-06-30,2026-08-21,2026-08-21,0.41,5.255279988103,278757541.72,21.829960816,43.6028,49426692.48,39.28,28.7675,8.14,0.057392347255,41.0966649703,10派1.40元(含税),disclosed,Eastmoney Data Center / Choice public web aggregation,https://data.eastmoney.com/bbsj/202606/yjbb.html,RPT_LICO_FN_CPD,stage_0_raw_archive,pending,pending,pending,pending,pending,pending,ok
920190,雷神科技,920190.BJ,10679103,058001001,A股,069001017,北京证券交易所,BSE,Beijing Stock Exchange,,2026H1,2026-06-30,2026-08-10,2026-08-10,0.2025,8.552513297675,1445289311.14,4.1032309123,16.5427,20251376.5,41.27,-61.8667,2.34,-1.361764014382,8.5843563295,不分配不转增,disclosed,Eastmoney Data Center / Choice public web aggregation,https://data.eastmoney.com/bbsj/202606/yjbb.html,RPT_LICO_FN_CPD,stage_0_raw_archive,pending,pending,pending,pending,pending,pending,ok
920191,瑞尔竞达,920191.BJ,10000480997,058001001,A股,069001017,北京证券交易所,BSE,Beijing Stock Exchange,,2026H1,2026-06-30,2026-08-18,2026-08-18,0.315,5.857931418515,236235739.08,4.0875855844,6.1212,46562188.2,-18.97,18.7256,5.75,-0.212853234131,37.3696632795,不分配不转增,disclosed,Eastmoney Data Center / Choice public web aggregation,https://data.eastmoney.com/bbsj/202606/yjbb.html,RPT_LICO_FN_CPD,stage_0_raw_archive,pending,pending,pending,pending,pending,pending,ok
920193,吉和昌,920193.BJ,10427698,058001001,A股,069001017,北京证券交易所,BSE,Beijing Stock Exchange,,2026H1,2026-06-30,2026-08-12,2026-08-12,0.68,6.968969539247,316593323.46,24.6277101157,-0.0586,56977945.21,83.67,26.6509,10.56,0.295740711196,33.721993232,不分配不转增,disclosed,Eastmoney Data Center / Choice public web aggregation,https://data.eastmoney.com/bbsj/202606/yjbb.html,RPT_LICO_FN_CPD,stage_0_raw_archive,pending,pending,pending,pending,pending,pending,ok
920195,三祥科技,920195.BJ,10408315,058001001,A股,069001017,北京证券交易所,BSE,Beijing Stock Exchange,,2026H1,2026-06-30,2026-08-26,2026-08-26,0.33,8.529630415791,535691345.31,1.332890203,32.072,32188455.91,-18.1,27.9722,3.83,0.652212453331,33.3921235887,不分配不转增,disclosed,Eastmoney Data Center / Choice public web aggregation,https://data.eastmoney.com/bbsj/202606/yjbb.html,RPT_LICO_FN_CPD,stage_0_raw_archive,pending,pending,pending,pending,pending,pending,ok
920198,微创光电,920198.BJ,10338837,058001001,A股,069001017,北京证券交易所,BSE,Beijing Stock Exchange,,2026H1,2026-06-30,2026-08-06,2026-08-06,0.02,2.692908460142,53578796.59,51.3797066376,19.1684,3870558.35,109.46,218.6733,0.89,0.252624341216,48.7179510577,不分配不转增,disclosed,Eastmoney Data Center / Choice public web aggregation,https://data.eastmoney.com/bbsj/202606/yjbb.html,RPT_LICO_FN_CPD,stage_0_raw_archive,pending,pending,pending,pending,pending,pending,ok
920199,倍益康,920199.BJ,10565541,058001001,A股,069001017,北京证券交易所,BSE,Beijing Stock Exchange,,2026H1,2026-06-30,2026-08-25,2026-08-25,-0.04,7.683935340989,121550679.86,5.9379692155,39.5653,-2725833.04,58.11,-699.114,-0.52,-0.22749602022,37.0657619126,不分配不转增,disclosed,Eastmoney Data Center / Choice public web aggregation,https://data.eastmoney.com/bbsj/202606/yjbb.html,RPT_LICO_FN_CPD,stage_0_raw_archive,pending,pending,pending,pending,pending,pending,ok
920200,振宏股份,920200.BJ,10000319878,058001001,A股,069001017,北京证券交易所,BSE,Beijing Stock Exchange,,2026H1,2026-06-30,2026-08-20,2026-08-20,0.58,11.76610075,678417741.4,7.1154213588,,47522330.6,-19.85,,5.84,-1.343715163155,18.1175217273,不分配不转增,disclosed,Eastmoney Data Center / Choice public web aggregation,https://data.eastmoney.com/bbsj/202606/yjbb.html,RPT_LICO_FN_CPD,stage_0_raw_archive,pending,pending,pending,pending,pending,pending,ok
920204,沪江材料,920204.BJ,10566312,058001001,A股,069001017,北京证券交易所,BSE,Beijing Stock Exchange,,2026H1,2026-06-30,2026-08-26,2026-08-26,0.1693,5.310633976844,180516548.1,18.7485962016,3.6391,15964607.98,52.07,-19.9843,3.2,0.145628990144,31.1551503903,不分配不转增,disclosed,Eastmoney Data Center / Choice public web aggregation,https://data.eastmoney.com/bbsj/202606/yjbb.html,RPT_LICO_FN_CPD,stage_0_raw_archive,pending,pending,pending,pending,pending,pending,ok
920206,彩客科技,920206.BJ,10000323945,058001001,A股,069001017,北京证券交易所,BSE,Beijing Stock Exchange,,2026H1,2026-06-30,2026-08-18,2026-08-18,1.32,12.338631135923,302559212.9,6.8837526638,17.6572,85949440.72,-0.56,35.0082,12.94,0.320106426437,41.2346689973,10派5.00元(含税),disclosed,Eastmoney Data Center / Choice public web aggregation,https://data.eastmoney.com/bbsj/202606/yjbb.html,RPT_LICO_FN_CPD,stage_0_raw_archive,pending,pending,pending,pending,pending,pending,ok
920207,众诚科技,920207.BJ,10492722,058001001,A股,069001017,北京证券交易所,BSE,Beijing Stock Exchange,,2026H1,2026-06-30,2026-08-06,2026-08-06,0.08,3.157550636585,189056439.79,41.5141984701,441.7004,7018911.55,146.75,415.9322,2.38,0.016000042302,21.7237729726,不分配不转增,disclosed,Eastmoney Data Center / Choice public web aggregation,https://data.eastmoney.com/bbsj/202606/yjbb.html,RPT_LICO_FN_CPD,stage_0_raw_archive,pending,pending,pending,pending,pending,pending,ok
920208,青矩技术,920208.BJ,10499196,058001001,A股,069001017,北京证券交易所,BSE,Beijing Stock Exchange,,2026H1,2026-06-30,2026-08-17,2026-08-17,0.4,5.621308015507,350668405.16,-0.173455168,51.707,74666892.44,13.65,223.1535,6.8,-0.519777771203,46.9703767423,不分配不转增,disclosed,Eastmoney Data Center / Choice public web aggregation,https://data.eastmoney.com/bbsj/202606/yjbb.html,RPT_LICO_FN_CPD,stage_0_raw_archive,pending,pending,pending,pending,pending,pending,ok
920211,新睿电子,920211.BJ,10000610652,058001001,A股,069001017,北京证券交易所,BSE,Beijing Stock Exchange,,2026H1,2026-06-30,2026-08-25,2026-08-25,1.06,12.513829281395,172387735.35,3.3483818386,4.9397,30707169.46,-11.96,-3.2957,10.29,0.888488690116,34.5211855641,10派4.36元(含税),disclosed,Eastmoney Data Center / Choice public web aggregation,https://data.eastmoney.com/bbsj/202606/yjbb.html,RPT_LICO_FN_CPD,stage_0_raw_archive,pending,pending,pending,pending,pending,pending,ok
920212,智新电子,920212.BJ,10510953,058001001,A股,069001017,北京证券交易所,BSE,Beijing Stock Exchange,,2026H1,2026-06-30,2026-08-18,2026-08-18,0.02,4.00268642394,250803252.59,16.2941783291,33.9888,2459295.09,198.45,58.2259,0.58,0.080445975212,10.8761000419,不分配不转增,disclosed,Eastmoney Data Center / Choice public web aggregation,https://data.eastmoney.com/bbsj/202606/yjbb.html,RPT_LICO_FN_CPD,stage_0_raw_archive,pending,pending,pending,pending,pending,pending,ok
920218,新天力,920218.BJ,10000438190,058001001,A股,069001017,北京证券交易所,BSE,Beijing Stock Exchange,,2026H1,2026-06-30,2026-08-27,2026-08-27,0.26,9.212970959069,513422372.59,-4.1989257438,0.0859,19156712.91,-55,-73.476,2.97,0.241796768677,13.9601531559,不分配不转增,disclosed,Eastmoney Data Center / Choice public web aggregation,https://data.eastmoney.com/bbsj/202606/yjbb.html,RPT_LICO_FN_CPD,stage_0_raw_archive,pending,pending,pending,pending,pending,pending,ok
920220,朗信电气,920220.BJ,10906676,058001001,A股,069001017,北京证券交易所,BSE,Beijing Stock Exchange,,2026H1,2026-06-30,2026-08-26,2026-08-26,0.81,17.441571048672,667032962.31,12.1121729789,38.0226,44513166.76,0.39,73.1472,5.2,1.567357633633,16.7604525529,10派2.00元(含税),disclosed,Eastmoney Data Center / Choice public web aggregation,https://data.eastmoney.com/bbsj/202606/yjbb.html,RPT_LICO_FN_CPD,stage_0_raw_archive,pending,pending,pending,pending,pending,pending,ok
920221,易实精密,920221.BJ,10499255,058001001,A股,069001017,北京证券交易所,BSE,Beijing Stock Exchange,,2026H1,2026-06-30,2026-08-24,2026-08-24,0.24,3.666386899874,175775320.23,6.1848413305,9.4063,28124291.02,-14.63,-15.9589,6.52,0.519656940413,31.2279826759,不分配不转增,disclosed,Eastmoney Data Center / Choice public web aggregation,https://data.eastmoney.com/bbsj/202606/yjbb.html,RPT_LICO_FN_CPD,stage_0_raw_archive,pending,pending,pending,pending,pending,pending,ok
920222,益坤电气,920222.BJ,10000070777,058001001,A股,069001017,北京证券交易所,BSE,Beijing Stock Exchange,,2026H1,2026-06-30,2026-08-27,2026-08-27,0.37,5.514322284701,190873504.19,7.3460359611,15.8566,26862921,0.28,49.3214,7.57,0.579404369091,29.1320191537,10派2.50元(含税),disclosed,Eastmoney Data Center / Choice public web aggregation,https://data.eastmoney.com/bbsj/202606/yjbb.html,RPT_LICO_FN_CPD,stage_0_raw_archive,pending,pending,pending,pending,pending,pending,ok
920223,荣亿精密,920223.BJ,10995352,058001001,A股,069001017,北京证券交易所,BSE,Beijing Stock Exchange,,2026H1,2026-06-30,2026-08-25,2026-08-25,-0.07,1.471619148171,251593472.13,30.5976749428,1.4234,-11227238.47,-114.92,-76.9727,-4.74,-0.226910363925,9.9568836615,不分配不转增,disclosed,Eastmoney Data Center / Choice public web aggregation,https://data.eastmoney.com/bbsj/202606/yjbb.html,RPT_LICO_FN_CPD,stage_0_raw_archive,pending,pending,pending,pending,pending,pending,ok
920225,利通科技,920225.BJ,10434028,058001001,A股,069001017,北京证券交易所,BSE,Beijing Stock Exchange,,2026H1,2026-06-30,2026-08-27,2026-08-27,0.37,6.03181707209,264262815.55,11.4236117364,51.8522,46769550.27,-11.22,292.5157,6.21,0.025856602958,42.066047279,不分配不转增,disclosed,Eastmoney Data Center / Choice public web aggregation,https://data.eastmoney.com/bbsj/202606/yjbb.html,RPT_LICO_FN_CPD,stage_0_raw_archive,pending,pending,pending,pending,pending,pending,ok
920227,美登科技,920227.BJ,10527221,058001001,A股,069001017,北京证券交易所,BSE,Beijing Stock Exchange,,2026H1,2026-06-30,2026-08-25,2026-08-25,0.53,10.268402775445,77847923.38,2.4444624954,-0.9392,20727171.85,6.95,-21.3815,4.87,0.51076271895,68.1250731521,不分配不转增,disclosed,Eastmoney Data Center / Choice public web aggregation,https://data.eastmoney.com/bbsj/202606/yjbb.html,RPT_LICO_FN_CPD,stage_0_raw_archive,pending,pending,pending,pending,pending,pending,ok
920230,欧康医药,920230.BJ,10455713,058001001,A股,069001017,北京证券交易所,BSE,Beijing Stock Exchange,,2026H1,2026-06-30,2026-08-27,2026-08-27,0.05,4.0950022439,133151399.95,-2.8136941116,39.8155,5361261.76,74.02,43.1772,1.28,0.212755886281,15.1223993871,不分配不转增,disclosed,Eastmoney Data Center / Choice public web aggregation,https://data.eastmoney.com/bbsj/202606/yjbb.html,RPT_LICO_FN_CPD,stage_0_raw_archive,pending,pending,pending,pending,pending,pending,ok
920237,力佳科技,920237.BJ,10490663,058001001,A股,069001017,北京证券交易所,BSE,Beijing Stock Exchange,,2026H1,2026-06-30,2026-08-25,2026-08-25,0.06,5.457084387609,139998517.21,-18.8284321877,-5.3423,5842633.57,-71.34,-116.4721,1.12,0.231832161729,25.932616033,不分配不转增,disclosed,Eastmoney Data Center / Choice public web aggregation,https://data.eastmoney.com/bbsj/202606/yjbb.html,RPT_LICO_FN_CPD,stage_0_raw_archive,pending,pending,pending,pending,pending,pending,ok
920238,长鹰硬科,920238.BJ,10000220533,058001001,A股,069001017,北京证券交易所,BSE,Beijing Stock Exchange,,2026H1,2026-06-30,2026-08-25,2026-08-25,4.94,14.923636554192,1344778788.49,174.3417408534,39.3131,381032131.61,1069.18,28.2565,39.66,-1.484794743601,43.0113286587,不分配不转增,disclosed,Eastmoney Data Center / Choice public web aggregation,https://data.eastmoney.com/bbsj/202606/yjbb.html,RPT_LICO_FN_CPD,stage_0_raw_archive,pending,pending,pending,pending,pending,pending,ok
920239,长虹能源,920239.BJ,10106826,058001001,A股,069001017,北京证券交易所,BSE,Beijing Stock Exchange,,2026H1,2026-06-30,2026-08-28,2026-08-28,0.55,6.089619342123,2517639887.69,24.7789288504,10.5487,100994624.08,-9.14,-47.1548,8.88,1.601950078991,14.5901086377,不分配不转增,disclosed,Eastmoney Data Center / Choice public web aggregation,https://data.eastmoney.com/bbsj/202606/yjbb.html,RPT_LICO_FN_CPD,stage_0_raw_archive,pending,pending,pending,pending,pending,pending,ok
920242,建邦科技,920242.BJ,10510474,058001001,A股,069001017,北京证券交易所,BSE,Beijing Stock Exchange,,2026H1,2026-06-30,2026-08-26,2026-08-26,0.57,7.287023466332,409067974.37,9.139841462,13.0679,40314776.73,-18.4,27.5708,5.76,-0.316938678876,26.9042024005,不分配不转增,disclosed,Eastmoney Data Center / Choice public web aggregation,https://data.eastmoney.com/bbsj/202606/yjbb.html,RPT_LICO_FN_CPD,stage_0_raw_archive,pending,pending,pending,pending,pending,pending,ok
920245,威博液压,920245.BJ,10639660,058001001,A股,069001017,北京证券交易所,BSE,Beijing Stock Exchange,,2026H1,2026-06-30,2026-08-27,2026-08-27,0.24,5.128567151804,210985669.05,29.3803631186,48.1867,16777493.74,58.26,-5.5727,4.79,0.191267549788,18.1922712679,不分配不转增,disclosed,Eastmoney Data Center / Choice public web aggregation,https://data.eastmoney.com/bbsj/202606/yjbb.html,RPT_LICO_FN_CPD,stage_0_raw_archive,pending,pending,pending,pending,pending,pending,ok
920247,华密新材,920247.BJ,10500028,058001001,A股,069001017,北京证券交易所,BSE,Beijing Stock Exchange,,2026H1,2026-06-30,2026-08-07,2026-08-07,0.11,2.549844427488,236060411.77,16.3235444712,9.3559,20037939.62,19.5,-31.0693,4.14,0.204885417872,30.4219933328,不分配不转增,disclosed,Eastmoney Data Center / Choice public web aggregation,https://data.eastmoney.com/bbsj/202606/yjbb.html,RPT_LICO_FN_CPD,stage_0_raw_archive,pending,pending,pending,pending,pending,pending,ok
920249,利尔达,920249.BJ,10427715,058001001,A股,069001017,北京证券交易所,BSE,Beijing Stock Exchange,,2026H1,2026-06-30,2026-08-19,2026-08-19,0.11,1.928329560657,1581800544.45,35.0107426198,44.1121,47467511.46,345.64,121.6262,6.05,-0.219296037355,15.3569897534,不分配不转增,disclosed,Eastmoney Data Center / Choice public web aggregation,https://data.eastmoney.com/bbsj/202606/yjbb.html,RPT_LICO_FN_CPD,stage_0_raw_archive,pending,pending,pending,pending,pending,pending,ok
920252,天宏锂电,920252.BJ,10986084,058001001,A股,069001017,北京证券交易所,BSE,Beijing Stock Exchange,,2026H1,2026-06-30,2026-08-25,2026-08-25,0.01,2.524833985635,215853695.93,-4.7418925164,21.5974,697140.98,-87.23,-169.9654,0.26,-0.078511069558,11.3307932369,不分配不转增,disclosed,Eastmoney Data Center / Choice public web aggregation,https://data.eastmoney.com/bbsj/202606/yjbb.html,RPT_LICO_FN_CPD,stage_0_raw_archive,pending,pending,pending,pending,pending,pending,ok
920258,聚仁新材,920258.BJ,10000255953,058001001,A股,069001017,北京证券交易所,BSE,Beijing Stock Exchange,,2026H1,2026-06-30,2026-07-23,2026-07-23,0.2741,2.523570009944,389203754.01,24.5785683591,-6.8235,98685623.77,55,7.918,11.48,0.346879642361,39.7008503973,,disclosed,Eastmoney Data Center / Choice public web aggregation,https://data.eastmoney.com/bbsj/202606/yjbb.html,RPT_LICO_FN_CPD,stage_0_raw_archive,pending,pending,pending,pending,pending,pending,ok
920260,中寰股份,920260.BJ,10499956,058001001,A股,069001017,北京证券交易所,BSE,Beijing Stock Exchange,,2026H1,2026-06-30,2026-08-26,2026-08-26,0.12,4.250193522549,93787337.25,-10.0332724889,63.9878,12131415.07,-23.52,182.2018,2.69,0.214437488556,35.6933374287,不分配不转增,disclosed,Eastmoney Data Center / Choice public web aggregation,https://data.eastmoney.com/bbsj/202606/yjbb.html,RPT_LICO_FN_CPD,stage_0_raw_archive,pending,pending,pending,pending,pending,pending,ok
920261,一诺威,920261.BJ,10475434,058001001,A股,069001017,北京证券交易所,BSE,Beijing Stock Exchange,,2026H1,2026-06-30,2026-08-07,2026-08-07,0.53,5.596986258894,4599012031.42,29.5561335316,0.3989,138676194.93,23.72,28.5059,8.24,-0.371197897325,7.6721220492,不分配不转增,disclosed,Eastmoney Data Center / Choice public web aggregation,https://data.eastmoney.com/bbsj/202606/yjbb.html,RPT_LICO_FN_CPD,stage_0_raw_archive,pending,pending,pending,pending,pending,pending,ok
920262,太湖雪,920262.BJ,10528728,058001001,A股,069001017,北京证券交易所,BSE,Beijing Stock Exchange,,2026H1,2026-06-30,2026-07-31,2026-07-31,0.3346,4.574830648368,324835856.55,15.6731102536,40.4723,27057521.66,42.52,79.8936,7.29,0.426578059916,44.6213685642,不分配不转增,disclosed,Eastmoney Data Center / Choice public web aggregation,https://data.eastmoney.com/bbsj/202606/yjbb.html,RPT_LICO_FN_CPD,stage_0_raw_archive,pending,pending,pending,pending,pending,pending,ok
920263,中航泰达,920263.BJ,10498691,058001001,A股,069001017,北京证券交易所,BSE,Beijing Stock Exchange,,2026H1,2026-06-30,2026-08-25,2026-08-25,-0.24,3.641600709886,128831327.79,-26.952304766,13.8179,-33901210.41,-416.3,14.3243,-6.31,-0.001972032632,16.925877412,不分配不转增,disclosed,Eastmoney Data Center / Choice public web aggregation,https://data.eastmoney.com/bbsj/202606/yjbb.html,RPT_LICO_FN_CPD,stage_0_raw_archive,pending,pending,pending,pending,pending,pending,ok
920266,生物谷,920266.BJ,10455550,058001001,A股,069001017,北京证券交易所,BSE,Beijing Stock Exchange,,2026H1,2026-06-30,2026-08-10,2026-08-10,-0.04,7.067635044166,200815170.91,-3.2551448942,12.0664,-4415627.43,84.42,105.9541,-0.5,0.157100700325,63.6145602004,不分配不转增,disclosed,Eastmoney Data Center / Choice public web aggregation,https://data.eastmoney.com/bbsj/202606/yjbb.html,RPT_LICO_FN_CPD,stage_0_raw_archive,pending,pending,pending,pending,pending,pending,ok
920267,鑫汇科,920267.BJ,10401533,058001001,A股,069001017,北京证券交易所,BSE,Beijing Stock Exchange,,2026H1,2026-06-30,2026-08-26,2026-08-26,-0.07,4.829890888974,246807270.06,-0.5024575687,26.1989,-3317455.49,-149.11,106.8953,-1.36,0.921124736137,14.7784124273,不分配不转增,disclosed,Eastmoney Data Center / Choice public web aggregation,https://data.eastmoney.com/bbsj/202606/yjbb.html,RPT_LICO_FN_CPD,stage_0_raw_archive,pending,pending,pending,pending,pending,pending,ok
920270,天铭科技,920270.BJ,10499070,058001001,A股,069001017,北京证券交易所,BSE,Beijing Stock Exchange,,2026H1,2026-06-30,2026-08-27,2026-08-27,0.08,3.917140608416,106899817.73,5.8934426035,6.4321,8062436.82,-63.9,-65.2319,1.97,-0.03611702751,35.5314378982,不分配不转增,disclosed,Eastmoney Data Center / Choice public web aggregation,https://data.eastmoney.com/bbsj/202606/yjbb.html,RPT_LICO_FN_CPD,stage_0_raw_archive,pending,pending,pending,pending,pending,pending,ok
920271,邦德股份,920271.BJ,10528440,058001001,A股,069001017,北京证券交易所,BSE,Beijing Stock Exchange,,2026H1,2026-06-30,2026-08-24,2026-08-24,0.14,4.792804263547,156203316.37,-21.2506904638,-22.6133,18596298.31,-60.52,-85.7662,2.91,0.398183448935,33.4879924355,不分配不转增,disclosed,Eastmoney Data Center / Choice public web aggregation,https://data.eastmoney.com/bbsj/202606/yjbb.html,RPT_LICO_FN_CPD,stage_0_raw_archive,pending,pending,pending,pending,pending,pending,ok
920273,一致魔芋,920273.BJ,10540318,058001001,A股,069001017,北京证券交易所,BSE,Beijing Stock Exchange,,2026H1,2026-06-30,2026-08-25,2026-08-25,0.22,6.197175450017,379426501.79,5.6213104804,-9.0271,22955658.08,-43.9,-2.4864,3.47,0.155605443216,13.9956182843,不分配不转增,disclosed,Eastmoney Data Center / Choice public web aggregation,https://data.eastmoney.com/bbsj/202606/yjbb.html,RPT_LICO_FN_CPD,stage_0_raw_archive,pending,pending,pending,pending,pending,pending,ok
920274,宏裕包材,920274.BJ,10507645,058001001,A股,069001017,北京证券交易所,BSE,Beijing Stock Exchange,,2026H1,2026-06-30,2026-08-14,2026-08-14,0.21,6.092875505632,370897191.65,15.4538553988,15.852,16751024.35,37.19,-27.0603,3.36,-0.441710149986,13.8348699141,不分配不转增,disclosed,Eastmoney Data Center / Choice public web aggregation,https://data.eastmoney.com/bbsj/202606/yjbb.html,RPT_LICO_FN_CPD,stage_0_raw_archive,pending,pending,pending,pending,pending,pending,ok
920275,驱动力,920275.BJ,10526926,058001001,A股,069001017,北京证券交易所,BSE,Beijing Stock Exchange,,2026H1,2026-06-30,2026-08-20,2026-08-20,0,1.435782645993,32350186.4,-0.7503849543,-15.356,-519029,-132.18,-337.0865,-0.22,-0.028217922782,27.2001630878,不分配不转增,disclosed,Eastmoney Data Center / Choice public web aggregation,https://data.eastmoney.com/bbsj/202606/yjbb.html,RPT_LICO_FN_CPD,stage_0_raw_archive,pending,pending,pending,pending,pending,pending,ok
920278,鹿得医疗,920278.BJ,10434002,058001001,A股,069001017,北京证券交易所,BSE,Beijing Stock Exchange,,2026H1,2026-06-30,2026-08-25,2026-08-25,0.0203,2.2205720949,147905317.35,10.9049702491,39.752,3539843.66,-64.36,320.2022,0.92,-0.139690681719,21.6249056376,不分配不转增,disclosed,Eastmoney Data Center / Choice public web aggregation,https://data.eastmoney.com/bbsj/202606/yjbb.html,RPT_LICO_FN_CPD,stage_0_raw_archive,pending,pending,pending,pending,pending,pending,ok
920284,灵鸽科技,920284.BJ,10455688,058001001,A股,069001017,北京证券交易所,BSE,Beijing Stock Exchange,,2026H1,2026-06-30,2026-08-21,2026-08-21,-0.0278,2.991903995151,126488872.53,62.7159908939,-77.4138,-2888503.49,-167.92,-380.6699,-0.92,-0.583818842552,15.3790033312,不分配不转增,disclosed,Eastmoney Data Center / Choice public web aggregation,https://data.eastmoney.com/bbsj/202606/yjbb.html,RPT_LICO_FN_CPD,stage_0_raw_archive,pending,pending,pending,pending,pending,pending,ok
920288,华大海天,920288.BJ,10000438345,058001001,A股,069001017,北京证券交易所,BSE,Beijing Stock Exchange,,2026H1,2026-06-30,2026-08-04,2026-08-04,0.64,10.780393350545,298935125.06,15.4538435463,33.5525,35250720.16,24.32,58.5506,6.13,1.229666257273,22.1013266697,,disclosed,Eastmoney Data Center / Choice public web aggregation,https://data.eastmoney.com/bbsj/202606/yjbb.html,RPT_LICO_FN_CPD,stage_0_raw_archive,pending,pending,pending,pending,pending,pending,ok
920299,灿能电力,920299.BJ,10566970,058001001,A股,069001017,北京证券交易所,BSE,Beijing Stock Exchange,,2026H1,2026-06-30,2026-08-21,2026-08-21,0.07,3.11625108718,51354631.85,0.8085902921,6.7081,6270924.16,-39.81,3.2811,2.16,0.037162085289,48.4634078046,不分配不转增,disclosed,Eastmoney Data Center / Choice public web aggregation,https://data.eastmoney.com/bbsj/202606/yjbb.html,RPT_LICO_FN_CPD,stage_0_raw_archive,pending,pending,pending,pending,pending,pending,ok
920300,辰光医疗,920300.BJ,10191798,058001001,A股,069001017,北京证券交易所,BSE,Beijing Stock Exchange,,2026H1,2026-06-30,2026-08-26,2026-08-26,-0.15,1.802390123579,47964311.53,1.29159077,-5.6421,-12911802.9,12.86,22.5414,-8.01,0.019626954897,45.3717561158,不分配不转增,disclosed,Eastmoney Data Center / Choice public web aggregation,https://data.eastmoney.com/bbsj/202606/yjbb.html,RPT_LICO_FN_CPD,stage_0_raw_archive,pending,pending,pending,pending,pending,pending,ok
920304,迪尔化工,920304.BJ,10062589,058001001,A股,069001017,北京证券交易所,BSE,Beijing Stock Exchange,,2026H1,2026-06-30,2026-08-10,2026-08-10,0.1,3.116778006347,421609733.67,39.3870000317,-22.8376,16495967.71,-38.68,-18.488,3.08,-0.108672049806,10.323695497,不分配不转增,disclosed,Eastmoney Data Center / Choice public web aggregation,https://data.eastmoney.com/bbsj/202606/yjbb.html,RPT_LICO_FN_CPD,stage_0_raw_archive,pending,pending,pending,pending,pending,pending,ok
920339,恒太照明,920339.BJ,10000023699,058001001,A股,069001017,北京证券交易所,BSE,Beijing Stock Exchange,,2026H1,2026-06-30,2026-08-24,2026-08-24,0.02,2.645578105555,252648553.54,-12.3135554307,19.475,4074036.1,-76.35,395.638,0.68,0.181333664042,18.23978363,不分配不转增,disclosed,Eastmoney Data Center / Choice public web aggregation,https://data.eastmoney.com/bbsj/202606/yjbb.html,RPT_LICO_FN_CPD,stage_0_raw_archive,pending,pending,pending,pending,pending,pending,ok
920344,三元基因,920344.BJ,10057677,058001001,A股,069001017,北京证券交易所,BSE,Beijing Stock Exchange,,2026H1,2026-06-30,2026-08-26,2026-08-26,0.01,5.153163767835,120375237.94,1.7029078932,0.3138,1749086.29,127.05,-36.3265,0.28,0.23820286717,81.2244813163,不分配不转增,disclosed,Eastmoney Data Center / Choice public web aggregation,https://data.eastmoney.com/bbsj/202606/yjbb.html,RPT_LICO_FN_CPD,stage_0_raw_archive,pending,pending,pending,pending,pending,pending,ok
920346,威贸电子,920346.BJ,10466650,058001001,A股,069001017,北京证券交易所,BSE,Beijing Stock Exchange,,2026H1,2026-06-30,2026-08-27,2026-08-27,0.27,5.884918125965,145522745.1,1.1305193558,8.4538,21911755.36,-10.34,30.8482,4.58,0.468425985297,27.5152455326,不分配不转增,disclosed,Eastmoney Data Center / Choice public web aggregation,https://data.eastmoney.com/bbsj/202606/yjbb.html,RPT_LICO_FN_CPD,stage_0_raw_archive,pending,pending,pending,pending,pending,pending,ok
920351,华光源海,920351.BJ,10676293,058001001,A股,069001017,北京证券交易所,BSE,Beijing Stock Exchange,,2026H1,2026-06-30,2026-08-24,2026-08-24,0.17,5.132378195558,830991271.34,-10.919020837,21.2468,15026082.98,-21.88,13.825,3.38,-0.211971932917,8.8462239635,不分配不转增,disclosed,Eastmoney Data Center / Choice public web aggregation,https://data.eastmoney.com/bbsj/202606/yjbb.html,RPT_LICO_FN_CPD,stage_0_raw_archive,pending,pending,pending,pending,pending,pending,ok
920357,雅葆轩,920357.BJ,10528908,058001001,A股,069001017,北京证券交易所,BSE,Beijing Stock Exchange,,2026H1,2026-06-30,2026-08-28,2026-08-28,0.28,4.074879319911,355990625.63,42.3789205675,34.4782,28925777.37,-1.18,-60.5637,6.92,0.185390424287,16.4451721717,不分配不转增,disclosed,Eastmoney Data Center / Choice public web aggregation,https://data.eastmoney.com/bbsj/202606/yjbb.html,RPT_LICO_FN_CPD,stage_0_raw_archive,pending,pending,pending,pending,pending,pending,ok
920363,莱赛激光,920363.BJ,10640354,058001001,A股,069001017,北京证券交易所,BSE,Beijing Stock Exchange,,2026H1,2026-06-30,2026-08-25,2026-08-25,0.02,2.654433401171,111428510.46,15.0420403434,14.5797,2024783.72,70.21,109.244,0.62,0.003989849785,26.6233084491,不分配不转增,disclosed,Eastmoney Data Center / Choice public web aggregation,https://data.eastmoney.com/bbsj/202606/yjbb.html,RPT_LICO_FN_CPD,stage_0_raw_archive,pending,pending,pending,pending,pending,pending,ok
920367,新赣江,920367.BJ,10985906,058001001,A股,069001017,北京证券交易所,BSE,Beijing Stock Exchange,,2026H1,2026-06-30,2026-08-25,2026-08-25,0.05,6.806402406252,70561927.26,4.9028020689,-2.4022,3595952.91,-45.13,-84.297,0.75,0.137634313394,42.762864,不分配不转增,disclosed,Eastmoney Data Center / Choice public web aggregation,https://data.eastmoney.com/bbsj/202606/yjbb.html,RPT_LICO_FN_CPD,stage_0_raw_archive,pending,pending,pending,pending,pending,pending,ok
920368,连城数控,920368.BJ,10199106,058001001,A股,069001017,北京证券交易所,BSE,Beijing Stock Exchange,,2026H1,2026-06-30,2026-08-25,2026-08-25,0.08,18.033427801652,827259062.86,-24.7192611275,115.298,19102923.88,-81.82,-43.204,0.45,0.838653162717,24.1166946676,不分配不转增,disclosed,Eastmoney Data Center / Choice public web aggregation,https://data.eastmoney.com/bbsj/202606/yjbb.html,RPT_LICO_FN_CPD,stage_0_raw_archive,pending,pending,pending,pending,pending,pending,ok
920370,新安洁,920370.BJ,10401118,058001001,A股,069001017,北京证券交易所,BSE,Beijing Stock Exchange,,2026H1,2026-06-30,2026-08-26,2026-08-26,-0.05,1.850651636478,190008540.02,-11.7607272202,-6.9342,-15110563.94,30.77,-7.4355,-2.68,-0.015222859464,11.6609307075,不分配不转增,disclosed,Eastmoney Data Center / Choice public web aggregation,https://data.eastmoney.com/bbsj/202606/yjbb.html,RPT_LICO_FN_CPD,stage_0_raw_archive,pending,pending,pending,pending,pending,pending,ok
920371,欧福蛋业,920371.BJ,10542435,058001001,A股,069001017,北京证券交易所,BSE,Beijing Stock Exchange,,2026H1,2026-06-30,2026-08-21,2026-08-21,0.04,2.943802491089,471253018.39,4.5580889386,-5.1267,7493677.99,-81.79,-155.9442,1.21,0.091867873488,14.7739196892,不分配不转增,disclosed,Eastmoney Data Center / Choice public web aggregation,https://data.eastmoney.com/bbsj/202606/yjbb.html,RPT_LICO_FN_CPD,stage_0_raw_archive,pending,pending,pending,pending,pending,pending,ok
920374,云里物里,920374.BJ,10702708,058001001,A股,069001017,北京证券交易所,BSE,Beijing Stock Exchange,,2026H1,2026-06-30,2026-08-25,2026-08-25,0.08,3.039784504386,129640101.68,15.6751464592,36.1191,6722376.75,-26.65,137.5533,2.56,-0.124082300608,39.9245348771,不分配不转增,disclosed,Eastmoney Data Center / Choice public web aggregation,https://data.eastmoney.com/bbsj/202606/yjbb.html,RPT_LICO_FN_CPD,stage_0_raw_archive,pending,pending,pending,pending,pending,pending,ok
920375,派诺科技,920375.BJ,10401532,058001001,A股,069001017,北京证券交易所,BSE,Beijing Stock Exchange,,2026H1,2026-06-30,2026-08-28,2026-08-28,-0.21,4.958833636886,211164243.91,-18.6962683883,20.9419,-31132039.08,-945.23,1.6957,-4.08,-0.084513450085,33.7906300749,不分配不转增,disclosed,Eastmoney Data Center / Choice public web aggregation,https://data.eastmoney.com/bbsj/202606/yjbb.html,RPT_LICO_FN_CPD,stage_0_raw_archive,pending,pending,pending,pending,pending,pending,ok
920378,泰德股份,920378.BJ,10409549,058001001,A股,069001017,北京证券交易所,BSE,Beijing Stock Exchange,,2026H1,2026-06-30,2026-08-24,2026-08-24,0.06,2.495145156565,194640512.66,2.19750361,23.2907,8289167.7,-27.94,247.7381,2.07,-0.05025051702,22.9115495385,不分配不转增,disclosed,Eastmoney Data Center / Choice public web aggregation,https://data.eastmoney.com/bbsj/202606/yjbb.html,RPT_LICO_FN_CPD,stage_0_raw_archive,pending,pending,pending,pending,pending,pending,ok
920392,佳合科技,920392.BJ,10713496,058001001,A股,069001017,北京证券交易所,BSE,Beijing Stock Exchange,,2026H1,2026-06-30,2026-08-26,2026-08-26,0.09,4.394574922302,369427676.28,10.1740035488,7.1583,7041540.74,-32.02,54.5016,2.05,0.309551153767,13.7529708525,不分配不转增,disclosed,Eastmoney Data Center / Choice public web aggregation,https://data.eastmoney.com/bbsj/202606/yjbb.html,RPT_LICO_FN_CPD,stage_0_raw_archive,pending,pending,pending,pending,pending,pending,ok
920394,民士达,920394.BJ,10331124,058001001,A股,069001017,北京证券交易所,BSE,Beijing Stock Exchange,,2026H1,2026-06-30,2026-08-20,2026-08-20,0.4,5.751143999863,230782682.48,-2.8259749894,6.8185,57789012.3,-8.31,-11.022,6.87,0.49957781935,39.4209089878,不分配不转增,disclosed,Eastmoney Data Center / Choice public web aggregation,https://data.eastmoney.com/bbsj/202606/yjbb.html,RPT_LICO_FN_CPD,stage_0_raw_archive,pending,pending,pending,pending,pending,pending,ok
920395,朗鸿科技,920395.BJ,10495245,058001001,A股,069001017,北京证券交易所,BSE,Beijing Stock Exchange,,2026H1,2026-06-30,2026-08-26,2026-08-26,0.07,1.455663547943,63805941.05,-32.9573863974,-30.2496,11153939.8,-65.29,-87.6121,4.73,0.118156612169,51.0624767754,不分配不转增,disclosed,Eastmoney Data Center / Choice public web aggregation,https://data.eastmoney.com/bbsj/202606/yjbb.html,RPT_LICO_FN_CPD,stage_0_raw_archive,pending,pending,pending,pending,pending,pending,ok
920396,常辅股份,920396.BJ,10640312,058001001,A股,069001017,北京证券交易所,BSE,Beijing Stock Exchange,,2026H1,2026-06-30,2026-08-18,2026-08-18,0.1852,4.997388457169,114627102.58,6.753420575,15.4645,13377876.41,-0.28,-10.4822,3.64,0.030987293664,36.6947482081,不分配不转增,disclosed,Eastmoney Data Center / Choice public web aggregation,https://data.eastmoney.com/bbsj/202606/yjbb.html,RPT_LICO_FN_CPD,stage_0_raw_archive,pending,pending,pending,pending,pending,pending,ok
920402,硅烷科技,920402.BJ,10529005,058001001,A股,069001017,北京证券交易所,BSE,Beijing Stock Exchange,,2026H1,2026-06-30,2026-08-20,2026-08-20,-0.17,3.48372482396,128367381.4,-47.8217122389,20.166,-72050902.94,-118.07,-4.7216,-4.78,-0.021625919516,-42.7946878412,不分配不转增,disclosed,Eastmoney Data Center / Choice public web aggregation,https://data.eastmoney.com/bbsj/202606/yjbb.html,RPT_LICO_FN_CPD,stage_0_raw_archive,pending,pending,pending,pending,pending,pending,ok
920403,康农种业,920403.BJ,10511916,058001001,A股,069001017,北京证券交易所,BSE,Beijing Stock Exchange,,2026H1,2026-06-30,2026-08-26,2026-08-26,0.14,5.046390990407,68020473.21,48.2761024174,-28.7436,15023460.54,72.91,0.5392,2.66,1.01900506132,47.2426220423,不分配不转增,disclosed,Eastmoney Data Center / Choice public web aggregation,https://data.eastmoney.com/bbsj/202606/yjbb.html,RPT_LICO_FN_CPD,stage_0_raw_archive,pending,pending,pending,pending,pending,pending,ok
920405,海希通讯,920405.BJ,10336410,058001001,A股,069001017,北京证券交易所,BSE,Beijing Stock Exchange,,2026H1,2026-06-30,2026-08-26,2026-08-26,0.18,6.114309475831,492131087.79,62.8921359638,549.9515,25336931.9,-38.89,2541.2214,2.99,-2.22829225909,23.5444040693,不分配不转增,disclosed,Eastmoney Data Center / Choice public web aggregation,https://data.eastmoney.com/bbsj/202606/yjbb.html,RPT_LICO_FN_CPD,stage_0_raw_archive,pending,pending,pending,pending,pending,pending,ok
920407,驰诚股份,920407.BJ,10487786,058001001,A股,069001017,北京证券交易所,BSE,Beijing Stock Exchange,,2026H1,2026-06-30,2026-08-06,2026-08-06,0.14,3.238932053195,129334417.93,19.4163019401,72.7007,11885267.76,2.97,1144.9714,4.26,0.001299405861,38.1267626431,不分配不转增,disclosed,Eastmoney Data Center / Choice public web aggregation,https://data.eastmoney.com/bbsj/202606/yjbb.html,RPT_LICO_FN_CPD,stage_0_raw_archive,pending,pending,pending,pending,pending,pending,ok
920414,欧普泰,920414.BJ,10499975,058001001,A股,069001017,北京证券交易所,BSE,Beijing Stock Exchange,,2026H1,2026-06-30,2026-08-24,2026-08-24,-0.1753,3.30292795994,28989285.08,-26.7110934968,56.7808,-13982067.51,-862.97,43.99,-5.17,0.165602931633,31.8955612202,不分配不转增,disclosed,Eastmoney Data Center / Choice public web aggregation,https://data.eastmoney.com/bbsj/202606/yjbb.html,RPT_LICO_FN_CPD,stage_0_raw_archive,pending,pending,pending,pending,pending,pending,ok
920415,恒拓开源,920415.BJ,10483295,058001001,A股,069001017,北京证券交易所,BSE,Beijing Stock Exchange,,2026H1,2026-06-30,2026-08-28,2026-08-28,0.05,3.978736487217,79804497.96,20.0873468475,53.7787,6336357.05,103.33,276.4637,1.13,-0.235350378151,47.9818060872,不分配不转增,disclosed,Eastmoney Data Center / Choice public web aggregation,https://data.eastmoney.com/bbsj/202606/yjbb.html,RPT_LICO_FN_CPD,stage_0_raw_archive,pending,pending,pending,pending,pending,pending,ok
920418,苏轴股份,920418.BJ,10024287,058001001,A股,069001017,北京证券交易所,BSE,Beijing Stock Exchange,,2026H1,2026-06-30,2026-08-17,2026-08-17,0.35,5.666717615835,369036533.8,3.2965628755,9.115,56416957.6,-31.67,-11.9104,6.06,0.554190606476,36.8705914612,不分配不转增,disclosed,Eastmoney Data Center / Choice public web aggregation,https://data.eastmoney.com/bbsj/202606/yjbb.html,RPT_LICO_FN_CPD,stage_0_raw_archive,pending,pending,pending,pending,pending,pending,ok
920419,路斯股份,920419.BJ,10435125,058001001,A股,069001017,北京证券交易所,BSE,Beijing Stock Exchange,,2026H1,2026-06-30,2026-08-25,2026-08-25,0.24,6.034291212355,493157244.19,26.1659307204,23.5932,24807692.92,-18.56,39.3963,3.95,0.304990960192,20.0917009022,不分配不转增,disclosed,Eastmoney Data Center / Choice public web aggregation,https://data.eastmoney.com/bbsj/202606/yjbb.html,RPT_LICO_FN_CPD,stage_0_raw_archive,pending,pending,pending,pending,pending,pending,ok
920422,润普食品,920422.BJ,10500001,058001001,A股,069001017,北京证券交易所,BSE,Beijing Stock Exchange,,2026H1,2026-06-30,2026-08-26,2026-08-26,0.2,4.929149700772,297918761.05,28.7469621814,7.8286,17646803.8,174.3,43.2633,4.05,0.368243084892,15.2197280696,不分配不转增,disclosed,Eastmoney Data Center / Choice public web aggregation,https://data.eastmoney.com/bbsj/202606/yjbb.html,RPT_LICO_FN_CPD,stage_0_raw_archive,pending,pending,pending,pending,pending,pending,ok
920425,乐创技术,920425.BJ,10376520,058001001,A股,069001017,北京证券交易所,BSE,Beijing Stock Exchange,,2026H1,2026-06-30,2026-08-20,2026-08-20,0.53,3.99329994831,93466437.51,80.1444337751,-7.8291,37610320.52,105.94,-22.5006,13.29,-0.16583507788,70.2607127216,不分配不转增,disclosed,Eastmoney Data Center / Choice public web aggregation,https://data.eastmoney.com/bbsj/202606/yjbb.html,RPT_LICO_FN_CPD,stage_0_raw_archive,pending,pending,pending,pending,pending,pending,ok
920427,华维设计,920427.BJ,10468439,058001001,A股,069001017,北京证券交易所,BSE,Beijing Stock Exchange,,2026H1,2026-06-30,2026-08-24,2026-08-24,0.0085,3.036837911926,48751531.35,41.7614302755,-8.9862,876692.82,-33.26,-154.129,0.28,0.078634559193,8.5077627208,不分配不转增,disclosed,Eastmoney Data Center / Choice public web aggregation,https://data.eastmoney.com/bbsj/202606/yjbb.html,RPT_LICO_FN_CPD,stage_0_raw_archive,pending,pending,pending,pending,pending,pending,ok
920429,康比特,920429.BJ,10260111,058001001,A股,069001017,北京证券交易所,BSE,Beijing Stock Exchange,,2026H1,2026-06-30,2026-08-14,2026-08-14,0.19,6.70703883576,446490153.58,-20.6128060758,95.9593,23815775.08,56.83,499.522,2.78,0.359794168675,40.2739843372,不分配不转增,disclosed,Eastmoney Data Center / Choice public web aggregation,https://data.eastmoney.com/bbsj/202606/yjbb.html,RPT_LICO_FN_CPD,stage_0_raw_archive,pending,pending,pending,pending,pending,pending,ok
920433,大唐药业,920433.BJ,10499078,058001001,A股,069001017,北京证券交易所,BSE,Beijing Stock Exchange,,2026H1,2026-06-30,2026-08-27,2026-08-27,-0.03,1.453040518951,58575608.14,-20.6925549849,-63.7184,-7998320.21,63.34,-534.7155,-2.13,0.053667269459,59.7306612274,不分配不转增,disclosed,Eastmoney Data Center / Choice public web aggregation,https://data.eastmoney.com/bbsj/202606/yjbb.html,RPT_LICO_FN_CPD,stage_0_raw_archive,pending,pending,pending,pending,pending,pending,ok
920436,大地电气,920436.BJ,10574071,058001001,A股,069001017,北京证券交易所,BSE,Beijing Stock Exchange,,2026H1,2026-06-30,2026-08-26,2026-08-26,0.1,4.197141455808,1290499383.77,96.1886132351,30.6283,9704164.99,171.3591031445,259.9132,2.48,-0.55092521027,10.130526667,不分配不转增,disclosed,Eastmoney Data Center / Choice public web aggregation,https://data.eastmoney.com/bbsj/202606/yjbb.html,RPT_LICO_FN_CPD,stage_0_raw_archive,pending,pending,pending,pending,pending,pending,ok
920438,戈碧迦,920438.BJ,10493622,058001001,A股,069001017,北京证券交易所,BSE,Beijing Stock Exchange,,2026H1,2026-06-30,2026-08-26,2026-08-26,0.22,6.887718220835,335158161.69,33.3903599154,22.2704,31031315.24,150.46,69.3996,3.15,0.029659534061,30.4603040771,不分配不转增,disclosed,Eastmoney Data Center / Choice public web aggregation,https://data.eastmoney.com/bbsj/202606/yjbb.html,RPT_LICO_FN_CPD,stage_0_raw_archive,pending,pending,pending,pending,pending,pending,ok
920445,龙竹科技,920445.BJ,10416189,058001001,A股,069001017,北京证券交易所,BSE,Beijing Stock Exchange,,2026H1,2026-06-30,2026-08-26,2026-08-26,0.05,1.980772862132,164772055.33,-8.0839810972,8.4036,7812171.57,-48.24,-38.8485,2.59,0.06288423672,24.4557981748,10派0.50元(含税),disclosed,Eastmoney Data Center / Choice public web aggregation,https://data.eastmoney.com/bbsj/202606/yjbb.html,RPT_LICO_FN_CPD,stage_0_raw_archive,pending,pending,pending,pending,pending,pending,ok
920454,同心传动,920454.BJ,10468485,058001001,A股,069001017,北京证券交易所,BSE,Beijing Stock Exchange,,2026H1,2026-06-30,2026-08-03,2026-08-03,0.14,3.102524370599,72198340.61,-11.5904587245,0.3382,14169690.33,-0.48,-10.6257,4.26,0.099351200761,31.1812847218,不分配不转增,disclosed,Eastmoney Data Center / Choice public web aggregation,https://data.eastmoney.com/bbsj/202606/yjbb.html,RPT_LICO_FN_CPD,stage_0_raw_archive,pending,pending,pending,pending,pending,pending,ok
920455,汇隆活塞,920455.BJ,10468486,058001001,A股,069001017,北京证券交易所,BSE,Beijing Stock Exchange,,2026H1,2026-06-30,2026-08-28,2026-08-28,0.12,1.919871802649,97775746.81,29.4890154586,12.2592,20579400.35,33.15,51.3411,5.94,0.152333552325,36.7735261996,不分配不转增,disclosed,Eastmoney Data Center / Choice public web aggregation,https://data.eastmoney.com/bbsj/202606/yjbb.html,RPT_LICO_FN_CPD,stage_0_raw_archive,pending,pending,pending,pending,pending,pending,ok
920469,富恒新材,920469.BJ,10434820,058001001,A股,069001017,北京证券交易所,BSE,Beijing Stock Exchange,,2026H1,2026-06-30,2026-08-21,2026-08-21,-0.17,1.977880803499,167581976.48,6.5553874247,21.153,-24101549.04,3.66,38.984,-8.29,0.142117003817,1.6874028457,不分配不转增,disclosed,Eastmoney Data Center / Choice public web aggregation,https://data.eastmoney.com/bbsj/202606/yjbb.html,RPT_LICO_FN_CPD,stage_0_raw_archive,pending,pending,pending,pending,pending,pending,ok
920471,美邦科技,920471.BJ,10434815,058001001,A股,069001017,北京证券交易所,BSE,Beijing Stock Exchange,,2026H1,2026-06-30,2026-08-21,2026-08-21,0.21,6.206818436178,254668774.97,17.1350023985,19.9305,17204314.18,388.22,112.8329,3.39,0.271236080769,22.4076134409,不分配不转增,disclosed,Eastmoney Data Center / Choice public web aggregation,https://data.eastmoney.com/bbsj/202606/yjbb.html,RPT_LICO_FN_CPD,stage_0_raw_archive,pending,pending,pending,pending,pending,pending,ok
920475,三友科技,920475.BJ,10487356,058001001,A股,069001017,北京证券交易所,BSE,Beijing Stock Exchange,,2026H1,2026-06-30,2026-08-07,2026-08-07,0.05,3.509240465268,188240409.89,122.6143315433,-8.9337,5391086.95,187.47,-44.8486,1.53,-0.414858456857,15.4137069118,不分配不转增,disclosed,Eastmoney Data Center / Choice public web aggregation,https://data.eastmoney.com/bbsj/202606/yjbb.html,RPT_LICO_FN_CPD,stage_0_raw_archive,pending,pending,pending,pending,pending,pending,ok
920476,海能技术,920476.BJ,10376684,058001001,A股,069001017,北京证券交易所,BSE,Beijing Stock Exchange,,2026H1,2026-06-30,2026-08-17,2026-08-17,0.14,5.29292540755,158557611.34,16.5282047735,38.7037,11342210.58,107.3,4178.483,2.51,0.151560240339,62.964785819,不分配不转增,disclosed,Eastmoney Data Center / Choice public web aggregation,https://data.eastmoney.com/bbsj/202606/yjbb.html,RPT_LICO_FN_CPD,stage_0_raw_archive,pending,pending,pending,pending,pending,pending,ok
920478,峆一药业,920478.BJ,10376702,058001001,A股,069001017,北京证券交易所,BSE,Beijing Stock Exchange,,2026H1,2026-06-30,2026-08-21,2026-08-21,-0.02,4.580120222506,76006054.25,-53.2639385672,-35.3656,-2531077.58,-106.25,-278.5683,-0.49,-0.109472511389,29.155571209,不分配不转增,disclosed,Eastmoney Data Center / Choice public web aggregation,https://data.eastmoney.com/bbsj/202606/yjbb.html,RPT_LICO_FN_CPD,stage_0_raw_archive,pending,pending,pending,pending,pending,pending,ok
920489,佳先股份,920489.BJ,10374853,058001001,A股,069001017,北京证券交易所,BSE,Beijing Stock Exchange,,2026H1,2026-06-30,2026-08-21,2026-08-21,-0.02,3.49372170363,259239149.62,-2.6690050394,0.0946,-3111352.35,-154.22,-2208.7803,-0.65,-0.204806675548,12.8895671695,不分配不转增,disclosed,Eastmoney Data Center / Choice public web aggregation,https://data.eastmoney.com/bbsj/202606/yjbb.html,RPT_LICO_FN_CPD,stage_0_raw_archive,pending,pending,pending,pending,pending,pending,ok
920491,奥迪威,920491.BJ,10429755,058001001,A股,069001017,北京证券交易所,BSE,Beijing Stock Exchange,,2026H1,2026-06-30,2026-08-27,2026-08-27,0.21,7.521365562969,317600534.77,-3.7969987485,21.4618,29051804.22,-42.44,20.2103,2.71,0.339302675198,32.8866851013,不分配不转增,disclosed,Eastmoney Data Center / Choice public web aggregation,https://data.eastmoney.com/bbsj/202606/yjbb.html,RPT_LICO_FN_CPD,stage_0_raw_archive,pending,pending,pending,pending,pending,pending,ok
920493,并行科技,920493.BJ,10518827,058001001,A股,069001017,北京证券交易所,BSE,Beijing Stock Exchange,,2026H1,2026-06-30,2026-08-28,2026-08-28,0.7,9.039352425982,946267618.54,106.7563514398,19.6369,41926381.95,725.55,161.2455,8.7,5.475959953752,19.1611238013,不分配不转增,disclosed,Eastmoney Data Center / Choice public web aggregation,https://data.eastmoney.com/bbsj/202606/yjbb.html,RPT_LICO_FN_CPD,stage_0_raw_archive,pending,pending,pending,pending,pending,pending,ok
920496,许昌智能,920496.BJ,10416213,058001001,A股,069001017,北京证券交易所,BSE,Beijing Stock Exchange,,2026H1,2026-06-30,2026-08-26,2026-08-26,0.01,3.407387378952,305531010.55,19.4478412221,86.135,1674708.67,-70.57,27.3508,0.3,-0.440395780643,19.3464003224,不分配不转增,disclosed,Eastmoney Data Center / Choice public web aggregation,https://data.eastmoney.com/bbsj/202606/yjbb.html,RPT_LICO_FN_CPD,stage_0_raw_archive,pending,pending,pending,pending,pending,pending,ok
920504,博迅生物,920504.BJ,10500100,058001001,A股,069001017,北京证券交易所,BSE,Beijing Stock Exchange,,2026H1,2026-06-30,2026-08-25,2026-08-25,0.16,4.722623426434,59246977.51,12.8183059662,22.7413,6906235.15,89.92,261.7634,3.34,-0.294573896398,39.5808701398,不分配不转增,disclosed,Eastmoney Data Center / Choice public web aggregation,https://data.eastmoney.com/bbsj/202606/yjbb.html,RPT_LICO_FN_CPD,stage_0_raw_archive,pending,pending,pending,pending,pending,pending,ok
920505,九菱科技,920505.BJ,10000023649,058001001,A股,069001017,北京证券交易所,BSE,Beijing Stock Exchange,,2026H1,2026-06-30,2026-08-27,2026-08-27,0.11,5.209959897023,97317984.16,33.0723293152,17.1934,7180169.39,-33.91,-22.5566,2.12,0.092879349095,15.0674798256,不分配不转增,disclosed,Eastmoney Data Center / Choice public web aggregation,https://data.eastmoney.com/bbsj/202606/yjbb.html,RPT_LICO_FN_CPD,stage_0_raw_archive,pending,pending,pending,pending,pending,pending,ok
920508,殷图网联,920508.BJ,10493792,058001001,A股,069001017,北京证券交易所,BSE,Beijing Stock Exchange,,2026H1,2026-06-30,2026-08-26,2026-08-26,-0.01,3.1904294715,22042390.16,-16.8853633774,38.6332,-685914.77,71.1,170.4024,-0.35,0.196900608,37.133022556,不分配不转增,disclosed,Eastmoney Data Center / Choice public web aggregation,https://data.eastmoney.com/bbsj/202606/yjbb.html,RPT_LICO_FN_CPD,stage_0_raw_archive,pending,pending,pending,pending,pending,pending,ok
920509,同惠电子,920509.BJ,10468466,058001001,A股,069001017,北京证券交易所,BSE,Beijing Stock Exchange,,2026H1,2026-06-30,2026-08-11,2026-08-11,0.2,2.211285495682,113737163.91,13.0757663503,57.7403,32373052.73,10.45,82.6377,8.39,0.154767558228,57.8495217377,不分配不转增,disclosed,Eastmoney Data Center / Choice public web aggregation,https://data.eastmoney.com/bbsj/202606/yjbb.html,RPT_LICO_FN_CPD,stage_0_raw_archive,pending,pending,pending,pending,pending,pending,ok
920510,丰光精密,920510.BJ,10376806,058001001,A股,069001017,北京证券交易所,BSE,Beijing Stock Exchange,,2026H1,2026-06-30,2026-08-14,2026-08-14,0.02,2.152341187511,132806101.91,30.857184657,18.6975,3495075.17,332.67,556.5464,0.89,0.110739388846,29.6499475805,不分配不转增,disclosed,Eastmoney Data Center / Choice public web aggregation,https://data.eastmoney.com/bbsj/202606/yjbb.html,RPT_LICO_FN_CPD,stage_0_raw_archive,pending,pending,pending,pending,pending,pending,ok
920519,万德股份,920519.BJ,10499043,058001001,A股,069001017,北京证券交易所,BSE,Beijing Stock Exchange,,2026H1,2026-06-30,2026-08-26,2026-08-26,0.3,5.98432332374,283550063.16,47.171606656,27.1408,27152442.31,427.01,45.5578,5.07,0.461917766705,24.0235555129,10派1.50元(含税),disclosed,Eastmoney Data Center / Choice public web aggregation,https://data.eastmoney.com/bbsj/202606/yjbb.html,RPT_LICO_FN_CPD,stage_0_raw_archive,pending,pending,pending,pending,pending,pending,ok
920522,纳科诺尔,920522.BJ,10437058,058001001,A股,069001017,北京证券交易所,BSE,Beijing Stock Exchange,,2026H1,2026-06-30,2026-08-26,2026-08-26,0.07,4.909216608565,647705888.17,36.9377495647,5.9014,16258853.37,-68.51,-59.8532,1.5,0.275121988822,14.0547677415,不分配不转增,disclosed,Eastmoney Data Center / Choice public web aggregation,https://data.eastmoney.com/bbsj/202606/yjbb.html,RPT_LICO_FN_CPD,stage_0_raw_archive,pending,pending,pending,pending,pending,pending,ok
920523,德瑞锂电,920523.BJ,10472966,058001001,A股,069001017,北京证券交易所,BSE,Beijing Stock Exchange,,2026H1,2026-06-30,2026-08-25,2026-08-25,0.48,7.183496876632,256778775.13,0.9892594038,8.6389,48461973.06,-34.5,-9.1443,6.65,0.607801196349,36.9660117009,不分配不转增,disclosed,Eastmoney Data Center / Choice public web aggregation,https://data.eastmoney.com/bbsj/202606/yjbb.html,RPT_LICO_FN_CPD,stage_0_raw_archive,pending,pending,pending,pending,pending,pending,ok
920526,凯华材料,920526.BJ,10416277,058001001,A股,069001017,北京证券交易所,BSE,Beijing Stock Exchange,,2026H1,2026-06-30,2026-08-21,2026-08-21,0.11,2.774682846917,62842588.89,5.7997584889,24.4832,8807983.42,31.05,-6.9891,3.77,0.060139588029,29.1714866364,不分配不转增,disclosed,Eastmoney Data Center / Choice public web aggregation,https://data.eastmoney.com/bbsj/202606/yjbb.html,RPT_LICO_FN_CPD,stage_0_raw_archive,pending,pending,pending,pending,pending,pending,ok
920527,夜光明,920527.BJ,10475203,058001001,A股,069001017,北京证券交易所,BSE,Beijing Stock Exchange,,2026H1,2026-06-30,2026-08-20,2026-08-20,0.26,6.555251925879,181444872.86,4.7738930361,25.7515,15306137,109.23,78.0938,3.84,0.663725093642,25.2359968613,10派1.00元(含税),disclosed,Eastmoney Data Center / Choice public web aggregation,https://data.eastmoney.com/bbsj/202606/yjbb.html,RPT_LICO_FN_CPD,stage_0_raw_archive,pending,pending,pending,pending,pending,pending,ok
920533,骏创科技,920533.BJ,10473957,058001001,A股,069001017,北京证券交易所,BSE,Beijing Stock Exchange,,2026H1,2026-06-30,2026-08-20,2026-08-20,0.16,2.929097586179,362806061.98,10.8639906899,7.6285,21017512.45,37.33,66.5132,5.49,0.381517883342,23.6657514517,不分配不转增,disclosed,Eastmoney Data Center / Choice public web aggregation,https://data.eastmoney.com/bbsj/202606/yjbb.html,RPT_LICO_FN_CPD,stage_0_raw_archive,pending,pending,pending,pending,pending,pending,ok
920541,铁大科技,920541.BJ,10667962,058001001,A股,069001017,北京证券交易所,BSE,Beijing Stock Exchange,,2026H1,2026-06-30,2026-08-25,2026-08-25,0.24,3.45534488376,141658333.59,17.3258524643,5.7819,32144591.91,35.14,-29.8108,6.71,-0.093915453109,48.3064076682,不分配不转增,disclosed,Eastmoney Data Center / Choice public web aggregation,https://data.eastmoney.com/bbsj/202606/yjbb.html,RPT_LICO_FN_CPD,stage_0_raw_archive,pending,pending,pending,pending,pending,pending,ok
920547,无锡晶海,920547.BJ,10500112,058001001,A股,069001017,北京证券交易所,BSE,Beijing Stock Exchange,,2026H1,2026-06-30,2026-08-24,2026-08-24,0.53,9.474659326666,221468139.79,9.1834716324,1.5629,41213824.31,10.49,8.404,5.64,0.319030759062,33.6495487977,不分配不转增,disclosed,Eastmoney Data Center / Choice public web aggregation,https://data.eastmoney.com/bbsj/202606/yjbb.html,RPT_LICO_FN_CPD,stage_0_raw_archive,pending,pending,pending,pending,pending,pending,ok
920553,凯腾精工,920553.BJ,10654907,058001001,A股,069001017,北京证券交易所,BSE,Beijing Stock Exchange,,2026H1,2026-06-30,2026-08-27,2026-08-27,0.0507,2.473626423007,240572860.4,11.3542872458,17.9082,7287575.25,-58.54,109.5251,2.04,0.017502162635,31.7961344529,不分配不转增,disclosed,Eastmoney Data Center / Choice public web aggregation,https://data.eastmoney.com/bbsj/202606/yjbb.html,RPT_LICO_FN_CPD,stage_0_raw_archive,pending,pending,pending,pending,pending,pending,ok
920556,雅达股份,920556.BJ,10181963,058001001,A股,069001017,北京证券交易所,BSE,Beijing Stock Exchange,,2026H1,2026-06-30,2026-08-27,2026-08-27,0.08,3.239295857923,191783739.25,11.9086397408,28.8835,12359187.33,-26.57,45.8367,2.34,-0.018023712955,30.3702588018,不分配不转增,disclosed,Eastmoney Data Center / Choice public web aggregation,https://data.eastmoney.com/bbsj/202606/yjbb.html,RPT_LICO_FN_CPD,stage_0_raw_archive,pending,pending,pending,pending,pending,pending,ok
920564,天润科技,920564.BJ,10376509,058001001,A股,069001017,北京证券交易所,BSE,Beijing Stock Exchange,,2026H1,2026-06-30,2026-08-21,2026-08-21,-0.37,2.6304992891,36130952.93,-48.6558582555,-32.1275,-39337235.27,-450.43,-17.4615,-12.92,-0.304800566326,11.8668846025,不分配不转增,disclosed,Eastmoney Data Center / Choice public web aggregation,https://data.eastmoney.com/bbsj/202606/yjbb.html,RPT_LICO_FN_CPD,stage_0_raw_archive,pending,pending,pending,pending,pending,pending,ok
920566,梓橦宫,920566.BJ,10437024,058001001,A股,069001017,北京证券交易所,BSE,Beijing Stock Exchange,,2026H1,2026-06-30,2026-08-26,2026-08-26,0.25,5.85522721122,210440577.47,6.7670169524,-1.6495,36855614.9,4.07,-47.5993,4.32,0.449631538715,80.5006638438,不分配不转增,disclosed,Eastmoney Data Center / Choice public web aggregation,https://data.eastmoney.com/bbsj/202606/yjbb.html,RPT_LICO_FN_CPD,stage_0_raw_archive,pending,pending,pending,pending,pending,pending,ok
920570,坤博精工,920570.BJ,10000143934,058001001,A股,069001017,北京证券交易所,BSE,Beijing Stock Exchange,,2026H1,2026-06-30,2026-08-27,2026-08-27,0.19,7.0929665354,72102572.13,19.3297253459,27.6866,9767505.47,239.25,-28.9172,2.75,0.376626317642,28.1593638343,不分配不转增,disclosed,Eastmoney Data Center / Choice public web aggregation,https://data.eastmoney.com/bbsj/202606/yjbb.html,RPT_LICO_FN_CPD,stage_0_raw_archive,pending,pending,pending,pending,pending,pending,ok
920571,国航远洋,920571.BJ,10261701,058001001,A股,069001017,北京证券交易所,BSE,Beijing Stock Exchange,,2026H1,2026-06-30,2026-08-10,2026-08-10,0.2235,2.44979118874,641037094.71,47.1895129271,69.1812,123970655.58,603.81,223.5783,8.93,0.425567503935,36.1270029209,不分配不转增,disclosed,Eastmoney Data Center / Choice public web aggregation,https://data.eastmoney.com/bbsj/202606/yjbb.html,RPT_LICO_FN_CPD,stage_0_raw_archive,pending,pending,pending,pending,pending,pending,ok
920575,*ST康乐,920575.BJ,10470182,058001001,A股,069001017,北京证券交易所,BSE,Beijing Stock Exchange,,2026H1,2026-06-30,2026-08-21,2026-08-21,-0.34,-0.433599546522,186070.87,-77.5439357234,-25.4524,-95296108.6,35.26,12.1547,,-0.077777098704,93.5586908365,不分配不转增,disclosed,Eastmoney Data Center / Choice public web aggregation,https://data.eastmoney.com/bbsj/202606/yjbb.html,RPT_LICO_FN_CPD,stage_0_raw_archive,pending,pending,pending,pending,pending,pending,ok
920576,天力复合,920576.BJ,10098473,058001001,A股,069001017,北京证券交易所,BSE,Beijing Stock Exchange,,2026H1,2026-06-30,2026-08-10,2026-08-10,0.0291,4.023482430473,186483002.87,-27.6624479261,-18.5606,3173317.72,-78.95,8.7605,0.71,-0.19542412134,17.9745576992,不分配不转增,disclosed,Eastmoney Data Center / Choice public web aggregation,https://data.eastmoney.com/bbsj/202606/yjbb.html,RPT_LICO_FN_CPD,stage_0_raw_archive,pending,pending,pending,pending,pending,pending,ok
920578,巨能股份,920578.BJ,10566314,058001001,A股,069001017,北京证券交易所,BSE,Beijing Stock Exchange,,2026H1,2026-06-30,2026-08-25,2026-08-25,0.13,3.607887650007,100212170.1,-12.2943508496,77.1473,10062641.15,176.27,1149.8511,3.73,0.02181839307,28.8521592848,不分配不转增,disclosed,Eastmoney Data Center / Choice public web aggregation,https://data.eastmoney.com/bbsj/202606/yjbb.html,RPT_LICO_FN_CPD,stage_0_raw_archive,pending,pending,pending,pending,pending,pending,ok
920579,机科股份,920579.BJ,10489108,058001001,A股,069001017,北京证券交易所,BSE,Beijing Stock Exchange,,2026H1,2026-06-30,2026-08-21,2026-08-21,-0.21,3.501373138245,124410981.42,-6.9112853857,118.4331,-26803575.8,-345.85,-4.3377,-5.74,-0.037513374112,5.0653253982,不分配不转增,disclosed,Eastmoney Data Center / Choice public web aggregation,https://data.eastmoney.com/bbsj/202606/yjbb.html,RPT_LICO_FN_CPD,stage_0_raw_archive,pending,pending,pending,pending,pending,pending,ok
920580,科创新材,920580.BJ,10475410,058001001,A股,069001017,北京证券交易所,BSE,Beijing Stock Exchange,,2026H1,2026-06-30,2026-08-12,2026-08-12,0.18,4.080240011744,79421115.62,42.3758462795,73.6243,15156610.23,115.71,89.6307,4.35,-0.168340957791,37.4466128911,不分配不转增,disclosed,Eastmoney Data Center / Choice public web aggregation,https://data.eastmoney.com/bbsj/202606/yjbb.html,RPT_LICO_FN_CPD,stage_0_raw_archive,pending,pending,pending,pending,pending,pending,ok
920592,华信永道,920592.BJ,10433961,058001001,A股,069001017,北京证券交易所,BSE,Beijing Stock Exchange,,2026H1,2026-06-30,2026-08-25,2026-08-25,-0.39,3.81126904499,60276846.71,31.0331130479,-18.1931,-31416989.57,-32.53,-234.1765,-9.72,-1.122929332756,19.7661821915,不分配不转增,disclosed,Eastmoney Data Center / Choice public web aggregation,https://data.eastmoney.com/bbsj/202606/yjbb.html,RPT_LICO_FN_CPD,stage_0_raw_archive,pending,pending,pending,pending,pending,pending,ok
920593,鼎智科技,920593.BJ,10000044530,058001001,A股,069001017,北京证券交易所,BSE,Beijing Stock Exchange,,2026H1,2026-06-30,2026-08-28,2026-08-28,0.09,3.86329483354,196311538.02,58.9163290857,21.327,17738404.16,-11.61,51.0374,2.42,0.268009630506,45.9087078065,不分配不转增,disclosed,Eastmoney Data Center / Choice public web aggregation,https://data.eastmoney.com/bbsj/202606/yjbb.html,RPT_LICO_FN_CPD,stage_0_raw_archive,pending,pending,pending,pending,pending,pending,ok
920599,同力股份,920599.BJ,10191245,058001001,A股,069001017,北京证券交易所,BSE,Beijing Stock Exchange,,2026H1,2026-06-30,2026-08-25,2026-08-25,0.8868,7.944285900913,3553317816.49,12.133099187,33.4886,405581415.53,26.26,14.7809,10.78,1.107605170077,20.7219504862,不分配不转增,disclosed,Eastmoney Data Center / Choice public web aggregation,https://data.eastmoney.com/bbsj/202606/yjbb.html,RPT_LICO_FN_CPD,stage_0_raw_archive,pending,pending,pending,pending,pending,pending,ok
920608,丰安股份,920608.BJ,10577830,058001001,A股,069001017,北京证券交易所,BSE,Beijing Stock Exchange,,2026H1,2026-06-30,2026-08-26,2026-08-26,0.3,8.010095198265,74648419.7,-3.2333745468,-27.0376,18866388.29,-2.99,-22.5801,3.86,-0.105220563625,33.6298676796,不分配不转增,disclosed,Eastmoney Data Center / Choice public web aggregation,https://data.eastmoney.com/bbsj/202606/yjbb.html,RPT_LICO_FN_CPD,stage_0_raw_archive,pending,pending,pending,pending,pending,pending,ok
920627,力王股份,920627.BJ,10423144,058001001,A股,069001017,北京证券交易所,BSE,Beijing Stock Exchange,,2026H1,2026-06-30,2026-08-26,2026-08-26,0.04,4.892236922922,391563411.85,12.9838376811,-16.3059,4216226.1,-54.48,-156.8508,0.91,-0.033372445738,13.6385546948,不分配不转增,disclosed,Eastmoney Data Center / Choice public web aggregation,https://data.eastmoney.com/bbsj/202606/yjbb.html,RPT_LICO_FN_CPD,stage_0_raw_archive,pending,pending,pending,pending,pending,pending,ok
920634,新威凌,920634.BJ,10659475,058001001,A股,069001017,北京证券交易所,BSE,Beijing Stock Exchange,,2026H1,2026-06-30,2026-08-28,2026-08-28,0.13,4.57603281215,435247032.46,9.0005914536,34.3883,8147478.1,-8.79,152.9439,2.78,0.011038614953,7.0754068089,不分配不转增,disclosed,Eastmoney Data Center / Choice public web aggregation,https://data.eastmoney.com/bbsj/202606/yjbb.html,RPT_LICO_FN_CPD,stage_0_raw_archive,pending,pending,pending,pending,pending,pending,ok
920639,晨光电缆,920639.BJ,10091320,058001001,A股,069001017,北京证券交易所,BSE,Beijing Stock Exchange,,2026H1,2026-06-30,2026-08-26,2026-08-26,0.08,4.193996606994,1508123492.9,33.3501373423,71.4576,15448920.84,-27.98,22.4554,1.81,-0.149545589137,9.8359424516,不分配不转增,disclosed,Eastmoney Data Center / Choice public web aggregation,https://data.eastmoney.com/bbsj/202606/yjbb.html,RPT_LICO_FN_CPD,stage_0_raw_archive,pending,pending,pending,pending,pending,pending,ok
920640,富士达,920640.BJ,10200979,058001001,A股,069001017,北京证券交易所,BSE,Beijing Stock Exchange,,2026H1,2026-06-30,2026-08-26,2026-08-26,0.2129,5.00347115694,457802747.77,12.1115229355,3.7386,39959125.53,7.48,116.0237,4.26,-0.037262409603,30.3392565262,不分配不转增,disclosed,Eastmoney Data Center / Choice public web aggregation,https://data.eastmoney.com/bbsj/202606/yjbb.html,RPT_LICO_FN_CPD,stage_0_raw_archive,pending,pending,pending,pending,pending,pending,ok
920641,格利尔,920641.BJ,10416194,058001001,A股,069001017,北京证券交易所,BSE,Beijing Stock Exchange,,2026H1,2026-06-30,2026-08-25,2026-08-25,0.15,4.679782337929,303370037.62,26.1016235061,110.7322,11385024.43,261.26,1564.9284,3.23,-0.129977000333,20.3367564292,不分配不转增,disclosed,Eastmoney Data Center / Choice public web aggregation,https://data.eastmoney.com/bbsj/202606/yjbb.html,RPT_LICO_FN_CPD,stage_0_raw_archive,pending,pending,pending,pending,pending,pending,ok
920642,通易航天,920642.BJ,10657549,058001001,A股,069001017,北京证券交易所,BSE,Beijing Stock Exchange,,2026H1,2026-06-30,2026-08-27,2026-08-27,-0.004,2.143539710871,42604074.64,-27.101341577,43.1945,-427406.51,93.88,-206.1756,-0.19,0.150310665801,16.3771492961,不分配不转增,disclosed,Eastmoney Data Center / Choice public web aggregation,https://data.eastmoney.com/bbsj/202606/yjbb.html,RPT_LICO_FN_CPD,stage_0_raw_archive,pending,pending,pending,pending,pending,pending,ok
920651,天罡股份,920651.BJ,10448739,058001001,A股,069001017,北京证券交易所,BSE,Beijing Stock Exchange,,2026H1,2026-06-30,2026-08-26,2026-08-26,0.37,8.546455289836,122431225.48,-5.7505317651,15.5957,22305056.09,-26.95,4.0472,4.1,0.046926402459,47.4123714129,不分配不转增,disclosed,Eastmoney Data Center / Choice public web aggregation,https://data.eastmoney.com/bbsj/202606/yjbb.html,RPT_LICO_FN_CPD,stage_0_raw_archive,pending,pending,pending,pending,pending,pending,ok
920656,海昇药业,920656.BJ,10578188,058001001,A股,069001017,北京证券交易所,BSE,Beijing Stock Exchange,,2026H1,2026-06-30,2026-08-20,2026-08-20,0.47,7.1088457703,141142471.8,39.9588025023,15.0179,47021107.42,55.05,34.0234,6.47,0.2754028127,45.70773633,不分配不转增,disclosed,Eastmoney Data Center / Choice public web aggregation,https://data.eastmoney.com/bbsj/202606/yjbb.html,RPT_LICO_FN_CPD,stage_0_raw_archive,pending,pending,pending,pending,pending,pending,ok
920662,方盛股份,920662.BJ,10453711,058001001,A股,069001017,北京证券交易所,BSE,Beijing Stock Exchange,,2026H1,2026-06-30,2026-08-25,2026-08-25,0.04,5.15303148354,194109144.69,7.8602375699,37.3572,3168660.99,-78.11,-109.5193,0.69,-0.012585172071,14.9684218569,不分配不转增,disclosed,Eastmoney Data Center / Choice public web aggregation,https://data.eastmoney.com/bbsj/202606/yjbb.html,RPT_LICO_FN_CPD,stage_0_raw_archive,pending,pending,pending,pending,pending,pending,ok
920663,明阳科技,920663.BJ,10518850,058001001,A股,069001017,北京证券交易所,BSE,Beijing Stock Exchange,,2026H1,2026-06-30,2026-08-12,2026-08-12,0.32,3.033783743039,184250596.85,10.0534690195,20.9449,42466108.21,33.2,-6.747,10.03,0.335566768082,40.334877135,10派2.25元(含税),disclosed,Eastmoney Data Center / Choice public web aggregation,https://data.eastmoney.com/bbsj/202606/yjbb.html,RPT_LICO_FN_CPD,stage_0_raw_archive,pending,pending,pending,pending,pending,pending,ok
920665,科强股份,920665.BJ,10670775,058001001,A股,069001017,北京证券交易所,BSE,Beijing Stock Exchange,,2026H1,2026-06-30,2026-08-21,2026-08-21,0.11,5.565489386337,149737867.14,0.041015677,-5.625,14080508.14,-36.24,-51.6163,1.93,0.225255568121,30.4121400617,不分配不转增,disclosed,Eastmoney Data Center / Choice public web aggregation,https://data.eastmoney.com/bbsj/202606/yjbb.html,RPT_LICO_FN_CPD,stage_0_raw_archive,pending,pending,pending,pending,pending,pending,ok
920670,数字人,920670.BJ,10494053,058001001,A股,069001017,北京证券交易所,BSE,Beijing Stock Exchange,,2026H1,2026-06-30,2026-08-21,2026-08-21,-0.08,2.215457243197,29513888.07,-0.7480231922,107.5677,-7980526.76,-104.81,92.8212,-3.28,-0.020450827821,69.2320748508,不分配不转增,disclosed,Eastmoney Data Center / Choice public web aggregation,https://data.eastmoney.com/bbsj/202606/yjbb.html,RPT_LICO_FN_CPD,stage_0_raw_archive,pending,pending,pending,pending,pending,pending,ok
920675,秉扬科技,920675.BJ,10500032,058001001,A股,069001017,北京证券交易所,BSE,Beijing Stock Exchange,,2026H1,2026-06-30,2026-08-27,2026-08-27,0.14,3.497126757801,215490285.86,-18.3064332906,5.2673,23719670.41,-32.25,-21.4248,3.85,0.161092184777,20.3714915059,不分配不转增,disclosed,Eastmoney Data Center / Choice public web aggregation,https://data.eastmoney.com/bbsj/202606/yjbb.html,RPT_LICO_FN_CPD,stage_0_raw_archive,pending,pending,pending,pending,pending,pending,ok
920679,前进科技,920679.BJ,10000059891,058001001,A股,069001017,北京证券交易所,BSE,Beijing Stock Exchange,,2026H1,2026-06-30,2026-08-28,2026-08-28,0.14,8.864569914951,67458618.81,62.5130185055,18.2379,7907028.42,7.48,-8.2161,1.57,-0.10784371513,32.7965565413,不分配不转增,disclosed,Eastmoney Data Center / Choice public web aggregation,https://data.eastmoney.com/bbsj/202606/yjbb.html,RPT_LICO_FN_CPD,stage_0_raw_archive,pending,pending,pending,pending,pending,pending,ok
920682,球冠电缆,920682.BJ,10487346,058001001,A股,069001017,北京证券交易所,BSE,Beijing Stock Exchange,,2026H1,2026-06-30,2026-08-21,2026-08-21,0.08,2.891598324601,2276859382.3,37.0155932987,79.9497,32496695.38,-38.47,284.813,2.82,-0.197271621235,8.0207273172,不分配不转增,disclosed,Eastmoney Data Center / Choice public web aggregation,https://data.eastmoney.com/bbsj/202606/yjbb.html,RPT_LICO_FN_CPD,stage_0_raw_archive,pending,pending,pending,pending,pending,pending,ok
920685,新芝生物,920685.BJ,10392510,058001001,A股,069001017,北京证券交易所,BSE,Beijing Stock Exchange,,2026H1,2026-06-30,2026-08-26,2026-08-26,0.17,6.137541256446,83854158.79,17.856194852,40.3281,14821831.89,24.91,13.0237,2.62,-0.067865324141,62.5038457201,不分配不转增,disclosed,Eastmoney Data Center / Choice public web aggregation,https://data.eastmoney.com/bbsj/202606/yjbb.html,RPT_LICO_FN_CPD,stage_0_raw_archive,pending,pending,pending,pending,pending,pending,ok
920689,克莱特,920689.BJ,10423212,058001001,A股,069001017,北京证券交易所,BSE,Beijing Stock Exchange,,2026H1,2026-06-30,2026-08-25,2026-08-25,0.39,6.581091777929,315589374.59,13.3547003585,13.1506,28459423.21,-1.79,25.7738,5.7,0.502154319619,27.7667525606,不分配不转增,disclosed,Eastmoney Data Center / Choice public web aggregation,https://data.eastmoney.com/bbsj/202606/yjbb.html,RPT_LICO_FN_CPD,stage_0_raw_archive,pending,pending,pending,pending,pending,pending,ok
920690,捷众科技,920690.BJ,10669601,058001001,A股,069001017,北京证券交易所,BSE,Beijing Stock Exchange,,2026H1,2026-06-30,2026-08-25,2026-08-25,0.47,6.984697715164,193617935.57,19.2726460137,36.1165,32392353.18,5.72,25.2806,5.28,0.518263494837,34.0982209503,不分配不转增,disclosed,Eastmoney Data Center / Choice public web aggregation,https://data.eastmoney.com/bbsj/202606/yjbb.html,RPT_LICO_FN_CPD,stage_0_raw_archive,pending,pending,pending,pending,pending,pending,ok
920693,阿为特,920693.BJ,10000147433,058001001,A股,069001017,北京证券交易所,BSE,Beijing Stock Exchange,,2026H1,2026-06-30,2026-08-25,2026-08-25,0.03,4.874691455708,196623800.32,47.0062352697,2.2381,2429354.72,-62.47,376.0498,0.69,0.071303370014,22.3813835957,不分配不转增,disclosed,Eastmoney Data Center / Choice public web aggregation,https://data.eastmoney.com/bbsj/202606/yjbb.html,RPT_LICO_FN_CPD,stage_0_raw_archive,pending,pending,pending,pending,pending,pending,ok
920694,中裕科技,920694.BJ,10669465,058001001,A股,069001017,北京证券交易所,BSE,Beijing Stock Exchange,,2026H1,2026-06-30,2026-08-20,2026-08-20,0.68,7.089774596612,445445800.41,24.1206459938,48.9891,88988030.39,69.16,65.801,9.55,0.732009308291,49.2559417078,不分配不转增,disclosed,Eastmoney Data Center / Choice public web aggregation,https://data.eastmoney.com/bbsj/202606/yjbb.html,RPT_LICO_FN_CPD,stage_0_raw_archive,pending,pending,pending,pending,pending,pending,ok
920699,海达尔,920699.BJ,10505411,058001001,A股,069001017,北京证券交易所,BSE,Beijing Stock Exchange,,2026H1,2026-06-30,2026-08-24,2026-08-24,0.3,7.52188166697,149861461.87,-17.8726066769,15.0462,19033604,-42.42,-11.4409,5.42,1.256902002617,23.1995453175,不分配不转增,disclosed,Eastmoney Data Center / Choice public web aggregation,https://data.eastmoney.com/bbsj/202606/yjbb.html,RPT_LICO_FN_CPD,stage_0_raw_archive,pending,pending,pending,pending,pending,pending,ok
920701,豪声电子,920701.BJ,10528868,058001001,A股,069001017,北京证券交易所,BSE,Beijing Stock Exchange,,2026H1,2026-06-30,2026-08-25,2026-08-25,0.01,5.82373612981,368883617.2,-11.2746596816,12.5815,1340438.04,-96.12,-151.2113,0.16,0.309517439286,12.1680973692,不分配不转增,disclosed,Eastmoney Data Center / Choice public web aggregation,https://data.eastmoney.com/bbsj/202606/yjbb.html,RPT_LICO_FN_CPD,stage_0_raw_archive,pending,pending,pending,pending,pending,pending,ok
920703,广厦环能,920703.BJ,10475866,058001001,A股,069001017,北京证券交易所,BSE,Beijing Stock Exchange,,2026H1,2026-06-30,2026-08-11,2026-08-11,0.15,7.563184278947,185293061.18,20.6503581803,94.5266,22136413.79,-19.81,821.2551,1.94,0.198749266208,32.3914418693,不分配不转增,disclosed,Eastmoney Data Center / Choice public web aggregation,https://data.eastmoney.com/bbsj/202606/yjbb.html,RPT_LICO_FN_CPD,stage_0_raw_archive,pending,pending,pending,pending,pending,pending,ok
920706,铁拓机械,920706.BJ,10000125719,058001001,A股,069001017,北京证券交易所,BSE,Beijing Stock Exchange,,2026H1,2026-06-30,2026-08-24,2026-08-24,0.16,6.489790061268,177869036.24,-18.68151968,8.0935,14532670.74,-60.22,11.839,2.42,0.009905145969,30.3755672219,不分配不转增,disclosed,Eastmoney Data Center / Choice public web aggregation,https://data.eastmoney.com/bbsj/202606/yjbb.html,RPT_LICO_FN_CPD,stage_0_raw_archive,pending,pending,pending,pending,pending,pending,ok
920717,瑞星股份,920717.BJ,10467987,058001001,A股,069001017,北京证券交易所,BSE,Beijing Stock Exchange,,2026H1,2026-06-30,2026-08-26,2026-08-26,-0.09,4.684657715033,46832080.29,-36.4365181747,172.557,-10009664.08,-414.31,-592.6995,-1.85,0.095102200122,20.1977257073,不分配不转增,disclosed,Eastmoney Data Center / Choice public web aggregation,https://data.eastmoney.com/bbsj/202606/yjbb.html,RPT_LICO_FN_CPD,stage_0_raw_archive,pending,pending,pending,pending,pending,pending,ok
920718,合肥高科,920718.BJ,10397125,058001001,A股,069001017,北京证券交易所,BSE,Beijing Stock Exchange,,2026H1,2026-06-30,2026-08-20,2026-08-20,-0.01,6.31106605788,479615363.38,-16.3314210917,-26.5877,-560238.1,-101.85,-241.7699,-0.1,0.181538351787,6.9835829953,不分配不转增,disclosed,Eastmoney Data Center / Choice public web aggregation,https://data.eastmoney.com/bbsj/202606/yjbb.html,RPT_LICO_FN_CPD,stage_0_raw_archive,pending,pending,pending,pending,pending,pending,ok
920719,宁新新材,920719.BJ,10551733,058001001,A股,069001017,北京证券交易所,BSE,Beijing Stock Exchange,,2026H1,2026-06-30,2026-08-19,2026-08-19,-1.08,0.713104012637,84742286.9,-24.2995971976,21.4529,-100652433.35,-88.64,-25.4789,-94.03,0.234348887891,-42.1462462916,不分配不转增,disclosed,Eastmoney Data Center / Choice public web aggregation,https://data.eastmoney.com/bbsj/202606/yjbb.html,RPT_LICO_FN_CPD,stage_0_raw_archive,pending,pending,pending,pending,pending,pending,ok
920720,吉冈精密,920720.BJ,10505880,058001001,A股,069001017,北京证券交易所,BSE,Beijing Stock Exchange,,2026H1,2026-06-30,2026-08-28,2026-08-28,0.0778,2.000037027598,338773060.59,1.27043258,17.0154,20521507.29,-36.46,2.63,3.81,0.163569780084,18.9363357164,不分配不转增,disclosed,Eastmoney Data Center / Choice public web aggregation,https://data.eastmoney.com/bbsj/202606/yjbb.html,RPT_LICO_FN_CPD,stage_0_raw_archive,pending,pending,pending,pending,pending,pending,ok
920725,惠丰钻石,920725.BJ,10552207,058001001,A股,069001017,北京证券交易所,BSE,Beijing Stock Exchange,,2026H1,2026-06-30,2026-08-26,2026-08-26,0.07,6.63813226086,104374512.33,26.6380004148,8.8106,6558701.76,165.09,166.9378,1.09,0.6964158384,30.9428659057,不分配不转增,disclosed,Eastmoney Data Center / Choice public web aggregation,https://data.eastmoney.com/bbsj/202606/yjbb.html,RPT_LICO_FN_CPD,stage_0_raw_archive,pending,pending,pending,pending,pending,pending,ok
920726,朱老六,920726.BJ,10419213,058001001,A股,069001017,北京证券交易所,BSE,Beijing Stock Exchange,,2026H1,2026-06-30,2026-08-20,2026-08-20,0.3,4.611410371434,125181232.31,17.2650796497,-35.5009,30594818.02,178.93,-39.3632,6.72,0.175430357813,37.9348768291,不分配不转增,disclosed,Eastmoney Data Center / Choice public web aggregation,https://data.eastmoney.com/bbsj/202606/yjbb.html,RPT_LICO_FN_CPD,stage_0_raw_archive,pending,pending,pending,pending,pending,pending,ok
920729,永顺生物,920729.BJ,10552509,058001001,A股,069001017,北京证券交易所,BSE,Beijing Stock Exchange,,2026H1,2026-06-30,2026-08-24,2026-08-24,0.02,2.393847828828,87485096.54,-28.1296185087,-15.6358,6414601.68,-67.47,-73.8053,0.95,0.010637886263,54.3819626332,不分配不转增,disclosed,Eastmoney Data Center / Choice public web aggregation,https://data.eastmoney.com/bbsj/202606/yjbb.html,RPT_LICO_FN_CPD,stage_0_raw_archive,pending,pending,pending,pending,pending,pending,ok
920735,德源药业,920735.BJ,10455476,058001001,A股,069001017,北京证券交易所,BSE,Beijing Stock Exchange,,2026H1,2026-06-30,2026-08-25,2026-08-25,1,10.760554433528,597402013.06,13.8887384085,3.0726,128659223.95,31.57,31.762,9.55,0.52032493881,82.0635764063,不分配不转增,disclosed,Eastmoney Data Center / Choice public web aggregation,https://data.eastmoney.com/bbsj/202606/yjbb.html,RPT_LICO_FN_CPD,stage_0_raw_archive,pending,pending,pending,pending,pending,pending,ok
920748,路桥信息,920748.BJ,10518874,058001001,A股,069001017,北京证券交易所,BSE,Beijing Stock Exchange,,2026H1,2026-06-30,2026-08-26,2026-08-26,-0.27,2.512088142038,80811383.92,162.0765126154,-52.2606,-20539446.16,16.91,-138.8024,-10.13,-0.196705332551,20.2884877906,不分配不转增,disclosed,Eastmoney Data Center / Choice public web aggregation,https://data.eastmoney.com/bbsj/202606/yjbb.html,RPT_LICO_FN_CPD,stage_0_raw_archive,pending,pending,pending,pending,pending,pending,ok
920751,惠同新材,920751.BJ,10094312,058001001,A股,069001017,北京证券交易所,BSE,Beijing Stock Exchange,,2026H1,2026-06-30,2026-08-10,2026-08-10,0.28,4.755671468772,125576904.65,12.0965366723,15.0899,24013115.16,0.86,5.2502,5.83,0.237449261005,39.1648598021,不分配不转增,disclosed,Eastmoney Data Center / Choice public web aggregation,https://data.eastmoney.com/bbsj/202606/yjbb.html,RPT_LICO_FN_CPD,stage_0_raw_archive,pending,pending,pending,pending,pending,pending,ok
920753,天纺标,920753.BJ,10670811,058001001,A股,069001017,北京证券交易所,BSE,Beijing Stock Exchange,,2026H1,2026-06-30,2026-08-27,2026-08-27,0.16,4.81726798702,111394462.26,5.0878969545,53.8816,13072025.18,5.42,25.5967,3.18,0.257994733034,49.9488689304,不分配不转增,disclosed,Eastmoney Data Center / Choice public web aggregation,https://data.eastmoney.com/bbsj/202606/yjbb.html,RPT_LICO_FN_CPD,stage_0_raw_archive,pending,pending,pending,pending,pending,pending,ok
920765,美之高,920765.BJ,10488771,058001001,A股,069001017,北京证券交易所,BSE,Beijing Stock Exchange,,2026H1,2026-06-30,2026-08-28,2026-08-28,0.02,3.412320192606,292047724.71,27.6612885456,-7.9618,1884864.24,203.37,-163.8067,0.62,0.200749272346,27.4409062353,不分配不转增,disclosed,Eastmoney Data Center / Choice public web aggregation,https://data.eastmoney.com/bbsj/202606/yjbb.html,RPT_LICO_FN_CPD,stage_0_raw_archive,pending,pending,pending,pending,pending,pending,ok
920768,拾比佰,920768.BJ,10423860,058001001,A股,069001017,北京证券交易所,BSE,Beijing Stock Exchange,,2026H1,2026-06-30,2026-08-25,2026-08-25,0.24,4.671225883122,1034431823.95,21.7914928719,16.9113,37499264.04,28.31,39.8878,5.19,0.284472921897,10.6761773587,不分配不转增,disclosed,Eastmoney Data Center / Choice public web aggregation,https://data.eastmoney.com/bbsj/202606/yjbb.html,RPT_LICO_FN_CPD,stage_0_raw_archive,pending,pending,pending,pending,pending,pending,ok
920770,艾能聚,920770.BJ,10488791,058001001,A股,069001017,北京证券交易所,BSE,Beijing Stock Exchange,,2026H1,2026-06-30,2026-08-27,2026-08-27,0.16,4.730277767816,75591277.04,-19.3037882477,113.0731,20417047.65,-12.15,439.0163,3.27,0.274510436101,50.8236673653,不分配不转增,disclosed,Eastmoney Data Center / Choice public web aggregation,https://data.eastmoney.com/bbsj/202606/yjbb.html,RPT_LICO_FN_CPD,stage_0_raw_archive,pending,pending,pending,pending,pending,pending,ok
920779,武汉蓝电,920779.BJ,10399282,058001001,A股,069001017,北京证券交易所,BSE,Beijing Stock Exchange,,2026H1,2026-06-30,2026-08-20,2026-08-20,0.28,5.718091089547,78767571.2,6.8985274983,42.5742,22109541.53,-25.27,48.1293,4.57,0.244004350062,55.5946352323,不分配不转增,disclosed,Eastmoney Data Center / Choice public web aggregation,https://data.eastmoney.com/bbsj/202606/yjbb.html,RPT_LICO_FN_CPD,stage_0_raw_archive,pending,pending,pending,pending,pending,pending,ok
920781,瑞奇智造,920781.BJ,10475711,058001001,A股,069001017,北京证券交易所,BSE,Beijing Stock Exchange,,2026H1,2026-06-30,2026-08-26,2026-08-26,-0.11,2.224769308406,91897874.33,-19.4678459725,63.4634,-16861309.47,-104.55,-38.8111,-4.79,-0.102973546808,13.5846893206,不分配不转增,disclosed,Eastmoney Data Center / Choice public web aggregation,https://data.eastmoney.com/bbsj/202606/yjbb.html,RPT_LICO_FN_CPD,stage_0_raw_archive,pending,pending,pending,pending,pending,pending,ok
920786,骑士乳业,920786.BJ,10453544,058001001,A股,069001017,北京证券交易所,BSE,Beijing Stock Exchange,,2026H1,2026-06-30,2026-08-20,2026-08-20,0.19,3.720540266487,620299857.77,-7.1030451659,-14.6282,39275462.22,139.91,115.2256,5.04,0.91758832741,15.4735984972,不分配不转增,disclosed,Eastmoney Data Center / Choice public web aggregation,https://data.eastmoney.com/bbsj/202606/yjbb.html,RPT_LICO_FN_CPD,stage_0_raw_archive,pending,pending,pending,pending,pending,pending,ok
920790,联迪信息,920790.BJ,10552876,058001001,A股,069001017,北京证券交易所,BSE,Beijing Stock Exchange,,2026H1,2026-06-30,2026-08-21,2026-08-21,-0.083,3.76105438169,106949523.44,25.8590493145,3.1799,-6554756.75,-164.76,-198.8978,-2.12,0.209558652713,18.4319223555,不分配不转增,disclosed,Eastmoney Data Center / Choice public web aggregation,https://data.eastmoney.com/bbsj/202606/yjbb.html,RPT_LICO_FN_CPD,stage_0_raw_archive,pending,pending,pending,pending,pending,pending,ok
920792,东和新材,920792.BJ,10552883,058001001,A股,069001017,北京证券交易所,BSE,Beijing Stock Exchange,,2026H1,2026-06-30,2026-08-26,2026-08-26,0.22,6.423937258246,447479820.35,39.3914717746,15.0707,36833355.34,15.14,-48.107,3.47,0.238664145343,24.038707472,不分配不转增,disclosed,Eastmoney Data Center / Choice public web aggregation,https://data.eastmoney.com/bbsj/202606/yjbb.html,RPT_LICO_FN_CPD,stage_0_raw_archive,pending,pending,pending,pending,pending,pending,ok
920799,艾融软件,920799.BJ,10399532,058001001,A股,069001017,北京证券交易所,BSE,Beijing Stock Exchange,,2026H1,2026-06-30,2026-08-21,2026-08-21,0.04,1.873058061282,245209306.01,21.6746731161,6.3866,7490660.3,-80.21,-13.0212,1.93,-0.621190421544,27.6581010091,不分配不转增,disclosed,Eastmoney Data Center / Choice public web aggregation,https://data.eastmoney.com/bbsj/202606/yjbb.html,RPT_LICO_FN_CPD,stage_0_raw_archive,pending,pending,pending,pending,pending,pending,ok
920802,保丽洁,920802.BJ,10455459,058001001,A股,069001017,北京证券交易所,BSE,Beijing Stock Exchange,,2026H1,2026-06-30,2026-08-20,2026-08-20,0.1255,5.371359927759,103068586.25,12.332652876,29.6639,10294877.03,20.6,18.5474,2.31,0.215887571244,34.9727370496,不分配不转增,disclosed,Eastmoney Data Center / Choice public web aggregation,https://data.eastmoney.com/bbsj/202606/yjbb.html,RPT_LICO_FN_CPD,stage_0_raw_archive,pending,pending,pending,pending,pending,pending,ok
920806,云星宇,920806.BJ,10470367,058001001,A股,069001017,北京证券交易所,BSE,Beijing Stock Exchange,,2026H1,2026-06-30,2026-08-25,2026-08-25,0.08,5.113598679738,705908870.87,7.5211056332,-53.8524,23210612.8,-12.85,-73.0174,1.49,-0.734881097322,14.751262688,不分配不转增,disclosed,Eastmoney Data Center / Choice public web aggregation,https://data.eastmoney.com/bbsj/202606/yjbb.html,RPT_LICO_FN_CPD,stage_0_raw_archive,pending,pending,pending,pending,pending,pending,ok
920807,奔朗新材,920807.BJ,10155030,058001001,A股,069001017,北京证券交易所,BSE,Beijing Stock Exchange,,2026H1,2026-06-30,2026-08-26,2026-08-26,-0.028,5.033697963327,278760755.06,-3.9767700766,23.3244,-5097151.35,-124.95,-17.9391,-0.54,-0.147839127337,25.4120333778,不分配不转增,disclosed,Eastmoney Data Center / Choice public web aggregation,https://data.eastmoney.com/bbsj/202606/yjbb.html,RPT_LICO_FN_CPD,stage_0_raw_archive,pending,pending,pending,pending,pending,pending,ok
920808,曙光数创,920808.BJ,10912407,058001001,A股,069001017,北京证券交易所,BSE,Beijing Stock Exchange,,2026H1,2026-06-30,2026-08-25,2026-08-25,-0.37,3.39596915882,245937592.4,75.5563029965,38.8015,-73404074.73,-80.03,45.7744,-10.22,-1.21005838135,11.9318763608,不分配不转增,disclosed,Eastmoney Data Center / Choice public web aggregation,https://data.eastmoney.com/bbsj/202606/yjbb.html,RPT_LICO_FN_CPD,stage_0_raw_archive,pending,pending,pending,pending,pending,pending,ok
920809,安达科技,920809.BJ,10400260,058001001,A股,069001017,北京证券交易所,BSE,Beijing Stock Exchange,,2026H1,2026-06-30,2026-08-06,2026-08-06,0.22,2.840974508572,3364798420.86,119.0051208335,37.906,133879689.11,179.56,5.6192,8.19,-0.519674542893,12.0354451443,不分配不转增,disclosed,Eastmoney Data Center / Choice public web aggregation,https://data.eastmoney.com/bbsj/202606/yjbb.html,RPT_LICO_FN_CPD,stage_0_raw_archive,pending,pending,pending,pending,pending,pending,ok
920810,春光智能,920810.BJ,10528412,058001001,A股,069001017,北京证券交易所,BSE,Beijing Stock Exchange,,2026H1,2026-06-30,2026-08-21,2026-08-21,-0.02,2.374884556204,57444731.79,-14.5514638992,-16.8693,-1565585.13,-126.2,96.8598,-0.69,-0.006201772263,27.8719519982,不分配不转增,disclosed,Eastmoney Data Center / Choice public web aggregation,https://data.eastmoney.com/bbsj/202606/yjbb.html,RPT_LICO_FN_CPD,stage_0_raw_archive,pending,pending,pending,pending,pending,pending,ok
920819,颖泰生物,920819.BJ,10117271,058001001,A股,069001017,北京证券交易所,BSE,Beijing Stock Exchange,,2026H1,2026-06-30,2026-08-14,2026-08-14,0,3.882709782542,2763626143.04,-3.3626813956,3.8839,5715241.61,-62.62,228.9427,0.12,0.139636024041,14.186347213,不分配不转增,disclosed,Eastmoney Data Center / Choice public web aggregation,https://data.eastmoney.com/bbsj/202606/yjbb.html,RPT_LICO_FN_CPD,stage_0_raw_archive,pending,pending,pending,pending,pending,pending,ok
920821,则成电子,920821.BJ,10083551,058001001,A股,069001017,北京证券交易所,BSE,Beijing Stock Exchange,,2026H1,2026-06-30,2026-08-20,2026-08-20,0.0128,3.780717334474,191259111.78,-10.2255855878,38.7739,1770507.79,-84.55,265.2019,0.34,0.178915425409,25.0429315677,不分配不转增,disclosed,Eastmoney Data Center / Choice public web aggregation,https://data.eastmoney.com/bbsj/202606/yjbb.html,RPT_LICO_FN_CPD,stage_0_raw_archive,pending,pending,pending,pending,pending,pending,ok
920826,盖世食品,920826.BJ,10501969,058001001,A股,069001017,北京证券交易所,BSE,Beijing Stock Exchange,,2026H1,2026-06-30,2026-08-28,2026-08-28,0.13,2.738799751678,353788317.56,31.0403002363,34.3954,18191255.96,-10.59,-8.4698,4.66,0.19006195139,15.2228519617,不分配不转增,disclosed,Eastmoney Data Center / Choice public web aggregation,https://data.eastmoney.com/bbsj/202606/yjbb.html,RPT_LICO_FN_CPD,stage_0_raw_archive,pending,pending,pending,pending,pending,pending,ok
920832,齐鲁华信,920832.BJ,10369684,058001001,A股,069001017,北京证券交易所,BSE,Beijing Stock Exchange,,2026H1,2026-06-30,2026-08-26,2026-08-26,-0.12,5.136837632477,120035031.9,-40.1643453853,-13.3912,-15562859.95,-499.9,-67.2348,-2.13,0.201291750918,10.3254266224,不分配不转增,disclosed,Eastmoney Data Center / Choice public web aggregation,https://data.eastmoney.com/bbsj/202606/yjbb.html,RPT_LICO_FN_CPD,stage_0_raw_archive,pending,pending,pending,pending,pending,pending,ok
920833,美心翼申,920833.BJ,10287483,058001001,A股,069001017,北京证券交易所,BSE,Beijing Stock Exchange,,2026H1,2026-06-30,2026-08-28,2026-08-28,0.01,5.056577688465,209012361.34,-13.2831817969,7.0659,1510037.82,-92.76,-155.8204,0.25,0.301633377087,18.2654450413,不分配不转增,disclosed,Eastmoney Data Center / Choice public web aggregation,https://data.eastmoney.com/bbsj/202606/yjbb.html,RPT_LICO_FN_CPD,stage_0_raw_archive,pending,pending,pending,pending,pending,pending,ok
920834,三维装备,920834.BJ,10423232,058001001,A股,069001017,北京证券交易所,BSE,Beijing Stock Exchange,,2026H1,2026-06-30,2026-08-27,2026-08-27,0.19,2.586467889481,161111846.52,9.9788384081,63.227,22383389.89,4.37,121.3706,7.01,0.139399564608,31.6713065316,不分配不转增,disclosed,Eastmoney Data Center / Choice public web aggregation,https://data.eastmoney.com/bbsj/202606/yjbb.html,RPT_LICO_FN_CPD,stage_0_raw_archive,pending,pending,pending,pending,pending,pending,ok
920837,华原股份,920837.BJ,10179784,058001001,A股,069001017,北京证券交易所,BSE,Beijing Stock Exchange,,2026H1,2026-06-30,2026-08-26,2026-08-26,0.33,3.833529661742,347595386.99,11.1608231052,6.984,50511674.52,34.68,27.8428,8.68,0.297982441585,31.2920189856,不分配不转增,disclosed,Eastmoney Data Center / Choice public web aggregation,https://data.eastmoney.com/bbsj/202606/yjbb.html,RPT_LICO_FN_CPD,stage_0_raw_archive,pending,pending,pending,pending,pending,pending,ok
920839,万通液压,920839.BJ,10400573,058001001,A股,069001017,北京证券交易所,BSE,Beijing Stock Exchange,,2026H1,2026-06-30,2026-08-20,2026-08-20,0.5197,5.500842113057,372623956.27,8.1850029337,23.5456,61435579.42,-8.74,36.8445,8.86,-0.180760659945,29.358345718,不分配不转增,disclosed,Eastmoney Data Center / Choice public web aggregation,https://data.eastmoney.com/bbsj/202606/yjbb.html,RPT_LICO_FN_CPD,stage_0_raw_archive,pending,pending,pending,pending,pending,pending,ok
920855,浙江大农,920855.BJ,10123826,058001001,A股,069001017,北京证券交易所,BSE,Beijing Stock Exchange,,2026H1,2026-06-30,2026-08-25,2026-08-25,0.16,7.718575151733,125424091.55,-12.0436147589,3.9372,11881521.68,-50.78,-13.957,2.05,0.277031077284,28.7580409188,不分配不转增,disclosed,Eastmoney Data Center / Choice public web aggregation,https://data.eastmoney.com/bbsj/202606/yjbb.html,RPT_LICO_FN_CPD,stage_0_raw_archive,pending,pending,pending,pending,pending,pending,ok
920856,浩淼科技,920856.BJ,10420615,058001001,A股,069001017,北京证券交易所,BSE,Beijing Stock Exchange,,2026H1,2026-06-30,2026-08-24,2026-08-24,0.03,4.84543373376,135293615.99,-32.1849399827,66.773,2832799.1,-81.42,286.4429,0.6,0.322691071106,24.0439847305,不分配不转增,disclosed,Eastmoney Data Center / Choice public web aggregation,https://data.eastmoney.com/bbsj/202606/yjbb.html,RPT_LICO_FN_CPD,stage_0_raw_archive,pending,pending,pending,pending,pending,pending,ok
920857,泓禧科技,920857.BJ,10670848,058001001,A股,069001017,北京证券交易所,BSE,Beijing Stock Exchange,,2026H1,2026-06-30,2026-08-25,2026-08-25,-0.49,4.314980926708,187765919.3,-8.813963388,-4.0648,-36128756.93,-1246.81,2.8221,-10.71,-0.58589211013,4.6085858351,不分配不转增,disclosed,Eastmoney Data Center / Choice public web aggregation,https://data.eastmoney.com/bbsj/202606/yjbb.html,RPT_LICO_FN_CPD,stage_0_raw_archive,pending,pending,pending,pending,pending,pending,ok
920866,绿亨科技,920866.BJ,10586318,058001001,A股,069001017,北京证券交易所,BSE,Beijing Stock Exchange,,2026H1,2026-06-30,2026-08-24,2026-08-24,0.08,4.255643529929,195924130.73,-16.0851402309,32.4431,13728856.22,-15.95,-21.5219,1.77,-0.168904541139,41.2559399135,不分配不转增,disclosed,Eastmoney Data Center / Choice public web aggregation,https://data.eastmoney.com/bbsj/202606/yjbb.html,RPT_LICO_FN_CPD,stage_0_raw_archive,pending,pending,pending,pending,pending,pending,ok
920870,恒进感应,920870.BJ,10528729,058001001,A股,069001017,北京证券交易所,BSE,Beijing Stock Exchange,,2026H1,2026-06-30,2026-08-25,2026-08-25,0.08,3.35500720291,49461331.36,9.7648572689,-11.0171,10697135,40.07,-25.9859,2.35,0.037613452388,44.0633673432,不分配不转增,disclosed,Eastmoney Data Center / Choice public web aggregation,https://data.eastmoney.com/bbsj/202606/yjbb.html,RPT_LICO_FN_CPD,stage_0_raw_archive,pending,pending,pending,pending,pending,pending,ok
920871,派特尔,920871.BJ,10506563,058001001,A股,069001017,北京证券交易所,BSE,Beijing Stock Exchange,,2026H1,2026-06-30,2026-08-17,2026-08-17,0.13,3.052428471484,89443077.93,11.0703690177,56.9625,11271886.15,43.55,61.9358,4.22,0.137423571667,29.4936439136,不分配不转增,disclosed,Eastmoney Data Center / Choice public web aggregation,https://data.eastmoney.com/bbsj/202606/yjbb.html,RPT_LICO_FN_CPD,stage_0_raw_archive,pending,pending,pending,pending,pending,pending,ok
920873,中设咨询,920873.BJ,10375316,058001001,A股,069001017,北京证券交易所,BSE,Beijing Stock Exchange,,2026H1,2026-06-30,2026-08-24,2026-08-24,-0.16,1.520458374563,37097180.6,4.4726398635,38.7916,-24866027.17,0.36,-52.4702,-10.12,-0.19441936586,-8.6422218297,不分配不转增,disclosed,Eastmoney Data Center / Choice public web aggregation,https://data.eastmoney.com/bbsj/202606/yjbb.html,RPT_LICO_FN_CPD,stage_0_raw_archive,pending,pending,pending,pending,pending,pending,ok
920876,慧为智能,920876.BJ,10455721,058001001,A股,069001017,北京证券交易所,BSE,Beijing Stock Exchange,,2026H1,2026-06-30,2026-08-25,2026-08-25,0.0101,3.959694923669,281116327.24,1.2998527451,40.7912,647744.15,-65.18,225.0557,0.25,-0.866044114006,13.8555825456,不分配不转增,disclosed,Eastmoney Data Center / Choice public web aggregation,https://data.eastmoney.com/bbsj/202606/yjbb.html,RPT_LICO_FN_CPD,stage_0_raw_archive,pending,pending,pending,pending,pending,pending,ok
920879,基康技术,920879.BJ,10400581,058001001,A股,069001017,北京证券交易所,BSE,Beijing Stock Exchange,,2026H1,2026-06-30,2026-08-25,2026-08-25,0.16,3.189899424009,172839707.83,2.7859393279,25.1138,32484783.14,0.43,0.4056,5.06,-0.149026347714,53.6546764597,"10派0.80元(含税,扣税后0.72元)",disclosed,Eastmoney Data Center / Choice public web aggregation,https://data.eastmoney.com/bbsj/202606/yjbb.html,RPT_LICO_FN_CPD,stage_0_raw_archive,pending,pending,pending,pending,pending,pending,ok
920885,星辰科技,920885.BJ,10003239,058001001,A股,069001017,北京证券交易所,BSE,Beijing Stock Exchange,,2026H1,2026-06-30,2026-08-21,2026-08-21,0.064,2.424959025617,106153640.85,17.5197745879,73.1441,11023131.86,-49.36,1664.0957,2.65,0.052029239626,37.969881181,不分配不转增,disclosed,Eastmoney Data Center / Choice public web aggregation,https://data.eastmoney.com/bbsj/202606/yjbb.html,RPT_LICO_FN_CPD,stage_0_raw_archive,pending,pending,pending,pending,pending,pending,ok
920892,广咨国际,920892.BJ,10169831,058001001,A股,069001017,北京证券交易所,BSE,Beijing Stock Exchange,,2026H1,2026-06-30,2026-08-27,2026-08-27,0.29,2.267441701446,252398525.48,2.1208688717,76.4692,49080272.21,6.34,468.3009,11.02,0.271382324272,39.891575075,不分配不转增,disclosed,Eastmoney Data Center / Choice public web aggregation,https://data.eastmoney.com/bbsj/202606/yjbb.html,RPT_LICO_FN_CPD,stage_0_raw_archive,pending,pending,pending,pending,pending,pending,ok
920895,花溪科技,920895.BJ,10931216,058001001,A股,069001017,北京证券交易所,BSE,Beijing Stock Exchange,,2026H1,2026-06-30,2026-08-24,2026-08-24,0.01,3.434609815654,29514506.91,102.4883746594,375.9832,303105.12,106.13,212.8135,0.16,-0.026891739438,24.8879251563,不分配不转增,disclosed,Eastmoney Data Center / Choice public web aggregation,https://data.eastmoney.com/bbsj/202606/yjbb.html,RPT_LICO_FN_CPD,stage_0_raw_archive,pending,pending,pending,pending,pending,pending,ok
920896,旺成科技,920896.BJ,10375315,058001001,A股,069001017,北京证券交易所,BSE,Beijing Stock Exchange,,2026H1,2026-06-30,2026-08-26,2026-08-26,0.28,4.371638394321,235974528.61,16.65132111,25.412,27871460.85,-2.66,-0.6132,6.14,0.440599402673,25.1972366002,不分配不转增,disclosed,Eastmoney Data Center / Choice public web aggregation,https://data.eastmoney.com/bbsj/202606/yjbb.html,RPT_LICO_FN_CPD,stage_0_raw_archive,pending,pending,pending,pending,pending,pending,ok
920906,舜宇精工,920906.BJ,10425109,058001001,A股,069001017,北京证券交易所,BSE,Beijing Stock Exchange,,2026H1,2026-06-30,2026-08-27,2026-08-27,-0.04,8.709892496229,306965783.38,-0.882970089,61.6378,-2738308.59,-108.66,-835.5323,-0.48,0.883876450208,17.844475823,不分配不转增,disclosed,Eastmoney Data Center / Choice public web aggregation,https://data.eastmoney.com/bbsj/202606/yjbb.html,RPT_LICO_FN_CPD,stage_0_raw_archive,pending,pending,pending,pending,pending,pending,ok
920914,远航精密,920914.BJ,10475411,058001001,A股,069001017,北京证券交易所,BSE,Beijing Stock Exchange,,2026H1,2026-06-30,2026-08-21,2026-08-21,0.31,9.973671362419,595302659.95,22.4669973761,13.1568,31269682.97,1.01,-28.3505,3.15,-0.390522847426,15.4194403545,不分配不转增,disclosed,Eastmoney Data Center / Choice public web aggregation,https://data.eastmoney.com/bbsj/202606/yjbb.html,RPT_LICO_FN_CPD,stage_0_raw_archive,pending,pending,pending,pending,pending,pending,ok
920924,广脉科技,920924.BJ,10529068,058001001,A股,069001017,北京证券交易所,BSE,Beijing Stock Exchange,,2026H1,2026-06-30,2026-08-25,2026-08-25,0.07,3.03000541397,169713606.84,-7.2105827821,9.7078,7593687.75,-46.33,-8.9094,2.35,0.477792105707,24.0087881866,不分配不转增,disclosed,Eastmoney Data Center / Choice public web aggregation,https://data.eastmoney.com/bbsj/202606/yjbb.html,RPT_LICO_FN_CPD,stage_0_raw_archive,pending,pending,pending,pending,pending,pending,ok
920925,锦好医疗,920925.BJ,10931358,058001001,A股,069001017,北京证券交易所,BSE,Beijing Stock Exchange,,2026H1,2026-06-30,2026-08-25,2026-08-25,-0.06,3.691614140212,105680614.14,-6.8346928644,52.0763,-5976428.92,-177.51,110.7444,-1.59,0.046358002047,43.5904437866,不分配不转增,disclosed,Eastmoney Data Center / Choice public web aggregation,https://data.eastmoney.com/bbsj/202606/yjbb.html,RPT_LICO_FN_CPD,stage_0_raw_archive,pending,pending,pending,pending,pending,pending,ok
920926,鸿智科技,920926.BJ,10577739,058001001,A股,069001017,北京证券交易所,BSE,Beijing Stock Exchange,,2026H1,2026-06-30,2026-08-24,2026-08-24,0.01,2.884366538879,222592460.37,2.4678459901,50.6685,989292.6,-93.53,23.408,0.36,0.049867460731,13.3356928086,不分配不转增,disclosed,Eastmoney Data Center / Choice public web aggregation,https://data.eastmoney.com/bbsj/202606/yjbb.html,RPT_LICO_FN_CPD,stage_0_raw_archive,pending,pending,pending,pending,pending,pending,ok
920931,无锡鼎邦,920931.BJ,10931307,058001001,A股,069001017,北京证券交易所,BSE,Beijing Stock Exchange,,2026H1,2026-06-30,2026-08-20,2026-08-20,0.04,4.165847570744,195188300.88,9.6889409736,33.9185,3540740.7,-70.31,-70.7838,0.9,-0.663949108485,13.7910456921,不分配不转增,disclosed,Eastmoney Data Center / Choice public web aggregation,https://data.eastmoney.com/bbsj/202606/yjbb.html,RPT_LICO_FN_CPD,stage_0_raw_archive,pending,pending,pending,pending,pending,pending,ok
920932,科达自控,920932.BJ,10190267,058001001,A股,069001017,北京证券交易所,BSE,Beijing Stock Exchange,,2026H1,2026-06-30,2026-08-20,2026-08-20,-0.38,5.396395465796,184100452.59,23.5795987003,-17.0508,-39794848.96,-969.2,-529.2933,-6.76,0.786597969822,26.0964155569,不分配不转增,disclosed,Eastmoney Data Center / Choice public web aggregation,https://data.eastmoney.com/bbsj/202606/yjbb.html,RPT_LICO_FN_CPD,stage_0_raw_archive,pending,pending,pending,pending,pending,pending,ok
920942,恒立钻具,920942.BJ,10507031,058001001,A股,069001017,北京证券交易所,BSE,Beijing Stock Exchange,,2026H1,2026-06-30,2026-08-24,2026-08-24,0.1123,8.128499141497,84843530.01,5.4905132639,36.143,6888768.11,-52.48,-60.6632,1.37,0.230780675914,31.6089259568,不分配不转增,disclosed,Eastmoney Data Center / Choice public web aggregation,https://data.eastmoney.com/bbsj/202606/yjbb.html,RPT_LICO_FN_CPD,stage_0_raw_archive,pending,pending,pending,pending,pending,pending,ok
920943,优机股份,920943.BJ,10147590,058001001,A股,069001017,北京证券交易所,BSE,Beijing Stock Exchange,,2026H1,2026-06-30,2026-08-26,2026-08-26,0.04,6.318460508387,444675274.81,0.3342125353,81.8936,3958432.64,-88.46,249.9749,0.65,0.071234710585,24.3881481349,不分配不转增,disclosed,Eastmoney Data Center / Choice public web aggregation,https://data.eastmoney.com/bbsj/202606/yjbb.html,RPT_LICO_FN_CPD,stage_0_raw_archive,pending,pending,pending,pending,pending,pending,ok
920946,森萱医药,920946.BJ,10185241,058001001,A股,069001017,北京证券交易所,BSE,Beijing Stock Exchange,,2026H1,2026-06-30,2026-08-26,2026-08-26,0.2117,3.021381089297,321194740.75,23.1666520477,0.3645,90382586.58,33.07,-7.8877,6.95,0.266192257072,50.7174532309,不分配不转增,disclosed,Eastmoney Data Center / Choice public web aggregation,https://data.eastmoney.com/bbsj/202606/yjbb.html,RPT_LICO_FN_CPD,stage_0_raw_archive,pending,pending,pending,pending,pending,pending,ok
920950,迅安科技,920950.BJ,10490685,058001001,A股,069001017,北京证券交易所,BSE,Beijing Stock Exchange,,2026H1,2026-06-30,2026-08-25,2026-08-25,0.29,4.277054438762,116776048.69,14.9772573123,13.9169,21373872.75,-14.64,15.0474,6.57,0.174503908756,38.3906016884,不分配不转增,disclosed,Eastmoney Data Center / Choice public web aggregation,https://data.eastmoney.com/bbsj/202606/yjbb.html,RPT_LICO_FN_CPD,stage_0_raw_archive,pending,pending,pending,pending,pending,pending,ok
920953,国子软件,920953.BJ,10931354,058001001,A股,069001017,北京证券交易所,BSE,Beijing Stock Exchange,,2026H1,2026-06-30,2026-08-20,2026-08-20,0.1,4.801177938757,103544629.27,4.4068570743,115.2613,13051942.94,-27.41,834.3663,2.15,-0.460032071172,56.3717191143,不分配不转增,disclosed,Eastmoney Data Center / Choice public web aggregation,https://data.eastmoney.com/bbsj/202606/yjbb.html,RPT_LICO_FN_CPD,stage_0_raw_archive,pending,pending,pending,pending,pending,pending,ok
920957,汉维科技,920957.BJ,10507296,058001001,A股,069001017,北京证券交易所,BSE,Beijing Stock Exchange,,2026H1,2026-06-30,2026-08-24,2026-08-24,0.11,3.663565630694,328765074.05,10.4141682453,4.0634,12107412.49,1614.95,71.7817,3.05,-0.133936848725,13.0231541394,不分配不转增,disclosed,Eastmoney Data Center / Choice public web aggregation,https://data.eastmoney.com/bbsj/202606/yjbb.html,RPT_LICO_FN_CPD,stage_0_raw_archive,pending,pending,pending,pending,pending,pending,ok
920961,创远信科,920961.BJ,10425127,058001001,A股,069001017,北京证券交易所,BSE,Beijing Stock Exchange,,2026H1,2026-06-30,2026-08-21,2026-08-21,-0.14,5.257055028396,76133110.73,-31.5197641549,-24.4184,-20146580.33,-419.0131929896,-27.789,-2.68,-0.062820515032,41.032341606,不分配不转增,disclosed,Eastmoney Data Center / Choice public web aggregation,https://data.eastmoney.com/bbsj/202606/yjbb.html,RPT_LICO_FN_CPD,stage_0_raw_archive,pending,pending,pending,pending,pending,pending,ok
920964,润农节水,920964.BJ,10400643,058001001,A股,069001017,北京证券交易所,BSE,Beijing Stock Exchange,,2026H1,2026-06-30,2026-08-27,2026-08-27,-0.03,3.304397066055,314402995.42,4.2671222763,30.256,-6703084.54,-227.16,-425.3175,-0.77,0.410113707582,14.5476018124,不分配不转增,disclosed,Eastmoney Data Center / Choice public web aggregation,https://data.eastmoney.com/bbsj/202606/yjbb.html,RPT_LICO_FN_CPD,stage_0_raw_archive,pending,pending,pending,pending,pending,pending,ok
920970,大禹生物,920970.BJ,10670785,058001001,A股,069001017,北京证券交易所,BSE,Beijing Stock Exchange,,2026H1,2026-06-30,2026-08-24,2026-08-24,-0.24,2.13857789682,71914063.08,15.6527557324,13.1396,-26549609.3,-194.25,47.5618,-10.61,-0.205930752305,12.7620887583,不分配不转增,disclosed,Eastmoney Data Center / Choice public web aggregation,https://data.eastmoney.com/bbsj/202606/yjbb.html,RPT_LICO_FN_CPD,stage_0_raw_archive,pending,pending,pending,pending,pending,pending,ok
920971,天马新材,920971.BJ,10526091,058001001,A股,069001017,北京证券交易所,BSE,Beijing Stock Exchange,,2026H1,2026-06-30,2026-08-25,2026-08-25,0.12,4.414167843391,126779751.88,-4.7364513745,7.8454,12417263.56,477.94,35.1393,2.62,-0.07342277752,21.1746758074,不分配不转增,disclosed,Eastmoney Data Center / Choice public web aggregation,https://data.eastmoney.com/bbsj/202606/yjbb.html,RPT_LICO_FN_CPD,stage_0_raw_archive,pending,pending,pending,pending,pending,pending,ok
920974,凯大催化,920974.BJ,10400691,058001001,A股,069001017,北京证券交易所,BSE,Beijing Stock Exchange,,2026H1,2026-06-30,2026-08-19,2026-08-19,0.11,4.02144429591,499260896.9,9.7283961926,-27.7494,18780297.19,80.59,-56.882,2.9,-0.109772396947,8.2779216331,不分配不转增,disclosed,Eastmoney Data Center / Choice public web aggregation,https://data.eastmoney.com/bbsj/202606/yjbb.html,RPT_LICO_FN_CPD,stage_0_raw_archive,pending,pending,pending,pending,pending,pending,ok
920976,视声智能,920976.BJ,10586507,058001001,A股,069001017,北京证券交易所,BSE,Beijing Stock Exchange,,2026H1,2026-06-30,2026-08-24,2026-08-24,0.53,3.757610608935,164983510.84,29.3049899744,49.9026,37671064.84,39.89,93.0829,13.21,0.057112847728,53.9229135185,不分配不转增,disclosed,Eastmoney Data Center / Choice public web aggregation,https://data.eastmoney.com/bbsj/202606/yjbb.html,RPT_LICO_FN_CPD,stage_0_raw_archive,pending,pending,pending,pending,pending,pending,ok
920978,开特股份,920978.BJ,10454747,058001001,A股,069001017,北京证券交易所,BSE,Beijing Stock Exchange,,2026H1,2026-06-30,2026-08-26,2026-08-26,0.4,4.581655003696,548007111.15,9.0143087902,11.4991,71896147.88,-15.67,19.6927,8.79,0.354673323666,29.8559635981,不分配不转增,disclosed,Eastmoney Data Center / Choice public web aggregation,https://data.eastmoney.com/bbsj/202606/yjbb.html,RPT_LICO_FN_CPD,stage_0_raw_archive,pending,pending,pending,pending,pending,pending,ok
920981,晶赛科技,920981.BJ,10670885,058001001,A股,069001017,北京证券交易所,BSE,Beijing Stock Exchange,,2026H1,2026-06-30,2026-08-07,2026-08-07,0.11,6.749654211304,424441149.84,56.173757602,23.0522,8259388.63,205.54,7.6825,1.61,0.637548946226,13.0223160127,不分配不转增,disclosed,Eastmoney Data Center / Choice public web aggregation,https://data.eastmoney.com/bbsj/202606/yjbb.html,RPT_LICO_FN_CPD,stage_0_raw_archive,pending,pending,pending,pending,pending,pending,ok
920982,锦波生物,920982.BJ,10455536,058001001,A股,069001017,北京证券交易所,BSE,Beijing Stock Exchange,,2026H1,2026-06-30,2026-08-25,2026-08-25,2.45,17.709416685685,771082522.84,-10.2038359764,5.4179,281484712.49,-28.2,0.4092,13.97,2.546602064271,84.701824258,不分配不转增,disclosed,Eastmoney Data Center / Choice public web aggregation,https://data.eastmoney.com/bbsj/202606/yjbb.html,RPT_LICO_FN_CPD,stage_0_raw_archive,pending,pending,pending,pending,pending,pending,ok
920985,海泰新能,920985.BJ,10493873,058001001,A股,069001017,北京证券交易所,BSE,Beijing Stock Exchange,,2026H1,2026-06-30,2026-08-18,2026-08-18,-0.46,1.678573054245,592686985.06,-49.9300668874,-63.2288,-142672337.9,-3.27,-170.1295,-23.86,-1.348361934197,3.6000573402,不分配不转增,disclosed,Eastmoney Data Center / Choice public web aggregation,https://data.eastmoney.com/bbsj/202606/yjbb.html,RPT_LICO_FN_CPD,stage_0_raw_archive,pending,pending,pending,pending,pending,pending,ok
920992,中科美菱,920992.BJ,10040548,058001001,A股,069001017,北京证券交易所,BSE,Beijing Stock Exchange,,2026H1,2026-06-30,2026-08-14,2026-08-14,0.1016,6.481886864651,156298460.88,4.0423098675,4.8335,9826573.58,-11.04,-37.5882,1.56,-0.067894011754,38.4610665208,不分配不转增,disclosed,Eastmoney Data Center / Choice public web aggregation,https://data.eastmoney.com/bbsj/202606/yjbb.html,RPT_LICO_FN_CPD,stage_0_raw_archive,pending,pending,pending,pending,pending,pending,ok
