code,name,industry,h1_revenue_100m,h1_revenue_growth_pct,h1_profit_100m,h1_deduct_100m,h1_deduct_growth_pct,h1_ocf_100m,cash_profit_ratio,deduct_to_reported,q2_profit_growth_pct,q2_profit_100m,q2_prior_loss,h1_roe_pct,gross_margin_change_pp,debt_ratio,ar_growth_pct,inventory_growth_pct,ttm_profit_100m,report_date,old_score_ignored,quote_name,price,previous_close,open,day_return_pct,high,low,turnover_cny,turnover_pct,vendor_pe,float_cap_100m,market_cap_100m,pb,quote_date,quote_timestamp,quote_source,pe_ttm_recomputed,finance_separate_model,cyclical_industry_proxy,screen_issues,financial_screen_pass,audit_rank_score,screen_rank,history_date,history_source,history_rows,hist_close,ma5,ma20,ma60,return5_pct,return20_pct,return60_pct,volume_to20,high20_close,low10_close,history_error,quote_history_match,announcement_titles_count,announcement_fulltext_reviewed,announcement_error,price_setup,tomorrow_buy_approved
601872,招商轮船,航运港口,196.5121404535,56.152478052864495,69.5950045903,69.0732573556,262.36415272027483,81.3058009103,1.168270645126622,0.9925030936089239,233.25355765849883,41.960870214799996,False,15.61,21.4338800617,0.47527745382768,11.912824487576446,16.21427486786915,108.47028440049999,2026-08-31 00:00:00,True,招商轮船,19.2,19.3,19.4,-0.52,19.9,19.03,1862050000.0,1.19,14.29,1550.31,1550.31,3.31,2026-09-04,20260904161437,https://qt.gtimg.cn/q=sh601872,14.292485804461059,False,True,,True,82.31,1,2026-09-04,https://web.ifzq.gtimg.cn/appstock/app/fqkline/get?param=sh601872%2Cday%2C2026-01-01%2C2026-09-04%2C160%2Cqfq,160,19.2,18.69,18.2915,17.208,1.1591148577449806,6.785317018909898,35.49752999294282,0.8919405698401178,19.78,17.81,,True,11,False,,not_extended_trend_research_only,False
600961,株冶集团,工业金属,141.5048814514,35.90909870011747,19.4807294084,19.5230811682,228.60076569960418,22.7211219846,1.1663383597332222,1.0021740335750333,160.71806954314857,8.043923985,False,39.52,7.884370811499998,0.3401445790683815,-10.667222107209195,19.661658293568518,24.878521108199998,2026-08-19 00:00:00,True,株冶集团,25.37,26.62,27.0,-4.7,27.08,25.15,985840000.0,5.07,10.94,190.73,272.19,4.64,2026-09-04,20260904161440,https://qt.gtimg.cn/q=sh600961,10.940762869955552,False,True,,True,80.52,2,2026-09-04,https://web.ifzq.gtimg.cn/appstock/app/fqkline/get?param=sh600961%2Cday%2C2026-01-01%2C2026-09-04%2C160%2Cqfq,160,25.37,26.51,27.7875,27.3475,-9.457530335474651,-13.707482993197273,9.826839826839828,0.7347631530008387,30.17,25.37,,True,1,False,,below_ma20_no_short_term_confirmation,False
601168,西部矿业,工业金属,394.42827672,24.743288768491233,41.69335166,42.1094957,129.65386540457297,83.49299931,2.002549470977215,1.0099810646885279,143.34796632592278,25.83288616,False,20.41,3.9293050279,0.5372173620778685,-3.4722737431065465,15.799295657292301,59.42657825,2026-07-30 00:00:00,True,西部矿业,38.79,40.0,40.6,-3.03,40.65,38.6,1753100000.0,1.87,15.55,924.37,924.37,4.12,2026-09-04,20260904161430,https://qt.gtimg.cn/q=sh601168,15.55482457884911,False,True,,True,79.18,3,2026-09-04,https://web.ifzq.gtimg.cn/appstock/app/fqkline/get?param=sh601168%2Cday%2C2026-01-01%2C2026-09-04%2C160%2Cqfq,160,38.79,39.548,38.553,34.711166666666664,-0.8435582822085896,-9.9373113536104,31.31347325660121,0.6647802386568736,42.45,36.48,,True,2,False,,not_extended_trend_research_only,False
000933,神火股份,工业金属,247.9085761936,21.354421350556983,47.813773053999995,47.8531122137,138.0669943613829,72.0045611433,1.5059376523576036,1.000822757903995,108.30089146614847,24.916854222299996,False,18.41,16.2363550899,0.42315317909062095,28.935866459065384,42.21959298612905,68.8227965656,2026-07-28 00:00:00,True,神火股份,27.36,27.85,27.95,-1.76,28.02,27.23,933010000.0,1.51,8.94,614.94,615.33,2.22,2026-09-04,20260904161439,https://qt.gtimg.cn/q=sz000933,8.940787510915579,False,True,,True,77.78,4,2026-09-04,https://web.ifzq.gtimg.cn/appstock/app/fqkline/get?param=sz000933%2Cday%2C2026-01-01%2C2026-09-04%2C160%2Cqfq,160,27.36,27.466,26.6725,25.014166666666668,-0.8336353751359216,1.9754006708907923,2.203959656331711,0.747995742693965,27.85,26.01,,True,0,False,,not_extended_trend_research_only,False
300972,万辰集团,休闲食品,348.3622011379,54.26158862575583,12.099232844500001,11.406521805499999,153.17242044562022,18.1074620126,1.4965793488990655,0.9427475239213294,125.98841583134805,5.801456046400001,False,57.52,1.4394422684000006,0.6219372563696819,-8.845705836974172,51.768741658228734,20.8295515692,2026-08-29 00:00:00,True,万辰集团,184.35,180.88,181.97,1.92,188.81,180.7,280200000.0,0.83,17.46,333.15,363.78,13.49,2026-09-04,20260904161436,https://qt.gtimg.cn/q=sz300972,17.46461025776042,False,False,,True,77.76,5,2026-09-04,https://web.ifzq.gtimg.cn/appstock/app/fqkline/get?param=sz300972%2Cday%2C2026-01-01%2C2026-09-04%2C160%2Cqfq,160,184.35,182.16,194.3705,192.6575,-5.159995884350243,-8.886472594276684,0.7377049180327777,0.7618456163204307,206.4,179.02,,True,20,False,,below_ma20_no_short_term_confirmation,False
002468,申通快递,物流,324.9056155468,29.83485552823668,10.3486868136,10.4005773047,138.37661478255185,20.636889428499998,1.9941553745137486,1.005014210211851,165.27207763389134,5.7628039945000005,False,9.03,2.1276346906,0.6228478277211215,26.38579175257032,39.81317920057783,19.5022413838,2026-08-28 00:00:00,True,申通快递,14.31,14.13,14.18,1.27,14.63,14.11,313460000.0,1.48,11.23,211.26,219.06,1.86,2026-09-04,20260904161418,https://qt.gtimg.cn/q=sz002468,11.232555052978032,False,False,,True,77.3,6,2026-09-04,https://web.ifzq.gtimg.cn/appstock/app/fqkline/get?param=sz002468%2Cday%2C2026-01-01%2C2026-09-04%2C160%2Cqfq,160,14.31,14.098,14.248,14.454333333333333,1.85053380782918,-1.851851851851849,2.875629043853345,1.5194546212128601,14.77,13.96,,True,12,False,,recovery_needs_confirmation,False
600026,中远海能,航运港口,151.46096669989998,30.030771568520542,45.449977808199996,44.4913951272,150.88409150969042,69.6163620625,1.5317138845761977,0.9789090616271533,104.42031555030637,23.716840697899993,False,9.26,18.2286349027,0.490449856816734,34.64537878265863,11.037104373975758,67.1358355937,2026-08-29 00:00:00,True,中远海能,20.34,20.33,20.5,0.05,21.18,20.2,1862450000.0,2.37,16.58,778.61,1112.84,2.31,2026-09-04,20260904161448,https://qt.gtimg.cn/q=sh600026,16.575946216485736,False,True,,True,76.26,7,2026-09-04,https://web.ifzq.gtimg.cn/appstock/app/fqkline/get?param=sh600026%2Cday%2C2026-01-01%2C2026-09-04%2C160%2Cqfq,160,20.34,19.53,18.394,17.456,8.133971291866038,14.915254237288146,25.015365703749225,1.37505136460533,20.34,18.57,,True,11,False,,not_extended_trend_research_only,False
000603,盛达资源,贵金属,11.5160417951,27.084423453720817,3.9005994725,3.8241471394,417.0642810131599,5.7288911134000005,1.4687206809593805,0.980399850423248,402.5770024876678,3.1065452568,False,12.14,25.127502076900008,0.4836491354365926,-46.93527942655391,-4.455865351715138,8.5241872021,2026-08-01 00:00:00,True,盛达资源,36.16,37.0,37.03,-2.27,37.74,35.91,1782550000.0,7.28,29.27,241.08,249.49,6.64,2026-09-04,20260904161436,https://qt.gtimg.cn/q=sz000603,29.268479690185146,False,True,,True,76.22,8,2026-09-04,https://web.ifzq.gtimg.cn/appstock/app/fqkline/get?param=sz000603%2Cday%2C2026-01-01%2C2026-09-04%2C160%2Cqfq,160,36.16,36.466,35.502,28.136499999999998,-6.296968126457648,5.024687772291592,29.605734767025083,0.6444654122712251,39.86,35.9,,True,4,False,,not_extended_trend_research_only,False
000792,盐湖股份,农化制品,130.5216620079,79.87926657468314,61.6853712045,60.005492653599994,135.1916323674431,62.822009145200006,1.0184263775755165,0.9727669864329608,123.58547205563322,31.418682248799996,False,13.34,13.451376566000008,0.14067692370868257,-14.868679673112883,39.41484238402679,120.50917182849999,2026-08-26 00:00:00,True,盐湖股份,26.65,27.07,27.07,-1.55,27.4,26.58,1329640000.0,0.93,11.7,1410.19,1410.2,2.95,2026-09-04,20260904161442,https://qt.gtimg.cn/q=sz000792,11.702013868346018,False,False,,True,75.52,9,2026-09-04,https://web.ifzq.gtimg.cn/appstock/app/fqkline/get?param=sz000792%2Cday%2C2026-01-01%2C2026-09-04%2C160%2Cqfq,160,26.65,27.34,28.067,28.090166666666665,-6.095842142353769,-7.46527777777779,-12.36435383097666,0.7773813297397733,29.5,26.65,,True,11,False,,below_ma20_no_short_term_confirmation,False
002645,华宏科技,环保设备Ⅱ,55.962474673100004,77.1295272198088,3.4265682649,3.4114393127,473.03412286794185,4.8444255937000005,1.4137834764081019,0.9955848093397194,160.2417390171229,1.2621544635000002,False,8.12,4.1002936974,0.3880075189982851,45.30184091758169,15.101253700334594,4.6733258478,2026-08-25 00:00:00,True,华宏科技,17.47,18.37,18.51,-4.9,18.73,17.3,498440000.0,4.1,28.15,118.83,131.57,3.03,2026-09-04,20260904161439,https://qt.gtimg.cn/q=sz002645,28.153397448615202,False,False,,True,73.95,10,2026-09-04,https://web.ifzq.gtimg.cn/appstock/app/fqkline/get?param=sz002645%2Cday%2C2026-01-01%2C2026-09-04%2C160%2Cqfq,160,17.47,18.476,19.4095,21.882166666666667,-8.772845953002605,-9.057782404997406,-42.889833278849295,0.8157752091556727,21.48,17.47,,True,9,False,,below_ma20_no_short_term_confirmation,False
601061,中信金属,贸易Ⅱ,869.1135387551,36.53154294557961,26.7289521264,27.0482617345,95.32456521879948,99.71620250129999,3.7306439111322662,1.0119462074902899,47.73733488028535,12.963762371899998,False,11.02,0.13389960760000008,0.5276963140917659,15.359411145850089,-7.520546878761358,39.1398119488,2026-08-21 00:00:00,True,中信金属,11.54,11.49,11.6,0.44,11.8,11.49,149270000.0,0.26,14.45,565.46,565.46,2.28,2026-09-04,20260904161439,https://qt.gtimg.cn/q=sh601061,14.447182340571686,False,False,,True,73.84,11,2026-09-04,https://web.ifzq.gtimg.cn/appstock/app/fqkline/get?param=sh601061%2Cday%2C2026-01-01%2C2026-09-04%2C160%2Cqfq,160,11.54,11.597999999999999,11.8335,11.408616666666667,-3.9134054954204855,-5.0986842105263275,4.538454570160333,0.5994363634962833,12.56,11.42,,True,5,False,,below_ma20_no_short_term_confirmation,False
688002,睿创微纳,军工电子Ⅱ,43.966217173900006,72.8372056797503,12.593615945,12.327775714100001,275.38122642727745,14.351751115999999,1.139605271327813,0.9788908735933348,280.43254584874103,7.8061938878,False,17.01,7.041678252899999,0.34498436003557476,7.332335088261588,11.469158276976877,20.3297526223,2026-08-18 00:00:00,True,睿创微纳,180.45,180.66,182.0,-0.12,185.99,178.72,1966340000.0,2.32,41.32,840.08,840.08,10.58,2026-09-04,20260904161448,https://qt.gtimg.cn/q=sh688002,41.322686783630814,False,False,,True,73.27,12,2026-09-04,https://web.ifzq.gtimg.cn/appstock/app/fqkline/get?param=sh688002%2Cday%2C2026-01-01%2C2026-09-04%2C160%2Cqfq,160,180.45,181.47,168.289,153.27683333333334,11.595547309833032,6.122088920254054,38.25467361323933,0.9611067606881172,185.0,156.61,,True,4,False,,not_extended_trend_research_only,False
600428,中远海特,航运港口,144.4589705849,34.0667335775261,13.713284824,13.3796028198,60.21751073277288,37.5196862029,2.736010130646142,0.9756672446840735,101.30976099571866,9.6545496753,False,7.89,2.6643194418999983,0.5777439035590284,35.126579505752844,34.41135207419228,23.2637120209,2026-08-27 00:00:00,True,中远海特,11.66,11.65,11.72,0.09,11.82,11.48,475440000.0,1.67,13.75,285.12,319.94,1.88,2026-09-04,20260904161447,https://qt.gtimg.cn/q=sh600428,13.752749333922614,False,True,,True,72.9,13,2026-09-04,https://web.ifzq.gtimg.cn/appstock/app/fqkline/get?param=sh600428%2Cday%2C2026-01-01%2C2026-09-04%2C160%2Cqfq,160,11.66,11.528,11.589500000000001,10.111083333333333,1.6564952048822912,-2.4267782426778184,55.36309127248502,0.7994461483810095,12.09,10.98,,True,5,False,,not_extended_trend_research_only,False
002558,巨人网络,游戏Ⅱ,46.887291956599995,182.0797292304764,21.4430457807,22.3620441342,177.23079451278386,20.7181078209,0.9661923978890868,1.0428576407894048,147.8921904083852,10.639045607,False,13.22,5.012014080399993,0.17053055886239543,0.6844316539387663,,31.217706713999995,2026-08-27 00:00:00,True,巨人网络,27.67,26.92,26.91,2.79,28.19,26.71,3156140000.0,6.0,16.85,525.88,525.89,3.13,2026-09-04,20260904161436,https://qt.gtimg.cn/q=sz002558,16.845888290831997,False,False,,True,72.74,14,2026-09-04,https://web.ifzq.gtimg.cn/appstock/app/fqkline/get?param=sz002558%2Cday%2C2026-01-01%2C2026-09-04%2C160%2Cqfq,160,27.67,27.018,27.3645,27.355,1.4296187683284556,-5.691888207225626,16.99788583509516,1.65365504418073,29.79,26.1,,True,11,False,,not_extended_trend_research_only,False
002545,东方铁塔,农化制品,30.5068032878,42.026777803512076,9.760398159700001,9.6400326655,100.8756674973994,11.456397314,1.1737633164702914,0.9876679729422329,99.7274067296976,5.741753352100001,False,9.52,8.693770191800006,0.3064415754839563,33.445314029252195,21.582670531852234,16.8894813068,2026-08-26 00:00:00,True,东方铁塔,17.85,17.52,17.77,1.88,18.55,17.6,379130000.0,1.86,13.15,201.73,222.07,2.14,2026-09-04,20260904161433,https://qt.gtimg.cn/q=sz002545,13.1484203668582,False,False,,True,72.66,15,2026-09-04,https://web.ifzq.gtimg.cn/appstock/app/fqkline/get?param=sz002545%2Cday%2C2026-01-01%2C2026-09-04%2C160%2Cqfq,160,17.85,17.791999999999998,17.8135,17.726,-1.6528925619834545,-3.3567948023822236,-6.593406593406581,1.0192556740457812,18.92,17.03,,True,6,False,,not_extended_trend_research_only,False
000949,新乡化纤,化学纤维,45.783645505900004,22.490768673003146,3.445105545,3.2762981595,801.0850954334142,8.1818501508,2.3749200260858774,0.9510008087430017,551.0982913360461,2.2851320164,False,5.02,7.154386621199999,0.4647245807417467,6.625687840549244,-14.995472968646517,4.7976618385,2026-08-29 00:00:00,True,新乡化纤,7.79,7.95,7.99,-2.01,8.05,7.74,488100000.0,3.73,26.9,129.04,129.07,1.84,2026-09-04,20260904161418,https://qt.gtimg.cn/q=sz000949,26.902688089486947,False,True,,True,71.2,16,2026-09-04,https://web.ifzq.gtimg.cn/appstock/app/fqkline/get?param=sz000949%2Cday%2C2026-01-01%2C2026-09-04%2C160%2Cqfq,160,7.79,7.806,7.0025,6.432833333333333,5.555555555555558,18.75,22.291993720565138,1.204399852640246,7.95,6.95,,True,6,False,,not_extended_trend_research_only,False
000426,兴业银锡,贵金属,42.8169700856,73.13082066827224,22.630561684099998,18.1608715918,126.60077166775369,21.12766541,0.9335899702765258,0.8024931879865643,119.64060016084095,9.253840048599999,False,21.32,11.856307259599994,0.3802307167891479,-65.52397292194024,14.639023656984062,31.7162033324,2026-08-29 00:00:00,True,兴业银锡,38.44,39.27,40.05,-2.11,40.06,38.2,1720050000.0,2.48,21.52,682.38,682.55,5.92,2026-09-04,20260904161403,https://qt.gtimg.cn/q=sz000426,21.52054559767355,False,True,,True,70.84,17,2026-09-04,https://web.ifzq.gtimg.cn/appstock/app/fqkline/get?param=sz000426%2Cday%2C2026-01-01%2C2026-09-04%2C160%2Cqfq,160,38.44,38.972,39.335,35.7845,-7.551707551707554,-2.3622047244094446,6.956037840845863,0.5525863999168448,42.18,38.02,,True,13,False,,below_ma20_no_short_term_confirmation,False
600989,宝丰能源,化学原料,301.97583541330005,32.33211152618456,97.278186965,92.0988701974,65.06856148405204,119.6433849535,1.2299096918464039,0.9467576758038934,84.92268573064095,60.671440533,False,18.61,6.826390337100001,0.4183613770762605,53.47567894693446,9.20347754791091,153.60488330270002,2026-08-13 00:00:00,True,宝丰能源,24.4,24.38,24.41,0.08,24.69,24.1,1490680000.0,0.83,11.65,1789.34,1789.34,3.43,2026-09-04,20260904161457,https://qt.gtimg.cn/q=sh600989,11.648978610099615,False,True,,True,70.57,18,2026-09-04,https://web.ifzq.gtimg.cn/appstock/app/fqkline/get?param=sh600989%2Cday%2C2026-01-01%2C2026-09-04%2C160%2Cqfq,160,24.4,24.332,23.392,22.210833333333333,1.3710012463647558,4.946236559139772,8.251996450754206,0.8445200724108137,24.4,22.69,,True,2,False,,not_extended_trend_research_only,False
300681,英搏尔,汽车零部件,24.237253733400003,77.06274410954208,1.1761865184,1.1491727041,241.7957100940276,3.1723288686,2.6971307857833717,0.9770327121783816,130.2166954105336,0.6087484684000001,False,3.8,0.48283871269999956,0.5860623129081725,47.77704671952729,84.78138265415191,2.6624436601,2026-08-29 00:00:00,True,英搏尔,21.48,21.4,21.78,0.37,22.72,21.35,320620000.0,6.29,24.69,49.58,65.74,2.1,2026-09-04,20260904161409,https://qt.gtimg.cn/q=sz300681,24.691602299494605,False,False,,True,70.1,19,2026-09-04,https://web.ifzq.gtimg.cn/appstock/app/fqkline/get?param=sz300681%2Cday%2C2026-01-01%2C2026-09-04%2C160%2Cqfq,160,21.48,21.156,21.517,24.1545,-3.8495971351835245,0.0,-29.179030662710183,1.7945524502595398,22.46,20.8,,True,24,False,,below_ma20_no_short_term_confirmation,False
300677,英科医疗,医疗器械,69.0902270033,40.61480440256027,8.3734051961,10.6054016336,165.00172575931794,17.577448423499998,2.099199550463278,1.2665577964075565,131.2742303919576,8.273097566599999,False,4.49,13.589592754899996,0.5299390905609195,1.4993805008419292,60.31058324203327,11.376005066200001,2026-08-25 00:00:00,True,英科医疗,54.25,55.82,55.96,-2.81,56.9,53.92,548540000.0,2.15,31.22,252.59,355.2,1.88,2026-09-04,20260904161436,https://qt.gtimg.cn/q=sz300677,31.223614786825134,False,False,,True,70.05,20,2026-09-04,https://web.ifzq.gtimg.cn/appstock/app/fqkline/get?param=sz300677%2Cday%2C2026-01-01%2C2026-09-04%2C160%2Cqfq,160,54.25,55.5668,51.60395,46.91465,0.09040423608419612,7.551396681271183,17.54891551645683,1.0073852090394797,57.401,48.001,,True,14,False,,not_extended_trend_research_only,False
601600,中国铝业,工业金属,1254.13186,7.735278989400207,118.71383,116.4953,67.84479737938315,262.62561,2.2122579146844137,0.9813119499219257,79.4683507206018,63.44138,False,14.67,10.1787878174,0.42761446728102,15.850668137400504,-10.846745780390455,174.75085,2026-08-28 00:00:00,True,中国铝业,9.67,9.81,9.89,-1.43,9.9,9.64,1482260000.0,1.15,9.49,1276.76,1658.89,1.96,2026-09-04,20260904161446,https://qt.gtimg.cn/q=sh601600,9.492886586817747,False,True,,True,69.69,21,2026-09-04,https://web.ifzq.gtimg.cn/appstock/app/fqkline/get?param=sh601600%2Cday%2C2026-01-01%2C2026-09-04%2C160%2Cqfq,160,9.67,9.728,9.5681,9.169366666666667,-1.527494908350313,-0.34010099969080665,-5.037808111558483,0.8015908503532553,9.903,9.37,,True,6,False,,not_extended_trend_research_only,False
002756,永兴材料,能源金属,50.830069100699994,37.620551561345316,9.5888336624,9.1342077034,179.77084962848977,10.849115915699999,1.1314322781760051,0.9525879814994923,124.38685094517221,4.6983741381,False,7.29,12.3151504272,0.13158852671512727,2.202337160738299,48.673661201962524,12.1953829225,2026-08-25 00:00:00,True,永兴材料,42.93,44.33,44.33,-3.16,44.74,42.6,422910000.0,2.46,18.98,169.03,231.44,1.72,2026-09-04,20260904161454,https://qt.gtimg.cn/q=sz002756,18.977673884515944,False,False,,True,69.62,22,2026-09-04,https://web.ifzq.gtimg.cn/appstock/app/fqkline/get?param=sz002756%2Cday%2C2026-01-01%2C2026-09-04%2C160%2Cqfq,160,42.93,44.604,46.598,50.36866666666667,-7.875536480686696,-11.557478368355989,-31.67276778608945,0.8510817767612728,49.21,42.93,,True,12,False,,below_ma20_no_short_term_confirmation,False
002039,黔源电力,电力,11.1223590589,25.919872055617567,2.328768181,2.3128811893,83.0384691221247,5.7768130288999995,2.4806303504281693,0.993177941956774,90.74416357472666,1.4365346582999998,False,5.14,4.772730138299998,0.4717963265957637,0.2841360739949117,-7.324905815770322,7.0584698839,2026-08-21 00:00:00,True,黔源电力,19.4,19.45,19.48,-0.26,19.64,19.35,69380000.0,0.83,11.75,82.95,82.95,1.84,2026-09-04,20260904161427,https://qt.gtimg.cn/q=sz002039,11.751838764546493,False,False,,True,69.43,23,2026-09-04,https://web.ifzq.gtimg.cn/appstock/app/fqkline/get?param=sz002039%2Cday%2C2026-01-01%2C2026-09-04%2C160%2Cqfq,160,19.4,19.432,19.3505,19.617833333333333,0.46607975142414215,-1.8218623481781493,-6.865098415746518,0.6116564448823163,19.98,19.28,,True,0,False,,recovery_needs_confirmation,False
000612,焦作万方,工业金属,41.4808265165,25.37564395191263,12.3017672971,12.181971273399999,128.19751707821374,11.6491812248,0.9469518438660566,0.9902618850766067,92.13212044339481,7.1943759901,False,15.89,19.8200982449,0.10405006861370517,-25.63592217419941,8.976184990488134,17.6546029255,2026-08-29 00:00:00,True,焦作万方,11.03,11.28,11.39,-2.22,11.42,10.98,401530000.0,3.01,7.45,131.5,131.5,1.62,2026-09-04,20260904161427,https://qt.gtimg.cn/q=sz000612,7.448482447037293,False,True,,True,69.07,24,2026-09-04,https://web.ifzq.gtimg.cn/appstock/app/fqkline/get?param=sz000612%2Cday%2C2026-01-01%2C2026-09-04%2C160%2Cqfq,160,11.03,11.224,11.235,11.007333333333333,-3.752181500872609,-4.086956521739138,4.2533081285444085,1.0334101089106333,11.68,10.94,,True,5,False,,below_ma20_no_short_term_confirmation,False
601069,西部黄金,贵金属,110.433958276,119.6207740423592,5.467030595700001,5.4337325730999995,202.69084957067625,13.8536980424,2.534044359162063,0.9939093037770466,-77.53759007883343,0.24215025870000065,False,10.92,0.9962690211999998,0.6206659868385178,-46.17346328123803,27.74039963598256,8.871393039400001,2026-08-25 00:00:00,True,西部黄金,30.0,30.55,30.9,-1.8,30.98,29.73,764930000.0,2.84,30.81,266.16,273.3,5.32,2026-09-04,20260904161451,https://qt.gtimg.cn/q=sh601069,30.806886673401646,False,True,,True,69.04,25,2026-09-04,https://web.ifzq.gtimg.cn/appstock/app/fqkline/get?param=sh601069%2Cday%2C2026-01-01%2C2026-09-04%2C160%2Cqfq,160,30.0,29.974,30.023,26.3637,-3.567984570877525,5.226236408277796,20.997015406953288,0.7243713642638109,34.08,29.57,,True,21,False,,below_ma20_no_short_term_confirmation,False
002440,闰土股份,化学制品,35.8488578024,32.486153119645444,6.267809923300001,4.7123826671,253.38126305937269,6.295057465599999,1.004347218986126,0.7518387961291161,334.7436578229474,4.4305753468,False,6.17,8.514965918600002,0.1420875020882096,39.78531806642906,-9.057142283938758,11.4643656167,2026-08-28 00:00:00,True,闰土股份,13.3,13.5,13.48,-1.48,13.97,13.22,615810000.0,4.82,13.04,125.87,149.49,1.44,2026-09-04,20260904161424,https://qt.gtimg.cn/q=sz002440,13.039535286823003,False,True,,True,68.48,26,2026-09-04,https://web.ifzq.gtimg.cn/appstock/app/fqkline/get?param=sz002440%2Cday%2C2026-01-01%2C2026-09-04%2C160%2Cqfq,160,13.3,13.696,13.067499999999999,11.914866666666667,-4.247660187185021,0.37735849056603765,57.7137436262303,0.8886377301804725,14.12,12.09,,True,7,False,,not_extended_trend_research_only,False
688633,星球石墨,专用设备,4.3752473217,40.95505098375361,1.2514911779,1.1926424456,235.94082260410235,1.3544500475999999,1.0822689536435763,0.952977109755781,73.66309620703757,0.5187908175,False,6.7,14.813924063199998,0.25184954261737236,-7.502350591526275,1.836167899464436,2.4751529154000003,2026-08-29 00:00:00,True,星球石墨,22.93,22.85,23.11,0.35,23.75,22.86,86600000.0,2.18,15.79,39.07,39.07,1.63,2026-09-04,20260904161436,https://qt.gtimg.cn/q=sh688633,15.78488333262676,False,False,,True,68.27,27,2026-09-04,https://web.ifzq.gtimg.cn/appstock/app/fqkline/get?param=sh688633%2Cday%2C2026-01-01%2C2026-09-04%2C160%2Cqfq,160,22.93,23.244,24.009,25.394833333333334,-7.763475462590508,-5.169561621174523,-20.160167130919216,1.1519051203666644,24.86,22.85,,True,7,False,,below_ma20_no_short_term_confirmation,False
600236,桂冠电力,电力,57.163831595699996,37.591656280938636,17.5897301931,17.807409418699997,49.69551459731703,38.029168964,2.162009794722029,1.0123753589856306,39.64175321130101,8.9980848765,False,9.0622,6.705901336400004,0.5519612867230667,8.57610898730725,-46.851147517487355,38.5083807699,2026-07-31 00:00:00,True,桂冠电力,9.88,10.04,10.02,-1.59,10.06,9.86,109740000.0,0.14,20.22,778.78,778.78,4.3,2026-09-04,20260904161459,https://qt.gtimg.cn/q=sh600236,20.22364961677983,False,False,,True,68.26,28,2026-09-04,https://web.ifzq.gtimg.cn/appstock/app/fqkline/get?param=sh600236%2Cday%2C2026-01-01%2C2026-09-04%2C160%2Cqfq,160,9.88,9.966,10.1165,10.062233333333333,-0.20202020202019222,-8.518518518518514,3.4880067036765494,0.6960009802385921,10.89,9.84,,True,3,False,,below_ma20_no_short_term_confirmation,False
002748,世龙实业,化学原料,11.6950446262,14.865609052392848,1.0006425670999999,1.0025427642,141.8687114801469,2.1981606113,2.1967490526318225,1.0018989768799333,273.8215127789795,0.6157426261999999,False,6.96,4.347512090999999,0.4683726154729511,31.248271895053325,1.8221931560444826,1.1702482193,2026-08-25 00:00:00,True,世龙实业,12.14,12.2,12.23,-0.49,12.38,12.06,44830000.0,1.53,24.9,29.14,29.14,1.98,2026-09-04,20260904161403,https://qt.gtimg.cn/q=sz002748,24.900700141573804,False,True,,True,68.24,29,2026-09-04,https://web.ifzq.gtimg.cn/appstock/app/fqkline/get?param=sz002748%2Cday%2C2026-01-01%2C2026-09-04%2C160%2Cqfq,160,12.14,12.264,12.021,11.103,-1.140065146579794,11.27406049495876,15.234931181775035,0.6711171966793327,12.41,11.89,,True,13,False,,not_extended_trend_research_only,False
603332,苏州龙杰,化学纤维,9.0904634056,29.728394870881324,0.5461277794,0.6448972575,218.69926526974402,1.3962722624000001,2.5566768713615087,1.1808541550633307,75.21536781230691,0.35276505269999997,False,4.11,4.295720965399999,0.16502295482071366,-87.06885840541607,-13.631689435375915,0.97996663,2026-08-18 00:00:00,True,苏州龙杰,11.77,11.83,11.83,-0.51,12.01,11.71,34710000.0,1.35,25.98,25.46,25.46,1.95,2026-09-04,20260904161446,https://qt.gtimg.cn/q=sh603332,25.98047649847016,False,True,,True,67.91,30,2026-09-04,https://web.ifzq.gtimg.cn/appstock/app/fqkline/get?param=sh603332%2Cday%2C2026-01-01%2C2026-09-04%2C160%2Cqfq,160,11.77,11.986,11.605,10.905333333333333,-0.6751054852320637,7.000000000000006,7.981651376146792,0.7425414532963337,12.23,11.49,,True,0,False,,not_extended_trend_research_only,False
301026,浩通科技,小金属,27.4946326729,104.14610539758758,1.4581903466,1.2535106112999999,77.41532606220969,3.8073798823000002,2.611030782899849,0.8596344189376627,37.64817274814507,0.8167601541999999,False,8.52,-1.8704595964,0.5527862268138215,119.43247780808748,65.85368876386252,2.3592766962000002,2026-08-21 00:00:00,True,浩通科技,20.76,20.69,20.98,0.34,21.45,20.6,136300000.0,4.05,19.5,33.22,46.0,2.66,2026-09-04,20260904161439,https://qt.gtimg.cn/q=sz301026,19.497501108746803,False,True,,True,67.81,31,2026-09-04,https://web.ifzq.gtimg.cn/appstock/app/fqkline/get?param=sz301026%2Cday%2C2026-01-01%2C2026-09-04%2C160%2Cqfq,160,20.76,20.736,21.4775,20.2635,-3.62116991643453,-9.02716914986853,-3.844372394627138,0.5909701160839046,23.59,20.33,,True,0,False,,below_ma20_no_short_term_confirmation,False
601899,紫金矿业,工业金属,1941.7845863,15.781689073243399,391.69807243,380.34770076,75.89164976245975,554.71692934,1.4161849863050653,0.9710226511976813,45.45105944281049,190.90415736,False,19.6,13.996313851099998,0.4955471997465647,10.915122131415366,11.5180863403896,676.55382557,2026-08-22 00:00:00,True,紫金矿业,33.35,33.31,33.85,0.12,34.05,33.07,5939060000.0,0.86,13.11,6870.7,8868.0,4.65,2026-09-04,20260904161458,https://qt.gtimg.cn/q=sh601899,13.107604546509904,False,True,,True,67.64,32,2026-09-04,https://web.ifzq.gtimg.cn/appstock/app/fqkline/get?param=sh601899%2Cday%2C2026-01-01%2C2026-09-04%2C160%2Cqfq,160,33.35,33.402,33.538,30.597333333333335,-3.7518037518037395,-3.9735099337748214,25.706747078778736,0.692649320300021,35.03,32.95,,True,3,False,,below_ma20_no_short_term_confirmation,False
002266,浙富控股,环境治理,134.39578909989999,26.283270502057164,13.557040495899999,12.521186208,194.88991449148497,12.1066448353,0.893015318421551,0.9235928897451278,155.08687474237402,7.5340865058999995,False,10.71,5.011645456300002,0.5558185555261227,14.407708430913058,26.375583295024875,19.0729917529,2026-08-29 00:00:00,True,浙富控股,4.87,4.84,4.85,0.62,4.97,4.84,329960000.0,1.39,13.33,235.83,254.18,1.94,2026-09-04,20260904161415,https://qt.gtimg.cn/q=sz002266,13.326697945085233,False,False,,True,66.95,33,2026-09-04,https://web.ifzq.gtimg.cn/appstock/app/fqkline/get?param=sz002266%2Cday%2C2026-01-01%2C2026-09-04%2C160%2Cqfq,160,4.87,4.856,4.921,4.913833333333334,-1.6161616161616155,-3.5643564356435564,4.282655246252687,0.9839899925927975,5.18,4.79,,True,12,False,,below_ma20_no_short_term_confirmation,False
603444,吉比特,游戏Ⅱ,37.2684229778,48.01380786002163,10.915364953900001,10.8670785597,67.7694773540429,12.7286846363,1.166125428701503,0.9955762913650681,58.836765141088335,5.739920282800001,False,18.57,1.3929344623999924,0.22610471270440882,72.19539837872466,,22.405214626000003,2026-08-14 00:00:00,True,吉比特,399.9,380.96,380.89,4.97,408.5,380.84,1507330000.0,5.3,12.86,288.09,288.09,4.76,2026-09-04,20260904161433,https://qt.gtimg.cn/q=sh603444,12.858167386876428,False,False,,True,66.64,34,2026-09-04,https://web.ifzq.gtimg.cn/appstock/app/fqkline/get?param=sh603444%2Cday%2C2026-01-01%2C2026-09-04%2C160%2Cqfq,160,399.9,386.08,386.661,366.7273333333333,3.0457637600494802,4.502574019390071,22.136705149349446,2.1288557588535,399.9,378.57,,True,0,False,,not_extended_trend_research_only,False
002752,昇兴股份,包装印刷,37.498958875300005,16.279907623522583,2.435338022,2.4255042465,81.41121720663908,7.114498800900001,2.9213598837738677,0.9959620490415848,69.00840494692724,0.9198833072,False,6.72,2.986847791199999,0.518437937214031,-15.319529300847446,26.94608528263982,4.033433841899999,2026-08-27 00:00:00,True,昇兴股份,6.2,6.18,6.22,0.32,6.34,6.17,98350000.0,1.61,15.02,60.48,60.57,1.65,2026-09-04,20260904161457,https://qt.gtimg.cn/q=sz002752,15.016981156549168,False,False,,True,65.82,35,2026-09-04,https://web.ifzq.gtimg.cn/appstock/app/fqkline/get?param=sz002752%2Cday%2C2026-01-01%2C2026-09-04%2C160%2Cqfq,160,6.2,6.1579999999999995,6.0165,5.989,2.310231023102327,4.377104377104368,4.026845637583887,1.4649664053777436,6.2,5.82,,True,7,False,,not_extended_trend_research_only,False
603993,洛阳钼业,工业金属,1353.1988559822,42.78390906115283,161.5218748537,156.05833485370002,78.8867121882001,163.3369073541,1.0112370692950658,0.9661746125411889,77.6024551465891,83.9213336507,False,18.29,1.8582437379999988,0.521580032938174,38.777690353938695,57.64077299548796,278.1967820539,2026-08-20 00:00:00,True,洛阳钼业,18.48,18.61,18.88,-0.7,18.99,18.37,2550830000.0,0.78,14.21,3226.76,3953.67,4.41,2026-09-04,20260904161456,https://qt.gtimg.cn/q=sh603993,14.211774740205247,False,True,,True,64.45,36,,,,,,,,,,,,,,,,,,,,
000893,亚钾国际,农化制品,38.2152334393,51.533294623577916,13.5008708375,13.4673750509,57.31535110043722,18.5222715556,1.3719316167481999,0.997518990663405,73.78616747853397,8.1757909341,False,9.63,2.416167988100007,0.3096935347031436,-42.30113968791302,51.43102995247752,21.6778743402,2026-08-28 00:00:00,True,亚钾国际,48.41,47.24,47.24,2.48,49.34,47.24,681660000.0,1.73,20.64,392.67,447.33,3.06,2026-09-04,20260904161406,https://qt.gtimg.cn/q=sz000893,20.635325815615598,False,False,,True,64.05,37,2026-09-04,https://web.ifzq.gtimg.cn/appstock/app/fqkline/get?param=sz000893%2Cday%2C2026-01-01%2C2026-09-04%2C160%2Cqfq,160,48.41,48.032000000000004,47.4755,45.79266666666667,-0.7991803278688536,0.3732116939664021,7.339246119733911,0.9628121429205665,48.8,46.38,,True,5,False,,not_extended_trend_research_only,False
300307,慈星股份,专用设备,14.555173091099999,31.585177194727375,1.73301116,1.6863067837999999,103.9356332340351,4.160799088,2.4009072670945755,0.9730501584306012,179.7621772909122,0.8257702892000001,False,5.26,1.4940042394000024,0.3230682371427728,-0.5146357733857299,-9.879263829206398,1.6506201193,2026-08-27 00:00:00,True,慈星股份,7.34,7.46,7.54,-1.61,7.58,7.29,126600000.0,2.15,35.6,57.81,58.76,1.75,2026-09-04,20260904161424,https://qt.gtimg.cn/q=sz300307,35.59874214117729,False,False,,True,63.76,38,2026-09-04,https://web.ifzq.gtimg.cn/appstock/app/fqkline/get?param=sz300307%2Cday%2C2026-01-01%2C2026-09-04%2C160%2Cqfq,160,7.34,7.43,7.541,7.205,-1.8716577540107027,-4.675324675324677,-5.290322580645168,0.5627894098980879,8.14,7.34,,True,3,False,,below_ma20_no_short_term_confirmation,False
300748,金力永磁,金属新材料,46.4928446503,32.57009642953697,4.6223598125,3.9853701894999998,70.3058782491541,12.058747544700001,2.608785995432501,0.8621938471173484,86.57220948601389,2.6946207313,False,5.94,5.3362208609999975,0.5179855460659478,1.1822845191511444,15.948985936012283,8.628894045,2026-08-21 00:00:00,True,金力永磁,26.11,26.56,26.74,-1.69,26.96,26.0,355790000.0,1.19,41.82,295.54,360.83,4.72,2026-09-04,20260904161442,https://qt.gtimg.cn/q=sz300748,41.81648286770683,False,False,,True,63.69,39,2026-09-04,https://web.ifzq.gtimg.cn/appstock/app/fqkline/get?param=sz300748%2Cday%2C2026-01-01%2C2026-09-04%2C160%2Cqfq,160,26.11,26.398,27.2015,28.217166666666667,-3.4036256011838795,-6.281407035175879,-10.704514363885087,0.6455600312631515,28.4,25.85,,True,2,False,,below_ma20_no_short_term_confirmation,False
600497,驰宏锌锗,工业金属,138.3721947649,30.77730076410812,15.903237412000001,16.963050343699997,84.52990369845298,22.7458084881,1.4302627759890476,1.0666413324685893,112.02362148890774,9.284755052800001,False,9.41,2.268682609700001,0.2593018186942901,-33.013783929997764,36.67013355036486,16.9336333835,2026-08-26 00:00:00,True,驰宏锌锗,9.84,10.09,10.18,-2.48,10.2,9.79,1129820000.0,2.24,29.29,495.97,495.97,2.79,2026-09-04,20260904161432,https://qt.gtimg.cn/q=sh600497,29.28904794190651,False,True,,True,63.34,40,,,,,,,,,,,,,,,,,,,,
002532,天山铝业,工业金属,175.114996455,14.246439728944992,41.7741397566,40.665312868,107.3672334797474,40.1521374739,0.9611720961305077,0.973456619452593,90.88917713986642,19.586303229200002,False,13.42,17.141921965799998,0.38014730854475487,-15.989277600972917,-5.415467741438262,69.1111227192,2026-08-19 00:00:00,True,天山铝业,13.13,13.31,13.4,-1.35,13.51,13.06,838110000.0,1.54,8.79,539.23,607.75,1.89,2026-09-04,20260904161412,https://qt.gtimg.cn/q=sz002532,8.793808812357188,False,True,,True,63.21,41,,,,,,,,,,,,,,,,,,,,
301345,涛涛车业,摩托车及其他,27.508967134099997,60.56193874610556,5.404949305900001,5.3579918454,58.15539061572264,7.1261755579,1.3184537272386851,0.9913121367394248,42.25902140540323,3.6419217411,False,14.18,2.3543874288000026,0.4316990296764641,75.48856492824159,55.008314428950136,10.146007031600002,2026-08-29 00:00:00,True,涛涛车业,229.01,228.56,227.98,0.2,233.68,226.02,238310000.0,2.96,24.61,80.22,249.73,6.32,2026-09-04,20260904161409,https://qt.gtimg.cn/q=sz301345,24.613623785417204,False,False,,True,63.0,42,2026-09-04,https://web.ifzq.gtimg.cn/appstock/app/fqkline/get?param=sz301345%2Cday%2C2026-01-01%2C2026-09-04%2C160%2Cqfq,160,229.01,232.242,247.5835,241.80683333333334,-2.5903870693322006,-9.742639813975485,17.24261506169047,0.9485331419874681,270.99,225.79,,True,8,False,,below_ma20_no_short_term_confirmation,False
600546,山煤国际,煤炭开采,103.54585578209999,21.6251906061923,10.0950849507,10.448902095,53.19492895131938,25.6053576421,2.536418243842961,1.0350484563555322,45.22814999550098,5.8096649958,False,6.06,6.238323185199995,0.4920349694590834,-16.08879013127078,-39.51062658556012,15.209661858000002,2026-08-29 00:00:00,True,山煤国际,13.17,13.26,13.26,-0.68,13.44,13.08,298140000.0,1.14,17.17,261.09,261.09,1.57,2026-09-04,20260904161453,https://qt.gtimg.cn/q=sh600546,17.166062101681206,False,True,,True,62.98,43,2026-09-04,https://web.ifzq.gtimg.cn/appstock/app/fqkline/get?param=sh600546%2Cday%2C2026-01-01%2C2026-09-04%2C160%2Cqfq,160,13.17,13.538,13.3485,12.513583333333333,-5.861329521086489,1.1520737327189057,3.9053254437869667,0.8773044418325148,14.26,13.17,,True,7,False,,below_ma20_no_short_term_confirmation,False
603132,金徽股份,工业金属,10.845263026,37.00266302776556,4.0883810336,4.030250892,70.64061355798694,5.7947741455,1.4173762420567353,0.985781623307059,28.00686475388201,2.0391052491000003,False,12.26,5.786304732700003,0.6288559046173723,,13.031957320266363,6.9798088075999996,2026-08-07 00:00:00,True,金徽股份,19.74,20.4,20.64,-3.24,20.66,19.68,150110000.0,0.77,27.66,193.06,193.06,6.29,2026-09-04,20260904161445,https://qt.gtimg.cn/q=sh603132,27.6597834298535,False,True,,True,62.67,44,,,,,,,,,,,,,,,,,,,,
600309,万华化学,化学制品,1193.1586379485,31.258501333134546,100.62963544809999,96.7629359648,54.95781211596136,117.84141040700001,1.1710408159808652,0.9615749429471574,108.67997623781957,63.45255670879999,False,8.96,3.2429458727999982,0.6427258132863642,33.20109239359168,31.689518166492793,164.67435026,2026-08-25 00:00:00,True,万华化学,77.66,77.38,77.66,0.36,79.28,77.18,2830060000.0,1.16,14.76,2431.12,2431.12,2.14,2026-09-04,20260904161457,https://qt.gtimg.cn/q=sh600309,14.763197766753404,False,True,,True,62.43,45,2026-09-04,https://web.ifzq.gtimg.cn/appstock/app/fqkline/get?param=sh600309%2Cday%2C2026-01-01%2C2026-09-04%2C160%2Cqfq,160,77.66,76.712,75.1185,73.0125,-0.4869297796002203,2.562070787110393,15.651526433358143,1.0449144431888937,78.04,72.87,,True,8,False,,not_extended_trend_research_only,False
603055,台华新材,纺织制造,33.8710116301,8.368415249677884,3.8353021552999995,3.5571880362,73.29314494335036,9.657932605,2.5181673343920803,0.9274857344119096,55.469273955551856,2.5180372317999997,False,6.95,4.302331971299999,0.5354206714975643,7.764701942043217,-5.09807565127991,5.8967434639,2026-08-27 00:00:00,True,台华新材,9.38,9.38,9.39,0.0,9.5,9.35,68540000.0,0.82,14.16,83.34,83.51,1.52,2026-09-04,20260904161440,https://qt.gtimg.cn/q=sh603055,14.162054108551636,False,False,,True,62.25,46,2026-09-04,https://web.ifzq.gtimg.cn/appstock/app/fqkline/get?param=sh603055%2Cday%2C2026-01-01%2C2026-09-04%2C160%2Cqfq,160,9.38,9.496,9.0695,8.602166666666667,-1.1591148577449917,14.390243902439037,15.945611866501874,0.6563785757787632,9.69,8.8,,True,7,False,,not_extended_trend_research_only,False
000989,九芝堂,中药Ⅱ,16.322480873299998,29.081227408141032,2.5018074563,2.3152507388,70.35912635467427,4.7137373533,1.8841327462790807,0.92543122492092,213.0504605774241,0.8522845440000001,False,6.62,0.3492118572999985,0.25074492191354164,-21.734531567193173,2.177832210975228,3.2900957593999998,2026-08-20 00:00:00,True,九芝堂,8.93,8.92,8.91,0.11,9.05,8.89,117940000.0,1.79,23.23,65.57,76.44,2.08,2026-09-04,20260904161439,https://qt.gtimg.cn/q=sz000989,23.23336631817064,False,False,,True,62.01,47,2026-09-04,https://web.ifzq.gtimg.cn/appstock/app/fqkline/get?param=sz000989%2Cday%2C2026-01-01%2C2026-09-04%2C160%2Cqfq,160,8.93,8.998,9.1965,8.803833333333333,-2.297592997811826,-5.801687763713092,14.634146341463406,0.43397573492094765,9.62,8.66,,True,1,False,,below_ma20_no_short_term_confirmation,False
688087,英科再生,家居用品,21.463536351,28.831144604006465,1.536070165,2.1215434053999997,127.06002592840586,2.7252540704,1.7741729072642982,1.38115006315483,39.536698866287324,1.0256290793,False,5.29,3.3846357958000013,0.6240868026807184,34.016302933805086,-0.6487148658406716,2.9351867063,2026-08-26 00:00:00,True,英科再生,38.15,37.68,37.7,1.25,39.11,37.57,56040000.0,0.78,25.1,71.05,73.68,2.5,2026-09-04,20260904161453,https://qt.gtimg.cn/q=sh688087,25.10232137596405,False,False,,True,61.32,48,2026-09-04,https://web.ifzq.gtimg.cn/appstock/app/fqkline/get?param=sh688087%2Cday%2C2026-01-01%2C2026-09-04%2C160%2Cqfq,160,38.15,38.376,39.376,38.039833333333334,-0.6251628028132394,-4.744069912609239,-1.8775720164609155,0.6761439895344594,41.89,37.68,,True,19,False,,below_ma20_no_short_term_confirmation,False
002810,山东赫达,化学制品,12.2482976277,26.04549905019182,2.1299808844,2.0520864147,94.91951043310193,2.7694955252,1.3002443099296388,0.9634294982314161,62.26977670830396,1.1029115486,False,9.28,7.032696149099998,0.44479079579607006,3.0666098026154387,-17.330524939875836,2.415681483,2026-08-19 00:00:00,True,山东赫达,21.54,21.08,21.06,2.18,21.78,21.06,98720000.0,1.42,31.03,69.58,74.96,3.31,2026-09-04,20260904161421,https://qt.gtimg.cn/q=sz002810,31.030581029626575,False,True,,True,61.09,49,2026-09-04,https://web.ifzq.gtimg.cn/appstock/app/fqkline/get?param=sz002810%2Cday%2C2026-01-01%2C2026-09-04%2C160%2Cqfq,160,21.54,21.36,21.1165,21.587733333333333,-0.4160887656033285,6.422924901185767,-1.787342695604599,0.9497586925920227,21.72,21.04,,True,0,False,,recovery_needs_confirmation,False
600499,科达制造,专用设备,103.92409,26.915942221763967,12.844202,12.997285,85.70446989730398,13.65343,1.0630033691466392,1.0119184516095279,75.25560076351216,6.977977,False,9.79,2.5683955985000004,0.4592419100031811,15.434782122760948,19.886526774166292,18.482166,2026-08-25 00:00:00,True,科达制造,14.59,14.39,14.46,1.39,14.78,14.43,345460000.0,1.23,15.14,279.82,279.82,2.11,2026-09-04,20260904161459,https://qt.gtimg.cn/q=sh600499,15.140000365757997,False,False,,True,60.46,50,2026-09-04,https://web.ifzq.gtimg.cn/appstock/app/fqkline/get?param=sh600499%2Cday%2C2026-01-01%2C2026-09-04%2C160%2Cqfq,154,14.59,14.386000000000001,14.259,14.805833333333334,2.5298664792691383,2.3141654978962034,-0.068493150684934,0.7378136854573898,14.73,13.96,,True,13,False,,recovery_needs_confirmation,False
002602,世纪华通,游戏Ⅱ,221.1703963796,28.534488674922876,45.027243094700005,43.034047005299996,66.40025100252306,44.973169965699995,0.9987991019373254,0.9557335525693196,89.47479702323284,24.7542018629,False,13.87,3.1895455937999913,0.2626815166618259,-1.3637527348156375,-2.554664279026464,74.5151254702,2026-08-28 00:00:00,True,世纪华通,15.73,14.57,14.62,7.96,16.0,14.59,4646980000.0,4.43,15.56,1069.14,1159.41,3.39,2026-09-04,20260904161412,https://qt.gtimg.cn/q=sz002602,15.559391367644812,False,False,,True,60.2,51,2026-09-04,https://web.ifzq.gtimg.cn/appstock/app/fqkline/get?param=sz002602%2Cday%2C2026-01-01%2C2026-09-04%2C160%2Cqfq,160,15.73,14.464,14.152,13.758333333333333,12.598425196850393,14.23384168482209,6.427604871447912,2.8083408875388094,15.73,13.79,,True,11,False,,extended_do_not_chase,False
300442,润泽科技,通信服务,37.4569404705,50.054459319583614,12.034466777999999,12.0624142377,37.339458198531815,29.5802762047,2.4579631777932356,1.002322284835344,37.452350074280986,6.2121689702,False,8.47,-2.8150461610999997,0.6491386011975339,26.29310926318489,-85.97614325022568,53.71263276690001,2026-08-28 00:00:00,True,润泽科技,62.93,64.41,65.19,-2.3,65.47,62.55,1173130000.0,1.12,19.23,1029.68,1032.71,7.13,2026-09-04,20260904161451,https://qt.gtimg.cn/q=sz300442,19.226575701133747,False,False,,True,59.77,52,2026-09-04,https://web.ifzq.gtimg.cn/appstock/app/fqkline/get?param=sz300442%2Cday%2C2026-01-01%2C2026-09-04%2C160%2Cqfq,158,62.93,64.584,65.8325,71.48393333333333,-0.30101394169834705,-9.777777777777775,-14.70125786163522,0.6809168603936273,72.59,62.33,,True,12,False,,below_ma20_no_short_term_confirmation,False
300919,中伟新材,电池,335.8432632262,57.506165112073184,13.0289578976,12.5516803259,92.07080327244634,15.9553826774,1.2246092744177999,0.9633679396732169,75.82006564848456,7.4758815517,False,5.44,1.2165533505,0.6181661501776629,43.51524652283727,66.66787996174828,21.373828988499998,2026-08-25 00:00:00,True,中伟新材,39.4,40.08,40.31,-1.7,40.73,39.33,356440000.0,0.97,19.25,360.44,411.52,1.75,2026-09-04,20260904161400,https://qt.gtimg.cn/q=sz300919,19.253452445110078,False,False,,True,59.53,53,2026-09-04,https://web.ifzq.gtimg.cn/appstock/app/fqkline/get?param=sz300919%2Cday%2C2026-01-01%2C2026-09-04%2C160%2Cqfq,160,39.4,39.692,40.464,41.648833333333336,-3.2178825841316705,-4.85390002414875,-13.691128148959475,0.8384243592751849,41.8,38.9,,True,17,False,,below_ma20_no_short_term_confirmation,False
603259,药明康德,医疗服务,288.97478718360003,38.93498285981305,110.8017366142,105.7217731783,89.3933634765292,96.9914238808,0.8753601418587322,0.9541526731337443,31.494347798316234,64.2865567366,False,13.19,9.460067317000004,0.2784951457049394,48.90791851959384,55.58959277032582,216.69873434549996,2026-08-04 00:00:00,True,XD药明康,153.83,156.12,155.88,-1.47,157.01,153.21,3984100000.0,1.04,21.33,3804.65,4621.91,5.65,2026-09-04,20260904161437,https://qt.gtimg.cn/q=sh603259,21.328735555192136,False,False,,True,59.41,54,2026-09-04,https://web.ifzq.gtimg.cn/appstock/app/fqkline/get?param=sh603259%2Cday%2C2026-01-01%2C2026-09-04%2C160%2Cqfq,160,153.83,154.718,159.518,134.17533333333333,-1.9504111160685622,-0.3110621476249076,59.310273405136705,0.4537308072381862,167.39,153.83,,True,9,False,,below_ma20_no_short_term_confirmation,False
002956,西麦食品,休闲食品,14.0226815877,22.032042369252004,1.4821074083,1.4117055834999999,81.53217297118252,2.4058505934,1.6232633208139398,0.952498837529763,73.83833757785791,0.4686389524000001,False,8.8,0.4467211985000006,0.27979870109050287,47.17944652490682,-10.724802178661431,2.3843739534000004,2026-08-20 00:00:00,True,西麦食品,16.77,16.55,16.6,1.33,17.05,16.5,54040000.0,1.03,21.98,52.41,52.41,3.19,2026-09-04,20260904161421,https://qt.gtimg.cn/q=sz002956,21.980612531547706,False,False,,True,59.07,55,2026-09-04,https://web.ifzq.gtimg.cn/appstock/app/fqkline/get?param=sz002956%2Cday%2C2026-01-01%2C2026-09-04%2C160%2Cqfq,160,16.77,16.826,17.3995,18.712666666666667,-2.3296447291788147,-6.312849162011169,-21.19360902255639,0.8732157622176769,18.7,16.55,,True,0,False,,below_ma20_no_short_term_confirmation,False
002780,三夫户外,服装家纺,5.2667359815,39.37459657311291,0.5320464129,0.4329082282,181.90738443054602,0.4462446343,0.8387325306220479,0.813666284940007,443.72505447064106,0.22541715029999998,False,6.56,2.897724199999999,0.37687163833266846,-31.618493054347496,0.1989082827523303,0.8973648928999999,2026-08-29 00:00:00,True,三夫户外,14.21,14.12,14.3,0.64,14.48,14.12,64150000.0,3.38,26.19,18.84,23.5,2.82,2026-09-04,20260904161442,https://qt.gtimg.cn/q=sz002780,26.18778624607814,False,False,,True,58.8,56,2026-09-04,https://web.ifzq.gtimg.cn/appstock/app/fqkline/get?param=sz002780%2Cday%2C2026-01-01%2C2026-09-04%2C160%2Cqfq,160,14.21,14.172,13.532,13.001,3.8742690058479523,8.639143730886856,8.225437928408219,1.0473089410662357,14.28,12.99,,True,14,False,,not_extended_trend_research_only,False
920258,聚仁新材,化学制品,3.8920375401,24.57856835911112,0.9868562377,0.9819229747,56.35083474529796,1.2487667125,1.2653988137222676,0.9950010317495711,51.17360917932074,0.5122188952,False,11.48,7.930781376600002,0.1121853714669176,10.666029138737576,12.544890734111224,1.5681063744,2026-07-23 00:00:00,True,聚仁新材,11.4,11.42,11.4,-0.18,11.63,11.36,29892399.999999996,7.22,29.08,4.1,45.6,4.51,2026-09-04,20260904153514,https://qt.gtimg.cn/q=bj920258,29.079659865197474,False,True,,True,58.47,57,,,,,,,,,,,,,,only 0 historical rows,False,25,False,,unverified,False
300132,诺斯贝尔,化妆品,11.067326106,18.155177560388182,0.5633551849,0.5719039369,120.20094140525512,2.1475303621,3.812036206751525,1.0151747107848443,34.95882760171176,0.3441186868000001,False,3.81,1.4765687895,0.34238281887944644,15.102052976887737,21.438911584038678,1.8215555687,2026-08-28 00:00:00,True,诺斯贝尔,6.36,6.26,6.28,1.6,6.44,6.26,89640000.0,2.77,18.04,32.31,32.85,2.18,2026-09-04,20260904161409,https://qt.gtimg.cn/q=sz300132,18.034036712612753,False,False,,True,58.46,58,2026-09-04,https://web.ifzq.gtimg.cn/appstock/app/fqkline/get?param=sz300132%2Cday%2C2026-01-01%2C2026-09-04%2C160%2Cqfq,160,6.36,6.328,6.4295,6.1735,-0.9345794392523255,-2.304147465437778,-0.31347962382444194,0.9771688896268137,6.83,6.22,,True,8,False,,below_ma20_no_short_term_confirmation,False
300037,新宙邦,电池,74.6255398937,75.66109997802855,9.8380939012,9.6919939697,107.9285585934787,11.267347929100001,1.1452775346783046,0.9851495693203153,98.18579288198566,5.0331668295,False,8.82,-1.1369214008000021,0.5015693213061161,85.55162873215916,73.22647871504795,15.972665675900002,2026-08-21 00:00:00,True,新宙邦,62.55,63.65,63.64,-1.73,65.16,61.88,759570000.0,2.18,29.52,342.01,471.56,4.21,2026-09-04,20260904161427,https://qt.gtimg.cn/q=sz300037,29.522936845257004,False,False,,True,58.38,59,2026-09-04,https://web.ifzq.gtimg.cn/appstock/app/fqkline/get?param=sz300037%2Cday%2C2026-01-01%2C2026-09-04%2C160%2Cqfq,160,62.55,63.748,64.753,70.781,-4.372420119247822,-6.362275449101795,-17.261904761904756,0.8648403072510552,69.67,60.6,,True,2,False,,below_ma20_no_short_term_confirmation,False
002250,联化科技,农化制品,39.950989538099996,26.841995612343126,3.6818424932,3.5781383997000002,71.81907809486007,6.1071479569000005,1.658720591165782,0.9718336420714545,52.84145628067905,2.66282088,False,5.34,5.239560405399999,0.4870309733142725,29.628025428777562,11.155684517768316,5.0619187313,2026-08-26 00:00:00,True,联化科技,15.41,15.47,15.47,-0.39,15.86,15.34,199210000.0,1.42,27.39,137.98,138.67,2.0,2026-09-04,20260904161412,https://qt.gtimg.cn/q=sz002250,27.394750362652864,False,False,,True,58.23,60,2026-09-04,https://web.ifzq.gtimg.cn/appstock/app/fqkline/get?param=sz002250%2Cday%2C2026-01-01%2C2026-09-04%2C160%2Cqfq,160,15.41,15.364,15.9095,15.274000000000001,-0.8365508365508312,-7.00060350030175,11.424439624005789,0.7341583579940837,17.54,14.54,,True,9,False,,below_ma20_no_short_term_confirmation,False
300750,宁德时代,电池,2769.1658,54.80036914854492,432.84002,390.13299,43.444599328143326,602.16851,1.3912034058218554,0.9013329913440075,36.457445722311775,225.46292,False,12.08,-1.0945742002000003,0.6365245291708929,38.585367249016954,81.0091783778532,850.00145,2026-07-25 00:00:00,True,宁德时代,351.0,349.5,351.4,0.43,354.66,349.56,8020350000.0,0.53,19.11,14953.29,16239.96,4.36,2026-09-04,20260904161445,https://qt.gtimg.cn/q=sz300750,19.10580270186598,False,False,,True,57.99,61,2026-09-04,https://web.ifzq.gtimg.cn/appstock/app/fqkline/get?param=sz300750%2Cday%2C2026-01-01%2C2026-09-04%2C160%2Cqfq,160,351.0,354.088,379.269,382.29516666666666,-4.7489823609226605,-9.224450950169139,-7.825146140473427,1.056867622311624,399.98,348.29,,True,4,False,,below_ma20_no_short_term_confirmation,False
688380,中微半导,半导体,7.257737485700001,44.01390925079885,1.7162226344,1.5890146098,109.74067991707477,1.9323394766,1.1259258780697503,0.9258790660079642,131.2688349408674,1.2037387261,False,5.26,5.491779280699994,0.1484132642641717,32.697171110119825,6.5608655417428,3.6933417809000004,2026-08-17 00:00:00,True,中微半导,38.34,39.36,39.65,-2.59,40.11,37.95,338470000.0,2.16,41.56,153.5,153.5,4.75,2026-09-04,20260904161453,https://qt.gtimg.cn/q=sh688380,41.56127678023744,False,False,,True,57.63,62,2026-09-04,https://web.ifzq.gtimg.cn/appstock/app/fqkline/get?param=sh688380%2Cday%2C2026-01-01%2C2026-09-04%2C160%2Cqfq,160,38.34,39.688,41.2955,46.0185,-6.2362435803374865,-4.863523573200979,-20.174890693316673,0.7197181518103329,47.05,38.34,,True,0,False,,below_ma20_no_short_term_confirmation,False
603317,天味食品,调味发酵品Ⅱ,20.2772569493,45.795063591716435,3.8080220001,3.5461742756,118.18664502345437,3.770618938,0.9901778240516946,0.9312378645677143,13.357987990509024,1.3069265464999997,False,8.42,3.6142827618000055,0.16254418654256564,5.966280264213242,72.81645225593654,7.6048826486,2026-08-26 00:00:00,True,天味食品,13.55,13.14,13.16,3.12,13.73,13.15,173920000.0,1.21,18.92,143.91,143.91,3.4,2026-09-04,20260904161459,https://qt.gtimg.cn/q=sh603317,18.923368926211204,False,False,,True,57.0,63,2026-09-04,https://web.ifzq.gtimg.cn/appstock/app/fqkline/get?param=sh603317%2Cday%2C2026-01-01%2C2026-09-04%2C160%2Cqfq,160,13.55,13.322,13.92,13.908,-0.22091310751104487,-4.510218463706828,-0.07374631268436405,1.11671199810715,14.75,13.14,,True,9,False,,below_ma20_no_short_term_confirmation,False
601918,新集能源,煤炭开采,78.9239653635,35.82023278973929,12.1745305032,12.2201602077,30.748137979277,22.282504573,1.830255759525444,1.0037479642018234,72.22436528152404,6.6924503351,False,6.96,-3.805101389599997,0.6388171743789723,19.862656018978786,22.191452573859372,24.3312207017,2026-08-22 00:00:00,True,新集能源,10.48,10.63,10.71,-1.41,10.74,10.4,329060000.0,1.21,11.16,271.49,271.49,1.52,2026-09-04,20260904161456,https://qt.gtimg.cn/q=sh601918,11.158092038556505,False,True,,True,56.92,64,2026-09-04,https://web.ifzq.gtimg.cn/appstock/app/fqkline/get?param=sh601918%2Cday%2C2026-01-01%2C2026-09-04%2C160%2Cqfq,160,10.48,10.714,10.368,9.714,-3.676470588235292,6.720977596741351,7.9299691040164655,0.745256011817177,11.09,10.4,,True,4,False,,not_extended_trend_research_only,False
002479,富春环保,电力,32.2578858417,29.253835737446444,3.2078477963,2.6821494880000003,101.9534467790129,2.9989023147000005,0.9348642782113908,0.8361211810278681,139.88015469758926,2.1743076669,False,7.43,0.8021882977000026,0.47799772993295464,-6.805813592181864,56.349693130727374,3.3772650985,2026-08-20 00:00:00,True,富春环保,6.05,6.15,6.18,-1.63,6.22,6.01,112810000.0,2.14,15.5,52.22,52.33,1.19,2026-09-04,20260904161448,https://qt.gtimg.cn/q=sz002479,15.494786009911444,False,False,,True,56.68,65,2026-09-04,https://web.ifzq.gtimg.cn/appstock/app/fqkline/get?param=sz002479%2Cday%2C2026-01-01%2C2026-09-04%2C160%2Cqfq,160,6.05,6.092,5.8625,5.217,1.680672268907557,7.6512455516014155,28.177966101694917,0.8743749515913909,6.15,5.78,,True,0,False,,not_extended_trend_research_only,False
605020,永和股份,化学制品,31.3410493792,28.15913039030782,5.128917443,5.267151209100001,96.74706833860776,4.2409862148,0.8268774574619333,1.0269518407414928,91.18536176585206,3.3261275184000003,False,8.59,5.136663132599999,0.328981443251431,30.26986594696559,10.59398434006711,8.0315950954,2026-08-17 00:00:00,True,永和股份,32.96,33.32,33.32,-1.08,34.2,32.8,365640000.0,2.17,20.96,165.76,168.37,2.79,2026-09-04,20260904161454,https://qt.gtimg.cn/q=sh605020,20.96345719624635,False,True,,True,56.48,66,2026-09-04,https://web.ifzq.gtimg.cn/appstock/app/fqkline/get?param=sh605020%2Cday%2C2026-01-01%2C2026-09-04%2C160%2Cqfq,160,32.96,33.362,33.5655,35.349833333333336,-4.046579330422128,-6.337027564649045,-0.9019843656043247,0.8897441563794245,35.9,30.97,,True,2,False,,below_ma20_no_short_term_confirmation,False
600988,赤峰黄金,贵金属,70.17772302520001,33.11309246482885,17.322924212100002,17.3836167232,56.34033215042973,18.8038525336,1.0854895110876013,1.0035035950256948,19.337147932748834,7.4404962664,False,12.31,9.444415897899994,0.29621544471013295,-12.190075969078118,7.0386617722666855,37.077585610099995,2026-08-31 00:00:00,True,赤峰黄金,45.69,46.6,47.21,-1.95,47.63,45.31,2499130000.0,3.25,23.42,760.24,868.3,6.06,2026-09-04,20260904161438,https://qt.gtimg.cn/q=sh600988,23.418461200005257,False,True,,True,56.37,67,2026-09-04,https://web.ifzq.gtimg.cn/appstock/app/fqkline/get?param=sh600988%2Cday%2C2026-01-01%2C2026-09-04%2C160%2Cqfq,160,45.69,46.174,44.8075,37.15266666666667,-6.9260541861886455,8.553100498930855,61.6772823779193,0.7377410755513697,49.43,45.69,,True,6,False,,not_extended_trend_research_only,False
002054,德美化工,化学制品,18.8187735701,28.014905613565478,0.9706660889000001,0.9043122162,122.78987703411768,1.0000187788,1.0302397397371363,0.9316408871611092,208.23382034711412,0.4993252501,False,3.74,7.288480782499999,0.49738180173112634,18.75349679961287,57.67669005735596,1.6733412398000003,2026-08-24 00:00:00,True,德美化工,7.29,7.35,7.35,-0.82,7.46,7.26,64320000.0,2.27,21.0,28.02,35.15,1.33,2026-09-04,20260904161427,https://qt.gtimg.cn/q=sz002054,21.005876843267885,False,True,,True,56.29,68,2026-09-04,https://web.ifzq.gtimg.cn/appstock/app/fqkline/get?param=sz002054%2Cday%2C2026-01-01%2C2026-09-04%2C160%2Cqfq,160,7.29,7.402,7.2985,7.083666666666667,-1.8842530282637937,2.3876404494381998,-1.2195121951219523,0.9198119664960015,7.49,7.16,,True,1,False,,below_ma20_no_short_term_confirmation,False
002120,韵达股份,物流,264.3860758972,6.465950498016926,9.9842643209,9.3098467266,105.67954175169385,16.2738581788,1.6299506559270502,0.9324519491247596,146.26944082095883,5.1140312172,False,4.62,1.5730798409999993,0.4188496479602268,35.39368900718185,-13.2792704799364,16.4109632782,2026-08-26 00:00:00,True,韵达股份,6.87,6.81,6.81,0.88,6.94,6.8,218340000.0,1.13,12.14,193.4,199.18,0.94,2026-09-04,20260904161442,https://qt.gtimg.cn/q=sz002120,12.137008451209368,False,False,,True,56.12,69,2026-09-04,https://web.ifzq.gtimg.cn/appstock/app/fqkline/get?param=sz002120%2Cday%2C2026-01-01%2C2026-09-04%2C160%2Cqfq,160,6.87,6.838,6.7325,6.67355,1.7777777777777892,2.3845007451564815,8.685334598955862,1.1255318979428706,6.91,6.61,,True,10,False,,not_extended_trend_research_only,False
002772,众兴菌业,种植业,10.853595648599999,19.553357101851798,1.9084928713999998,1.675403386,207.93483255468766,1.7160229894999999,0.8991508510279049,0.8778672486059568,35.20897939200247,0.2815010875,False,5.34,11.5264277864,0.5397472607150952,-3.3615632723701605,28.61141079346381,4.5679291722,2026-08-15 00:00:00,True,众兴菌业,11.6,11.43,11.32,1.49,11.82,11.22,230710000.0,5.35,9.52,43.11,43.47,1.22,2026-09-04,20260904161409,https://qt.gtimg.cn/q=sz002772,9.516347202700613,False,False,,True,55.83,70,2026-09-04,https://web.ifzq.gtimg.cn/appstock/app/fqkline/get?param=sz002772%2Cday%2C2026-01-01%2C2026-09-04%2C160%2Cqfq,160,11.6,11.616,11.018,11.338666666666667,-2.2746419545071617,8.41121495327104,-8.948194662480379,1.075368870960932,12.01,10.28,,True,4,False,,recovery_needs_confirmation,False
002111,威海广泰,航空装备Ⅱ,16.9701683757,19.130576746426463,1.5882740894999998,1.4628972257,85.99521827573172,2.4715176709,1.5561027452623442,0.921060939903975,97.02584801796834,0.8157684996999999,False,4.98,4.088242984200001,0.49685930424592445,-14.049802587059823,-19.94903311241395,2.0453374263999997,2026-08-27 00:00:00,True,威海广泰,10.04,9.81,9.92,2.34,10.12,9.85,126940000.0,2.59,26.11,49.07,53.41,1.75,2026-09-04,20260904161451,https://qt.gtimg.cn/q=sz002111,26.113050741953607,False,False,,True,55.72,71,2026-09-04,https://web.ifzq.gtimg.cn/appstock/app/fqkline/get?param=sz002111%2Cday%2C2026-01-01%2C2026-09-04%2C160%2Cqfq,160,10.04,9.854,9.621,9.317166666666667,2.9743589743589594,4.692387904066719,10.816777041942593,1.4057254162502175,10.04,9.41,,True,10,False,,not_extended_trend_research_only,False
002246,北化股份,化学制品,13.3650693876,18.164120567118225,2.2529242266,1.9896046142,141.73177636295185,2.4296593811,1.0784470034159648,0.883120963727489,98.09759283339072,1.5297224781,False,7.12,8.248309506799998,0.36194145302100167,20.254503898347554,-6.2421190424853945,3.8158727478999994,2026-08-10 00:00:00,True,北化股份,21.35,21.55,21.5,-0.93,21.98,21.24,407190000.0,3.43,30.72,117.22,117.22,3.59,2026-09-04,20260904161445,https://qt.gtimg.cn/q=sz002246,30.719053737971223,False,True,,True,55.5,72,,,,,,,,,,,,,,,,,,,,
301059,金三江,化学制品,2.7575542708999996,37.822792774605986,0.4442712375,0.4360112511,43.86699274181043,0.991335374,2.2313741928881905,0.9814077849232812,41.09661071569462,0.2174139363,False,6.91,0.07077655629999668,0.38637486149918226,57.84577408710598,25.52999031714762,0.899807927,2026-08-25 00:00:00,True,金三江,12.26,12.31,12.38,-0.41,12.55,12.08,31400000.0,1.22,31.5,25.32,28.34,4.53,2026-09-04,20260904161424,https://qt.gtimg.cn/q=sz301059,31.495610507107703,False,True,,True,55.07,73,,,,,,,,,,,,,,,,,,,,
600872,中炬高新,调味发酵品Ⅱ,25.4195131939,19.231324854981736,4.1416743715,3.6647337226,39.382071333415205,6.1931353402,1.4953216464376502,0.8848435183166596,99.79166891927463,1.5140348564999997,False,7.05,3.743837946999996,0.3183748720870724,-18.659648898004587,-5.056403486390648,6.9437934588,2026-08-20 00:00:00,True,中炬高新,18.51,18.11,18.11,2.21,18.67,18.1,198080000.0,1.39,20.64,142.71,143.32,2.57,2026-09-04,20260904161449,https://qt.gtimg.cn/q=sh600872,20.64001483488364,False,False,,True,55.0,74,2026-09-04,https://web.ifzq.gtimg.cn/appstock/app/fqkline/get?param=sh600872%2Cday%2C2026-01-01%2C2026-09-04%2C160%2Cqfq,160,18.51,18.368,18.656,18.395666666666667,0.0,-3.8441558441558388,8.37236533957848,1.0530407549358984,19.56,18.11,,True,2,False,,below_ma20_no_short_term_confirmation,False
601339,百隆东方,纺织制造,42.7385483464,19.028541119827903,5.5947815129,5.2877375479,46.681856510804764,9.8872131828,1.767220607275343,0.9451195789697878,46.3516577161283,3.1691628785999995,False,5.96,1.215800895300001,0.3177207802678796,-0.7645486882471131,-15.908618005815745,8.2559728877,2026-08-07 00:00:00,True,百隆东方,7.52,7.57,7.6,-0.66,7.66,7.51,78530000.0,0.69,13.66,112.77,112.77,1.26,2026-09-04,20260904161455,https://qt.gtimg.cn/q=sh601339,13.659201832894603,False,False,,True,54.34,75,2026-09-04,https://web.ifzq.gtimg.cn/appstock/app/fqkline/get?param=sh601339%2Cday%2C2026-01-01%2C2026-09-04%2C160%2Cqfq,160,7.52,7.718,7.678,7.4625,-1.8276762402088864,-4.810126582278496,11.07828655834564,1.0010617760617762,8.05,7.52,,True,1,False,,below_ma20_no_short_term_confirmation,False
600884,杉杉股份,电池,121.3033325992,23.044606777116684,8.224516076699999,7.7986267175999995,362.5549745854558,8.345200226000001,1.0146737082369988,0.9482170920297012,182.1480653615346,4.914044091899999,False,3.692,3.7686183211,0.48526649739248373,22.26726288234806,17.42883253658354,10.730596749599998,2026-08-28 00:00:00,True,杉杉股份,11.55,11.67,11.72,-1.03,11.76,11.51,350890000.0,1.64,24.17,211.96,259.37,1.13,2026-09-04,20260904161438,https://qt.gtimg.cn/q=sh600884,24.171069517608,False,False,,True,54.32,76,2026-09-04,https://web.ifzq.gtimg.cn/appstock/app/fqkline/get?param=sh600884%2Cday%2C2026-01-01%2C2026-09-04%2C160%2Cqfq,160,11.55,11.744,11.956,12.6205,-4.06976744186045,-7.0048309178743935,-11.832061068702282,0.6959645399286756,12.18,11.55,,True,4,False,,below_ma20_no_short_term_confirmation,False
600338,西藏珠峰,工业金属,16.2586533604,44.82666793554551,3.5507312125999997,3.5837004879000003,18.84774695594007,6.0538641649,1.704962668933506,1.0092852072787168,0.2377860429280787,1.7525455742999998,False,7.7,17.754183556100003,0.35720143900607526,,43.43726971574444,5.66282409,2026-08-19 00:00:00,True,西藏珠峰,13.48,13.95,14.05,-3.37,14.07,13.39,564530000.0,4.49,21.76,123.24,123.24,2.59,2026-09-04,20260904161431,https://qt.gtimg.cn/q=sh600338,21.76299281795278,False,True,,True,53.36,77,,,,,,,,,,,,,,,,,,,,
000601,韶能股份,电力,25.1585276463,7.74891400597606,1.6844519991999998,1.4770325362999999,174.75034818710148,3.6152038139,2.1462195512944127,0.876862348705389,103.09716961386451,1.5788782635999998,False,4.01,3.1145660580999994,0.6557521118821795,18.223210853797834,-10.170953291160846,1.7970385055000002,2026-08-24 00:00:00,True,韶能股份,6.17,6.16,6.18,0.16,6.31,6.14,203570000.0,3.12,36.53,64.76,65.65,1.55,2026-09-04,20260904161403,https://qt.gtimg.cn/q=sz000601,36.53232793792242,False,False,,True,53.3,78,2026-09-04,https://web.ifzq.gtimg.cn/appstock/app/fqkline/get?param=sz000601%2Cday%2C2026-01-01%2C2026-09-04%2C160%2Cqfq,160,6.17,6.142,6.2855,6.4105,-0.16181229773462036,-6.0882800608828,-9.927007299270073,0.8728964433043769,6.74,6.08,,True,2,False,,below_ma20_no_short_term_confirmation,False
002345,潮宏基,饰品,43.743420340200004,6.645547791922368,4.2205071605,4.205583487799999,27.631609037981985,13.094765881199999,3.1026522129271004,0.9964640096243238,11.347295276995585,1.5849055387,False,10.89,3.5809434365,0.3768643422674831,17.425509892215718,-4.886342252577236,5.8782493801,2026-08-27 00:00:00,True,潮宏基,9.67,9.46,9.6,2.22,9.86,9.5,201090000.0,2.39,14.62,83.86,85.92,2.21,2026-09-04,20260904161439,https://qt.gtimg.cn/q=sz002345,14.616596616480798,False,False,,True,52.95,79,2026-09-04,https://web.ifzq.gtimg.cn/appstock/app/fqkline/get?param=sz002345%2Cday%2C2026-01-01%2C2026-09-04%2C160%2Cqfq,160,9.67,9.632,10.112,10.037333333333333,-7.019230769230777,-8.687440982058547,9.019165727170254,0.7150037895197394,11.65,9.4,,True,10,False,,below_ma20_no_short_term_confirmation,False
600323,瀚蓝环境,环境治理,77.3674925706,34.250043509764396,12.0622390605,11.797182273099999,29.320884978993035,16.320206523,1.352999757436701,0.9780259049691714,14.71420414835707,6.272566685,False,7.93,2.4753078459999998,0.6943886242139435,27.884232591655955,24.517025357864284,22.124252647,2026-08-27 00:00:00,True,瀚蓝环境,29.99,30.0,30.14,-0.03,30.27,29.87,126630000.0,0.52,11.05,244.52,244.52,1.61,2026-09-04,20260904161433,https://qt.gtimg.cn/q=sh600323,11.052124738466878,False,False,,True,52.85,80,2026-09-04,https://web.ifzq.gtimg.cn/appstock/app/fqkline/get?param=sh600323%2Cday%2C2026-01-01%2C2026-09-04%2C160%2Cqfq,160,29.99,30.264,29.8425,29.197833333333335,-0.7939133311280266,1.9374575118966675,2.076242341729073,0.9011022143720886,30.71,29.6,,True,17,False,,not_extended_trend_research_only,False
300861,美畅股份,通用设备,11.618979192000001,15.306157983603352,3.0957717883999996,2.7494182958999995,363.5945625536013,2.7837942194,0.8992246230264794,0.8881204700560285,98.13592874159245,1.1529821727999998,False,4.73,13.617526663599996,0.09599840910869449,37.966146753865736,20.608739643927777,4.68809629,2026-08-26 00:00:00,True,美畅股份,16.17,16.38,16.41,-1.28,16.73,16.04,182750000.0,2.63,23.17,68.22,108.64,1.65,2026-09-04,20260904161412,https://qt.gtimg.cn/q=sz300861,23.173585455515465,False,False,,True,52.82,81,2026-09-04,https://web.ifzq.gtimg.cn/appstock/app/fqkline/get?param=sz300861%2Cday%2C2026-01-01%2C2026-09-04%2C160%2Cqfq,160,16.17,16.434,16.906,18.6971,-3.6926742108397748,-6.693594922100388,-11.547508341994405,1.0403176948582462,17.86,16.17,,True,11,False,,below_ma20_no_short_term_confirmation,False
920093,信胜科技,专用设备,8.2171847307,25.412254796579536,1.2266563351000002,1.1706836584,35.449373493143945,1.4369199925,1.1714120339849374,0.9543697161964789,,,False,17.32,1.9188387754999994,0.4698623168860457,6.516422969958868,31.99512989143143,2.5755916571,2026-07-27 00:00:00,True,信胜科技,19.94,20.2,20.23,-1.29,20.99,19.78,61509700.0,11.99,10.92,5.02,28.12,2.32,2026-09-04,20260904153514,https://qt.gtimg.cn/q=bj920093,10.917879751040138,False,False,,True,52.66,82,,,,,,,,,,,,,,only 0 historical rows,False,0,False,,unverified,False
300127,银河磁体,金属新材料,5.4298509374,39.41386729563909,1.1736199579,1.1568150631999998,41.98707977431128,1.7881526940999999,1.523621579595157,0.9856811444054941,41.843148975679,0.6357569739000001,False,7.46,1.4735316822000044,0.08697456410364758,51.57668596249949,-30.236856717753845,2.1083767212,2026-08-22 00:00:00,True,银河磁体,24.26,24.68,24.78,-1.7,24.99,24.13,123520000.0,2.15,37.18,56.43,78.4,5.22,2026-09-04,20260904161424,https://qt.gtimg.cn/q=sz300127,37.185005512382055,False,False,,True,52.58,83,2026-09-04,https://web.ifzq.gtimg.cn/appstock/app/fqkline/get?param=sz300127%2Cday%2C2026-01-01%2C2026-09-04%2C160%2Cqfq,160,24.26,24.578,25.0965,25.702333333333332,-3.2309533306741023,-10.214655810510731,-11.845930232558132,0.9649073743695574,26.23,24.26,,True,2,False,,below_ma20_no_short_term_confirmation,False
600801,华新建材,水泥,194.97106055,21.502730962929895,17.12791886,17.04203914,59.26994700571504,26.93293008,1.5724578274887975,0.9949859804508672,24.50555433954076,10.82669778,False,5.22,2.6315529047999995,0.5296125338947506,2.3362719175938462,31.27844861933773,34.6263912,2026-08-29 00:00:00,True,华新建材,24.8,23.89,24.07,3.81,24.97,23.82,377640000.0,1.14,14.89,332.74,515.59,1.55,2026-09-04,20260904161437,https://qt.gtimg.cn/q=sh600801,14.890087650832063,False,True,,True,52.53,84,2026-09-04,https://web.ifzq.gtimg.cn/appstock/app/fqkline/get?param=sh600801%2Cday%2C2026-01-01%2C2026-09-04%2C160%2Cqfq,160,24.8,23.892,23.503,20.747,3.46266166040885,8.533916849015322,33.62068965517242,1.4373693838279833,24.8,23.3,,True,6,False,,not_extended_trend_research_only,False
000049,德赛电池,电池,107.1633470834,9.778718390690088,2.0527726525,1.7078986563,157.31615269901548,3.6523501064999997,1.7792277688675997,0.8319960099916617,156.44806081377237,1.2536077596,False,3.02,0.4966488939999998,0.6037460533090875,-3.3056788065923937,14.909698590400078,4.0000209946,2026-08-18 00:00:00,True,德赛电池,23.13,23.04,23.15,0.39,23.55,23.09,127440000.0,1.43,22.24,88.94,88.97,1.3,2026-09-04,20260904161409,https://qt.gtimg.cn/q=sz000049,22.242383257515115,False,False,,True,52.4,85,2026-09-04,https://web.ifzq.gtimg.cn/appstock/app/fqkline/get?param=sz000049%2Cday%2C2026-01-01%2C2026-09-04%2C160%2Cqfq,160,23.13,23.222,23.931,24.085,-1.6999575010624879,-6.204379562043805,3.2128514056224855,0.7432150652912014,25.72,23.04,,True,0,False,,below_ma20_no_short_term_confirmation,False
000421,南京公用,综合Ⅱ,36.7886093823,28.327979273243464,0.8243938332999999,0.7997674951,183.62970552901626,5.4030345862999996,6.553948329128046,0.9701279446724849,,0.10052135760000006,True,2.96,-0.2024254212999992,0.5169673788434586,13.25505007051464,-84.51193556079465,0.9923672361,2026-08-24 00:00:00,True,南京公用,5.82,5.77,5.8,0.87,5.87,5.76,49160000.0,1.47,33.69,33.42,33.43,1.2,2026-09-04,20260904161454,https://qt.gtimg.cn/q=sz000421,33.68712587829863,False,False,,True,52.37,86,2026-09-04,https://web.ifzq.gtimg.cn/appstock/app/fqkline/get?param=sz000421%2Cday%2C2026-01-01%2C2026-09-04%2C160%2Cqfq,160,5.82,5.834,5.6525,5.404,0.6920415224913601,9.193245778611626,7.380073800738018,0.6450936822338403,5.91,5.52,,True,4,False,,not_extended_trend_research_only,False
301607,富特科技,汽车零部件,24.44719792,65.80799735506166,1.5782826803999999,1.5247871342,139.1370723209039,1.2988530555,0.822953373074346,0.9661052187517878,71.05274205431107,0.8087355002999999,False,10.64,-1.3775242269999985,0.5771957170007798,27.89482841480144,44.20876065298665,3.0588510752999998,2026-08-28 00:00:00,True,富特科技,42.03,42.83,44.1,-1.87,44.28,41.65,465790000.0,7.15,32.17,63.8,98.4,5.19,2026-09-04,20260904161451,https://qt.gtimg.cn/q=sz301607,32.168941075481854,False,False,,True,52.18,87,2026-09-04,https://web.ifzq.gtimg.cn/appstock/app/fqkline/get?param=sz301607%2Cday%2C2026-01-01%2C2026-09-04%2C160%2Cqfq,160,42.03,41.024,42.555,42.8945,-1.5460295151089154,10.634377467754664,4.812967581047389,0.9513490114084768,46.68,38.27,,True,9,False,,below_ma20_no_short_term_confirmation,False
601500,通用股份,汽车零部件,44.4831476796,11.199287392049516,1.3811774216,1.3713964954,176.78923359320416,8.4093594497,6.088543961251792,0.9929184143564485,,0.11582001489999995,True,2.26,3.3137967122000003,0.577108454025125,-10.63777479915946,-12.510203983694712,2.7521677565999996,2026-08-28 00:00:00,True,通用股份,3.96,3.94,3.95,0.51,4.01,3.93,78140000.0,1.24,22.78,62.69,62.69,1.04,2026-09-04,20260904161457,https://qt.gtimg.cn/q=sh601500,22.778407983911052,False,False,,True,51.91,88,,,,,,,,,,,,,,,,,,,,
603979,金诚信,工业金属,76.4076715127,20.97429427773374,16.141425226,16.106213887,48.07850406120324,13.7044967492,0.8490264370909029,0.9978185731119157,46.97975375696588,10.126708545,False,13.67,5.203618156600001,0.4616532698562331,11.038863594792181,31.470885157255758,28.419355337999995,2026-08-26 00:00:00,True,金诚信,79.54,79.72,80.5,-0.23,81.32,78.97,307740000.0,0.62,17.46,496.16,496.16,4.21,2026-09-04,20260904161440,https://qt.gtimg.cn/q=sh603979,17.458524097363185,False,True,,True,51.55,89,,,,,,,,,,,,,,,,,,,,
603808,歌力思,服装家纺,14.432633687300001,5.237346580162727,1.0049733651000001,1.0973145804,65.56211416218034,3.1682159378,3.1525372192174923,1.0918842414204795,34.87272932506742,0.5949618684,False,3.79,4.18384943449999,0.3043828357657008,-18.10595327608018,-11.865951307264055,1.8032265641000003,2026-08-28 00:00:00,True,歌力思,8.68,8.63,8.65,0.58,8.79,8.61,23200000.0,0.73,17.51,31.57,31.57,1.2,2026-09-04,20260904161440,https://qt.gtimg.cn/q=sh603808,17.507506060813135,False,False,,True,51.52,90,,,,,,,,,,,,,,,,,,,,
000960,锡业股份,小金属,315.7270788624,49.68242413549253,15.0364357731,19.4598204145,49.296167507478785,21.8011158575,1.4498858763126519,1.294177736542684,13.089138453754789,6.3605274568,False,7.32,-1.1034740322999994,0.4391666948781724,-2.075469119765161,25.987739616307426,24.0794026391,2026-08-20 00:00:00,True,锡业股份,33.42,34.55,34.89,-3.27,34.99,33.21,1077840000.0,1.92,22.84,549.9,549.9,2.56,2026-09-04,20260904161430,https://qt.gtimg.cn/q=sz000960,22.836945261552106,False,True,,True,51.07,91,,,,,,,,,,,,,,,,,,,,
603998,方盛制药,中药Ⅱ,9.5774764735,14.803574871247216,1.9765880737000001,1.7411124739,23.071688113639244,2.6986482517000003,1.36530635169136,0.8808676410967053,34.92976971757331,1.0926711944,False,11.33,5.514688445900006,0.39573607636647806,-5.240833315181092,-7.013094854793433,3.3480719860000003,2026-08-29 00:00:00,True,方盛制药,10.8,10.96,10.94,-1.46,10.98,10.74,108960000.0,2.28,14.16,47.42,47.42,2.67,2026-09-04,20260904161442,https://qt.gtimg.cn/q=sh603998,14.163375279350998,False,False,,True,50.48,92,,,,,,,,,,,,,,,,,,,,
600938,中国海油,油气开采Ⅱ,2426.6,16.88374243767099,858.18,857.33,23.618300578201378,1416.31,1.6503647253489944,0.9990095317998555,41.56505914467699,466.74,False,10.21,-0.005343744500002856,0.2860234028522174,-2.624825536896136,7.737904517782757,1383.67,2026-08-27 00:00:00,True,中国海油,33.41,33.43,33.43,-0.06,33.73,33.2,1030110000.0,1.03,11.48,998.96,15879.76,1.85,2026-09-04,20260904161449,https://qt.gtimg.cn/q=sh600938,11.476551489878366,False,True,,True,50.02,93,,,,,,,,,,,,,,,,,,,,
600508,上海能源,煤炭开采,44.4972463968,27.20587969341284,2.8349285644999997,2.6751722156,34.28000736585493,11.1216920428,3.923094282540254,0.9436471342168806,107.84795767501802,2.0951152987,False,2.23,2.170250061499999,0.41653822528062223,50.95950569354288,-15.06948738233298,2.9851700977999998,2026-08-22 00:00:00,True,上海能源,11.22,10.88,10.9,3.12,11.52,10.72,753120000.0,6.62,38.03,113.52,113.52,0.88,2026-09-04,20260904161448,https://qt.gtimg.cn/q=sh600508,38.027983760008034,False,True,,True,50.01,94,,,,,,,,,,,,,,,,,,,,
002517,恺英网络,游戏Ⅱ,47.9658531153,86.05744058484564,14.2832482073,11.6673497733,24.308873230136175,14.6265241655,1.024033465862797,0.8168554942101303,49.979331934874516,6.4775682858,False,13.74,-5.507699738900001,0.25765088955731225,-8.070955771451771,101.28003323651681,23.8191485902,2026-08-27 00:00:00,True,恺英网络,17.41,17.05,17.05,2.11,17.85,16.96,1609670000.0,4.9,15.62,327.18,371.95,3.55,2026-09-04,20260904161418,https://qt.gtimg.cn/q=sz002517,15.615587542580457,False,False,,True,49.35,95,,,,,,,,,,,,,,,,,,,,
605098,行动教育,教育,4.2799697685,24.43968019673777,1.7172006924,1.5043555943,24.926349868959207,2.2229415741,1.2945147203459162,0.8760511225962047,28.590688970763267,1.3264887495000002,False,16.16,1.3734364321999948,0.5747788327470694,,9.260184823433203,3.6022929417,2026-08-12 00:00:00,True,行动教育,57.18,56.25,56.6,1.65,57.71,56.25,63760000.0,0.94,18.93,68.19,68.19,6.53,2026-09-04,20260904161434,https://qt.gtimg.cn/q=sh605098,18.9296098633832,False,False,,True,49.16,96,,,,,,,,,,,,,,,,,,,,
688401,路维光电,半导体,6.6807204895000005,22.80112530134255,1.4455091295,1.3622412096,43.33439727161314,2.4889236946,1.7218318748778267,0.9423954382572443,33.25498455167628,0.7632798663999999,False,8.39,1.5991266525000043,0.48067614158108113,19.244824205795965,3.6105167406724537,2.9010544349000003,2026-08-26 00:00:00,True,路维光电,63.35,65.6,66.15,-3.43,67.1,62.8,257830000.0,2.07,44.85,122.49,130.1,4.88,2026-09-04,20260904161457,https://qt.gtimg.cn/q=sh688401,44.845763124911706,False,False,,True,48.86,97,,,,,,,,,,,,,,,,,,,,
600176,中国巨石,玻璃玻纤,111.58886608979999,22.50258137003498,29.3330420475,29.0790816517,70.93340578307672,24.2376965365,0.8262933144557959,0.9913421732601497,74.16870673810452,16.661526053299998,False,9.06,9.926135374799998,0.3987335381755796,20.22277566610178,-11.719023623018343,45.317159072399996,2026-08-21 00:00:00,True,中国巨石,40.18,42.63,43.04,-5.75,43.3,39.78,8938880000.0,5.46,35.49,1595.78,1608.46,4.85,2026-09-04,20260904161454,https://qt.gtimg.cn/q=sh600176,35.49339881236328,False,True,,True,48.7,98,,,,,,,,,,,,,,,,,,,,
600426,华鲁恒升,农化制品,171.6248897088,8.873846308089162,23.5295983815,23.4617846258,50.49011003704014,26.9201751954,1.144098371715763,0.9971179382409978,43.43051233720361,12.363661088000002,False,6.87,6.089172621300001,0.2746554804038552,-29.1144140530482,35.705512293319686,40.9959547342,2026-08-20 00:00:00,True,华鲁恒升,20.83,20.68,20.76,0.73,21.33,20.64,697180000.0,1.21,13.97,572.74,572.81,1.64,2026-09-04,20260904161454,https://qt.gtimg.cn/q=sh600426,13.972354192355118,False,False,,True,48.64,99,,,,,,,,,,,,,,,,,,,,
603276,恒兴新材,化学制品,4.8661217752,24.00367097814693,0.4632838657,0.41437236200000005,75.82687117608253,0.8809987283,1.9016391321309076,0.8944243317731408,25.71070395989452,0.2040587986,False,2.6,5.933161658099998,0.06158862871205474,-8.677257510593982,8.260060337346564,0.7724208437000001,2026-08-27 00:00:00,True,恒兴新材,16.33,16.34,16.34,-0.06,16.59,16.2,46480000.0,3.72,43.9,12.46,33.91,1.89,2026-09-04,20260904161459,https://qt.gtimg.cn/q=sh603276,43.90093855775113,False,True,,True,48.52,100,,,,,,,,,,,,,,,,,,,,
002083,孚日股份,纺织制造,29.180760030100004,12.780306821668507,4.0300890265,3.946701594,57.665402675824254,4.0760688911,1.0114091436436412,0.9793087864928832,88.25423393561931,2.226137943,False,8.22,2.3688494784000014,0.37392020064260517,29.67661216710651,21.19849559974196,5.8571643506,2026-08-18 00:00:00,True,孚日股份,9.9,10.11,10.15,-2.08,10.2,9.86,335040000.0,3.53,16.0,93.68,93.72,1.94,2026-09-04,20260904161451,https://qt.gtimg.cn/q=sz002083,16.00091689255731,False,False,,True,48.16,101,,,,,,,,,,,,,,,,,,,,
300457,赢合科技,电池,60.9010555499,42.830925896446594,3.507411527,3.4474452425,28.705379360319473,10.1286976936,2.8877984849024534,0.9829029801497827,12.879633622577513,2.8884220469999997,False,5.02,-6.9600166908,0.6573912702526651,-5.819811784655727,39.683986221896525,6.178563455999999,2026-08-22 00:00:00,True,赢合科技,21.54,21.24,21.26,1.41,21.91,21.24,273670000.0,1.96,22.49,138.64,138.95,1.95,2026-09-04,20260904161403,https://qt.gtimg.cn/q=sz300457,22.489046359969926,False,False,,True,48.14,102,,,,,,,,,,,,,,,,,,,,
301665,泰禾股份,农化制品,29.733393499499996,23.22884272997672,2.4094160221000003,2.4010216635,32.70078594706063,5.4307220767999995,2.25395781674378,0.996516019432508,3.177945206236177,1.0691534383,False,6.48,0.29322175729999955,0.34418352918082695,-4.783005954865516,41.183970238958054,5.2453978761,2026-08-28 00:00:00,True,泰禾股份,23.3,23.09,23.09,0.91,23.57,23.09,53120000.0,2.19,19.99,24.27,104.85,2.87,2026-09-04,20260904161448,https://qt.gtimg.cn/q=sz301665,19.988950786314213,False,False,,True,47.92,103,,,,,,,,,,,,,,,,,,,,
300398,飞凯材料,电子化学品Ⅱ,17.2243439846,17.78547442824079,2.6713308322,2.5977877075,47.190667697679125,4.7818889297,1.790077392159559,0.9724694808244949,40.01827228598272,1.3593136915000001,False,5.27,4.635859358499999,0.24923714570353442,6.417263520845595,5.701446251470821,4.4070903909000005,2026-08-27 00:00:00,True,飞凯材料,32.23,33.76,33.97,-4.53,34.19,31.79,933530000.0,5.0,41.69,182.81,183.72,3.54,2026-09-04,20260904161421,https://qt.gtimg.cn/q=sz300398,41.687368241721344,False,False,,True,47.89,104,,,,,,,,,,,,,,,,,,,,
300016,北陆药业,化学制药,6.7333052705,15.255100932314791,0.7975214725,0.7343135411,146.93090066199494,1.3378575965000001,1.6775192175154883,0.9207445397026599,125.4046981232197,0.34776338310000005,False,3.4,-3.216103496199999,0.26215694098127823,4.45745757550009,11.9835461191119,1.4251994165000001,2026-08-25 00:00:00,True,北陆药业,8.47,8.43,8.49,0.47,8.69,8.41,220130000.0,4.58,34.57,47.62,49.27,1.97,2026-09-04,20260904161448,https://qt.gtimg.cn/q=sz300016,34.57060073810379,False,False,,True,47.6,105,,,,,,,,,,,,,,,,,,,,
301408,华人健康,医药商业,28.2469009129,12.811416803770204,1.3590890086,1.3205676070999999,30.99560846200187,4.0964261617,3.0140970427828973,0.9716564542452734,33.029866984287494,0.5656537858000001,False,6.31,1.2987480430000033,0.6024696948144808,1.6179451296495007,6.170105675049831,2.2351847381,2026-08-28 00:00:00,True,华人健康,14.4,14.43,14.48,-0.21,14.72,14.29,102710000.0,3.08,25.77,32.97,57.6,2.72,2026-09-04,20260904161433,https://qt.gtimg.cn/q=sz301408,25.769682039329954,False,False,,True,47.47,106,,,,,,,,,,,,,,,,,,,,
600685,中船防务,航海装备Ⅱ,111.19747426200001,9.310375561357699,8.3663337514,7.8206360141,59.27992407266116,52.5265095838,6.278318693060787,0.9347745675088942,28.823626615176522,4.4047675361000005,False,4.62,1.3233947403000013,0.6290381972245106,-6.189648226071931,16.620590384929734,13.185096706,2026-08-26 00:00:00,True,中船防务,27.44,26.43,26.49,3.82,27.68,26.32,909870000.0,4.06,29.42,225.4,387.87,2.04,2026-09-04,20260904161437,https://qt.gtimg.cn/q=sh600685,29.41730414639251,False,False,,True,47.41,107,,,,,,,,,,,,,,,,,,,,
920599,同力股份,工程机械,35.5331781649,12.13309918700971,4.055814155299999,3.9551998912,24.55443206851504,5.1229508129,1.2631128095959483,0.9751925852005521,61.91682525975122,2.1674650461,False,10.78,0.9420839417000018,0.5689441591948492,-9.525318313406505,27.738287934149696,9.237057090499999,2026-08-25 00:00:00,True,同力股份,18.26,17.86,17.87,2.24,18.4,17.87,70219700.0,1.1,9.14,64.01,84.46,2.3,2026-09-04,20260904153514,https://qt.gtimg.cn/q=bj920599,9.143604848655125,False,False,,True,47.18,108,,,,,,,,,,,,,,,,,,,,
300450,先导智能,电池,81.8902299298,23.880826473494345,9.5605747249,9.25560751,26.36624170711841,40.8482140827,4.272568883993243,0.9681015813719096,46.84453450033486,5.5066260161,False,5.67,-1.8024617344999996,0.6399193141094491,-1.7353907397104962,13.71211531328862,17.7958461043,2026-08-29 00:00:00,True,先导智能,31.57,32.09,32.22,-1.62,32.56,31.42,780810000.0,1.56,29.7,492.31,528.55,2.94,2026-09-04,20260904161418,https://qt.gtimg.cn/q=sz300450,29.700751338386024,False,False,,True,46.9,109,,,,,,,,,,,,,,,,,,,,
002406,远东传动,汽车零部件,9.045583257999999,25.94025430005771,1.00523449,0.8289985637999999,102.8818493998624,1.0975278628,1.0918127797226695,0.8246817752940411,111.03964939631629,0.5550042246,False,2.44,1.0907131214000003,0.24397822753514808,23.784368962932056,-3.2964192028922534,2.0204397423,2026-08-18 00:00:00,True,远东传动,6.84,6.93,6.97,-1.3,7.05,6.81,139340000.0,3.58,24.72,38.45,49.95,1.26,2026-09-04,20260904161500,https://qt.gtimg.cn/q=sz002406,24.72234086186536,False,False,,True,46.64,110,,,,,,,,,,,,,,,,,,,,
603659,璞泰来,电池,101.14704705860001,42.70461978975939,14.518794173,13.1202075792,32.245379609724246,17.985378975699998,1.2387653383189814,0.9036706094779625,31.740548239539756,7.4783265076,False,6.89,-5.780237120199999,0.5814166786488147,28.41911520561562,21.692079592511384,27.556018937799998,2026-08-20 00:00:00,True,璞泰来,22.45,22.72,22.85,-1.19,23.07,22.33,363620000.0,0.75,17.47,481.37,481.37,2.25,2026-09-04,20260904161456,https://qt.gtimg.cn/q=sh603659,17.468778820574848,False,False,,True,46.48,111,,,,,,,,,,,,,,,,,,,,
601857,中国石油,炼化及贸易,15274.91,5.342681243926806,1039.34,1055.33,23.73141678000281,2512.81,2.417697769738488,1.015384763407547,47.40330319980912,556.02,False,6.3,0.8738228789000004,0.38882679864774067,-8.891951718665158,21.873956487118228,1760.65,2026-08-31 00:00:00,True,中国石油,11.17,11.21,11.2,-0.36,11.35,11.13,1026530000.0,0.06,11.61,18086.7,20443.44,1.25,2026-09-04,20260904161450,https://qt.gtimg.cn/q=sh601857,11.611302643909918,False,False,,True,46.39,112,,,,,,,,,,,,,,,,,,,,
000589,贵州轮胎,汽车零部件,57.388053810500004,10.507177694650082,3.5846941941000003,3.6097458716000004,48.873311019750474,6.2827033124,1.7526469406346061,1.0069885117512205,-2.2889368257070997,1.7825598723000002,False,3.91,3.5807756295999997,0.5137665797377148,11.6248903958313,11.734692037114192,7.2993923799000004,2026-08-29 00:00:00,True,贵州轮胎,4.35,4.34,4.36,0.23,4.4,4.34,85880000.0,1.27,9.26,67.17,67.62,0.73,2026-09-04,20260904161415,https://qt.gtimg.cn/q=sz000589,9.263784775593386,False,False,,True,46.13,113,,,,,,,,,,,,,,,,,,,,
601975,招商南油,航运港口,33.0854101676,19.366696485716272,8.1203983916,7.3186649261,29.272224305553873,9.421437634,1.1602186468764681,0.901269195569353,33.13179757439364,3.8017912128999996,False,6.78,3.6536609596,0.10724004083147662,7.573003797810407,19.737883741340887,15.533331528200002,2026-08-28 00:00:00,True,招商南油,4.48,4.28,4.4,4.67,4.57,4.35,1339770000.0,6.39,13.5,209.68,209.68,1.72,2026-09-04,20260904161457,https://qt.gtimg.cn/q=sh601975,13.498714015041541,False,True,,True,45.96,114,,,,,,,,,,,,,,,,,,,,
603530,神马电力,电网设备,8.9452039515,26.97570954159667,2.147933938,2.0934483040000003,32.235573472719125,2.5255174987999998,1.1757891870508728,0.9746334684526038,26.55306371393731,1.1651880578000002,False,11.46,2.9548782414999977,0.3572753192288876,34.313681286636054,-11.443081281140588,4.861884792600001,2026-08-13 00:00:00,True,神马电力,49.0,49.17,48.93,-0.35,50.49,48.65,281340000.0,1.33,43.48,209.46,211.39,11.66,2026-09-04,20260904161455,https://qt.gtimg.cn/q=sh603530,43.47902285174357,False,False,,True,45.94,115,,,,,,,,,,,,,,,,,,,,
000526,学大教育,教育,21.6250831102,12.872972747274524,3.0053813645,3.0317507127999996,43.37339060030337,2.898920523,0.9645765949181921,1.008774043990383,34.61035236671657,2.0986757298,False,27.62,1.157438012500002,0.6886249579594486,-6.257365809292792,-6.09546673351341,2.6595539728,2026-08-18 00:00:00,True,学大教育,37.14,36.36,36.36,2.15,37.84,36.18,123470000.0,2.72,17.02,45.12,45.26,3.66,2026-09-04,20260904161454,https://qt.gtimg.cn/q=sz000526,17.017891143735618,False,False,,True,45.27,116,,,,,,,,,,,,,,,,,,,,
600867,通化东宝,生物制品,15.528321008499999,11.126940214645487,2.9570271666,2.960552013,35.552429352813064,5.3298999944,1.8024521568830687,1.0011920236783123,59.071035656076766,1.6890325986,False,4.07,0.404876003499993,0.12954298298275846,1.624286351967008,-9.761848640071257,12.994105152000001,2026-08-25 00:00:00,True,通化东宝,8.02,8.06,8.09,-0.5,8.12,8.01,103610000.0,0.66,12.09,157.08,157.08,2.3,2026-09-04,20260904161457,https://qt.gtimg.cn/q=sh600867,12.08855847805902,False,False,,True,45.1,117,,,,,,,,,,,,,,,,,,,,
603027,千禾味业,调味发酵品Ⅱ,14.0116277875,6.34558621263277,2.0080992702000002,2.0018717454,16.907337882736684,4.5046517977,2.243241588973513,0.9968987963431808,313.02569031596346,0.5266642042000002,False,5.79,2.869137406,0.12806159576700338,12.19754464317897,-1.058638839717596,3.7504799497000003,2026-08-29 00:00:00,True,千禾味业,7.5,7.35,7.36,2.04,7.56,7.35,149520000.0,1.5,26.61,99.81,99.81,3.01,2026-09-04,20260904161450,https://qt.gtimg.cn/q=sh603027,26.612593944938638,False,False,,True,44.33,118,,,,,,,,,,,,,,,,,,,,
002284,亚太股份,汽车零部件,27.594162641100002,6.064345349849742,2.6819871789,2.4564908679,34.54487566847493,3.8294695164999997,1.4278478087544895,0.9159219280487069,25.582129031660152,1.2610048022,False,7.7,1.7467683384000026,0.5556910507271505,5.482009103556251,4.638363194638084,5.5772763442999995,2026-08-18 00:00:00,True,亚太股份,10.25,10.7,10.69,-4.21,10.8,10.15,568870000.0,7.45,13.58,75.05,75.76,2.13,2026-09-04,20260904161430,https://qt.gtimg.cn/q=sz002284,13.583691272071725,False,False,,True,43.86,119,,,,,,,,,,,,,,,,,,,,
600482,中国动力,其他电源设备Ⅱ,308.4209940447,11.54162061805788,13.1209313308,12.6705810078,46.45422391378893,68.3305080093,5.207748313483004,0.9656769545052911,38.28027573781723,7.240885059199999,False,3.21,2.0442223360000007,0.5554098059782311,-15.225199761057251,0.3192838201135473,16.937553697200002,2026-08-31 00:00:00,True,中国动力,32.98,32.68,32.95,0.92,33.73,32.58,842430000.0,1.12,44.17,748.07,748.07,1.82,2026-09-04,20260904161440,https://qt.gtimg.cn/q=sh600482,44.16635444371555,False,False,,True,43.45,120,,,,,,,,,,,,,,,,,,,,
600301,华锡有色,小金属,30.3899152854,9.026628461020891,5.3387386728,5.1780115819,38.49820768442018,5.748051794299999,1.0766685066615798,0.9698941827366682,54.087121457104146,3.5198061646,False,10.53,6.579350302999998,0.2952512764304895,-29.876532929828915,28.89196687726596,9.5277778905,2026-08-18 00:00:00,True,华锡有色,44.97,45.27,45.88,-0.66,46.65,44.66,371810000.0,2.95,29.86,123.82,284.47,5.59,2026-09-04,20260904161433,https://qt.gtimg.cn/q=sh600301,29.856909267757036,False,True,,True,43.26,121,,,,,,,,,,,,,,,,,,,,
002803,吉宏股份,互联网电商,37.358169892199996,15.533833033609534,1.5774748069,1.4836500722,30.976642191495497,3.024532062,1.9173251127501096,0.9405221976987505,44.75224604029009,0.8538484716,False,5.68,0.3513483170999976,0.41795985318079093,17.41875754963871,29.846276011031826,3.1643262798,2026-08-18 00:00:00,True,吉宏股份,20.81,20.77,20.88,0.19,21.19,20.63,266610000.0,4.27,30.11,61.92,95.29,3.44,2026-09-04,20260904161430,https://qt.gtimg.cn/q=sz002803,30.113835165576784,False,False,,True,42.74,122,,,,,,,,,,,,,,,,,,,,
300573,兴齐眼药,化学制药,14.0087395641,20.480115029869616,4.3040429336,4.3158942195,30.395599651045877,3.934466135,0.91413264126274,1.002753524089521,18.55668883745547,2.2399001887,False,19.99,1.6166020066000044,0.21151572101116323,12.407884329034168,17.419734796036913,7.914338348099999,2026-08-28 00:00:00,True,兴齐眼药,37.59,37.78,37.87,-0.5,38.15,37.47,134840000.0,1.31,16.86,102.24,133.41,6.47,2026-09-04,20260904161409,https://qt.gtimg.cn/q=sz300573,16.856747100283858,False,False,,True,42.73,123,,,,,,,,,,,,,,,,,,,,
002299,圣农发展,养殖业,107.8096404635,21.73069961069207,5.0249169556,5.2381459669,39.456662348893936,9.1350239722,1.8179452621638865,1.0424343353699344,-67.27746061363985,2.4957356444,False,4.4,1.1489736401999995,0.5191399525918703,12.486749268792341,7.396848995465555,9.7230054921,2026-08-21 00:00:00,True,圣农发展,17.27,16.38,16.29,5.43,17.34,16.25,418910000.0,2.02,22.07,210.45,214.63,1.87,2026-09-04,20260904161439,https://qt.gtimg.cn/q=sz002299,22.0744501455222,False,True,,True,42.4,124,,,,,,,,,,,,,,,,,,,,
920165,珈凯生物,化妆品,1.5113104055000002,23.75768815269115,0.3757164864,0.3609156986,38.54124129617242,0.4181590825,1.112964423005953,0.9606064989539942,24.718597905597072,0.18268328690000002,False,8.14,0.6573639077000024,0.09328968095753631,15.600840418499672,23.903679384616815,0.7482171546999999,2026-08-20 00:00:00,True,珈凯生物,37.47,39.2,38.38,-4.41,39.33,37.28,64347100.0,17.5,24.18,3.6,18.09,3.03,2026-09-04,20260904153514,https://qt.gtimg.cn/q=bj920165,24.17747292529432,False,False,,True,42.21,125,,,,,,,,,,,,,,,,,,,,
600295,鄂尔多斯,冶钢原料,125.2002659256,5.882032443332541,14.1571009209,13.3998435427,38.285884760616916,18.7463080559,1.324162917297919,0.9465104202879513,43.535374812479844,7.602452888499999,False,6.27,1.438405919000001,0.4360455427821197,-14.40641123210481,5.807017155356187,27.8981172055,2026-08-29 00:00:00,True,鄂尔多斯,14.71,13.89,13.98,5.9,14.88,13.8,337800000.0,1.19,14.76,290.61,411.7,1.92,2026-09-04,20260904161451,https://qt.gtimg.cn/q=sh600295,14.757268276112734,False,False,,True,42.15,126,,,,,,,,,,,,,,,,,,,,
920288,华大海天,造纸,2.9893512506,15.453843546268441,0.3525072016,0.34302012130000004,22.47358887374706,0.6763164415,1.9185890059274187,0.9730868468589042,34.387994158073695,0.21616745029999992,False,6.13,-0.2693003591000007,0.2644827886525196,19.2545083891976,-24.626406272852698,0.7677810948999999,2026-08-04 00:00:00,True,华大海天,18.9,19.36,19.36,-2.38,19.85,18.77,100880100.0,29.28,17.94,3.38,13.77,1.75,2026-09-04,20260904153514,https://qt.gtimg.cn/q=bj920288,17.934799504008993,False,True,,True,42.08,127,,,,,,,,,,,,,,,,,,,,
920946,森萱医药,化学制药,3.2119474075,23.16665204767945,0.9038258658,0.8910588647,34.616154052824854,1.1364235651,1.2573479119167736,0.9858744902274957,11.43874495089834,0.43335846059999994,False,6.95,2.182427027700001,0.06666443910656802,24.282005251066742,-23.77521140950334,1.5394707263999998,2026-08-26 00:00:00,True,森萱医药,10.26,10.11,10.2,1.48,10.4,10.07,66113600.0,1.51,28.45,43.79,43.8,3.4,2026-09-04,20260904153502,https://qt.gtimg.cn/q=bj920946,28.451336715200043,False,False,,True,41.49,128,,,,,,,,,,,,,,,,,,,,
600315,上海家化,化妆品,37.9092598405,8.986715144298717,3.8097452805,3.5173136338,58.92413206525404,3.9692542445,1.0418686689675656,0.9232411552035257,226.67495994036204,1.5884022397,False,5.41,2.9523693217000044,0.3398483550203655,-7.497247392514794,6.061858057433667,3.8279779262,2026-08-20 00:00:00,True,上海家化,18.62,17.98,18.04,3.56,18.67,17.98,226970000.0,1.83,32.7,125.17,125.17,1.77,2026-09-04,20260904161449,https://qt.gtimg.cn/q=sh600315,32.698725649198074,False,False,,True,40.82,129,,,,,,,,,,,,,,,,,,,,
600572,康恩贝,中药Ⅱ,37.0126675565,10.210977596335113,3.7777017284,4.2515981081,43.378005369165166,5.407547178500001,1.4314383631315175,1.1254456846440106,9.200504540253052,1.7932031511999997,False,5.26,3.0731609923000036,0.29371745569920504,6.716505555554053,-4.355296964922905,4.9852546685,2026-08-26 00:00:00,True,康恩贝,4.39,4.41,4.41,-0.45,4.45,4.36,172430000.0,1.54,22.35,111.15,111.44,1.58,2026-09-04,20260904161443,https://qt.gtimg.cn/q=sh600572,22.35392320158659,False,False,,True,40.45,130,,,,,,,,,,,,,,,,,,,,
600179,安通控股,航运港口,46.145827978,5.250700432132249,6.5627968142999995,5.515621170499999,15.93354884699556,12.5285806068,1.9090307015906485,0.8404375949110207,48.672204090395724,4.024646820499999,False,5.39,2.2937231089,0.24358074704651111,28.664325855105076,2.2781211604216534,12.301171781999997,2026-08-25 00:00:00,True,安通控股,4.62,4.61,4.63,0.22,4.67,4.6,180950000.0,1.01,15.89,178.44,195.5,1.56,2026-09-04,20260904161449,https://qt.gtimg.cn/q=sh600179,15.892794886912347,False,True,,True,40.28,131,,,,,,,,,,,,,,,,,,,,
301087,可孚医疗,医疗器械,20.7184799136,38.51436397678931,2.0226377419,1.7259764733,26.733907434579063,2.6241131569,1.2973717945335053,0.8533295100479407,25.35423413457314,0.9522207050999999,False,4.0,3.398087769900002,0.25407270613762317,-1.748318483721767,18.13557426003665,4.0648486182,2026-08-29 00:00:00,True,可孚医疗,51.87,48.23,48.43,7.55,52.77,48.1,211970000.0,2.14,30.1,100.62,122.36,2.21,2026-09-04,20260904161451,https://qt.gtimg.cn/q=sz301087,30.10198201530653,False,False,,True,40.24,132,,,,,,,,,,,,,,,,,,,,
002245,蔚蓝锂芯,电池,48.575089327,30.348221027337765,5.109705952,5.0260727169,41.2484479892296,5.3977598784000005,1.0563738753474166,0.9836324759417389,64.68089671536015,3.1518048074,False,6.51,-0.5059176637,0.4119807581058449,28.851809367161074,33.785035980667445,8.884619686599999,2026-08-18 00:00:00,True,蔚蓝锂芯,16.86,17.26,17.43,-2.32,17.96,16.7,1159420000.0,4.16,32.45,271.29,288.33,3.62,2026-09-04,20260904161500,https://qt.gtimg.cn/q=sz002245,32.45271155892765,False,False,,True,40.18,133,,,,,,,,,,,,,,,,,,,,
600378,昊华科技,化学制品,96.89886634690001,24.866364802767627,9.009303219400001,8.860028309199999,43.09098870915293,12.337191647000001,1.36938355237439,0.9834310260666371,28.95638899740036,5.9291102588000015,False,4.84,0.9980492392000002,0.4213261929047847,-5.027139458742813,23.187978498222318,17.0087946521,2026-08-27 00:00:00,True,昊华科技,45.75,48.63,49.15,-5.92,50.1,45.4,3693770000.0,7.3,34.7,490.7,590.17,3.16,2026-09-04,20260904161431,https://qt.gtimg.cn/q=sh600378,34.69793198585852,False,True,,True,40.18,134,,,,,,,,,,,,,,,,,,,,
603901,永创智能,专用设备,21.1576483226,11.250151745043645,1.4658922996000001,1.4376639169,88.45688776493226,1.6194096893,1.1047262406261977,0.9807432082781915,84.55748394329035,0.7529363389000001,False,4.63,0.34202975239999844,0.5651502819682706,5.826353750583291,-1.23809459866987,2.0235167113,2026-08-28 00:00:00,True,永创智能,9.88,10.01,10.12,-1.3,10.23,9.83,94720000.0,1.65,28.16,56.21,56.98,1.59,2026-09-04,20260904161440,https://qt.gtimg.cn/q=sh603901,28.15889766652504,False,False,,True,39.67,135,,,,,,,,,,,,,,,,,,,,
002562,兄弟科技,化学制品,20.612978548900003,13.81998979821133,0.9803061114,0.8956655582999999,43.23644198679533,2.3478899443,2.39505794873289,0.9136590580067662,43.94169075886359,0.628059338,False,2.62,1.0177452170000016,0.40781898490818974,11.941085222467397,0.7304256071068993,1.285950654,2026-08-29 00:00:00,True,兄弟科技,4.97,4.87,4.88,2.05,5.06,4.85,176370000.0,4.34,44.17,40.43,56.8,1.56,2026-09-04,20260904161454,https://qt.gtimg.cn/q=sz002562,44.16965753959638,False,True,,True,39.55,136,,,,,,,,,,,,,,,,,,,,
603697,有友食品,休闲食品,10.337136192000001,34.08245171385169,1.2411943878,1.0670532804000001,15.002999665735107,1.9733692165999999,1.5898953749684364,0.8596987634558494,0.33289990993656815,0.583448147,False,6.82,-4.487043589900001,0.2867580268028939,39.28645630202505,-14.361733355693286,2.0120303818000003,2026-08-15 00:00:00,True,有友食品,9.93,9.63,9.6,3.12,10.03,9.59,78480000.0,1.85,21.11,42.47,42.47,2.34,2026-09-04,20260904161446,https://qt.gtimg.cn/q=sh603697,21.108031163031214,False,False,,True,38.55,137,,,,,,,,,,,,,,,,,,,,
605599,菜百股份,饰品,210.42253790740003,38.001451721012145,4.3677923485,4.813914022,21.716382406942934,4.0108604406,0.9182809347558433,1.1021389383708244,-72.36647880569218,0.3841621873000002,False,9.19,-1.0650520122999998,0.49511120952019394,-35.220834065492525,19.426519625358086,11.1115801976,2026-08-26 00:00:00,True,菜百股份,14.9,14.82,14.99,0.54,15.2,14.81,87700000.0,0.75,10.43,115.89,115.89,2.62,2026-09-04,20260904161454,https://qt.gtimg.cn/q=sh605599,10.429659682880315,False,False,,True,38.51,138,,,,,,,,,,,,,,,,,,,,
601038,一拖股份,专用设备,78.8632120298,13.838358080228264,7.8228791586,8.5346145156,23.38927213126032,10.6089293674,1.3561412815302387,1.0909812541610797,-8.249713856938701,2.1977562487999998,False,9.76,0.5742295187999993,0.4917321888688263,29.837233836627842,-3.1226071019945234,8.2520593454,2026-08-26 00:00:00,True,一拖股份,14.59,14.69,14.69,-0.68,14.81,14.5,113560000.0,1.06,19.87,106.76,163.94,1.99,2026-09-04,20260904161444,https://qt.gtimg.cn/q=sh601038,19.866556108977353,False,False,,True,38.41,139,,,,,,,,,,,,,,,,,,,,
601330,绿色动力,环境治理,18.7665411071,11.448614418339709,4.645868962200001,4.6320968778,23.263655087134527,7.0540109241,1.5183404830169058,0.9970356278853205,34.21787782167161,2.5805987594000004,False,5.46,0.41891041430000087,0.6025479984987463,5.632904447951104,6.987283386320353,7.0485520145,2026-08-29 00:00:00,True,绿色动力,7.92,7.9,7.9,0.25,8.0,7.79,156410000.0,2.0,16.07,78.34,113.29,1.38,2026-09-04,20260904161440,https://qt.gtimg.cn/q=sh601330,16.072804707540545,False,False,,True,37.98,140,,,,,,,,,,,,,,,,,,,,
000338,潍柴动力,汽车零部件,1231.6296522785,8.847564221031124,77.0126542395,61.188890763100005,18.85564871533514,113.49444379450001,1.4737116246058222,0.7945303452704018,57.38066598077292,46.1580145575,False,8.0,-0.7156879491000012,0.6448880194430439,2.3761191356939104,7.424927468202114,129.8831688607,2026-08-28 00:00:00,True,潍柴动力,26.85,26.18,26.87,2.56,27.56,26.66,2669320000.0,1.99,17.86,1330.79,2319.9,2.42,2026-09-04,20260904161442,https://qt.gtimg.cn/q=sz000338,17.861436707693034,False,False,,True,37.92,141,,,,,,,,,,,,,,,,,,,,
002757,南兴股份,专用设备,18.0334491345,12.146529242723458,0.7895632311,0.7140658403,26.325201586710676,1.8917773488,2.3959795419607146,0.9043808173604806,114.03231275822021,0.35530146420000003,False,3.86,-0.12024071000000092,0.4555236197805985,36.38071670207501,18.08197388021089,1.3917637198,2026-08-29 00:00:00,True,南兴股份,18.09,18.05,18.5,0.22,19.13,17.88,761090000.0,14.45,38.4,51.41,53.45,2.61,2026-09-04,20260904161424,https://qt.gtimg.cn/q=sz002757,38.40450734531355,False,False,,True,37.92,142,,,,,,,,,,,,,,,,,,,,
002145,钛能化学,化学原料,45.5733621966,20.88912443653004,4.197527722699999,3.6406541722,65.19852617371637,3.553659248,0.8466076897555687,0.8673329666202184,152.4527725380858,3.1586689324,False,3.43,1.9950059518999996,0.3781146779928174,33.13694304480907,27.702747409636984,5.173574842000001,2026-08-05 00:00:00,True,钛能化学,4.28,4.31,4.31,-0.7,4.35,4.27,169090000.0,1.03,31.49,162.92,162.93,1.24,2026-09-04,20260904161457,https://qt.gtimg.cn/q=sz002145,31.49273084392349,False,True,,True,37.53,143,,,,,,,,,,,,,,,,,,,,
688617,惠泰医疗,医疗器械,15.263517457699999,25.749347161027902,5.373191198,5.2877150505,28.711008391631765,5.492851829,1.0222699372850421,0.9840921075855601,27.218413177060484,3.0788038268999993,False,15.96,-0.5315246803999969,0.13787261361137695,-13.022165567808742,11.727879181779688,9.3279472102,2026-08-20 00:00:00,True,惠泰医疗,251.41,244.04,244.04,3.02,253.78,244.01,374300000.0,1.06,38.15,355.82,355.82,11.53,2026-09-04,20260904161440,https://qt.gtimg.cn/q=sh688617,38.14558465885346,False,False,,True,37.41,144,,,,,,,,,,,,,,,,,,,,
300833,浩洋股份,专用设备,5.829953077000001,11.761393495170758,0.9036216491,0.8644053079999999,18.812638889553313,1.3364039586,1.4789419442651113,0.9566009279004557,99.20650946287184,0.48786763089999996,False,3.65,6.1696081702,0.09686384213891609,20.524087602107667,-6.661967771061139,1.8467163004000002,2026-08-28 00:00:00,True,浩洋股份,40.76,40.98,40.97,-0.54,41.65,40.72,40950000.0,1.22,27.92,33.12,51.56,2.11,2026-09-04,20260904161439,https://qt.gtimg.cn/q=sz300833,27.919827202928822,False,False,,True,37.34,145,,,,,,,,,,,,,,,,,,,,
002430,杭氧股份,化学制品,86.92254900799999,18.629686183007443,5.6324376637,5.3468309289,15.862892201674605,11.8885016031,2.1107204931390813,0.9492925174049095,17.79616195261784,2.9813768703999997,False,5.62,0.30565930299999877,0.529243571576001,23.03842986504778,-19.966519786615645,10.3292554052,2026-08-28 00:00:00,True,杭氧股份,27.29,27.67,27.67,-1.37,28.39,27.19,661270000.0,2.44,25.85,266.88,266.99,2.65,2026-09-04,20260904161500,https://qt.gtimg.cn/q=sz002430,25.84794252116089,False,True,,True,36.74,146,,,,,,,,,,,,,,,,,,,,
600299,安迪苏,化学制品,97.07078578,14.039016372924129,9.04848549,9.12659587,22.930613627307707,11.99704896,1.32586265107665,1.0086324258447807,117.62954541760652,5.99336682,False,4.55,-0.029303572199999905,0.308291867241396,11.376589181950681,3.5764623304931797,13.19197247,2026-08-31 00:00:00,True,安迪苏,8.57,8.32,8.34,3.0,8.77,8.33,468010000.0,1.78,20.01,263.94,263.94,1.34,2026-09-04,20260904161445,https://qt.gtimg.cn/q=sh600299,20.007622105051286,False,True,,True,36.69,147,,,,,,,,,,,,,,,,,,,,
002946,新乳业,饮料乳品,58.1294173658,5.199542918570965,4.6489091523,4.75674792,15.813077226254556,7.5083248756,1.6150724029281864,1.0231965745440836,5.782428728220346,2.7849880953,False,11.84,-0.2838414805999996,0.563157071717346,2.4930108312073207,-0.6500961612752043,7.9952391525,2026-08-27 00:00:00,True,新乳业,15.58,15.2,15.18,2.5,15.7,15.12,104300000.0,0.79,16.77,132.54,134.09,3.79,2026-09-04,20260904161427,https://qt.gtimg.cn/q=sz002946,16.77123065894432,False,False,,True,36.01,148,,,,,,,,,,,,,,,,,,,,
002516,旷达科技,汽车零部件,12.1343312428,13.817615733193488,1.1197375170000001,1.0538750391,46.571505232209695,1.6808214062,1.5010851924505089,0.9411804312170777,74.60546681344194,0.57272246,False,2.95,-0.29807464780000004,0.16970829278962457,-17.14738301614629,-6.9607960742282255,2.1937716408999997,2026-08-28 00:00:00,True,旷达科技,5.41,5.5,5.57,-1.64,5.6,5.38,88810000.0,1.1,36.27,79.01,79.57,2.11,2026-09-04,20260904161430,https://qt.gtimg.cn/q=sz002516,36.270867266456335,False,False,,True,35.7,149,,,,,,,,,,,,,,,,,,,,
601008,连云港,航运港口,12.9671781159,5.309316205406311,0.7565761539,0.6748718723,30.53689434491538,6.1725800728,8.158570741334595,0.8920078551526762,36.25170722477418,0.4483700122,False,1.8,-0.12023039509999833,0.5774054353640783,-18.303221483260636,22.558773681345645,1.9057256787999999,2026-08-25 00:00:00,True,连云港,4.47,4.49,4.5,-0.45,4.53,4.43,67150000.0,1.21,29.1,55.46,55.46,1.32,2026-09-04,20260904161453,https://qt.gtimg.cn/q=sh601008,29.10177504399381,False,True,,True,35.3,150,,,,,,,,,,,,,,,,,,,,
002832,比音勒芬,服装家纺,26.0088795071,23.655535730750188,4.9050523866,4.7318701125,21.19865641697185,5.2223971967,1.0646975373732903,0.9646930836920085,25.923417595485333,1.0426456126000005,False,8.87,-0.04026749330000712,0.28683390027192573,17.67777485824009,25.443134072669118,6.269694633800001,2026-08-28 00:00:00,True,比音勒芬,26.6,25.94,26.0,2.54,27.48,26.0,344670000.0,3.31,24.21,102.93,151.81,2.8,2026-09-04,20260904161451,https://qt.gtimg.cn/q=sz002832,24.213300466276365,False,False,,True,35.22,151,,,,,,,,,,,,,,,,,,,,
300976,达瑞电子,消费电子,17.2603159083,22.85808352333232,1.6248798935,1.5076980163,22.978441103837778,2.2428074034,1.3802911909808797,0.9278827452608884,20.892893579586325,0.9051031534999999,False,4.43,4.219545175599997,0.19653449928302485,17.694640101571622,26.17140155217339,3.1255983677,2026-08-18 00:00:00,True,达瑞电子,58.96,59.67,60.27,-1.19,64.43,58.29,536550000.0,7.27,35.3,70.97,110.33,3.0,2026-09-04,20260904161433,https://qt.gtimg.cn/q=sz300976,35.298841060371856,False,False,,True,35.18,152,,,,,,,,,,,,,,,,,,,,
605060,联德股份,通用设备,7.3066823677,24.57326140428231,1.3923330703,1.369254864,28.457031706426015,1.7340006518000002,1.2453921326643362,0.9834247948337337,22.122038283917767,0.768854852,False,5.49,1.2227327454000019,0.161036115154732,30.62047678722535,10.63723125568643,2.5781022149,2026-08-21 00:00:00,True,联德股份,40.98,41.61,41.74,-1.51,43.54,40.53,133170000.0,1.33,38.24,97.89,98.59,3.92,2026-09-04,20260904161439,https://qt.gtimg.cn/q=sh605060,38.24130766817721,False,False,,True,35.18,153,,,,,,,,,,,,,,,,,,,,
000581,威孚高科,汽车零部件,65.7706041392,14.176778335450635,8.364158724500001,8.6273892084,31.647036598174203,9.3520625136,1.1181115545077196,1.0314712444574916,32.98997872820455,4.6208224401,False,4.2,0.4994082385000027,0.32087988065860357,16.688428197477066,25.934013194013318,12.0271306175,2026-08-26 00:00:00,True,威孚高科,18.09,18.1,18.15,-0.06,18.24,18.02,103830000.0,0.72,14.54,143.61,174.89,0.87,2026-09-04,20260904161427,https://qt.gtimg.cn/q=sz000581,14.541290484159822,False,False,,True,34.89,154,,,,,,,,,,,,,,,,,,,,
002033,丽江股份,旅游及景区,4.1904513880000005,10.945528487809275,1.3273800847,1.3133997243000002,36.661537126368856,1.3830486278999998,1.041938660856571,0.9894677036659326,10.102841233930327,0.6609985554,False,5.12,5.974595903899996,0.0675496668614602,-14.0888270666382,10.132689076404366,2.5171248675999998,2026-08-11 00:00:00,True,丽江股份,9.14,9.19,9.19,-0.54,9.32,9.05,326590000.0,6.45,19.95,50.22,50.22,2.01,2026-09-04,20260904161409,https://qt.gtimg.cn/q=sz002033,19.951334415873937,False,False,,True,34.89,155,,,,,,,,,,,,,,,,,,,,
603928,兴业股份,塑料,9.2736417076,21.089785520990944,0.6452670991,0.6419194752,52.805851441682236,0.7281986004000001,1.1285227488208691,0.9948120338001595,1.8129541876470423,0.32717100979999997,False,4.01,2.4375315164,0.2406691038139035,15.839377578361379,27.429005661045224,1.2091528697999998,2026-08-26 00:00:00,True,兴业股份,11.35,11.59,11.7,-2.07,11.86,11.26,87020000.0,2.21,31.98,38.67,38.67,2.39,2026-09-04,20260904161446,https://qt.gtimg.cn/q=sh603928,31.98106787473136,False,False,,True,34.88,156,,,,,,,,,,,,,,,,,,,,
600982,宁波能源,电力,20.8477144555,11.270076253476734,1.5861986911000001,1.8577018725999999,18.633233081025512,3.0415040006,1.9174798325490812,1.1711659346482737,-12.37996508254916,0.8610178696,False,3.2,2.248528836200002,0.6317461591941476,-0.2639148446856088,11.981922985238214,3.6599090472,2026-08-31 00:00:00,True,宁波能源,4.88,4.9,4.89,-0.41,4.97,4.87,86930000.0,1.58,14.9,54.54,54.54,1.23,2026-09-04,20260904161437,https://qt.gtimg.cn/q=sh600982,14.902009666531365,False,False,,True,34.31,157,,,,,,,,,,,,,,,,,,,,
002850,科达利,电池,92.0847664642,38.584142276980124,9.4301860591,9.1712583066,27.354962681835925,8.380304553,0.888667996631214,0.9725426676761973,26.12686790719343,4.8188325142999995,False,6.84,-2.150095426,0.3867638512953304,30.347328771196725,32.276205994156456,19.3767563321,2026-08-15 00:00:00,True,科达利,172.3,174.63,174.6,-1.33,176.0,171.25,438260000.0,1.2,25.46,361.25,493.35,3.26,2026-09-04,20260904161457,https://qt.gtimg.cn/q=sz002850,25.460917789563393,False,False,,True,34.24,158,,,,,,,,,,,,,,,,,,,,
300453,三鑫医疗,医疗器械,8.3672259937,9.978159378576844,1.3211586137,1.2160921846,17.80416736773398,1.554948403,1.1769581539079965,0.9204740233227909,3.8552579457447944,0.6375921951000001,False,8.65,1.3754446368999993,0.36432780452506247,-4.051669721724238,32.57029376401979,2.8193552871000005,2026-08-25 00:00:00,True,三鑫医疗,9.17,9.26,9.29,-0.97,9.38,9.15,63270000.0,1.87,16.98,33.56,47.88,3.21,2026-09-04,20260904161427,https://qt.gtimg.cn/q=sz300453,16.98260599473774,False,False,,True,34.09,159,,,,,,,,,,,,,,,,,,,,
603210,泰鸿万立,汽车零部件,11.1347030479,20.94707860211027,1.0780448806,1.0841159298,15.757660517989414,1.8482541361000002,1.714450083999592,1.0056315365985702,2.9024837783244495,0.5167245921,False,5.57,-3.0369057915000006,0.36274517112554344,22.045860589908518,29.368358815769604,2.1425159384,2026-08-26 00:00:00,True,泰鸿万立,13.56,13.66,13.67,-0.73,13.82,13.45,45500000.0,1.43,21.54,31.55,46.16,2.37,2026-09-04,20260904161500,https://qt.gtimg.cn/q=sh603210,21.54476387908303,False,False,,True,33.53,160,,,,,,,,,,,,,,,,,,,,
600980,北矿科技,专用设备,6.573949992899999,19.00134023073088,0.6825987112999999,0.637302866,42.179757093311125,0.5804187083,0.8503073602272123,0.9336420585767959,35.04251765385806,0.4531183899,False,4.52,2.6809815331000024,0.5378146624043448,19.448580056902507,17.188096048660697,1.3850752373999997,2026-08-21 00:00:00,True,北矿科技,19.28,19.54,19.52,-1.33,19.7,19.18,37000000.0,1.0,26.9,36.49,37.26,2.43,2026-09-04,20260904161457,https://qt.gtimg.cn/q=sh600980,26.901065728344676,False,False,,True,33.25,161,,,,,,,,,,,,,,,,,,,,
600573,惠泉啤酒,非白酒,3.6926048482,5.112556982992356,0.48777324520000004,0.4630110261,20.57509860222917,0.9953963438,2.040694838422023,0.9492341588152362,21.946253072782305,0.40552869230000005,False,3.53,5.156303640099999,0.20783501192862877,-62.05286435459381,26.58123518069868,0.8919611422999999,2026-08-19 00:00:00,True,惠泉啤酒,10.16,9.97,10.0,1.91,10.27,9.96,63550000.0,2.5,28.48,25.4,25.4,1.84,2026-09-04,20260904161442,https://qt.gtimg.cn/q=sh600573,28.476576832151988,False,False,,True,32.87,162,,,,,,,,,,,,,,,,,,,,
603193,润本股份,个护用品,10.5386867936,17.736541440444075,2.2509048836,2.1691437686,22.578433353003735,1.8858879804,0.8378354830275156,0.9636763349727889,20.322501919647063,1.7245505378000003,False,9.72,2.510046085100001,0.08200098639977083,18.683109128805107,21.979039351505246,3.5206739794999997,2026-08-21 00:00:00,True,润本股份,21.84,20.9,21.03,4.5,22.0,20.81,112490000.0,5.03,25.1,22.57,88.36,3.77,2026-09-04,20260904161459,https://qt.gtimg.cn/q=sh603193,25.09746727885004,False,False,,True,32.79,163,,,,,,,,,,,,,,,,,,,,
688219,会通股份,塑料,36.2978274624,20.150810344134264,1.0721717606999999,1.0356350429999999,16.437833573513494,3.0298538297000004,2.8259034053665695,0.9659227009708352,-6.127277074434446,0.5212503423999999,False,3.53,-0.4204272850000006,0.5793152345564148,11.956924194488039,48.43944870388206,1.9688726852999998,2026-08-22 00:00:00,True,会通股份,10.56,10.51,10.55,0.48,10.88,10.52,64450000.0,1.1,29.43,57.94,57.94,1.92,2026-09-04,20260904161442,https://qt.gtimg.cn/q=sh688219,29.42800742404103,False,False,,True,32.35,164,,,,,,,,,,,,,,,,,,,,
601000,唐山港,航运港口,29.865334882600003,15.183123683940035,10.0840792309,10.0601195921,15.196641039451354,11.0523947526,1.0960241881809945,0.9976240132339914,6.784137822812708,5.3754011786,False,4.63,4.568759553699998,0.08876050702926158,19.50291748818156,9.49704975291501,21.2197761395,2026-08-27 00:00:00,True,唐山港,4.69,4.64,4.64,1.08,4.71,4.63,170160000.0,0.61,13.1,277.93,277.93,1.3,2026-09-04,20260904161448,https://qt.gtimg.cn/q=sh601000,13.097687655744933,False,True,,True,32.31,165,,,,,,,,,,,,,,,,,,,,
300445,康斯特,通用设备,2.9263932813999998,18.794880277480196,0.7501261975,0.7131084847,40.826521809536345,0.7507878031,1.0008819923930201,0.9506513531678115,29.0852970634764,0.41239125670000004,False,5.7,0.44879920680000396,0.08068828065480352,10.914044929143142,5.623541658725362,1.2530408507000002,2026-08-25 00:00:00,True,康斯特,18.2,18.55,18.64,-1.89,18.9,18.16,47010000.0,1.81,30.85,25.4,38.66,2.9,2026-09-04,20260904161400,https://qt.gtimg.cn/q=sz300445,30.85294464135222,False,False,,True,32.3,166,,,,,,,,,,,,,,,,,,,,
603043,广州酒家,休闲食品,21.784950874099998,9.391303376482462,0.308307909,0.4411048129,25.59998785574409,0.5843115602000001,1.8952207943520516,1.4307281779787233,,-0.2192313715,True,0.8,1.0849889517000015,0.4021346342121997,-4.151118952328236,10.327515874405035,4.7971083993,2026-08-28 00:00:00,True,广州酒家,13.92,13.62,13.62,2.2,14.08,13.59,80980000.0,1.04,16.41,78.29,78.74,2.11,2026-09-04,20260904161500,https://qt.gtimg.cn/q=sh603043,16.41405476922094,False,False,,True,32.13,167,,,,,,,,,,,,,,,,,,,,
603006,联明股份,汽车零部件,4.3256759907,16.149490500230556,0.4399268335,0.37888694310000004,41.24968272761016,0.5113323443,1.1623122423151757,0.8612499039570406,-10.437524158890287,0.2192951851,False,3.23,2.8796470859000003,0.2365779857613499,23.910226803860567,-7.420620459316241,1.0132572312,2026-08-27 00:00:00,True,联明股份,10.8,10.87,10.95,-0.64,11.03,10.75,25730000.0,0.93,27.1,27.46,27.46,2.11,2026-09-04,20260904161450,https://qt.gtimg.cn/q=sh603006,27.100719495955765,False,False,,True,32.11,168,,,,,,,,,,,,,,,,,,,,
603190,亚通精工,汽车零部件,10.207846808400001,23.20747136365231,0.7131673922,0.7007474215999999,58.34037690938345,0.5738277843,0.8046186499495427,0.982584774996952,23.83600290990946,0.2138395151,False,3.2,1.0937576872999983,0.4934070689926766,10.982467872162903,22.386664293786886,1.2940611424000001,2026-08-28 00:00:00,True,亚通精工,16.61,16.59,16.63,0.12,17.2,16.53,29220000.0,1.04,22.38,27.9,28.96,1.29,2026-09-04,20260904161442,https://qt.gtimg.cn/q=sh603190,22.379158952481966,False,False,,True,32.07,169,,,,,,,,,,,,,,,,,,,,
000650,仁和药业,中药Ⅱ,20.9094102703,5.865528356720584,2.9194914028,2.5316396129,22.42538762238617,5.7242417949,1.9606982878627577,0.8671509052816452,20.183904105291983,1.5157436253999996,False,4.52,-0.6299176332000016,0.11846016314500427,-6.483361151914879,-13.819014225215998,3.9473099101,2026-08-26 00:00:00,True,仁和药业,5.38,5.37,5.37,0.19,5.43,5.35,80730000.0,1.12,19.08,71.63,75.32,1.2,2026-09-04,20260904161433,https://qt.gtimg.cn/q=sz000650,19.081349505210717,False,False,,True,31.91,170,,,,,,,,,,,,,,,,,,,,
301469,恒达新材,造纸,5.47578935,5.1558721064127955,0.5384800308,0.4913423133,72.74633077291432,0.4451288805,0.8266395317179884,0.9124615309689957,37.222987191373804,0.2882057052,False,3.82,3.1566269183000006,0.17798158243561513,3.473271576127246,16.465710816516086,0.9992774650999999,2026-08-19 00:00:00,True,恒达新材,28.37,28.46,28.46,-0.32,28.95,28.24,22370000.0,1.7,25.4,13.0,25.39,1.81,2026-09-04,20260904161424,https://qt.gtimg.cn/q=sz301469,25.40835842571429,False,True,,True,31.18,171,,,,,,,,,,,,,,,,,,,,
688073,毕得医药,医疗服务,6.8283740872,8.814099762300764,1.0330399681,0.8360220075,41.30680394273014,0.9162550894,0.8869502804283609,0.8092833126656641,32.2194666946759,0.5647485641000001,False,4.95,6.1732222902999965,0.17180496437237627,6.5167273994401365,9.866957586638625,1.8163758886,2026-08-28 00:00:00,True,毕得医药,58.59,59.8,60.12,-2.02,60.36,58.03,176350000.0,3.27,29.32,53.25,53.25,2.58,2026-09-04,20260904161438,https://qt.gtimg.cn/q=sh688073,29.316619062281905,False,False,,True,30.74,172,,,,,,,,,,,,,,,,,,,,
002568,百润股份,非白酒,16.5784491477,11.34097640896654,4.7888374422,4.533145450899999,27.288868944664447,4.4109812350999995,0.9210964640874482,0.9466066671950896,26.3496923342069,2.6244654593000005,False,9.3,0.32442449149999675,0.41403708542497863,-14.842056981743868,25.800593172406614,7.272269969300001,2026-08-05 00:00:00,True,百润股份,18.09,17.58,17.63,2.9,18.42,17.6,273200000.0,1.97,25.91,137.87,188.43,3.77,2026-09-04,20260904161500,https://qt.gtimg.cn/q=sz002568,25.910754248049116,False,False,,True,30.22,173,,,,,,,,,,,,,,,,,,,,
603156,养元饮品,饮料乳品,35.0034124261,41.974937552969664,8.5400485528,7.8444623049,25.033086054557472,6.9439571316999995,0.8131051116124282,0.918550082754279,-54.51646593605789,0.4630613053999996,False,9.17,-4.268270309600005,0.31300129738678445,68.93239929265211,51.06024712135675,13.6997132173,2026-08-22 00:00:00,True,养元饮品,40.43,40.91,41.98,-1.17,42.22,40.21,518260000.0,1.0,37.19,509.53,509.53,5.81,2026-09-04,20260904161438,https://qt.gtimg.cn/q=sh603156,37.19274936037095,False,False,,True,29.39,174,,,,,,,,,,,,,,,,,,,,
301289,国缆检测,专业服务,1.8981178932,12.383306028297891,0.5097919892,0.508487943,19.435037007404432,0.8061029904000001,1.581239029795253,0.9974420033511189,19.43716013743653,0.2574641265,False,4.95,0.6482726389999982,0.19527359724244303,14.577893758090465,-12.712521342650119,0.9446071253999999,2026-08-24 00:00:00,True,国缆检测,44.37,44.55,44.69,-0.4,45.33,44.2,40400000.0,1.16,36.64,34.39,34.61,3.36,2026-09-04,20260904161433,https://qt.gtimg.cn/q=sz301289,36.63957117128899,False,False,,True,28.63,175,,,,,,,,,,,,,,,,,,,,
300957,贝泰妮,化妆品,25.9164013146,9.26695338519865,2.9179681697000004,2.4625263686000003,34.84643608531754,3.9386277769999998,1.3497843526528033,0.8439181736698572,3.4402757009884155,2.2583110486,False,4.69,-1.3874798040999963,0.23801714328696627,-31.088580536128564,9.625709303871876,5.508556764300001,2026-08-25 00:00:00,True,贝泰妮,33.61,33.01,32.96,1.82,33.97,32.96,283780000.0,1.99,25.85,142.37,142.37,2.31,2026-09-04,20260904161400,https://qt.gtimg.cn/q=sz300957,25.845245150721734,False,False,,True,28.58,176,,,,,,,,,,,,,,,,,,,,
002942,新农股份,农化制品,6.3316339116,7.095921474228617,1.0219575884,0.9551646782,19.602806594358356,1.1943178018,1.1686569142950942,0.9346421896973508,14.769063369939772,0.5608656353,False,8.06,0.4191889529000008,0.2609104777848144,-13.126877602190213,2.2982373000524303,1.0701408768,2026-08-28 00:00:00,True,新农股份,17.97,18.04,17.65,-0.39,18.6,17.38,237650000.0,9.47,26.11,24.93,27.94,2.18,2026-09-04,20260904161415,https://qt.gtimg.cn/q=sz002942,26.108712045042033,False,False,,True,28.33,177,,,,,,,,,,,,,,,,,,,,
300224,正海磁材,金属新材料,34.5443619566,12.984690521995311,1.3675793124000002,1.286071025,29.725301466801834,1.4991787431999999,1.0962280063808896,0.9403995902387854,105.67972087933866,0.8970887528,False,2.64,0.42871019869999927,0.47492790636940874,22.99732839741191,35.47947433177383,3.3101316018,2026-08-28 00:00:00,True,正海磁材,11.71,11.84,11.92,-1.1,12.15,11.64,208260000.0,1.89,32.92,108.55,108.99,2.14,2026-09-04,20260904161412,https://qt.gtimg.cn/q=sz300224,32.926183339880765,False,False,,True,28.31,178,,,,,,,,,,,,,,,,,,,,
301020,密封科技,汽车零部件,3.3552937631999997,14.17962197982423,0.59895001,0.5837839714,15.900511679965955,0.5799340293999999,0.9682511390224369,0.9746789575978135,23.74939231688238,0.2989981502,False,5.99,3.653843521699997,0.2664200128635618,29.35890826205856,3.9928282363586254,0.9743020591,2026-08-25 00:00:00,True,密封科技,20.97,21.15,21.41,-0.85,21.58,20.81,34590000.0,1.11,31.51,30.7,30.7,3.03,2026-09-04,20260904161412,https://qt.gtimg.cn/q=sz301020,31.509735315923237,False,False,,True,26.28,179,,,,,,,,,,,,,,,,,,,,
001328,登康口腔,个护用品,9.6105377163,14.163339772828243,1.0137813446,0.9183241534000001,32.364891781547996,0.8197865513,0.8086423721117664,0.9058404539514744,18.060948356800456,0.49588800169999997,False,6.52,0.0986186153999995,0.26387911467322867,39.61130005701905,-5.93070522893383,1.9730085081,2026-08-21 00:00:00,True,登康口腔,30.31,29.37,29.57,3.2,30.5,29.29,65730000.0,1.35,26.45,49.02,52.19,3.54,2026-09-04,20260904161436,https://qt.gtimg.cn/q=sz001328,26.45198932784065,False,False,,True,26.13,180,,,,,,,,,,,,,,,,,,,,
301222,浙江恒威,电池,3.5880073243,30.378491222144422,0.43857694880000003,0.4076829386,28.647306078782165,0.3611574721,0.823475727778605,0.9295585181014875,19.226510920430172,0.18071157360000004,False,2.99,1.958348044200001,0.07908318841649208,42.977108753274784,34.97432237706819,0.9122425940000001,2026-08-27 00:00:00,True,浙江恒威,24.37,24.23,24.32,0.58,24.91,24.08,37750000.0,1.44,37.49,25.98,34.2,2.4,2026-09-04,20260904161454,https://qt.gtimg.cn/q=sz301222,37.49002757045129,False,False,,True,25.07,181,,,,,,,,,,,,,,,,,,,,
603041,美思德,化学制品,3.5178389118,13.626265243913949,0.3760823239,0.32261789879999997,16.936995036070513,0.6001116304,1.5956921989228328,0.8578385058208262,14.719146312906695,0.2336065769,False,2.45,0.9506225875999981,0.15910385003244187,2.14274862904964,9.890865564156792,0.6181552744,2026-08-29 00:00:00,True,美思德,11.27,11.39,11.39,-1.05,11.53,11.19,24200000.0,1.16,33.39,20.64,20.64,1.35,2026-09-04,20260904161443,https://qt.gtimg.cn/q=sh603041,33.38966899543776,False,True,,True,24.98,182,,,,,,,,,,,,,,,,,,,,
600558,大西洋,通用设备,20.3008614879,6.339658901695477,1.0737730667,1.0581266582,28.409585551995974,1.2156919512,1.1321684151905167,0.9854285705376409,5.68701611583482,0.5165000698000001,False,4.53,-0.2968425456999988,0.21423978265889165,10.171256184328058,7.092216336367563,1.9973655245,2026-08-27 00:00:00,True,大西洋,4.8,4.82,4.84,-0.41,4.88,4.78,39170000.0,0.9,21.57,43.09,43.09,1.78,2026-09-04,20260904161446,https://qt.gtimg.cn/q=sh600558,21.57341731969,False,False,,True,23.9,183,,,,,,,,,,,,,,,,,,,,
603059,倍加洁,个护用品,8.7633957991,22.199929316015265,0.4811359986,0.4598382225,15.322581684521808,0.5009593334,1.0412011050049914,0.955734394927896,-8.347751358782041,0.2851285955,False,4.29,-1.0097734349000014,0.49722278031803785,17.893383478309865,21.12675768019736,1.1938706873,2026-08-26 00:00:00,True,倍加洁,25.02,24.68,24.73,1.38,25.4,24.73,25680000.0,1.02,21.09,25.13,25.17,2.24,2026-09-04,20260904161439,https://qt.gtimg.cn/q=sh603059,21.082685309012195,False,False,,True,22.48,184,,,,,,,,,,,,,,,,,,,,
300841,康华生物,生物制品,5.383536105499999,11.248710536307982,1.4114930038999998,1.3418150715000001,20.284421116186337,1.6149765374,1.1441619143260142,0.95063529737131,21.291412778226395,1.1378588291999998,False,3.92,-3.017671941399996,0.0898690065785351,2.3369842609509917,-27.399582873180083,2.4652665494,2026-08-18 00:00:00,True,康华生物,50.94,50.74,50.73,0.39,51.98,50.57,135740000.0,2.18,26.85,61.93,66.19,1.83,2026-09-04,20260904161448,https://qt.gtimg.cn/q=sz300841,26.84902369527117,False,False,,True,20.66,185,,,,,,,,,,,,,,,,,,,,
603915,国茂股份,通用设备,14.6076317774,13.272475342714296,1.3824404993000001,1.1613387691,23.94454572646787,1.4605637288999997,1.0565110973235792,0.8400641978356717,30.43209030737206,0.8322650111000002,False,3.63,-0.44543378790000077,0.31155391597637383,2.676580610849477,12.248012019732734,2.6643473501000003,2026-08-28 00:00:00,True,国茂股份,13.49,13.73,13.77,-1.75,13.93,13.44,70030000.0,0.78,33.82,88.58,90.1,2.36,2026-09-04,20260904161433,https://qt.gtimg.cn/q=sh603915,33.816912046628715,False,False,,True,20.31,186,,,,,,,,,,,,,,,,,,,,
002967,广电计量,专业服务,16.8568085506,14.032138159582065,1.2180480552,1.0416581195999999,24.833387208070377,1.2281812255,1.008319187618863,0.8551863903505537,13.386579330960524,1.0487383694999999,False,2.59,0.21075608049999772,0.34524652708120923,6.005261753446889,6.0789639929090145,4.4902611785,2026-08-21 00:00:00,True,广电计量,17.67,17.36,17.5,1.79,18.06,17.35,126130000.0,1.17,25.17,107.15,113.02,2.29,2026-09-04,20260904161427,https://qt.gtimg.cn/q=sz002967,25.170028091273533,False,False,,True,20.17,187,,,,,,,,,,,,,,,,,,,,
688571,杭华股份,化学制品,6.1610410999,7.885486795962415,0.4965324758,0.4734596232,15.850926503143302,0.6844313631000001,1.3784221505295546,0.9535320372291347,19.23219624920074,0.21674739889999997,False,2.94,-0.06713001059999968,0.2550385888739771,-0.20800089373338437,12.364482905709417,1.1164672489999998,2026-08-27 00:00:00,True,杭华股份,8.44,8.6,8.67,-1.86,8.74,8.34,55820000.0,1.54,32.07,35.8,35.8,2.15,2026-09-04,20260904161442,https://qt.gtimg.cn/q=sh688571,32.065427832357315,False,True,,True,18.69,188,,,,,,,,,,,,,,,,,,,,
