code,date,open,close,high,low,volume
300972,2026-01-09,203.163,208.373,208.463,200.433,18949.000
300972,2026-01-12,206.393,197.163,210.163,193.173,27537.000
300972,2026-01-13,197.063,193.663,200.013,191.363,21470.000
300972,2026-01-14,194.163,189.563,194.643,185.663,24718.000
300972,2026-01-15,189.563,192.843,194.313,189.173,19487.000
300972,2026-01-16,192.843,191.163,196.093,189.673,22662.000
300972,2026-01-19,189.163,199.093,201.663,189.163,37283.000
300972,2026-01-20,201.163,211.163,214.163,199.373,42201.000
300972,2026-01-21,209.043,208.903,211.153,199.743,35310.000
300972,2026-01-22,208.953,211.223,217.713,206.163,20488.000
300972,2026-01-23,211.203,218.663,221.903,209.163,27651.000
300972,2026-01-26,219.163,221.763,227.463,213.733,32207.000
300972,2026-01-27,225.163,227.283,229.663,218.173,31221.000
300972,2026-01-28,236.163,216.713,240.053,215.523,45801.000
300972,2026-01-29,208.813,202.413,212.063,200.663,37962.000
300972,2026-01-30,204.163,201.193,214.133,200.643,29806.000
300972,2026-02-02,201.003,193.613,203.653,190.713,28600.000
300972,2026-02-03,194.123,194.163,198.303,188.663,31807.000
300972,2026-02-04,194.163,208.463,211.683,191.163,36305.000
300972,2026-02-05,208.633,212.733,216.053,203.283,23899.000
300972,2026-02-06,211.573,206.763,214.513,205.423,21500.000
300972,2026-02-09,207.163,213.133,218.163,205.523,24142.000
300972,2026-02-10,213.053,211.573,213.063,206.563,13358.000
300972,2026-02-11,211.533,207.663,214.953,206.663,15360.000
300972,2026-02-12,207.363,205.353,212.453,204.403,13184.000
300972,2026-02-13,205.163,207.163,212.163,204.823,12317.000
300972,2026-02-24,208.983,205.163,215.443,204.773,18110.000
300972,2026-02-25,206.163,202.653,208.063,199.163,18377.000
300972,2026-02-26,203.123,208.253,209.333,199.673,19899.000
300972,2026-02-27,208.163,205.163,208.163,203.663,10856.000
300972,2026-03-02,203.163,201.643,207.143,201.163,21502.000
300972,2026-03-03,202.603,197.003,205.143,196.163,15323.000
300972,2026-03-04,197.083,192.013,198.143,191.343,15315.000
300972,2026-03-05,193.783,194.163,196.963,190.173,16647.000
300972,2026-03-06,194.603,200.973,202.663,193.043,14929.000
300972,2026-03-09,201.383,197.963,201.973,189.823,23510.000
300972,2026-03-10,197.133,198.903,200.653,196.173,14872.000
300972,2026-03-11,198.283,198.243,200.583,196.163,11010.000
300972,2026-03-12,197.933,193.463,202.143,192.213,10016.000
300972,2026-03-13,193.463,196.873,198.443,189.363,13235.000
300972,2026-03-16,198.963,199.663,203.163,193.263,15513.000
300972,2026-03-17,200.213,191.263,202.143,185.323,32276.000
300972,2026-03-18,195.723,194.253,199.023,189.183,38584.000
300972,2026-03-19,193.673,188.793,196.123,187.683,20991.000
300972,2026-03-20,190.483,190.663,194.743,188.183,16425.000
300972,2026-03-23,189.163,184.133,194.113,183.133,20864.000
300972,2026-03-24,188.113,183.823,188.163,180.663,13412.000
300972,2026-03-25,183.633,184.823,187.723,182.683,11811.000
300972,2026-03-26,184.813,182.833,188.933,181.313,11055.000
300972,2026-03-27,182.073,181.193,184.153,180.673,11171.000
300972,2026-03-30,180.133,183.213,183.403,177.523,13437.000
300972,2026-03-31,182.813,181.663,186.453,181.503,11177.000
300972,2026-04-01,184.223,193.633,194.843,181.723,17950.000
300972,2026-04-02,193.803,198.793,200.163,190.453,18822.000
300972,2026-04-03,199.663,195.003,199.923,193.373,8903.000
300972,2026-04-07,194.163,195.933,200.233,193.173,10461.000
300972,2026-04-08,198.163,198.913,199.963,195.173,11484.000
300972,2026-04-09,198.913,196.173,200.663,195.663,8147.000
300972,2026-04-10,200.823,203.463,207.163,198.743,11729.000
300972,2026-04-13,199.283,193.013,200.763,191.663,22217.000
300972,2026-04-14,191.943,194.013,194.883,190.163,10460.000
300972,2026-04-15,194.163,204.853,206.843,193.163,15860.000
300972,2026-04-16,204.843,209.663,212.463,202.793,20568.000
300972,2026-04-17,207.863,202.813,208.713,200.833,13579.000
300972,2026-04-20,202.803,205.543,209.863,201.473,16450.000
300972,2026-04-21,205.083,204.493,207.813,200.363,10289.000
300972,2026-04-22,204.493,208.143,208.683,201.163,10804.000
300972,2026-04-23,208.173,215.173,218.043,206.283,25709.000
300972,2026-04-24,214.523,207.173,214.713,204.263,15077.000
300972,2026-04-27,206.893,210.163,212.913,205.923,14173.000
300972,2026-04-28,210.193,202.973,210.203,200.783,17929.000
300972,2026-04-29,209.113,223.763,232.163,206.993,54823.000
300972,2026-04-30,223.043,225.973,233.693,218.263,29126.000
300972,2026-05-06,223.000,223.700,226.730,212.040,26290.000
300972,2026-05-07,223.710,227.840,229.680,222.790,18345.000
300972,2026-05-08,227.980,222.000,228.180,218.000,16391.000
300972,2026-05-11,221.190,227.940,233.330,218.160,19323.000
300972,2026-05-12,226.990,231.000,233.940,226.490,19279.000
300972,2026-05-13,228.690,226.990,233.110,223.760,15797.000
300972,2026-05-14,226.980,232.890,241.860,225.560,20351.000
300972,2026-05-15,230.990,227.750,235.290,226.050,16279.000
300972,2026-05-18,225.120,223.670,228.670,220.100,18422.000
300972,2026-05-19,223.640,222.000,224.160,218.200,17457.000
300972,2026-05-20,222.000,217.940,224.850,213.300,17873.000
300972,2026-05-21,216.730,213.740,221.580,213.500,15449.000
300972,2026-05-22,215.000,209.500,215.500,208.190,15296.000
300972,2026-05-25,208.990,206.750,209.970,202.000,22771.000
300972,2026-05-26,207.000,202.400,210.980,202.110,17673.000
300972,2026-05-27,195.700,190.000,198.880,182.490,56686.000
300972,2026-05-28,187.010,180.000,190.000,175.010,55283.000
300972,2026-05-29,179.520,181.690,187.870,178.890,34164.000
300972,2026-06-01,182.640,193.380,197.880,180.800,40087.000
300972,2026-06-02,193.390,191.670,197.980,189.530,29205.000
300972,2026-06-03,193.090,192.920,199.000,191.330,24079.000
300972,2026-06-04,192.090,190.000,197.430,188.590,22739.000
300972,2026-06-05,188.990,185.000,192.800,183.500,21318.000
300972,2026-06-08,184.000,180.800,187.000,178.200,21899.000
300972,2026-06-09,181.240,180.460,183.090,177.670,15010.000
300972,2026-06-10,181.000,181.600,184.330,179.200,14906.000
300972,2026-06-11,181.160,183.000,183.420,178.100,14142.000
300972,2026-06-12,183.910,191.600,192.000,181.810,23695.000
300972,2026-06-15,191.500,182.010,194.870,179.200,26652.000
300972,2026-06-16,181.000,179.400,182.530,177.350,21317.000
300972,2026-06-17,179.540,178.350,180.800,175.100,19390.000
300972,2026-06-18,178.340,175.050,181.010,174.900,19138.000
300972,2026-06-22,173.750,177.000,177.890,171.070,21695.000
300972,2026-06-23,176.000,174.920,179.260,174.030,14972.000
300972,2026-06-24,177.730,174.010,178.000,173.050,15677.000
300972,2026-06-25,174.000,171.000,176.000,169.010,17322.000
300972,2026-06-26,171.000,166.100,171.710,165.020,18764.000
300972,2026-06-29,166.320,177.150,178.900,163.950,26719.000
300972,2026-06-30,176.660,173.410,177.870,170.800,16196.000
300972,2026-07-01,173.410,179.980,181.480,170.000,19856.000
300972,2026-07-02,182.020,182.600,188.900,177.970,29847.000
300972,2026-07-03,183.600,187.880,191.900,180.740,25960.000
300972,2026-07-06,186.000,199.430,200.600,183.580,31470.000
300972,2026-07-07,198.000,196.210,200.760,195.020,16003.000
300972,2026-07-08,195.060,201.550,206.680,195.060,29602.000
300972,2026-07-09,199.120,195.800,202.000,193.900,23488.000
300972,2026-07-10,194.910,194.190,199.800,192.200,18089.000
300972,2026-07-13,194.140,192.280,198.120,190.990,21721.000
300972,2026-07-14,191.820,195.640,196.530,186.310,18150.000
300972,2026-07-15,195.000,206.030,210.800,192.300,43055.000
300972,2026-07-16,206.000,206.990,208.880,197.000,31307.000
300972,2026-07-17,206.000,189.500,207.870,188.000,34594.000
300972,2026-07-20,189.070,194.590,197.600,188.620,33745.000
300972,2026-07-21,193.580,193.120,200.000,190.700,25552.000
300972,2026-07-22,191.530,194.140,198.510,191.000,22780.000
300972,2026-07-23,192.020,187.220,192.020,180.500,24587.000
300972,2026-07-24,186.990,187.200,190.880,184.000,16804.000
300972,2026-07-27,185.910,192.560,194.160,182.880,13908.000
300972,2026-07-28,193.100,205.220,206.000,190.000,28845.000
300972,2026-07-29,203.980,211.300,215.990,201.240,29075.000
300972,2026-07-30,210.040,219.000,222.830,207.000,37468.000
300972,2026-07-31,210.010,218.500,222.980,205.030,42337.000
300972,2026-08-03,216.710,205.810,218.000,202.020,43282.000
300972,2026-08-04,206.040,205.300,207.290,199.020,22634.000
300972,2026-08-05,205.300,205.010,206.000,200.300,26511.000
300972,2026-08-06,204.500,202.660,206.600,200.000,19434.000
300972,2026-08-07,202.800,202.330,202.840,197.130,19562.000
300972,2026-08-10,201.020,206.400,210.500,200.000,17606.000
300972,2026-08-11,205.120,202.250,209.680,201.280,14880.000
300972,2026-08-12,201.680,202.200,205.870,199.090,14785.000
300972,2026-08-13,201.740,198.720,202.510,198.020,19707.000
300972,2026-08-14,197.020,196.890,198.630,194.520,15429.000
300972,2026-08-17,196.890,202.200,202.750,194.880,15177.000
300972,2026-08-18,200.000,200.710,206.000,200.000,12596.000
300972,2026-08-19,200.790,199.680,200.970,197.370,14061.000
300972,2026-08-20,200.000,201.680,203.370,197.000,13327.000
300972,2026-08-21,200.980,201.060,201.780,197.890,10128.000
300972,2026-08-24,199.000,202.900,203.440,197.200,15504.000
300972,2026-08-25,204.510,189.010,212.010,184.450,48246.000
300972,2026-08-26,188.000,189.530,191.290,185.650,24711.000
300972,2026-08-27,189.540,189.000,192.980,187.120,19102.000
300972,2026-08-28,188.000,194.380,200.710,186.800,34633.000
300972,2026-08-31,186.000,179.020,187.280,172.690,40776.000
300972,2026-09-01,182.300,183.300,187.390,179.100,25290.000
300972,2026-09-02,183.290,183.250,184.490,179.740,13919.000
300972,2026-09-03,186.000,180.880,186.000,180.000,11151.000
300972,2026-09-04,181.970,184.350,188.810,180.700,15089.000
601872,2026-01-09,9.610,9.580,9.830,9.420,1427048.000
601872,2026-01-12,9.830,10.450,10.560,9.610,1934141.000
601872,2026-01-13,10.470,10.960,11.100,10.390,1485533.000
601872,2026-01-14,11.100,11.000,11.410,10.650,1151671.000
601872,2026-01-15,10.890,11.140,11.470,10.870,935101.000
601872,2026-01-16,10.910,10.970,11.370,10.820,1057903.000
601872,2026-01-19,11.030,11.200,11.470,11.030,915541.000
601872,2026-01-20,11.200,11.000,11.310,10.800,885457.000
601872,2026-01-21,10.920,10.800,11.030,10.670,829974.000
601872,2026-01-22,10.800,10.810,11.200,10.750,706943.000
601872,2026-01-23,10.730,10.560,10.850,10.440,945249.000
601872,2026-01-26,10.800,11.130,11.200,10.800,1411821.000
601872,2026-01-27,10.970,10.990,11.390,10.850,1209378.000
601872,2026-01-28,11.170,10.920,11.190,10.690,1064508.000
601872,2026-01-29,11.150,10.780,11.270,10.700,1144546.000
601872,2026-01-30,10.830,11.110,11.250,10.780,1318732.000
601872,2026-02-02,11.050,10.540,11.350,10.480,1279267.000
601872,2026-02-03,10.820,11.270,11.300,10.590,1301420.000
601872,2026-02-04,11.450,11.750,11.900,11.240,1543455.000
601872,2026-02-05,11.750,11.400,11.990,11.170,1252411.000
601872,2026-02-06,11.250,11.110,11.300,10.980,815220.000
601872,2026-02-09,11.400,11.770,11.930,11.350,1052573.000
601872,2026-02-10,11.740,12.070,12.130,11.350,961612.000
601872,2026-02-11,12.070,11.770,12.190,11.750,776337.000
601872,2026-02-12,12.190,12.970,12.970,12.190,1021614.000
601872,2026-02-13,12.940,11.940,12.960,11.870,1857873.000
601872,2026-02-24,13.160,13.160,13.160,12.870,1548322.000
601872,2026-02-25,13.740,14.500,14.500,13.550,2107543.000
601872,2026-02-26,14.390,15.350,15.540,14.380,2691083.000
601872,2026-02-27,15.740,15.990,16.160,15.400,2193783.000
601872,2026-03-02,17.250,17.610,17.610,15.670,4152119.000
601872,2026-03-03,18.650,19.400,19.400,17.670,3795464.000
601872,2026-03-04,18.550,17.460,18.550,17.440,3466699.000
601872,2026-03-05,17.090,17.210,18.150,16.250,3005058.000
601872,2026-03-06,16.750,16.870,17.600,16.400,2468777.000
601872,2026-03-09,17.390,15.470,17.390,15.220,2899306.000
601872,2026-03-10,15.250,16.220,17.040,15.250,3254021.000
601872,2026-03-11,16.100,16.050,16.250,15.700,2200604.000
601872,2026-03-12,16.050,15.720,16.200,15.320,1889268.000
601872,2026-03-13,15.620,15.330,16.010,15.100,1596298.000
601872,2026-03-16,15.330,16.500,16.690,15.200,2261161.000
601872,2026-03-17,16.550,16.240,16.820,16.170,1444409.000
601872,2026-03-18,16.130,17.770,17.890,15.820,2548815.000
601872,2026-03-19,17.750,17.410,18.050,16.720,2304549.000
601872,2026-03-20,17.390,16.530,17.530,16.340,1874487.000
601872,2026-03-23,16.950,16.750,17.590,16.450,1888872.000
601872,2026-03-24,17.200,17.850,18.200,16.760,2459788.000
601872,2026-03-25,18.160,17.160,18.280,16.820,2240066.000
601872,2026-03-26,16.950,16.440,17.140,16.360,1564728.000
601872,2026-03-27,16.470,16.850,17.440,16.050,1536914.000
601872,2026-03-30,16.770,16.780,17.050,16.350,1232291.000
601872,2026-03-31,17.070,16.110,17.120,15.670,1519896.000
601872,2026-04-01,16.430,17.750,17.750,16.430,1968440.000
601872,2026-04-02,17.900,19.220,19.550,17.890,3299876.000
601872,2026-04-03,19.800,20.140,21.060,19.800,2125534.000
601872,2026-04-07,20.510,20.010,20.720,19.730,1695437.000
601872,2026-04-08,18.940,19.910,21.020,18.800,2672325.000
601872,2026-04-09,20.080,19.500,20.500,18.610,2002806.000
601872,2026-04-10,19.350,18.830,19.500,18.450,2246866.000
601872,2026-04-13,18.450,17.970,18.670,17.800,1779408.000
601872,2026-04-14,17.950,18.280,18.780,17.560,2074420.000
601872,2026-04-15,17.930,18.190,18.850,17.700,1383490.000
601872,2026-04-16,18.320,17.830,18.440,17.750,1171557.000
601872,2026-04-17,17.740,18.300,18.410,17.550,1413364.000
601872,2026-04-20,18.080,18.830,18.860,17.880,1577667.000
601872,2026-04-21,18.840,18.840,19.480,18.390,1560757.000
601872,2026-04-22,18.630,17.710,18.720,17.130,2293764.000
601872,2026-04-23,17.050,17.270,17.630,17.000,1430789.000
601872,2026-04-24,17.190,17.180,17.350,16.650,1428768.000
601872,2026-04-27,17.150,16.940,17.410,16.730,1085703.000
601872,2026-04-28,16.940,16.550,17.180,16.410,1114386.000
601872,2026-04-29,16.900,17.360,17.460,16.750,1236800.000
601872,2026-04-30,16.950,17.350,17.680,16.630,1177278.000
601872,2026-05-06,17.880,18.390,18.470,16.850,2173571.000
601872,2026-05-07,18.240,18.180,19.260,17.470,2647580.000
601872,2026-05-08,17.840,19.240,19.610,17.840,2398055.000
601872,2026-05-11,18.750,18.120,18.750,17.650,2371829.000
601872,2026-05-12,17.900,17.540,18.400,17.450,1303607.000
601872,2026-05-13,17.690,17.750,18.200,17.570,1298068.000
601872,2026-05-14,17.460,17.750,18.630,17.260,1845028.000
601872,2026-05-15,17.650,17.190,17.730,17.010,1177861.000
601872,2026-05-18,16.400,16.800,16.950,16.150,1619935.000
601872,2026-05-19,17.090,17.230,17.630,16.850,1036724.000
601872,2026-05-20,16.750,17.480,17.560,16.750,1214656.000
601872,2026-05-21,17.470,17.550,18.640,17.470,1563629.000
601872,2026-05-22,17.950,17.830,18.130,17.400,1039652.000
601872,2026-05-25,18.500,17.520,19.250,17.400,2010248.000
601872,2026-05-26,17.470,17.010,17.950,16.460,1741455.000
601872,2026-05-27,16.820,16.040,17.130,15.850,1520494.000
601872,2026-05-28,15.940,15.840,16.060,15.580,1042697.000
601872,2026-05-29,15.750,15.610,16.050,15.310,1085634.000
601872,2026-06-01,15.800,15.280,15.850,15.210,1234393.000
601872,2026-06-02,15.370,15.240,15.390,14.750,955035.000
601872,2026-06-03,15.170,14.880,15.180,14.550,1231045.000
601872,2026-06-04,14.850,14.710,15.050,14.650,810466.000
601872,2026-06-05,14.790,14.550,14.980,14.420,854314.000
601872,2026-06-08,14.260,13.890,14.610,13.810,1073639.000
601872,2026-06-09,13.900,14.100,14.120,13.660,850048.000
601872,2026-06-10,14.060,14.370,14.780,14.050,1006347.000
601872,2026-06-11,14.550,14.170,14.600,13.750,1036508.000
601872,2026-06-12,14.520,15.350,15.610,14.520,1823232.000
601872,2026-06-15,16.910,16.910,16.910,16.910,247358.000
601872,2026-06-16,17.520,16.130,17.690,15.790,2711703.000
601872,2026-06-17,16.050,16.850,17.600,16.050,2038143.000
601872,2026-06-18,16.910,16.890,17.240,16.350,1495032.000
601872,2026-06-22,16.950,18.600,18.600,16.900,2100195.000
601872,2026-06-23,19.180,19.670,20.250,18.650,2214815.000
601872,2026-06-24,20.460,21.660,21.660,20.200,1067081.000
601872,2026-06-25,20.750,21.350,21.910,20.630,2476956.000
601872,2026-06-26,20.320,19.310,20.850,19.190,2348643.000
601872,2026-06-29,18.720,18.010,19.240,17.940,1928151.000
601872,2026-06-30,17.730,17.320,18.250,17.050,1580902.000
601872,2026-07-01,16.970,16.620,17.570,16.460,1586753.000
601872,2026-07-02,16.690,16.280,17.170,16.160,1396563.000
601872,2026-07-03,17.210,16.750,17.920,16.630,1516942.000
601872,2026-07-06,17.680,17.430,18.000,17.130,1968773.000
601872,2026-07-07,17.260,15.950,17.670,15.890,1579996.000
601872,2026-07-08,16.050,15.300,16.400,15.230,1378711.000
601872,2026-07-09,15.480,15.850,16.100,15.420,1194348.000
601872,2026-07-10,15.500,15.470,15.900,15.340,956801.000
601872,2026-07-13,15.560,14.830,15.560,14.670,1081245.000
601872,2026-07-14,14.600,15.040,15.040,14.430,1003165.000
601872,2026-07-15,15.200,15.260,15.920,15.090,1216505.000
601872,2026-07-16,14.940,14.160,14.960,14.100,1262490.000
601872,2026-07-17,14.100,13.910,14.340,13.810,1009076.000
601872,2026-07-20,14.130,14.290,14.360,13.860,1202267.000
601872,2026-07-21,14.300,14.720,14.790,13.860,1087636.000
601872,2026-07-22,14.730,15.760,15.790,14.720,1295192.000
601872,2026-07-23,15.650,15.870,16.180,14.970,1210772.000
601872,2026-07-24,16.000,15.700,16.250,15.470,1033285.000
601872,2026-07-27,15.350,15.900,16.050,15.280,779199.000
601872,2026-07-28,15.600,16.190,16.230,15.340,1072144.000
601872,2026-07-29,15.920,16.290,16.490,15.780,931123.000
601872,2026-07-30,16.230,16.470,16.980,16.160,1054546.000
601872,2026-07-31,16.000,16.790,16.960,15.880,944905.000
601872,2026-08-03,16.940,17.030,17.110,16.440,818354.000
601872,2026-08-04,16.990,16.780,17.700,16.530,1143376.000
601872,2026-08-05,16.760,18.100,18.220,16.100,1568286.000
601872,2026-08-06,17.950,17.880,18.080,17.450,987956.000
601872,2026-08-07,18.150,17.980,18.500,17.900,792838.000
601872,2026-08-10,17.950,18.180,18.390,17.620,699968.000
601872,2026-08-11,17.880,16.480,18.280,16.430,1659283.000
601872,2026-08-12,16.660,17.020,17.190,16.470,1047235.000
601872,2026-08-13,17.200,17.130,17.360,16.890,756162.000
601872,2026-08-14,17.320,17.050,17.500,16.810,517833.000
601872,2026-08-17,17.350,17.890,17.910,17.020,877316.000
601872,2026-08-18,17.840,17.980,18.260,17.700,693100.000
601872,2026-08-19,18.300,18.600,18.910,17.810,1568098.000
601872,2026-08-20,18.580,18.460,19.500,18.240,1537753.000
601872,2026-08-21,18.490,19.780,20.100,18.490,1936049.000
601872,2026-08-24,19.760,19.000,19.930,18.900,1381736.000
601872,2026-08-25,19.320,18.830,19.400,18.630,914453.000
601872,2026-08-26,18.420,18.380,19.000,18.000,992763.000
601872,2026-08-27,17.800,18.620,18.680,17.800,902383.000
601872,2026-08-28,19.000,18.980,19.300,18.820,864362.000
601872,2026-08-31,18.980,18.750,19.290,18.310,1091434.000
601872,2026-09-01,18.570,18.390,18.920,18.290,768603.000
601872,2026-09-02,18.700,17.810,18.700,17.790,912575.000
601872,2026-09-03,18.170,19.300,19.490,18.160,1467636.000
601872,2026-09-04,19.400,19.200,19.900,19.030,961057.000
600961,2026-01-09,17.110,17.750,18.100,17.000,268166.000
600961,2026-01-12,18.240,17.950,18.310,17.500,294370.000
600961,2026-01-13,18.000,18.150,18.610,17.780,300849.000
600961,2026-01-14,18.380,18.450,19.300,18.250,347860.000
600961,2026-01-15,18.790,19.500,19.700,18.410,403026.000
600961,2026-01-16,19.160,18.890,20.450,18.810,394219.000
600961,2026-01-19,19.000,18.970,19.180,18.300,278098.000
600961,2026-01-20,19.100,18.970,19.390,18.110,298949.000
600961,2026-01-21,19.050,20.470,20.650,18.940,421586.000
600961,2026-01-22,20.020,19.930,20.390,19.540,329501.000
600961,2026-01-23,20.490,21.610,21.810,20.280,427169.000
600961,2026-01-26,22.800,23.680,23.770,22.330,594514.000
600961,2026-01-27,23.000,22.870,23.700,22.100,528827.000
600961,2026-01-28,23.280,25.160,25.160,22.770,508553.000
600961,2026-01-29,26.000,25.480,27.480,24.460,627778.000
600961,2026-01-30,23.280,22.930,23.940,22.930,293440.000
600961,2026-02-02,20.640,20.640,20.640,20.640,52770.000
600961,2026-02-03,19.610,20.300,20.680,18.720,714088.000
600961,2026-02-04,20.710,20.720,20.950,20.030,491051.000
600961,2026-02-05,20.200,19.930,20.620,19.290,320518.000
600961,2026-02-06,18.950,20.060,20.310,18.950,295880.000
600961,2026-02-09,20.400,20.100,20.500,19.740,208742.000
600961,2026-02-10,20.100,19.950,20.270,19.820,151689.000
600961,2026-02-11,19.950,20.650,21.040,19.950,269830.000
600961,2026-02-12,20.560,21.160,21.640,20.560,251276.000
600961,2026-02-13,20.600,20.220,20.980,20.200,196323.000
600961,2026-02-24,21.260,21.030,21.690,21.000,228864.000
600961,2026-02-25,21.450,22.120,22.620,21.300,351542.000
600961,2026-02-26,22.620,22.160,23.090,22.120,363965.000
600961,2026-02-27,22.100,23.850,24.090,22.100,433762.000
600961,2026-03-02,24.960,26.010,26.240,23.510,667785.000
600961,2026-03-03,25.000,23.410,25.340,23.410,542460.000
600961,2026-03-04,22.500,23.180,23.990,22.390,371248.000
600961,2026-03-05,23.490,22.610,23.630,22.300,306013.000
600961,2026-03-06,22.270,22.230,22.740,21.810,218220.000
600961,2026-03-09,21.500,22.130,22.400,20.860,247181.000
600961,2026-03-10,22.500,22.290,22.610,22.100,161317.000
600961,2026-03-11,22.490,21.680,22.490,21.580,217460.000
600961,2026-03-12,21.470,21.190,21.690,20.780,239819.000
600961,2026-03-13,20.770,20.200,21.160,20.140,203420.000
600961,2026-03-16,19.970,19.280,20.000,18.820,287040.000
600961,2026-03-17,19.340,19.330,19.960,19.220,241187.000
600961,2026-03-18,19.360,18.990,19.400,18.730,149359.000
600961,2026-03-19,18.300,17.850,18.650,17.730,205119.000
600961,2026-03-20,17.930,17.600,18.260,17.540,199131.000
600961,2026-03-23,16.980,16.270,17.280,15.990,278089.000
600961,2026-03-24,16.670,16.730,16.750,15.960,233734.000
600961,2026-03-25,17.260,16.910,17.490,16.840,240247.000
600961,2026-03-26,16.860,16.570,17.040,16.500,135625.000
600961,2026-03-27,16.210,17.200,17.390,16.170,216422.000
600961,2026-03-30,17.120,17.420,17.590,16.950,195130.000
600961,2026-03-31,17.500,17.390,17.860,17.250,162239.000
600961,2026-04-01,17.900,17.740,18.160,17.490,164348.000
600961,2026-04-02,17.650,17.240,17.650,17.120,125721.000
600961,2026-04-03,17.270,16.820,17.400,16.790,96490.000
600961,2026-04-07,16.880,17.000,17.200,16.830,131304.000
600961,2026-04-08,17.730,18.200,18.230,17.610,187862.000
600961,2026-04-09,17.880,18.050,18.280,17.710,128423.000
600961,2026-04-10,18.240,17.840,18.340,17.780,159434.000
600961,2026-04-13,17.650,18.180,18.270,17.630,154877.000
600961,2026-04-14,18.370,18.380,18.750,18.130,171319.000
600961,2026-04-15,18.590,18.250,18.850,18.190,185170.000
600961,2026-04-16,18.550,20.080,20.080,18.550,266884.000
600961,2026-04-17,22.090,22.090,22.090,22.090,46647.000
600961,2026-04-20,24.300,24.300,24.300,24.300,50869.000
600961,2026-04-21,26.730,26.730,26.730,26.730,118545.000
600961,2026-04-22,27.770,29.180,29.400,27.510,1978661.000
600961,2026-04-23,28.580,29.160,29.950,27.800,1454182.000
600961,2026-04-24,28.910,30.220,31.080,28.910,1141736.000
600961,2026-04-27,30.690,29.060,31.500,28.510,988126.000
600961,2026-04-28,29.180,27.390,29.350,27.350,737319.000
600961,2026-04-29,27.460,27.710,28.060,27.120,660501.000
600961,2026-04-30,27.470,26.490,27.920,26.420,625932.000
600961,2026-05-06,26.740,27.510,27.740,26.740,641758.000
600961,2026-05-07,28.200,29.460,30.260,27.980,1183993.000
600961,2026-05-08,28.880,29.880,31.000,28.880,917282.000
600961,2026-05-11,29.890,30.350,31.070,29.750,789827.000
600961,2026-05-12,31.000,30.330,31.250,29.840,695035.000
600961,2026-05-13,30.180,29.380,30.930,29.130,719035.000
600961,2026-05-14,29.630,30.270,32.320,29.200,1140501.000
600961,2026-05-15,30.200,29.260,30.960,29.080,850365.000
600961,2026-05-18,29.000,28.960,29.790,28.200,533922.000
600961,2026-05-19,28.880,27.780,28.970,27.450,464780.000
600961,2026-05-20,27.700,27.600,28.320,25.990,499138.000
600961,2026-05-21,27.760,26.180,28.110,25.980,464490.000
600961,2026-05-22,26.160,27.130,27.680,25.730,452262.000
600961,2026-05-25,27.580,27.440,27.900,26.620,416166.000
600961,2026-05-26,27.120,28.250,28.340,26.750,550584.000
600961,2026-05-27,27.870,26.700,28.500,26.450,462785.000
600961,2026-05-28,26.700,26.300,26.800,25.410,374679.000
600961,2026-05-29,26.700,25.340,27.000,25.200,370460.000
600961,2026-06-01,25.000,24.940,25.880,24.850,315146.000
600961,2026-06-02,25.180,25.980,26.190,24.600,429731.000
600961,2026-06-03,25.690,26.070,26.670,25.540,379554.000
600961,2026-06-04,25.690,25.140,25.850,24.840,274135.000
600961,2026-06-05,25.140,24.420,25.250,24.300,294048.000
600961,2026-06-08,23.360,22.750,23.660,22.370,360778.000
600961,2026-06-09,23.200,22.830,23.250,22.220,267356.000
600961,2026-06-10,22.340,22.520,22.730,21.850,253227.000
600961,2026-06-11,22.350,23.100,23.780,22.250,421366.000
600961,2026-06-12,23.900,25.410,25.410,23.450,470495.000
600961,2026-06-15,25.970,26.580,26.880,25.820,974710.000
600961,2026-06-16,26.000,27.160,27.970,26.000,782290.000
600961,2026-06-17,26.920,26.700,27.410,26.390,550136.000
600961,2026-06-18,26.410,28.820,29.180,26.410,823096.000
600961,2026-06-22,31.500,31.700,31.700,30.660,218065.000
600961,2026-06-23,34.870,33.100,34.870,32.680,1333512.000
600961,2026-06-24,32.450,35.710,35.750,32.190,1167380.000
600961,2026-06-25,34.250,35.000,36.980,34.200,995700.000
600961,2026-06-26,35.000,34.290,36.700,33.800,960823.000
600961,2026-06-29,34.300,33.760,35.960,33.040,962704.000
600961,2026-06-30,32.840,32.390,33.150,31.330,799208.000
600961,2026-07-01,32.060,35.300,35.630,31.740,1063038.000
600961,2026-07-02,34.150,32.690,34.190,31.910,771584.000
600961,2026-07-03,32.700,29.990,32.770,29.750,770521.000
600961,2026-07-06,29.980,28.450,31.020,28.210,608220.000
600961,2026-07-07,28.310,28.100,29.300,27.530,466579.000
600961,2026-07-08,28.010,26.370,28.090,26.280,446247.000
600961,2026-07-09,26.870,27.650,28.260,26.180,700270.000
600961,2026-07-10,27.580,26.520,28.050,26.280,614824.000
600961,2026-07-13,25.800,25.450,26.140,24.910,468659.000
600961,2026-07-14,25.450,25.950,25.960,24.670,496696.000
600961,2026-07-15,25.980,24.760,26.250,24.510,492815.000
600961,2026-07-16,24.000,23.670,24.610,23.430,383831.000
600961,2026-07-17,23.300,22.120,23.470,21.900,450203.000
600961,2026-07-20,22.480,21.530,22.530,20.900,540136.000
600961,2026-07-21,21.540,23.420,23.480,20.220,647970.000
600961,2026-07-22,22.830,23.480,24.560,22.770,682589.000
600961,2026-07-23,23.640,23.810,24.270,23.400,498398.000
600961,2026-07-24,22.710,22.500,23.490,22.450,385760.000
600961,2026-07-27,22.780,23.150,23.190,22.530,323397.000
600961,2026-07-28,22.450,22.130,22.890,22.010,284646.000
600961,2026-07-29,22.160,22.660,23.030,21.600,377576.000
600961,2026-07-30,22.790,21.820,23.050,21.330,427133.000
600961,2026-07-31,22.590,22.700,23.370,22.560,515788.000
600961,2026-08-03,23.040,22.900,23.160,22.360,327702.000
600961,2026-08-04,23.150,24.330,24.490,23.080,539831.000
600961,2026-08-05,25.300,26.660,26.660,25.030,755424.000
600961,2026-08-06,27.300,26.970,28.120,26.450,913666.000
600961,2026-08-07,26.850,29.400,29.660,26.780,881141.000
600961,2026-08-10,29.980,30.170,30.800,29.050,915151.000
600961,2026-08-11,29.900,28.580,30.170,28.500,801547.000
600961,2026-08-12,28.800,29.300,29.960,28.340,570470.000
600961,2026-08-13,29.840,28.240,29.900,28.220,575671.000
600961,2026-08-14,28.330,28.750,29.120,27.860,398454.000
600961,2026-08-17,29.260,29.820,29.820,29.010,510637.000
600961,2026-08-18,29.720,29.260,30.590,28.930,487431.000
600961,2026-08-19,28.050,27.430,28.850,27.370,524885.000
600961,2026-08-20,28.300,27.090,28.930,26.880,504123.000
600961,2026-08-21,27.090,28.410,28.750,27.090,642198.000
600961,2026-08-24,28.800,27.820,28.910,27.010,685054.000
600961,2026-08-25,27.600,26.090,27.700,25.700,621184.000
600961,2026-08-26,26.000,26.610,27.680,25.950,537286.000
600961,2026-08-27,26.250,27.610,28.080,26.250,514895.000
600961,2026-08-28,27.610,28.020,28.260,27.430,410736.000
600961,2026-08-31,26.810,27.350,27.440,26.200,358366.000
600961,2026-09-01,27.530,26.960,27.780,26.860,312849.000
600961,2026-09-02,26.220,26.250,26.490,25.400,336806.000
600961,2026-09-03,26.500,26.620,26.800,26.100,278747.000
600961,2026-09-04,27.000,25.370,27.080,25.150,380878.000
601168,2026-01-09,27.560,28.180,28.570,27.560,586563.000
601168,2026-01-12,28.670,27.930,28.820,27.620,643487.000
601168,2026-01-13,27.880,28.320,28.970,27.650,737208.000
601168,2026-01-14,29.090,29.960,30.580,28.910,1094250.000
601168,2026-01-15,29.900,30.640,31.410,29.670,771639.000
601168,2026-01-16,30.700,30.890,32.240,30.600,840428.000
601168,2026-01-19,30.600,30.150,30.890,29.600,615994.000
601168,2026-01-20,30.270,29.980,30.690,28.830,593023.000
601168,2026-01-21,29.790,30.290,30.320,29.440,717931.000
601168,2026-01-22,29.930,30.200,30.350,29.490,469787.000
601168,2026-01-23,30.380,31.630,32.050,30.050,851748.000
601168,2026-01-26,32.490,34.800,34.800,32.490,1313461.000
601168,2026-01-27,33.980,35.160,36.170,33.950,1131638.000
601168,2026-01-28,35.200,37.870,38.280,34.160,1198028.000
601168,2026-01-29,38.140,39.450,41.180,35.830,1567763.000
601168,2026-01-30,36.900,35.500,37.870,35.500,789211.000
601168,2026-02-02,31.940,31.940,33.270,31.940,1152631.000
601168,2026-02-03,31.920,33.000,33.390,30.910,1282506.000
601168,2026-02-04,34.190,33.290,34.190,32.700,676665.000
601168,2026-02-05,32.610,31.730,33.030,31.010,825207.000
601168,2026-02-06,29.860,31.540,32.150,29.680,620258.000
601168,2026-02-09,32.200,31.930,32.370,31.750,400073.000
601168,2026-02-10,32.080,31.760,32.200,31.640,283161.000
601168,2026-02-11,31.670,32.600,33.060,31.560,396506.000
601168,2026-02-12,32.870,33.290,33.910,32.870,460077.000
601168,2026-02-13,32.420,31.820,32.860,31.700,487401.000
601168,2026-02-24,32.610,32.690,32.900,32.260,405248.000
601168,2026-02-25,32.940,34.090,34.760,32.610,615465.000
601168,2026-02-26,34.590,33.690,34.600,33.440,518997.000
601168,2026-02-27,33.450,34.590,35.240,33.440,637930.000
601168,2026-03-02,34.740,36.180,36.180,33.670,828593.000
601168,2026-03-03,35.300,33.180,35.320,33.120,883727.000
601168,2026-03-04,31.890,32.630,33.550,31.750,521454.000
601168,2026-03-05,33.170,32.400,33.270,31.940,441113.000
601168,2026-03-06,31.790,31.530,32.130,31.150,445125.000
601168,2026-03-09,30.250,30.940,31.320,29.530,586178.000
601168,2026-03-10,31.440,31.570,31.890,31.370,348480.000
601168,2026-03-11,31.820,31.100,31.900,31.010,343763.000
601168,2026-03-12,30.890,30.490,31.320,30.300,506811.000
601168,2026-03-13,30.220,29.960,31.290,29.840,402880.000
601168,2026-03-16,29.490,28.470,29.540,27.560,813094.000
601168,2026-03-17,28.610,27.950,28.970,27.950,423648.000
601168,2026-03-18,27.970,27.480,28.120,27.080,546238.000
601168,2026-03-19,26.390,26.060,27.020,25.940,704314.000
601168,2026-03-20,26.430,25.780,26.630,25.750,626315.000
601168,2026-03-23,25.140,24.610,25.630,24.450,642826.000
601168,2026-03-24,25.110,25.510,25.510,24.650,513840.000
601168,2026-03-25,26.320,26.360,26.790,26.150,635533.000
601168,2026-03-26,25.740,25.020,26.110,24.860,655488.000
601168,2026-03-27,24.750,25.240,25.440,24.650,458957.000
601168,2026-03-30,25.010,25.430,25.490,24.690,484870.000
601168,2026-03-31,25.520,24.940,25.840,24.890,441752.000
601168,2026-04-01,25.940,26.110,26.300,25.490,570790.000
601168,2026-04-02,25.910,25.440,25.980,25.140,405927.000
601168,2026-04-03,25.600,25.480,25.740,25.250,289452.000
601168,2026-04-07,25.490,25.490,25.790,25.290,261208.000
601168,2026-04-08,26.740,27.640,27.890,26.640,809015.000
601168,2026-04-09,26.940,27.140,27.530,26.940,388274.000
601168,2026-04-10,27.430,27.020,27.530,26.960,509309.000
601168,2026-04-13,26.810,27.270,27.440,26.790,427961.000
601168,2026-04-14,28.190,28.320,28.610,28.000,587195.000
601168,2026-04-15,28.890,28.180,29.380,28.090,598996.000
601168,2026-04-16,28.450,28.840,29.080,28.300,484352.000
601168,2026-04-17,28.510,28.610,28.970,28.470,393717.000
601168,2026-04-20,28.640,28.940,29.310,28.450,503241.000
601168,2026-04-21,28.750,28.860,28.890,28.140,424850.000
601168,2026-04-22,28.860,29.380,29.520,28.660,496760.000
601168,2026-04-23,29.650,28.840,30.140,28.420,636002.000
601168,2026-04-24,28.450,29.020,29.190,28.230,416844.000
601168,2026-04-27,28.990,28.910,29.190,28.470,469187.000
601168,2026-04-28,28.940,28.520,29.100,28.160,415419.000
601168,2026-04-29,28.860,30.280,30.600,28.750,818932.000
601168,2026-04-30,30.090,29.530,30.280,29.310,571217.000
601168,2026-05-06,29.860,30.850,30.980,29.400,790967.000
601168,2026-05-07,31.140,31.510,31.780,30.940,801064.000
601168,2026-05-08,31.140,32.410,32.740,30.830,693207.000
601168,2026-05-11,32.330,32.240,32.710,31.830,627945.000
601168,2026-05-12,33.430,33.360,34.130,32.720,915096.000
601168,2026-05-13,34.140,33.560,34.730,33.290,737547.000
601168,2026-05-14,33.320,31.860,33.570,31.850,730730.000
601168,2026-05-15,31.520,30.420,31.520,29.940,735237.000
601168,2026-05-18,29.520,30.240,30.310,29.150,529025.000
601168,2026-05-19,30.060,30.190,30.540,29.310,390191.000
601168,2026-05-20,29.630,30.020,30.140,29.040,495212.000
601168,2026-05-21,30.720,30.010,31.840,29.870,601502.000
601168,2026-05-22,30.290,31.780,32.310,29.940,650592.000
601168,2026-05-25,32.740,32.360,33.240,32.090,539723.000
601168,2026-05-26,32.160,33.330,33.440,31.790,615764.000
601168,2026-05-27,33.190,32.130,33.420,31.950,423238.000
601168,2026-05-28,31.830,31.130,31.840,30.600,457284.000
601168,2026-05-29,31.740,30.470,32.320,30.320,494737.000
601168,2026-06-01,30.450,30.790,31.370,30.260,443179.000
601168,2026-06-02,31.620,32.900,33.210,31.240,720369.000
601168,2026-06-03,32.890,32.690,33.390,32.350,536615.000
601168,2026-06-04,31.940,31.190,32.180,30.980,511189.000
601168,2026-06-05,31.200,30.470,31.920,30.270,424209.000
601168,2026-06-08,28.830,29.090,30.520,27.960,580338.000
601168,2026-06-09,29.440,29.950,30.190,28.610,432566.000
601168,2026-06-10,29.410,29.700,29.940,29.010,363682.000
601168,2026-06-11,29.250,29.540,30.300,29.230,324271.000
601168,2026-06-12,30.400,30.710,32.320,30.130,891448.000
601168,2026-06-15,31.800,32.840,32.960,31.800,802615.000
601168,2026-06-16,32.250,30.930,32.550,30.810,791245.000
601168,2026-06-17,31.260,31.480,32.280,31.060,653010.000
601168,2026-06-18,31.000,31.750,33.570,30.880,875107.000
601168,2026-06-22,31.300,33.370,33.450,30.800,915553.000
601168,2026-06-23,32.770,30.030,32.870,30.030,950406.000
601168,2026-06-24,29.250,29.200,29.490,28.560,657920.000
601168,2026-06-25,28.100,27.430,28.250,27.000,745403.000
601168,2026-06-26,27.700,26.370,27.740,26.120,575533.000
601168,2026-06-29,26.370,27.310,27.600,26.370,486293.000
601168,2026-06-30,26.700,27.140,27.290,26.240,393738.000
601168,2026-07-01,26.910,26.510,27.250,26.410,460837.000
601168,2026-07-02,26.640,27.330,27.990,26.620,597806.000
601168,2026-07-03,28.000,29.220,30.060,28.000,927128.000
601168,2026-07-06,29.220,28.650,30.330,28.600,541886.000
601168,2026-07-07,28.420,28.680,29.550,28.350,359625.000
601168,2026-07-08,28.560,28.180,29.100,28.080,322826.000
601168,2026-07-09,28.180,28.990,29.210,27.400,425998.000
601168,2026-07-10,30.380,30.440,31.390,30.080,655280.000
601168,2026-07-13,30.030,30.690,31.490,29.310,676873.000
601168,2026-07-14,30.630,33.170,33.300,30.250,818913.000
601168,2026-07-15,33.160,33.180,34.340,32.840,865955.000
601168,2026-07-16,32.580,33.840,34.660,32.550,674427.000
601168,2026-07-17,33.230,31.650,33.300,31.620,734680.000
601168,2026-07-20,32.160,31.960,32.570,31.310,609401.000
601168,2026-07-21,32.510,33.870,33.870,32.360,605558.000
601168,2026-07-22,34.650,36.500,37.260,34.650,1350957.000
601168,2026-07-23,36.950,37.840,39.400,36.190,1231506.000
601168,2026-07-24,35.990,36.240,37.390,35.330,814383.000
601168,2026-07-27,36.920,37.720,37.750,36.440,712545.000
601168,2026-07-28,36.710,36.860,37.950,36.280,568739.000
601168,2026-07-29,36.860,36.910,37.220,35.390,646585.000
601168,2026-07-30,37.550,36.650,38.160,36.490,709829.000
601168,2026-07-31,37.760,38.440,38.970,37.070,681774.000
601168,2026-08-03,38.580,37.500,38.660,36.200,679551.000
601168,2026-08-04,37.800,38.210,38.450,37.160,538796.000
601168,2026-08-05,38.700,41.020,41.050,38.680,770792.000
601168,2026-08-06,41.950,39.730,42.620,39.210,1056225.000
601168,2026-08-07,40.130,43.070,43.290,39.440,1110388.000
601168,2026-08-10,42.860,42.450,43.230,41.570,921397.000
601168,2026-08-11,42.300,39.210,42.810,38.840,1278723.000
601168,2026-08-12,38.970,38.360,39.250,37.900,983070.000
601168,2026-08-13,38.000,36.300,38.430,36.230,1003979.000
601168,2026-08-14,36.000,37.140,37.270,35.780,693634.000
601168,2026-08-17,38.060,39.340,39.660,38.060,690788.000
601168,2026-08-18,38.380,38.950,39.130,38.370,432045.000
601168,2026-08-19,37.660,36.830,38.350,36.730,519570.000
601168,2026-08-20,37.930,36.660,38.290,36.280,540954.000
601168,2026-08-21,37.000,37.850,37.990,36.800,524686.000
601168,2026-08-24,38.780,36.700,39.230,36.100,725412.000
601168,2026-08-25,37.000,36.480,37.160,35.390,494673.000
601168,2026-08-26,36.800,39.260,39.680,36.800,950358.000
601168,2026-08-27,38.580,38.670,39.270,38.520,532072.000
601168,2026-08-28,38.680,39.120,39.290,38.100,452583.000
601168,2026-08-31,37.700,39.400,39.400,36.810,524823.000
601168,2026-09-01,40.810,39.960,41.430,39.810,657909.000
601168,2026-09-02,39.090,39.590,40.000,37.820,572601.000
601168,2026-09-03,39.990,40.000,40.620,39.710,442268.000
601168,2026-09-04,40.600,38.790,40.650,38.600,444954.000
000933,2026-01-09,28.376,29.286,29.336,28.286,372013.000
000933,2026-01-12,29.816,28.936,30.006,28.426,429811.000
000933,2026-01-13,28.806,29.636,30.706,28.706,493217.000
000933,2026-01-14,29.916,29.656,30.516,29.306,582864.000
000933,2026-01-15,29.406,30.696,31.546,29.306,542747.000
000933,2026-01-16,30.676,30.326,31.886,30.156,421178.000
000933,2026-01-19,30.356,30.956,31.216,29.726,377822.000
000933,2026-01-20,31.156,30.726,31.496,29.716,384361.000
000933,2026-01-21,30.506,30.356,30.656,29.826,326121.000
000933,2026-01-22,30.296,30.636,30.976,30.006,284348.000
000933,2026-01-23,30.816,31.136,31.406,30.226,375440.000
000933,2026-01-26,31.816,32.556,32.806,31.566,465597.000
000933,2026-01-27,32.106,31.956,33.196,31.346,434335.000
000933,2026-01-28,32.516,35.086,35.156,31.786,654220.000
000933,2026-01-29,35.256,34.406,36.396,33.396,758347.000
000933,2026-01-30,33.206,32.066,33.556,31.006,642440.000
000933,2026-02-02,30.426,29.986,32.026,29.926,811423.000
000933,2026-02-03,30.866,30.916,31.526,30.066,518275.000
000933,2026-02-04,31.486,31.806,32.086,31.096,416451.000
000933,2026-02-05,31.206,30.736,31.456,30.006,397799.000
000933,2026-02-06,30.026,30.736,31.346,29.586,366333.000
000933,2026-02-09,31.366,31.056,31.516,30.806,218091.000
000933,2026-02-10,31.076,30.586,31.486,30.416,279143.000
000933,2026-02-11,30.406,30.866,31.186,30.106,342355.000
000933,2026-02-12,30.736,30.266,31.036,30.086,332553.000
000933,2026-02-13,29.796,29.076,30.046,28.966,429996.000
000933,2026-02-24,29.696,29.996,30.286,29.556,273983.000
000933,2026-02-25,30.156,30.986,31.556,30.056,318601.000
000933,2026-02-26,31.406,31.006,31.476,30.606,267122.000
000933,2026-02-27,30.856,31.656,31.996,30.756,318276.000
000933,2026-03-02,31.776,33.106,33.386,31.276,584596.000
000933,2026-03-03,33.106,32.966,34.206,32.516,575623.000
000933,2026-03-04,33.606,34.626,35.486,33.606,674985.000
000933,2026-03-05,35.406,35.486,36.356,34.806,751245.000
000933,2026-03-06,34.376,34.326,34.876,33.006,566937.000
000933,2026-03-09,35.656,35.466,36.886,35.226,790536.000
000933,2026-03-10,34.106,33.916,35.156,33.546,545128.000
000933,2026-03-11,34.356,35.086,35.406,33.856,412912.000
000933,2026-03-12,35.726,37.246,37.586,34.776,652331.000
000933,2026-03-13,37.416,36.086,38.686,35.786,623090.000
000933,2026-03-16,36.616,35.096,37.366,34.116,629429.000
000933,2026-03-17,34.726,32.616,35.666,32.506,731205.000
000933,2026-03-18,32.106,32.036,32.686,31.236,499339.000
000933,2026-03-19,31.566,30.956,31.776,30.726,433175.000
000933,2026-03-20,30.906,30.216,31.556,30.146,448563.000
000933,2026-03-23,29.676,29.186,30.636,28.706,582802.000
000933,2026-03-24,29.006,28.386,29.186,26.856,1078391.000
000933,2026-03-25,29.196,28.716,29.556,28.566,694302.000
000933,2026-03-26,28.606,28.566,29.456,28.376,367060.000
000933,2026-03-27,28.256,29.726,30.056,28.256,457957.000
000933,2026-03-30,31.226,31.006,31.886,30.276,1014279.000
000933,2026-03-31,31.186,30.006,31.256,29.706,569960.000
000933,2026-04-01,30.556,30.276,30.836,29.966,538117.000
000933,2026-04-02,30.746,30.766,31.556,30.446,490341.000
000933,2026-04-03,31.446,29.966,31.446,29.706,300628.000
000933,2026-04-07,30.156,31.186,31.386,29.996,421726.000
000933,2026-04-08,32.236,33.346,33.706,32.086,729114.000
000933,2026-04-09,32.836,33.936,34.346,32.706,481517.000
000933,2026-04-10,33.506,32.896,33.616,32.846,424600.000
000933,2026-04-13,32.516,32.536,33.056,32.026,486761.000
000933,2026-04-14,33.576,34.016,34.026,33.456,534066.000
000933,2026-04-15,33.766,32.966,33.796,32.826,461099.000
000933,2026-04-16,33.816,34.616,34.676,33.816,511628.000
000933,2026-04-17,33.746,33.956,34.086,33.506,445981.000
000933,2026-04-20,33.656,32.896,33.706,32.616,464869.000
000933,2026-04-21,32.896,32.536,33.006,32.306,368712.000
000933,2026-04-22,32.496,32.376,32.736,32.136,349942.000
000933,2026-04-23,32.536,31.986,32.786,31.586,338566.000
000933,2026-04-24,31.666,32.046,32.326,31.216,393091.000
000933,2026-04-27,31.806,31.326,32.006,31.006,461827.000
000933,2026-04-28,31.346,31.436,31.716,30.856,394429.000
000933,2026-04-29,31.406,32.256,32.366,31.306,429472.000
000933,2026-04-30,31.906,31.336,32.006,30.946,465074.000
000933,2026-05-06,31.756,31.896,32.056,31.236,470848.000
000933,2026-05-07,31.756,30.956,31.896,30.756,539313.000
000933,2026-05-08,30.806,30.206,30.946,29.816,622579.000
000933,2026-05-11,30.436,30.326,30.866,30.276,404363.000
000933,2026-05-12,30.746,30.716,31.126,30.536,406818.000
000933,2026-05-13,30.706,31.106,31.406,30.676,444171.000
000933,2026-05-14,31.256,31.206,32.556,31.136,529986.000
000933,2026-05-15,30.566,29.276,30.706,29.026,703357.000
000933,2026-05-18,28.456,28.346,28.726,27.986,582108.000
000933,2026-05-19,28.656,28.976,29.066,28.106,417672.000
000933,2026-05-20,28.716,29.306,29.576,28.616,400628.000
000933,2026-05-21,29.566,29.346,30.536,29.316,592793.000
000933,2026-05-22,29.576,30.036,30.166,29.216,366289.000
000933,2026-05-25,30.596,29.506,31.156,29.246,465060.000
000933,2026-05-26,29.206,31.396,31.696,28.766,802106.000
000933,2026-05-27,31.186,29.816,31.456,29.716,599146.000
000933,2026-05-28,29.616,28.936,29.706,28.736,364660.000
000933,2026-05-29,29.380,29.050,29.940,28.950,439367.000
000933,2026-06-01,29.350,30.250,30.480,29.060,566728.000
000933,2026-06-02,30.600,30.880,31.240,30.110,533261.000
000933,2026-06-03,30.640,30.720,30.990,29.990,520407.000
000933,2026-06-04,30.480,28.680,30.500,28.550,695699.000
000933,2026-06-05,28.530,27.800,28.820,27.660,480223.000
000933,2026-06-08,26.600,26.760,27.450,26.310,537969.000
000933,2026-06-09,26.760,26.300,26.980,25.810,599689.000
000933,2026-06-10,25.620,26.250,26.500,25.300,493368.000
000933,2026-06-11,26.110,26.770,27.050,26.090,338358.000
000933,2026-06-12,26.900,27.310,28.470,26.610,726997.000
000933,2026-06-15,27.880,26.440,27.950,26.230,877852.000
000933,2026-06-16,26.020,24.910,26.020,24.700,1036618.000
000933,2026-06-17,24.930,24.550,25.070,24.380,459065.000
000933,2026-06-18,24.200,23.740,24.780,23.620,719754.000
000933,2026-06-22,23.800,25.110,25.200,23.560,705883.000
000933,2026-06-23,24.800,22.990,24.800,22.930,694112.000
000933,2026-06-24,22.990,23.300,23.530,22.880,523350.000
000933,2026-06-25,22.530,22.220,22.630,21.910,794931.000
000933,2026-06-26,22.550,21.410,22.580,21.310,560179.000
000933,2026-06-29,21.670,22.000,22.250,21.160,508850.000
000933,2026-06-30,21.780,21.200,21.780,20.930,522972.000
000933,2026-07-01,20.890,21.110,21.570,20.740,502605.000
000933,2026-07-02,21.380,21.170,21.600,20.930,661272.000
000933,2026-07-03,21.700,22.060,22.380,21.590,758879.000
000933,2026-07-06,22.060,22.520,22.860,22.000,623346.000
000933,2026-07-07,22.170,21.780,22.340,21.660,458688.000
000933,2026-07-08,22.170,21.890,22.540,21.710,448998.000
000933,2026-07-09,21.640,21.350,21.840,20.950,480755.000
000933,2026-07-10,22.010,23.490,23.490,21.910,1058202.000
000933,2026-07-13,23.030,23.130,23.560,22.500,980525.000
000933,2026-07-14,23.250,24.680,24.950,22.910,1393682.000
000933,2026-07-15,24.680,25.510,25.790,24.430,1086262.000
000933,2026-07-16,25.020,24.590,25.520,24.450,710833.000
000933,2026-07-17,24.580,23.980,24.680,23.770,672070.000
000933,2026-07-20,24.430,25.200,25.600,23.820,866893.000
000933,2026-07-21,24.850,24.460,25.040,23.870,792865.000
000933,2026-07-22,24.660,25.000,25.450,24.300,728765.000
000933,2026-07-23,25.030,26.260,26.840,24.800,877697.000
000933,2026-07-24,25.800,24.980,25.960,24.960,611675.000
000933,2026-07-27,25.200,25.350,25.650,24.700,502172.000
000933,2026-07-28,24.760,25.100,25.250,24.330,630872.000
000933,2026-07-29,25.290,25.750,25.850,25.200,596761.000
000933,2026-07-30,26.200,26.360,26.960,26.140,674340.000
000933,2026-07-31,25.760,26.070,26.470,25.760,731278.000
000933,2026-08-03,25.750,25.370,25.920,25.260,614477.000
000933,2026-08-04,25.680,25.690,25.940,25.250,511029.000
000933,2026-08-05,25.490,26.200,26.310,25.170,724005.000
000933,2026-08-06,26.410,26.340,26.500,25.760,701208.000
000933,2026-08-07,26.400,26.830,27.130,26.400,609301.000
000933,2026-08-10,27.040,27.340,27.750,26.860,588726.000
000933,2026-08-11,27.740,26.910,28.430,26.840,858011.000
000933,2026-08-12,27.600,27.240,28.000,27.120,683383.000
000933,2026-08-13,26.750,25.900,26.890,25.880,759642.000
000933,2026-08-14,25.600,25.830,25.980,25.450,318335.000
000933,2026-08-17,26.080,26.560,26.660,25.860,420970.000
000933,2026-08-18,26.250,26.380,26.650,26.070,302038.000
000933,2026-08-19,25.800,25.830,26.090,25.680,317143.000
000933,2026-08-20,26.180,25.250,26.430,25.110,486386.000
000933,2026-08-21,25.320,25.780,25.820,25.170,412748.000
000933,2026-08-24,25.940,26.080,26.220,25.600,429834.000
000933,2026-08-25,25.900,26.010,26.220,25.650,282682.000
000933,2026-08-26,26.060,26.500,26.790,26.030,427178.000
000933,2026-08-27,26.440,26.920,26.970,26.340,415125.000
000933,2026-08-28,27.280,27.590,27.700,26.700,503156.000
000933,2026-08-31,27.200,27.480,27.580,26.690,376058.000
000933,2026-09-01,27.680,27.490,27.980,27.470,376709.000
000933,2026-09-02,27.480,27.150,27.780,26.840,360059.000
000933,2026-09-03,27.650,27.850,28.190,27.510,408584.000
000933,2026-09-04,27.950,27.360,28.020,27.230,339060.000
000792,2026-01-09,31.010,31.280,31.600,30.980,1031292.000
000792,2026-01-12,32.600,31.960,32.790,31.680,1288929.000
000792,2026-01-13,32.400,33.800,34.810,32.400,2080980.000
000792,2026-01-14,33.750,33.220,34.100,32.680,1652563.000
000792,2026-01-15,32.780,33.620,34.360,32.710,1155568.000
000792,2026-01-16,33.600,33.080,34.660,32.920,1158197.000
000792,2026-01-19,32.900,33.420,33.840,32.640,828565.000
000792,2026-01-20,33.980,34.070,34.390,32.790,1201947.000
000792,2026-01-21,34.690,34.850,35.250,34.100,1253075.000
000792,2026-01-22,35.160,34.990,35.500,34.580,1022301.000
000792,2026-01-23,35.380,35.600,35.880,34.970,1102218.000
000792,2026-01-26,35.800,35.920,37.380,35.610,1548906.000
000792,2026-01-27,35.600,35.140,36.390,34.600,1234627.000
000792,2026-01-28,35.500,35.080,35.620,34.500,1115453.000
000792,2026-01-29,34.700,34.200,35.190,33.710,1318499.000
000792,2026-01-30,33.600,32.780,33.820,31.510,1641376.000
000792,2026-02-02,32.230,31.580,33.060,31.520,1046697.000
000792,2026-02-03,32.470,33.260,33.440,31.980,1025290.000
000792,2026-02-04,33.790,33.170,33.900,32.840,636173.000
000792,2026-02-05,32.580,32.090,32.900,31.500,815468.000
000792,2026-02-06,31.300,32.400,32.850,31.230,705255.000
000792,2026-02-09,32.850,32.950,33.500,32.710,653554.000
000792,2026-02-10,32.910,32.940,33.250,32.620,397949.000
000792,2026-02-11,32.940,33.920,34.190,32.850,708916.000
000792,2026-02-12,33.590,34.010,34.200,33.550,617139.000
000792,2026-02-13,33.650,33.660,33.910,33.400,498839.000
000792,2026-02-24,34.870,35.660,35.830,34.510,1058538.000
000792,2026-02-25,35.920,36.200,37.130,35.720,1155874.000
000792,2026-02-26,37.830,39.010,39.690,37.500,1895843.000
000792,2026-02-27,37.970,38.200,38.960,37.800,1263831.000
000792,2026-03-02,38.600,38.150,38.600,37.470,1086274.000
000792,2026-03-03,37.700,35.840,38.030,35.700,1450269.000
000792,2026-03-04,35.460,36.230,37.080,35.200,927445.000
000792,2026-03-05,37.050,36.930,37.600,36.440,745398.000
000792,2026-03-06,36.720,36.790,37.500,36.390,651394.000
000792,2026-03-09,36.110,38.360,38.880,36.100,1218252.000
000792,2026-03-10,38.800,38.530,39.050,37.810,773933.000
000792,2026-03-11,38.380,38.210,38.800,37.900,609757.000
000792,2026-03-12,38.300,38.260,38.930,37.850,662920.000
000792,2026-03-13,39.010,39.600,40.900,39.010,1402156.000
000792,2026-03-16,39.450,37.330,39.700,36.690,1385039.000
000792,2026-03-17,37.340,36.150,37.860,35.950,933774.000
000792,2026-03-18,36.100,35.600,36.200,35.000,731339.000
000792,2026-03-19,35.000,33.750,35.100,33.500,1031083.000
000792,2026-03-20,34.040,34.820,35.880,34.040,1220177.000
000792,2026-03-23,34.310,34.580,35.660,34.020,1058077.000
000792,2026-03-24,35.480,36.410,36.550,34.720,1195962.000
000792,2026-03-25,37.300,36.770,37.370,35.850,1072488.000
000792,2026-03-26,36.610,36.850,38.110,36.170,1034986.000
000792,2026-03-27,36.330,39.450,39.980,36.320,1606159.000
000792,2026-03-30,39.580,39.060,39.800,38.580,1079520.000
000792,2026-03-31,37.250,37.000,37.850,36.320,1485054.000
000792,2026-04-01,37.150,36.230,37.450,36.170,920386.000
000792,2026-04-02,36.100,36.680,37.380,35.610,866653.000
000792,2026-04-03,36.680,36.250,36.800,35.640,565343.000
000792,2026-04-07,36.350,36.430,36.740,35.910,584464.000
000792,2026-04-08,36.000,37.250,37.420,35.800,906400.000
000792,2026-04-09,36.950,37.400,37.680,36.280,818007.000
000792,2026-04-10,37.600,37.410,38.300,37.100,852502.000
000792,2026-04-13,37.400,38.560,38.580,36.710,1075933.000
000792,2026-04-14,38.880,38.860,38.880,37.600,1249721.000
000792,2026-04-15,38.630,37.010,38.800,37.000,1014303.000
000792,2026-04-16,37.230,38.510,38.930,37.220,1117670.000
000792,2026-04-17,38.800,37.890,39.880,37.590,1017586.000
000792,2026-04-20,37.900,37.510,37.990,37.200,772610.000
000792,2026-04-21,37.600,37.490,37.950,36.950,627106.000
000792,2026-04-22,37.000,36.730,37.250,36.410,922185.000
000792,2026-04-23,36.700,35.690,36.800,35.500,871231.000
000792,2026-04-24,35.480,37.420,37.790,35.350,1128305.000
000792,2026-04-27,37.500,37.670,38.050,37.100,799945.000
000792,2026-04-28,37.560,37.020,37.930,36.800,626102.000
000792,2026-04-29,36.610,39.500,39.650,36.480,1557673.000
000792,2026-04-30,39.830,39.290,41.600,38.840,2410340.000
000792,2026-05-06,40.070,40.400,40.500,38.610,1568090.000
000792,2026-05-07,40.580,38.920,40.790,38.040,1784785.000
000792,2026-05-08,39.000,38.050,39.990,38.010,1327274.000
000792,2026-05-11,38.400,37.540,38.950,37.300,1306856.000
000792,2026-05-12,37.730,37.050,37.750,36.790,854714.000
000792,2026-05-13,37.150,36.690,37.670,36.470,1137468.000
000792,2026-05-14,36.500,34.830,36.500,34.700,1600547.000
000792,2026-05-15,34.750,33.890,34.880,33.610,1083616.000
000792,2026-05-18,33.890,33.350,34.200,33.130,916256.000
000792,2026-05-19,33.230,32.410,33.240,31.860,1231541.000
000792,2026-05-20,32.000,32.860,33.300,31.760,1081570.000
000792,2026-05-21,33.100,32.280,33.470,32.220,971804.000
000792,2026-05-22,32.260,32.840,32.980,31.810,715791.000
000792,2026-05-25,32.980,31.990,33.000,31.770,828817.000
000792,2026-05-26,31.800,32.530,32.630,31.200,937396.000
000792,2026-05-27,32.400,31.380,32.760,31.230,715618.000
000792,2026-05-28,31.660,31.200,32.130,30.750,759774.000
000792,2026-05-29,31.390,30.770,31.780,30.520,704084.000
000792,2026-06-01,30.500,30.380,31.020,30.330,560780.000
000792,2026-06-02,30.490,30.350,30.620,29.670,810685.000
000792,2026-06-03,29.980,30.240,30.600,29.700,600818.000
000792,2026-06-04,30.000,29.350,30.180,29.200,856025.000
000792,2026-06-05,29.250,29.450,30.350,28.980,857145.000
000792,2026-06-08,29.000,28.120,29.570,27.720,911610.000
000792,2026-06-09,28.510,29.500,29.660,28.080,879468.000
000792,2026-06-10,29.220,29.030,30.100,28.860,805783.000
000792,2026-06-11,29.030,30.410,30.900,28.920,1470597.000
000792,2026-06-12,30.570,31.700,32.250,30.270,1561432.000
000792,2026-06-15,32.100,32.030,32.780,31.250,1377834.000
000792,2026-06-16,31.650,31.150,31.790,30.800,1048807.000
000792,2026-06-17,31.280,30.870,31.550,30.510,771274.000
000792,2026-06-18,30.390,29.750,31.040,29.600,1181409.000
000792,2026-06-22,28.500,30.690,30.770,28.200,1376859.000
000792,2026-06-23,30.700,29.090,30.700,29.000,851168.000
000792,2026-06-24,29.000,31.340,31.500,28.900,1308202.000
000792,2026-06-25,30.980,30.230,31.450,29.920,1047369.000
000792,2026-06-26,29.970,28.910,30.510,28.880,842777.000
000792,2026-06-29,28.690,29.630,30.020,28.170,811407.000
000792,2026-06-30,29.760,30.190,30.740,29.260,939597.000
000792,2026-07-01,30.320,30.490,30.990,29.260,1038182.000
000792,2026-07-02,30.500,30.180,30.990,29.740,912525.000
000792,2026-07-03,31.010,29.410,31.140,29.350,1349678.000
000792,2026-07-06,29.410,29.250,30.450,28.700,994250.000
000792,2026-07-07,29.330,28.370,29.700,28.330,834486.000
000792,2026-07-08,28.390,26.530,28.560,26.500,1194886.000
000792,2026-07-09,26.730,26.090,27.110,25.400,1160816.000
000792,2026-07-10,26.100,25.400,26.400,25.370,972378.000
000792,2026-07-13,25.350,24.590,25.400,24.290,965064.000
000792,2026-07-14,24.810,25.350,25.430,24.400,789149.000
000792,2026-07-15,25.560,25.270,25.780,25.020,627479.000
000792,2026-07-16,24.900,24.680,25.060,24.510,688640.000
000792,2026-07-17,24.780,24.930,25.500,24.730,1069474.000
000792,2026-07-20,25.030,24.480,25.100,24.070,871821.000
000792,2026-07-21,24.260,25.200,25.200,24.220,872385.000
000792,2026-07-22,25.060,26.280,26.460,24.950,1022809.000
000792,2026-07-23,26.350,27.580,27.950,26.000,1153459.000
000792,2026-07-24,27.230,26.850,27.670,26.780,645949.000
000792,2026-07-27,26.940,27.150,27.400,26.820,559179.000
000792,2026-07-28,26.700,26.990,27.390,26.700,464048.000
000792,2026-07-29,26.990,27.620,27.890,26.380,733881.000
000792,2026-07-30,27.600,27.860,28.260,27.330,786634.000
000792,2026-07-31,27.660,27.320,27.950,27.310,666592.000
000792,2026-08-03,27.120,27.400,27.730,26.580,572090.000
000792,2026-08-04,27.270,27.610,27.740,27.220,417149.000
000792,2026-08-05,27.640,28.280,28.450,27.500,577605.000
000792,2026-08-06,28.350,28.530,28.760,28.040,556545.000
000792,2026-08-07,28.640,28.800,28.980,28.460,559256.000
000792,2026-08-10,29.100,29.500,30.080,29.090,706587.000
000792,2026-08-11,29.360,28.680,29.860,28.670,579996.000
000792,2026-08-12,28.780,29.060,29.740,28.690,510903.000
000792,2026-08-13,28.880,27.650,28.890,27.550,977141.000
000792,2026-08-14,27.780,28.270,28.670,27.700,628865.000
000792,2026-08-17,28.360,28.040,28.570,27.830,523691.000
000792,2026-08-18,28.160,28.190,28.690,28.060,610557.000
000792,2026-08-19,27.700,27.840,28.650,27.300,674933.000
000792,2026-08-20,28.150,27.930,28.480,27.700,405441.000
000792,2026-08-21,27.820,28.810,28.940,27.510,770540.000
000792,2026-08-24,29.200,28.480,29.670,28.440,683569.000
000792,2026-08-25,28.380,27.450,28.590,27.280,762406.000
000792,2026-08-26,27.400,28.150,28.430,27.150,690936.000
000792,2026-08-27,28.000,28.210,28.220,27.560,626525.000
000792,2026-08-28,28.380,28.380,28.680,27.780,638361.000
000792,2026-08-31,28.390,28.190,28.600,27.810,582585.000
000792,2026-09-01,28.190,27.850,28.440,27.820,661154.000
000792,2026-09-02,27.550,26.940,27.550,26.650,701360.000
000792,2026-09-03,27.120,27.070,27.410,27.010,450607.000
000792,2026-09-04,27.070,26.650,27.400,26.580,492820.000
002645,2026-01-09,12.767,12.908,13.108,12.708,218457.000
002645,2026-01-12,12.967,13.000,13.058,12.767,224745.000
002645,2026-01-13,13.000,12.617,13.000,12.567,222109.000
002645,2026-01-14,12.625,12.483,12.750,12.292,245782.000
002645,2026-01-15,12.442,12.817,12.967,12.433,275317.000
002645,2026-01-16,12.917,12.800,12.942,12.750,152885.000
002645,2026-01-19,12.792,13.092,13.275,12.750,251387.000
002645,2026-01-20,13.100,13.092,13.183,12.792,171895.000
002645,2026-01-21,13.008,13.317,13.358,12.958,226053.000
002645,2026-01-22,13.250,13.833,13.967,13.225,340514.000
002645,2026-01-23,13.750,13.867,13.867,13.567,272473.000
002645,2026-01-26,13.833,13.583,13.842,13.483,226238.000
002645,2026-01-27,13.583,13.767,13.792,13.333,233357.000
002645,2026-01-28,13.725,13.742,13.758,13.425,219549.000
002645,2026-01-29,13.708,14.333,14.717,13.533,582285.000
002645,2026-01-30,13.383,12.892,13.458,12.892,323894.000
002645,2026-02-02,12.308,11.792,12.600,11.758,429185.000
002645,2026-02-03,12.208,12.475,12.625,11.917,304115.000
002645,2026-02-04,12.492,12.642,12.917,12.392,195627.000
002645,2026-02-05,12.517,12.000,12.567,11.883,175504.000
002645,2026-02-06,12.008,12.108,12.225,11.750,132355.000
002645,2026-02-09,12.292,12.783,13.042,12.250,261291.000
002645,2026-02-10,12.758,13.392,13.483,12.708,326468.000
002645,2026-02-11,13.433,13.517,13.958,13.367,346127.000
002645,2026-02-12,13.467,13.667,13.917,13.275,277945.000
002645,2026-02-13,13.575,13.292,13.633,13.292,183248.000
002645,2026-02-24,13.550,13.533,13.908,13.467,195055.000
002645,2026-02-25,13.608,14.208,14.450,13.558,389397.000
002645,2026-02-26,14.158,14.083,14.192,13.908,256215.000
002645,2026-02-27,13.983,14.567,14.742,13.967,301594.000
002645,2026-03-02,14.617,14.233,14.717,13.833,293756.000
002645,2026-03-03,14.175,13.058,14.233,13.000,309761.000
002645,2026-03-04,12.892,13.067,13.492,12.767,214891.000
002645,2026-03-05,13.325,12.775,13.400,12.683,199584.000
002645,2026-03-06,12.733,12.700,12.958,12.600,153698.000
002645,2026-03-09,12.408,12.583,12.642,12.017,204996.000
002645,2026-03-10,12.625,12.900,12.908,12.517,192189.000
002645,2026-03-11,12.892,12.975,13.208,12.833,217879.000
002645,2026-03-12,12.950,13.817,14.283,12.942,637675.000
002645,2026-03-13,14.092,14.208,14.492,13.842,570998.000
002645,2026-03-16,14.233,14.650,14.733,14.150,440978.000
002645,2026-03-17,14.808,14.375,15.067,14.375,336307.000
002645,2026-03-18,14.492,14.283,14.667,13.783,294778.000
002645,2026-03-19,14.392,13.408,14.392,13.292,269482.000
002645,2026-03-20,13.617,12.925,13.617,12.858,240899.000
002645,2026-03-23,12.500,12.375,13.225,12.217,375067.000
002645,2026-03-24,12.667,13.625,13.625,12.208,367077.000
002645,2026-03-25,13.917,14.267,14.300,13.575,388260.000
002645,2026-03-26,14.408,13.717,14.408,13.667,250478.000
002645,2026-03-27,13.575,14.283,14.467,13.458,307294.000
002645,2026-03-30,14.108,14.117,14.242,13.792,204331.000
002645,2026-03-31,14.075,13.875,14.183,13.725,192485.000
002645,2026-04-01,14.175,15.275,15.275,13.992,313786.000
002645,2026-04-02,15.408,14.925,15.417,14.442,591783.000
002645,2026-04-03,14.925,14.667,15.025,14.475,304513.000
002645,2026-04-07,14.650,15.567,15.917,14.650,520365.000
002645,2026-04-08,15.592,16.042,16.317,15.467,715635.000
002645,2026-04-09,16.167,17.658,17.658,15.942,443489.000
002645,2026-04-10,17.525,18.017,18.492,17.175,815675.000
002645,2026-04-13,18.217,17.483,18.492,17.292,595238.000
002645,2026-04-14,17.592,17.292,17.667,16.917,481563.000
002645,2026-04-15,17.292,17.942,18.667,17.025,629755.000
002645,2026-04-16,17.700,18.858,19.083,17.458,632891.000
002645,2026-04-17,18.608,18.508,19.233,18.250,456135.000
002645,2026-04-20,18.575,18.983,19.150,18.242,409702.000
002645,2026-04-21,18.817,19.025,19.808,18.575,476540.000
002645,2026-04-22,19.375,19.192,20.042,18.583,443598.000
002645,2026-04-23,19.092,18.217,19.500,17.900,648082.000
002645,2026-04-24,18.217,18.592,19.083,18.083,337223.000
002645,2026-04-27,18.500,18.308,19.092,18.092,295580.000
002645,2026-04-28,18.342,17.667,18.417,17.558,224331.000
002645,2026-04-29,17.775,19.442,19.442,17.775,247478.000
002645,2026-04-30,20.650,21.392,21.392,20.467,457693.000
002645,2026-05-06,21.583,21.458,22.250,21.167,767726.000
002645,2026-05-07,21.775,22.367,22.425,21.517,543061.000
002645,2026-05-08,21.667,22.733,22.900,21.583,438782.000
002645,2026-05-11,23.233,24.992,25.017,22.608,645557.000
002645,2026-05-12,24.583,23.875,25.017,23.208,598117.000
002645,2026-05-13,23.342,24.158,24.883,23.342,449503.000
002645,2026-05-14,24.317,23.633,24.592,23.550,355938.000
002645,2026-05-15,23.967,23.208,24.000,22.817,318539.000
002645,2026-05-18,22.983,22.792,23.375,22.358,301195.000
002645,2026-05-19,22.608,22.725,22.967,21.583,279503.000
002645,2026-05-20,22.492,25.008,25.008,22.425,410236.000
002645,2026-05-21,25.125,23.608,25.358,23.250,469357.000
002645,2026-05-22,23.500,24.133,24.733,23.500,329816.000
002645,2026-05-25,24.333,26.558,26.558,24.158,448590.000
002645,2026-05-26,27.500,27.075,27.833,26.033,530488.000
002645,2026-05-27,27.083,25.725,27.267,25.508,350475.000
002645,2026-05-28,25.733,26.000,26.567,25.733,341727.000
002645,2026-05-29,25.908,24.475,25.908,24.225,347333.000
002645,2026-06-01,24.425,23.742,24.975,23.492,278020.000
002645,2026-06-02,23.750,25.042,25.650,23.075,351154.000
002645,2026-06-03,25.425,27.267,27.558,25.175,782234.000
002645,2026-06-04,26.583,30.000,30.000,26.042,734849.000
002645,2026-06-05,30.590,31.170,33.000,30.590,1351988.000
002645,2026-06-08,30.000,31.430,33.630,29.950,1006890.000
002645,2026-06-09,32.230,32.800,34.470,32.100,899431.000
002645,2026-06-10,32.810,31.700,33.220,30.500,622640.000
002645,2026-06-11,31.700,30.590,32.590,29.580,718747.000
002645,2026-06-12,30.600,29.330,31.620,29.080,750220.000
002645,2026-06-15,29.590,30.570,30.910,28.600,669304.000
002645,2026-06-16,30.600,33.630,33.630,30.180,449739.000
002645,2026-06-17,34.230,34.220,34.850,33.080,919120.000
002645,2026-06-18,33.640,36.100,36.610,33.560,732638.000
002645,2026-06-22,36.000,35.970,36.450,34.380,769044.000
002645,2026-06-23,35.260,32.370,35.450,32.370,614884.000
002645,2026-06-24,31.990,31.420,32.000,30.400,701418.000
002645,2026-06-25,31.430,30.750,32.310,30.510,608372.000
002645,2026-06-26,30.730,28.320,30.740,27.710,716223.000
002645,2026-06-29,28.300,26.600,28.660,26.000,596626.000
002645,2026-06-30,26.400,27.510,27.810,25.900,438234.000
002645,2026-07-01,26.180,25.750,27.120,25.300,516571.000
002645,2026-07-02,25.300,25.250,26.770,25.050,455304.000
002645,2026-07-03,25.160,25.680,26.540,25.160,413940.000
002645,2026-07-06,25.680,24.380,26.200,24.180,352398.000
002645,2026-07-07,24.260,23.490,24.890,23.100,291498.000
002645,2026-07-08,23.710,22.400,24.060,22.280,307310.000
002645,2026-07-09,22.850,22.460,23.260,21.300,339745.000
002645,2026-07-10,22.490,22.160,23.380,22.120,304928.000
002645,2026-07-13,22.000,20.310,22.050,20.210,283028.000
002645,2026-07-14,20.480,21.510,21.760,20.120,402198.000
002645,2026-07-15,22.000,20.250,22.180,20.000,288389.000
002645,2026-07-16,20.230,19.250,20.540,18.950,325127.000
002645,2026-07-17,19.350,17.600,19.440,17.400,335314.000
002645,2026-07-20,18.090,15.910,18.300,15.840,410726.000
002645,2026-07-21,16.390,17.390,17.440,14.580,464651.000
002645,2026-07-22,17.430,17.370,18.070,17.010,413650.000
002645,2026-07-23,17.540,17.630,17.930,17.200,284763.000
002645,2026-07-24,17.390,16.810,17.480,16.560,265212.000
002645,2026-07-27,16.980,17.740,18.020,16.760,317338.000
002645,2026-07-28,17.540,17.050,18.160,16.910,268097.000
002645,2026-07-29,17.170,16.820,17.200,16.240,304761.000
002645,2026-07-30,16.790,15.760,17.020,15.480,364124.000
002645,2026-07-31,16.660,15.950,17.100,15.930,340204.000
002645,2026-08-03,15.900,16.030,16.450,15.520,297733.000
002645,2026-08-04,16.210,17.210,17.370,15.920,400383.000
002645,2026-08-05,17.190,18.030,18.300,17.180,557487.000
002645,2026-08-06,18.100,18.550,19.260,17.980,598160.000
002645,2026-08-07,18.550,19.210,19.580,18.500,659037.000
002645,2026-08-10,19.490,20.100,20.190,19.300,634980.000
002645,2026-08-11,19.680,19.560,20.110,19.210,489141.000
002645,2026-08-12,19.600,19.930,20.130,19.330,327374.000
002645,2026-08-13,20.090,19.530,20.400,19.500,330908.000
002645,2026-08-14,19.610,21.480,21.480,19.610,503024.000
002645,2026-08-17,21.950,21.090,21.980,20.700,614956.000
002645,2026-08-18,21.130,20.720,21.380,20.360,440254.000
002645,2026-08-19,20.010,19.210,20.760,19.160,400258.000
002645,2026-08-20,20.030,19.200,20.200,18.990,338445.000
002645,2026-08-21,19.100,19.450,19.550,18.730,276554.000
002645,2026-08-24,19.680,19.030,19.710,18.590,299725.000
002645,2026-08-25,18.760,18.850,19.260,18.360,316896.000
002645,2026-08-26,18.920,19.000,19.260,18.450,277483.000
002645,2026-08-27,18.920,19.510,19.600,18.850,298444.000
002645,2026-08-28,19.520,19.150,19.620,19.060,248681.000
002645,2026-08-31,18.770,19.420,19.430,18.500,204152.000
002645,2026-09-01,19.430,18.740,19.490,18.690,225161.000
002645,2026-09-02,18.470,18.380,18.590,18.150,167230.000
002645,2026-09-03,18.530,18.370,18.690,18.110,157365.000
002645,2026-09-04,18.510,17.470,18.730,17.300,278571.000
002468,2026-01-09,13.300,13.410,13.450,13.290,176729.000
002468,2026-01-12,13.410,13.580,13.580,13.240,203401.000
002468,2026-01-13,13.580,13.320,13.740,13.260,220416.000
002468,2026-01-14,13.400,13.560,13.640,13.300,304454.000
002468,2026-01-15,13.500,13.630,14.050,13.470,307570.000
002468,2026-01-16,13.650,13.350,13.750,13.300,201614.000
002468,2026-01-19,13.300,13.580,13.700,13.250,180805.000
002468,2026-01-20,13.700,13.720,14.020,13.630,278762.000
002468,2026-01-21,13.630,13.680,13.830,13.550,149693.000
002468,2026-01-22,13.700,13.620,13.720,13.340,190598.000
002468,2026-01-23,13.620,13.580,13.730,13.460,186615.000
002468,2026-01-26,13.580,13.250,13.630,13.110,227762.000
002468,2026-01-27,13.240,12.920,13.280,12.800,219816.000
002468,2026-01-28,12.850,12.790,12.960,12.680,165723.000
002468,2026-01-29,12.770,12.940,13.050,12.740,141916.000
002468,2026-01-30,12.900,12.760,13.190,12.680,160177.000
002468,2026-02-02,12.740,12.480,12.850,12.470,160797.000
002468,2026-02-03,12.600,12.680,12.720,12.520,153904.000
002468,2026-02-04,12.650,12.900,12.930,12.540,134217.000
002468,2026-02-05,12.870,12.940,13.190,12.850,139432.000
002468,2026-02-06,12.850,12.900,13.000,12.740,105787.000
002468,2026-02-09,12.980,12.930,13.080,12.820,125600.000
002468,2026-02-10,12.930,12.830,12.960,12.760,99245.000
002468,2026-02-11,12.890,12.930,13.070,12.810,110808.000
002468,2026-02-12,12.940,12.880,13.050,12.860,72257.000
002468,2026-02-13,12.880,12.660,12.890,12.620,115125.000
002468,2026-02-24,12.790,12.840,12.960,12.750,111430.000
002468,2026-02-25,12.840,12.610,12.980,12.530,208043.000
002468,2026-02-26,12.610,13.010,13.190,12.400,475517.000
002468,2026-02-27,13.010,13.700,14.090,12.950,649572.000
002468,2026-03-02,13.360,13.470,13.500,12.990,455956.000
002468,2026-03-03,13.570,13.330,14.050,13.250,355716.000
002468,2026-03-04,13.160,13.060,13.290,12.910,272201.000
002468,2026-03-05,13.360,13.070,13.550,13.010,193531.000
002468,2026-03-06,12.980,13.620,13.690,12.920,310164.000
002468,2026-03-09,13.400,13.210,13.500,12.960,296916.000
002468,2026-03-10,13.370,13.880,14.180,13.330,368862.000
002468,2026-03-11,13.880,14.050,14.150,13.760,243782.000
002468,2026-03-12,13.950,13.920,14.060,13.670,194920.000
002468,2026-03-13,13.890,14.030,14.450,13.830,332208.000
002468,2026-03-16,14.030,14.200,14.280,13.930,269856.000
002468,2026-03-17,13.900,13.650,14.160,13.650,263803.000
002468,2026-03-18,13.700,13.880,14.030,13.570,203918.000
002468,2026-03-19,13.750,13.790,13.970,13.660,173261.000
002468,2026-03-20,13.780,13.900,14.250,13.780,275608.000
002468,2026-03-23,13.650,13.000,13.670,12.830,359452.000
002468,2026-03-24,13.260,13.260,13.320,12.900,270677.000
002468,2026-03-25,13.300,14.170,14.250,13.270,431569.000
002468,2026-03-26,14.160,14.810,14.870,14.030,533914.000
002468,2026-03-27,14.800,15.160,15.570,14.750,513208.000
002468,2026-03-30,15.000,14.890,15.260,14.770,276861.000
002468,2026-03-31,14.940,14.720,15.250,14.700,201372.000
002468,2026-04-01,15.040,15.050,15.390,14.900,243666.000
002468,2026-04-02,14.950,15.040,15.160,14.790,179148.000
002468,2026-04-03,15.100,15.300,15.530,14.750,276071.000
002468,2026-04-07,15.300,15.320,15.380,14.990,214168.000
002468,2026-04-08,15.370,15.510,15.700,15.280,275312.000
002468,2026-04-09,15.290,15.420,15.660,15.290,183085.000
002468,2026-04-10,15.500,15.570,15.700,15.320,215995.000
002468,2026-04-13,15.400,15.250,15.500,14.680,291786.000
002468,2026-04-14,15.210,14.800,15.280,14.710,221509.000
002468,2026-04-15,16.290,16.290,16.290,16.290,96875.000
002468,2026-04-16,17.900,17.930,17.930,17.100,1284360.000
002468,2026-04-17,17.910,17.080,17.980,16.960,875385.000
002468,2026-04-20,17.070,16.890,17.450,16.800,429076.000
002468,2026-04-21,16.900,16.960,17.210,16.850,257952.000
002468,2026-04-22,16.930,17.400,17.640,16.890,315748.000
002468,2026-04-23,17.400,17.630,17.940,17.170,300156.000
002468,2026-04-24,17.510,17.350,17.680,17.200,223987.000
002468,2026-04-27,17.310,17.430,17.680,17.300,193362.000
002468,2026-04-28,17.350,16.450,17.370,16.340,371590.000
002468,2026-04-29,16.500,16.470,16.780,16.370,234196.000
002468,2026-04-30,16.480,16.250,16.530,16.070,276552.000
002468,2026-05-06,16.250,16.300,16.350,15.910,257245.000
002468,2026-05-07,16.380,16.280,16.760,16.240,217503.000
002468,2026-05-08,16.260,16.180,16.450,16.100,184259.000
002468,2026-05-11,16.180,16.050,16.360,15.960,244124.000
002468,2026-05-12,16.050,15.820,16.170,15.740,215437.000
002468,2026-05-13,15.870,15.600,15.930,15.550,217118.000
002468,2026-05-14,15.610,15.520,15.760,15.400,175524.000
002468,2026-05-15,15.460,15.430,15.610,15.200,224708.000
002468,2026-05-18,15.400,15.670,15.670,15.170,207207.000
002468,2026-05-19,15.680,15.690,16.080,15.450,247776.000
002468,2026-05-20,15.620,15.760,15.890,15.170,284289.000
002468,2026-05-21,15.760,15.100,15.820,15.040,228969.000
002468,2026-05-22,15.200,14.960,15.250,14.860,160344.000
002468,2026-05-25,14.980,14.760,15.000,14.630,201731.000
002468,2026-05-26,14.750,15.020,15.060,14.670,174776.000
002468,2026-05-27,14.920,14.980,15.280,14.720,173104.000
002468,2026-05-28,14.900,15.500,15.700,14.880,262877.000
002468,2026-05-29,15.450,15.200,15.590,15.170,177564.000
002468,2026-06-01,15.120,15.030,15.230,14.830,198040.000
002468,2026-06-02,15.100,14.660,15.140,14.520,251601.000
002468,2026-06-03,14.640,14.100,14.720,13.870,333165.000
002468,2026-06-04,13.970,13.630,14.150,13.510,235916.000
002468,2026-06-05,13.640,13.800,13.990,13.550,190642.000
002468,2026-06-08,13.670,13.730,13.850,13.530,197797.000
002468,2026-06-09,13.700,13.840,13.920,13.500,171311.000
002468,2026-06-10,13.800,14.010,14.130,13.760,138057.000
002468,2026-06-11,13.910,13.910,14.000,13.630,145842.000
002468,2026-06-12,13.900,14.080,14.280,13.780,167398.000
002468,2026-06-15,14.200,13.980,14.390,13.770,206844.000
002468,2026-06-16,13.940,13.460,13.940,13.230,298069.000
002468,2026-06-17,13.450,13.590,13.660,13.220,188533.000
002468,2026-06-18,13.480,13.280,13.530,13.240,171063.000
002468,2026-06-22,13.210,13.090,13.210,12.710,212670.000
002468,2026-06-23,13.100,13.740,14.160,13.050,310830.000
002468,2026-06-24,13.900,13.780,14.190,13.620,251733.000
002468,2026-06-25,13.750,13.910,14.200,13.620,226532.000
002468,2026-06-26,13.850,13.680,13.900,13.600,152359.000
002468,2026-06-29,13.600,14.000,14.170,13.220,284020.000
002468,2026-06-30,14.080,14.560,14.710,13.920,316775.000
002468,2026-07-01,15.990,16.020,16.020,15.550,449311.000
002468,2026-07-02,16.560,16.610,16.900,16.260,609572.000
002468,2026-07-03,16.690,16.310,16.990,16.270,392132.000
002468,2026-07-06,16.270,17.080,17.220,16.180,428664.000
002468,2026-07-07,17.000,16.820,17.110,16.700,259753.000
002468,2026-07-08,16.820,16.240,17.010,16.210,314604.000
002468,2026-07-09,16.230,16.090,16.280,15.870,301409.000
002468,2026-07-10,16.170,16.160,16.470,15.880,272688.000
002468,2026-07-13,16.170,16.100,16.440,16.030,248159.000
002468,2026-07-14,16.030,16.570,16.610,15.900,310390.000
002468,2026-07-15,16.300,15.220,16.300,14.910,578870.000
002468,2026-07-16,15.140,14.720,15.280,14.610,326156.000
002468,2026-07-17,14.600,13.820,14.820,13.750,364151.000
002468,2026-07-20,14.020,13.860,14.190,13.610,349925.000
002468,2026-07-21,13.850,14.030,14.050,13.610,341513.000
002468,2026-07-22,13.890,13.750,14.040,13.680,240246.000
002468,2026-07-23,13.620,13.630,13.740,13.470,195704.000
002468,2026-07-24,13.470,13.190,13.580,13.180,183711.000
002468,2026-07-27,13.200,13.680,13.680,13.130,211974.000
002468,2026-07-28,13.640,13.840,13.890,13.480,163029.000
002468,2026-07-29,13.840,14.030,14.190,13.650,223298.000
002468,2026-07-30,13.980,14.080,14.280,13.930,204389.000
002468,2026-07-31,13.900,14.100,14.210,13.620,184141.000
002468,2026-08-03,14.170,14.370,14.520,14.120,163603.000
002468,2026-08-04,14.400,14.320,14.520,14.210,137100.000
002468,2026-08-05,13.730,14.010,14.120,13.730,374272.000
002468,2026-08-06,13.930,13.920,14.080,13.560,322663.000
002468,2026-08-07,13.860,14.580,14.660,13.800,333327.000
002468,2026-08-10,14.570,14.700,14.860,14.400,148019.000
002468,2026-08-11,14.670,14.420,14.950,14.380,168931.000
002468,2026-08-12,14.440,14.250,14.600,14.240,110523.000
002468,2026-08-13,14.250,14.060,14.250,14.010,114633.000
002468,2026-08-14,14.060,14.190,14.390,13.970,101465.000
002468,2026-08-17,14.240,14.640,14.680,14.020,152427.000
002468,2026-08-18,14.630,14.770,14.870,14.520,120283.000
002468,2026-08-19,14.790,14.680,14.910,14.500,176360.000
002468,2026-08-20,14.700,14.390,15.280,14.390,264123.000
002468,2026-08-21,14.370,14.190,14.440,14.160,104853.000
002468,2026-08-24,14.210,14.100,14.420,14.000,141962.000
002468,2026-08-25,14.100,13.960,14.170,13.940,105817.000
002468,2026-08-26,14.000,14.030,14.180,13.960,95312.000
002468,2026-08-27,14.000,14.040,14.040,13.850,141849.000
002468,2026-08-28,14.010,14.050,14.140,13.820,134390.000
002468,2026-08-31,14.010,13.970,14.080,13.760,144324.000
002468,2026-09-01,13.980,14.080,14.270,13.970,182060.000
002468,2026-09-02,14.000,14.000,14.120,13.840,133275.000
002468,2026-09-03,14.020,14.130,14.180,13.970,111696.000
002468,2026-09-04,14.180,14.310,14.630,14.110,218070.000
000603,2026-01-09,32.430,34.580,34.820,31.960,392255.000
000603,2026-01-12,37.560,37.430,37.580,35.740,377040.000
000603,2026-01-13,37.440,38.400,39.680,37.130,382137.000
000603,2026-01-14,39.400,40.800,41.060,38.900,482257.000
000603,2026-01-15,40.440,40.070,42.010,39.140,432511.000
000603,2026-01-16,40.530,40.320,41.980,40.080,334478.000
000603,2026-01-19,41.040,40.190,41.280,38.910,297415.000
000603,2026-01-20,41.070,41.860,42.260,38.480,431139.000
000603,2026-01-21,41.760,45.880,46.040,41.080,460878.000
000603,2026-01-22,43.100,46.700,48.970,43.100,508469.000
000603,2026-01-23,48.880,51.380,51.380,48.580,396669.000
000603,2026-01-26,56.370,56.530,56.530,55.380,142903.000
000603,2026-01-27,56.740,61.040,62.200,56.740,844935.000
000603,2026-01-28,62.670,67.160,67.160,60.380,690833.000
000603,2026-01-29,69.880,67.680,73.470,62.890,862187.000
000603,2026-01-30,60.900,60.900,62.880,60.900,252806.000
000603,2026-02-02,54.800,54.800,54.800,54.800,10295.000
000603,2026-02-03,49.310,49.340,51.380,49.310,652366.000
000603,2026-02-04,51.880,50.870,51.880,48.970,580228.000
000603,2026-02-05,49.430,48.210,51.630,45.880,664298.000
000603,2026-02-06,43.380,47.430,48.520,43.380,511977.000
000603,2026-02-09,48.490,48.760,49.180,47.680,385530.000
000603,2026-02-10,48.950,47.050,49.150,46.880,286937.000
000603,2026-02-11,47.080,47.540,48.180,46.720,241619.000
000603,2026-02-12,47.320,46.680,48.150,46.660,231638.000
000603,2026-02-13,45.240,45.080,46.430,44.980,271027.000
000603,2026-02-24,47.750,49.600,49.600,47.110,425977.000
000603,2026-02-25,49.880,50.420,51.440,48.730,455599.000
000603,2026-02-26,50.880,49.960,51.080,49.510,296532.000
000603,2026-02-27,49.560,51.880,52.240,49.490,367605.000
000603,2026-03-02,53.680,56.450,56.840,50.420,626812.000
000603,2026-03-03,53.490,50.790,54.600,50.790,442888.000
000603,2026-03-04,47.030,48.880,50.100,47.010,342101.000
000603,2026-03-05,49.430,47.820,49.780,47.100,267799.000
000603,2026-03-06,46.740,47.540,48.860,46.440,211647.000
000603,2026-03-09,47.540,46.710,47.540,44.460,326026.000
000603,2026-03-10,48.180,48.080,49.050,47.790,196252.000
000603,2026-03-11,48.470,46.640,48.540,46.480,174695.000
000603,2026-03-12,46.380,45.490,46.530,44.780,186608.000
000603,2026-03-13,45.100,44.180,46.680,44.130,191502.000
000603,2026-03-16,42.900,42.500,44.380,41.260,262831.000
000603,2026-03-17,42.800,42.530,43.790,42.420,167306.000
000603,2026-03-18,42.530,42.910,43.560,41.890,185055.000
000603,2026-03-19,41.280,39.510,42.060,39.330,304225.000
000603,2026-03-20,40.300,38.870,41.180,38.780,320291.000
000603,2026-03-23,38.170,34.970,38.470,34.970,390007.000
000603,2026-03-24,36.270,36.560,36.660,34.970,348040.000
000603,2026-03-25,38.510,38.340,39.530,38.000,359758.000
000603,2026-03-26,38.340,37.800,38.630,37.380,179282.000
000603,2026-03-27,37.140,38.360,38.730,36.660,176392.000
000603,2026-03-30,38.120,38.680,38.860,37.370,178071.000
000603,2026-03-31,39.160,38.680,40.480,38.640,234875.000
000603,2026-04-01,40.080,39.830,40.630,39.230,214867.000
000603,2026-04-02,39.380,38.530,39.410,38.000,221779.000
000603,2026-04-03,38.930,38.500,39.180,37.750,118452.000
000603,2026-04-07,38.500,38.920,39.330,38.360,133547.000
000603,2026-04-08,41.190,41.960,42.370,40.990,296204.000
000603,2026-04-09,40.190,40.980,41.310,40.000,182194.000
000603,2026-04-10,41.280,40.390,41.580,40.350,151045.000
000603,2026-04-13,40.010,40.720,41.000,39.810,135813.000
000603,2026-04-14,41.130,41.010,41.670,40.400,152188.000
000603,2026-04-15,42.150,40.020,42.360,39.890,248189.000
000603,2026-04-16,40.480,41.050,41.470,40.000,185217.000
000603,2026-04-17,40.590,40.920,41.480,40.420,160519.000
000603,2026-04-20,41.180,41.070,42.170,40.810,216268.000
000603,2026-04-21,40.880,40.950,41.270,39.980,135815.000
000603,2026-04-22,40.570,41.070,41.330,39.600,166209.000
000603,2026-04-23,41.230,38.310,41.410,37.780,352512.000
000603,2026-04-24,37.720,37.590,38.270,36.680,203967.000
000603,2026-04-27,37.270,37.640,38.160,36.990,149443.000
000603,2026-04-28,37.430,36.580,37.560,36.330,147321.000
000603,2026-04-29,35.780,37.380,37.430,35.380,169543.000
000603,2026-04-30,36.970,36.360,37.480,36.050,204113.000
000603,2026-05-06,36.730,37.670,37.830,36.260,243526.000
000603,2026-05-07,38.870,38.830,39.860,37.880,349958.000
000603,2026-05-08,38.890,40.050,40.560,38.880,330169.000
000603,2026-05-11,39.880,39.340,40.250,38.890,247631.000
000603,2026-05-12,40.880,38.980,41.190,38.960,341113.000
000603,2026-05-13,39.880,38.670,40.030,38.470,214177.000
000603,2026-05-14,39.270,37.310,39.370,37.180,217786.000
000603,2026-05-15,36.640,34.900,36.760,34.460,274368.000
000603,2026-05-18,34.270,34.060,34.420,33.350,170476.000
000603,2026-05-19,34.050,33.440,34.060,32.860,170342.000
000603,2026-05-20,32.520,32.920,33.490,32.180,186753.000
000603,2026-05-21,33.540,32.280,33.870,32.180,171342.000
000603,2026-05-22,32.410,32.930,33.370,31.790,138265.000
000603,2026-05-25,33.580,33.900,33.930,32.760,167101.000
000603,2026-05-26,33.380,34.400,34.600,32.950,185162.000
000603,2026-05-27,34.170,32.120,34.460,31.880,170695.000
000603,2026-05-28,31.380,31.810,32.060,30.690,197190.000
000603,2026-05-29,32.480,30.780,33.140,30.600,172874.000
000603,2026-06-01,30.620,30.750,31.330,30.170,133672.000
000603,2026-06-02,30.930,31.650,31.930,29.880,165120.000
000603,2026-06-03,31.110,31.140,31.940,30.700,145410.000
000603,2026-06-04,30.820,30.000,30.980,29.930,156466.000
000603,2026-06-05,30.000,29.590,30.270,29.340,138920.000
000603,2026-06-08,28.000,27.470,28.680,26.880,193401.000
000603,2026-06-09,27.800,27.940,28.080,26.900,149609.000
000603,2026-06-10,27.510,27.200,27.660,26.620,179639.000
000603,2026-06-11,27.200,27.900,28.450,26.990,222654.000
000603,2026-06-12,28.720,29.170,29.880,28.240,237762.000
000603,2026-06-15,30.480,30.790,31.140,29.770,296573.000
000603,2026-06-16,28.320,27.710,28.760,27.710,170110.000
000603,2026-06-17,26.110,26.520,27.450,25.710,849593.000
000603,2026-06-18,26.040,26.340,27.850,25.830,484735.000
000603,2026-06-22,26.640,27.550,27.680,25.760,414999.000
000603,2026-06-23,27.290,24.800,27.290,24.800,373682.000
000603,2026-06-24,24.490,24.340,24.750,23.600,346915.000
000603,2026-06-25,23.760,23.110,23.950,22.960,298130.000
000603,2026-06-26,23.250,21.170,23.280,20.910,263010.000
000603,2026-06-29,21.180,21.000,21.570,20.430,272861.000
000603,2026-06-30,23.100,23.100,23.100,23.100,74714.000
000603,2026-07-01,24.250,25.410,25.410,23.570,517788.000
000603,2026-07-02,26.620,24.720,26.690,24.640,912535.000
000603,2026-07-03,25.450,24.420,26.330,24.110,748947.000
000603,2026-07-06,24.530,24.120,26.000,24.120,669139.000
000603,2026-07-07,24.000,22.350,24.010,22.290,457572.000
000603,2026-07-08,22.310,22.070,23.170,21.710,368583.000
000603,2026-07-09,21.800,21.910,22.300,20.820,340130.000
000603,2026-07-10,22.240,22.600,23.700,21.750,387488.000
000603,2026-07-13,22.260,21.050,22.300,20.980,252310.000
000603,2026-07-14,20.800,21.730,21.850,20.260,251246.000
000603,2026-07-15,21.900,20.830,21.960,20.800,249818.000
000603,2026-07-16,20.540,20.450,21.280,20.310,232359.000
000603,2026-07-17,20.190,18.950,20.190,18.840,307505.000
000603,2026-07-20,19.210,18.650,19.520,18.250,278868.000
000603,2026-07-21,18.950,20.520,20.520,18.270,407120.000
000603,2026-07-22,20.880,22.570,22.570,20.840,418335.000
000603,2026-07-23,23.440,24.830,24.830,22.860,691703.000
000603,2026-07-24,23.990,24.800,25.690,23.610,985550.000
000603,2026-07-27,25.140,24.930,25.780,23.190,736090.000
000603,2026-07-28,23.800,24.070,24.540,23.690,425931.000
000603,2026-07-29,24.300,25.000,25.380,23.650,541167.000
000603,2026-07-30,25.400,24.070,25.600,23.890,556868.000
000603,2026-07-31,24.490,25.400,26.150,24.460,616443.000
000603,2026-08-03,25.450,25.720,26.080,25.000,511438.000
000603,2026-08-04,26.000,26.500,26.700,25.660,519733.000
000603,2026-08-05,26.980,29.150,29.150,26.490,511645.000
000603,2026-08-06,32.060,31.300,32.070,30.300,1209847.000
000603,2026-08-07,31.380,34.430,34.430,30.200,1127805.000
000603,2026-08-10,34.520,37.120,37.780,34.380,1085237.000
000603,2026-08-11,37.800,34.550,39.330,34.250,1255999.000
000603,2026-08-12,35.270,34.410,35.660,33.520,779285.000
000603,2026-08-13,35.080,32.210,35.850,32.140,879006.000
000603,2026-08-14,30.950,32.090,32.120,30.680,521180.000
000603,2026-08-17,33.010,33.220,33.490,32.440,559226.000
000603,2026-08-18,33.700,33.070,34.080,32.500,475292.000
000603,2026-08-19,31.110,31.290,32.780,31.100,418024.000
000603,2026-08-20,33.320,33.280,34.420,32.510,951984.000
000603,2026-08-21,34.250,36.610,36.610,33.550,951244.000
000603,2026-08-24,37.000,39.860,40.270,36.720,1246308.000
000603,2026-08-25,39.700,36.270,39.700,35.950,951034.000
000603,2026-08-26,36.820,37.160,38.890,35.680,882662.000
000603,2026-08-27,36.920,37.980,39.000,36.330,817713.000
000603,2026-08-28,38.560,38.590,39.440,36.890,677792.000
000603,2026-08-31,34.730,36.870,37.150,34.730,652945.000
000603,2026-09-01,37.260,36.400,37.420,36.230,411546.000
000603,2026-09-02,34.820,35.900,36.180,33.670,514563.000
000603,2026-09-03,36.620,37.000,37.480,36.440,543784.000
000603,2026-09-04,37.030,36.160,37.740,35.910,485286.000
600026,2026-01-09,12.580,12.330,12.590,12.140,638723.000
600026,2026-01-12,12.470,13.250,13.490,12.460,953227.000
600026,2026-01-13,13.360,13.430,13.620,13.050,733555.000
600026,2026-01-14,13.820,13.620,14.210,13.450,777706.000
600026,2026-01-15,13.540,13.910,14.470,13.420,639930.000
600026,2026-01-16,13.620,13.650,13.820,13.470,573237.000
600026,2026-01-19,13.690,14.190,14.370,13.690,506921.000
600026,2026-01-20,14.330,14.160,14.470,13.770,450404.000
600026,2026-01-21,13.970,14.040,14.300,13.820,352737.000
600026,2026-01-22,14.040,14.040,14.530,14.010,355018.000
600026,2026-01-23,14.010,13.900,14.400,13.780,573572.000
600026,2026-01-26,14.220,14.790,14.870,14.130,846807.000
600026,2026-01-27,14.750,14.900,15.310,14.540,668330.000
600026,2026-01-28,15.130,15.070,15.330,14.730,716619.000
600026,2026-01-29,15.360,15.340,15.850,15.230,777342.000
600026,2026-01-30,15.420,15.420,16.060,14.920,684525.000
600026,2026-02-02,15.270,14.650,15.480,14.600,704858.000
600026,2026-02-03,15.080,15.490,15.510,14.740,649289.000
600026,2026-02-04,15.620,16.380,16.420,15.500,729397.000
600026,2026-02-05,16.310,15.780,16.570,15.570,585545.000
600026,2026-02-06,15.570,15.590,15.730,15.320,411086.000
600026,2026-02-09,15.970,16.050,16.350,15.840,520030.000
600026,2026-02-10,16.070,16.760,16.920,15.700,580063.000
600026,2026-02-11,16.750,16.650,16.920,16.480,348531.000
600026,2026-02-12,17.100,18.350,18.350,16.820,876871.000
600026,2026-02-13,18.030,16.570,18.070,16.520,1042273.000
600026,2026-02-24,18.270,18.270,18.270,17.920,865326.000
600026,2026-02-25,19.090,19.770,20.140,18.960,1508814.000
600026,2026-02-26,19.840,20.060,20.560,19.480,1118527.000
600026,2026-02-27,20.120,20.200,20.900,19.610,943151.000
600026,2026-03-02,22.260,22.260,22.260,20.440,2185338.000
600026,2026-03-03,24.070,24.520,24.520,23.120,1331935.000
600026,2026-03-04,24.610,23.410,24.610,22.030,2528022.000
600026,2026-03-05,22.690,24.600,25.660,22.030,2210334.000
600026,2026-03-06,24.110,24.860,25.800,23.630,1927676.000
600026,2026-03-09,25.740,22.340,26.270,22.340,2080140.000
600026,2026-03-10,21.220,22.880,24.610,21.220,1970664.000
600026,2026-03-11,22.790,22.380,22.820,21.570,1393857.000
600026,2026-03-12,22.180,22.090,22.510,21.300,1189412.000
600026,2026-03-13,22.180,21.730,22.560,21.440,858287.000
600026,2026-03-16,21.600,23.390,23.700,21.420,1280742.000
600026,2026-03-17,23.590,22.840,24.110,22.720,1041975.000
600026,2026-03-18,22.730,24.500,25.160,22.290,1413916.000
600026,2026-03-19,24.590,23.350,24.900,22.840,1221472.000
600026,2026-03-20,23.500,23.080,24.280,22.500,954833.000
600026,2026-03-23,23.110,23.140,24.260,22.940,1057160.000
600026,2026-03-24,23.520,25.490,25.490,22.940,1458180.000
600026,2026-03-25,26.320,24.950,26.790,24.300,1443013.000
600026,2026-03-26,24.950,23.520,24.950,23.280,1148116.000
600026,2026-03-27,23.110,23.310,23.910,22.320,937879.000
600026,2026-03-30,22.850,22.220,23.360,21.820,1083890.000
600026,2026-03-31,22.540,21.620,22.710,21.280,957433.000
600026,2026-04-01,22.000,23.270,23.770,21.820,1143219.000
600026,2026-04-02,22.760,23.890,25.440,22.760,1207641.000
600026,2026-04-03,25.120,24.470,25.620,24.410,926666.000
600026,2026-04-07,25.380,25.570,26.070,24.640,877940.000
600026,2026-04-08,25.120,25.690,26.620,23.950,1317248.000
600026,2026-04-09,26.150,25.180,26.430,24.580,756040.000
600026,2026-04-10,25.280,23.730,25.380,23.420,1027029.000
600026,2026-04-13,23.690,22.550,23.700,22.320,836955.000
600026,2026-04-14,22.490,22.370,22.810,21.920,863606.000
600026,2026-04-15,22.120,22.040,22.640,21.970,667868.000
600026,2026-04-16,22.070,21.610,22.270,21.510,643662.000
600026,2026-04-17,21.500,21.570,21.640,20.820,865523.000
600026,2026-04-20,21.750,21.900,22.150,21.280,591031.000
600026,2026-04-21,21.820,22.010,22.400,21.680,612637.000
600026,2026-04-22,21.820,21.520,22.050,20.760,962180.000
600026,2026-04-23,21.170,21.070,21.300,20.770,618256.000
600026,2026-04-24,20.970,20.880,21.190,20.690,467270.000
600026,2026-04-27,21.190,21.120,21.460,20.670,500977.000
600026,2026-04-28,21.280,20.670,21.320,20.220,727972.000
600026,2026-04-29,20.920,21.360,21.420,20.820,677076.000
600026,2026-04-30,20.950,21.210,21.370,20.520,547844.000
600026,2026-05-06,21.620,21.940,22.100,20.630,1050790.000
600026,2026-05-07,21.820,22.310,23.240,21.730,1009106.000
600026,2026-05-08,21.870,23.040,23.280,21.870,1027486.000
600026,2026-05-11,22.620,22.000,22.620,21.360,888746.000
600026,2026-05-12,21.840,21.770,22.520,21.670,473653.000
600026,2026-05-13,21.670,22.070,22.440,21.670,531678.000
600026,2026-05-14,21.720,22.430,23.080,21.430,897153.000
600026,2026-05-15,22.220,21.490,22.620,21.240,617325.000
600026,2026-05-18,21.030,21.100,21.320,20.440,524196.000
600026,2026-05-19,21.420,21.310,21.840,21.080,442408.000
600026,2026-05-20,21.110,22.260,22.420,21.110,575624.000
600026,2026-05-21,22.250,22.240,23.470,22.090,811558.000
600026,2026-05-22,22.820,22.420,22.820,21.880,599608.000
600026,2026-05-25,22.720,21.500,23.610,21.450,978163.000
600026,2026-05-26,21.190,20.850,21.620,20.240,767966.000
600026,2026-05-27,20.780,19.920,21.000,19.620,700519.000
600026,2026-05-28,19.720,19.470,19.910,19.360,503465.000
600026,2026-05-29,19.260,19.100,19.570,18.870,670406.000
600026,2026-06-01,19.280,18.420,19.300,18.300,645040.000
600026,2026-06-02,18.600,18.170,18.620,17.770,678512.000
600026,2026-06-03,18.060,17.560,18.120,17.370,681441.000
600026,2026-06-04,17.520,17.320,17.820,17.210,609975.000
600026,2026-06-05,17.610,17.210,17.620,16.910,590650.000
600026,2026-06-08,17.130,16.370,17.370,16.340,612500.000
600026,2026-06-09,16.540,16.430,16.630,16.050,519300.000
600026,2026-06-10,16.430,16.200,17.030,15.990,544143.000
600026,2026-06-11,16.370,16.270,16.470,15.610,552432.000
600026,2026-06-12,16.550,17.120,17.500,16.550,1089144.000
600026,2026-06-15,18.870,18.870,18.870,18.870,171829.000
600026,2026-06-16,19.390,17.520,19.590,17.120,1798831.000
600026,2026-06-17,17.720,19.310,19.310,17.620,1067794.000
600026,2026-06-18,19.520,18.920,19.720,18.500,1281214.000
600026,2026-06-22,18.770,20.060,20.250,18.170,1397919.000
600026,2026-06-23,20.240,20.370,21.170,20.140,1202664.000
600026,2026-06-24,21.030,22.450,22.450,20.840,1264017.000
600026,2026-06-25,22.130,21.400,22.370,21.220,1663381.000
600026,2026-06-26,20.420,19.580,20.570,19.350,1073491.000
600026,2026-06-29,19.000,18.320,19.280,18.230,926837.000
600026,2026-06-30,17.920,17.560,18.450,17.480,823466.000
600026,2026-07-01,17.130,16.320,17.320,16.220,1060237.000
600026,2026-07-02,16.320,16.120,16.920,16.040,876755.000
600026,2026-07-03,16.940,16.990,17.430,16.720,907386.000
600026,2026-07-06,17.590,16.990,17.820,16.860,832936.000
600026,2026-07-07,16.930,16.030,17.180,15.960,755634.000
600026,2026-07-08,16.000,15.450,16.240,15.440,576953.000
600026,2026-07-09,15.690,15.550,15.850,15.190,640581.000
600026,2026-07-10,15.120,15.390,15.590,14.800,606152.000
600026,2026-07-13,15.620,14.980,15.770,14.820,621155.000
600026,2026-07-14,14.830,14.900,14.900,14.290,715581.000
600026,2026-07-15,14.900,15.450,15.950,14.900,805554.000
600026,2026-07-16,15.170,14.560,15.250,14.420,636168.000
600026,2026-07-17,14.530,14.210,14.680,14.060,571802.000
600026,2026-07-20,14.410,14.520,14.860,14.230,761040.000
600026,2026-07-21,14.650,14.880,14.890,14.150,734105.000
600026,2026-07-22,15.060,15.660,15.840,15.060,879603.000
600026,2026-07-23,15.840,16.010,16.030,15.200,659779.000
600026,2026-07-24,16.120,15.550,16.400,15.340,773587.000
600026,2026-07-27,15.520,15.940,16.040,15.300,650073.000
600026,2026-07-28,15.610,15.770,15.870,15.410,452846.000
600026,2026-07-29,15.770,16.120,16.320,15.610,570256.000
600026,2026-07-30,16.130,16.850,17.400,16.130,847866.000
600026,2026-07-31,16.250,16.870,16.980,16.240,547867.000
600026,2026-08-03,16.880,17.010,17.100,16.380,523434.000
600026,2026-08-04,17.000,16.850,17.480,16.750,584744.000
600026,2026-08-05,16.800,17.870,17.990,16.300,830321.000
600026,2026-08-06,17.610,17.460,17.890,17.130,622528.000
600026,2026-08-07,17.800,17.700,17.880,17.560,449589.000
600026,2026-08-10,17.550,17.660,17.920,17.310,394876.000
600026,2026-08-11,17.540,16.300,17.750,16.290,964558.000
600026,2026-08-12,16.340,16.740,16.830,16.310,481811.000
600026,2026-08-13,16.940,16.750,17.110,16.660,332627.000
600026,2026-08-14,16.990,16.700,17.030,16.450,314409.000
600026,2026-08-17,16.870,17.700,17.750,16.750,569443.000
600026,2026-08-18,17.820,18.000,18.150,17.650,429233.000
600026,2026-08-19,18.300,18.320,18.830,17.920,886388.000
600026,2026-08-20,18.500,18.310,19.230,18.200,907717.000
600026,2026-08-21,18.460,19.580,19.690,18.420,1119158.000
600026,2026-08-24,19.570,19.140,19.850,19.100,843483.000
600026,2026-08-25,19.370,19.040,19.430,18.730,570147.000
600026,2026-08-26,18.600,18.570,19.150,18.470,549616.000
600026,2026-08-27,18.130,18.610,18.700,18.080,499200.000
600026,2026-08-28,18.980,18.810,19.100,18.620,455298.000
600026,2026-08-31,18.990,19.220,19.350,18.380,749288.000
600026,2026-09-01,18.960,19.070,19.480,18.790,543352.000
600026,2026-09-02,19.340,18.690,19.340,18.580,497255.000
600026,2026-09-03,18.900,20.330,20.560,18.900,1157180.000
600026,2026-09-04,20.500,20.340,21.180,20.200,905509.000
600428,2026-01-09,6.755,6.805,6.845,6.695,315737.000
600428,2026-01-12,6.735,7.075,7.135,6.695,675470.000
600428,2026-01-13,7.085,7.055,7.155,7.025,401588.000
600428,2026-01-14,7.045,7.085,7.355,6.985,502382.000
600428,2026-01-15,7.085,7.195,7.255,7.055,360818.000
600428,2026-01-16,7.215,7.005,7.225,6.975,340006.000
600428,2026-01-19,7.045,7.155,7.225,6.985,295628.000
600428,2026-01-20,7.175,7.235,7.235,7.025,325682.000
600428,2026-01-21,7.205,7.285,7.435,7.195,403085.000
600428,2026-01-22,7.275,7.275,7.375,7.225,244987.000
600428,2026-01-23,7.275,7.255,7.315,7.195,284330.000
600428,2026-01-26,7.325,7.485,7.495,7.225,523629.000
600428,2026-01-27,7.435,7.335,7.555,7.295,413343.000
600428,2026-01-28,7.435,7.435,7.525,7.305,397839.000
600428,2026-01-29,7.425,7.555,7.675,7.415,532463.000
600428,2026-01-30,7.515,7.495,7.685,7.335,404620.000
600428,2026-02-02,7.395,7.015,7.435,7.005,607182.000
600428,2026-02-03,7.105,7.145,7.185,7.035,350025.000
600428,2026-02-04,7.145,7.295,7.355,7.115,319367.000
600428,2026-02-05,7.285,7.265,7.385,7.215,245433.000
600428,2026-02-06,7.205,7.175,7.305,7.135,248125.000
600428,2026-02-09,7.235,7.365,7.435,7.225,311077.000
600428,2026-02-10,7.365,7.495,7.555,7.255,292131.000
600428,2026-02-11,7.495,7.715,7.915,7.485,511531.000
600428,2026-02-12,7.775,7.785,7.935,7.715,402366.000
600428,2026-02-13,7.725,7.475,7.765,7.415,420743.000
600428,2026-02-24,7.615,7.755,7.935,7.615,483721.000
600428,2026-02-25,7.745,8.055,8.365,7.735,859165.000
600428,2026-02-26,7.895,8.105,8.145,7.895,580142.000
600428,2026-02-27,8.085,8.035,8.215,7.955,359706.000
600428,2026-03-02,8.305,8.145,8.455,7.745,1229316.000
600428,2026-03-03,8.155,8.975,8.995,7.955,2199991.000
600428,2026-03-04,8.555,8.045,8.555,8.045,1467917.000
600428,2026-03-05,7.825,8.095,8.245,7.685,1183180.000
600428,2026-03-06,7.905,7.955,8.145,7.715,954044.000
600428,2026-03-09,7.995,7.575,8.115,7.365,1032113.000
600428,2026-03-10,7.475,7.615,7.825,7.445,587887.000
600428,2026-03-11,7.615,7.935,7.975,7.535,667348.000
600428,2026-03-12,7.925,7.865,7.995,7.765,424342.000
600428,2026-03-13,7.825,7.995,8.115,7.765,577907.000
600428,2026-03-16,7.995,8.165,8.235,7.945,659015.000
600428,2026-03-17,8.135,7.935,8.225,7.915,491005.000
600428,2026-03-18,7.935,8.055,8.265,7.795,555356.000
600428,2026-03-19,7.995,7.695,8.005,7.625,515114.000
600428,2026-03-20,7.685,7.665,7.905,7.645,416196.000
600428,2026-03-23,7.595,7.585,7.755,7.475,533192.000
600428,2026-03-24,7.655,7.875,7.905,7.595,438192.000
600428,2026-03-25,7.875,8.065,8.175,7.805,491436.000
600428,2026-03-26,8.255,8.465,8.615,8.155,1001436.000
600428,2026-03-27,8.375,8.645,8.775,8.325,816514.000
600428,2026-03-30,8.545,8.835,8.885,8.475,744704.000
600428,2026-03-31,8.795,8.665,8.925,8.605,619028.000
600428,2026-04-01,8.745,8.825,8.975,8.695,626845.000
600428,2026-04-02,8.785,9.275,9.525,8.785,962162.000
600428,2026-04-03,9.375,9.095,9.745,9.065,729606.000
600428,2026-04-07,9.055,8.875,9.165,8.855,578797.000
600428,2026-04-08,9.055,9.085,9.285,8.905,684478.000
600428,2026-04-09,8.975,9.155,9.245,8.915,400174.000
600428,2026-04-10,9.275,8.825,9.275,8.785,500520.000
600428,2026-04-13,8.725,8.555,8.785,8.525,353896.000
600428,2026-04-14,8.555,8.435,8.595,8.325,345657.000
600428,2026-04-15,8.425,8.705,8.775,8.345,382397.000
600428,2026-04-16,8.745,8.785,8.855,8.665,313902.000
600428,2026-04-17,8.725,8.715,8.805,8.455,293837.000
600428,2026-04-20,8.715,8.625,8.875,8.575,265535.000
600428,2026-04-21,8.645,8.665,8.705,8.495,288051.000
600428,2026-04-22,8.595,8.825,8.855,8.585,311615.000
600428,2026-04-23,8.755,8.735,8.775,8.615,234853.000
600428,2026-04-24,8.675,8.675,8.745,8.535,246673.000
600428,2026-04-27,8.735,8.595,8.855,8.535,296259.000
600428,2026-04-28,8.565,8.705,9.005,8.555,355665.000
600428,2026-04-29,8.555,8.255,8.575,7.995,843455.000
600428,2026-04-30,8.225,8.235,8.365,8.085,367870.000
600428,2026-05-06,8.255,8.215,8.395,8.045,535604.000
600428,2026-05-07,8.235,8.155,8.365,8.095,569538.000
600428,2026-05-08,8.145,8.175,8.305,7.965,501768.000
600428,2026-05-11,8.155,7.925,8.165,7.835,479150.000
600428,2026-05-12,7.915,7.835,7.975,7.815,253613.000
600428,2026-05-13,7.855,7.895,7.985,7.825,282745.000
600428,2026-05-14,7.875,8.005,8.175,7.825,507830.000
600428,2026-05-15,8.015,7.675,8.045,7.615,510776.000
600428,2026-05-18,7.625,7.405,7.665,7.345,375607.000
600428,2026-05-19,7.425,7.425,7.505,7.335,275478.000
600428,2026-05-20,7.385,7.635,7.685,7.355,405170.000
600428,2026-05-21,7.605,7.545,7.955,7.505,523999.000
600428,2026-05-22,7.645,7.545,7.645,7.425,295922.000
600428,2026-05-25,7.545,7.425,7.605,7.335,311940.000
600428,2026-05-26,7.405,7.495,7.525,7.185,357363.000
600428,2026-05-27,7.425,7.345,7.465,7.215,285101.000
600428,2026-05-28,7.335,7.215,7.365,7.125,260516.000
600428,2026-05-29,7.195,7.475,7.505,7.185,496083.000
600428,2026-06-01,7.435,7.745,7.775,7.435,631648.000
600428,2026-06-02,7.685,7.725,7.865,7.665,423259.000
600428,2026-06-03,7.675,7.435,7.755,7.385,315902.000
600428,2026-06-04,7.425,7.285,7.455,7.195,352897.000
600428,2026-06-05,7.295,7.595,7.795,7.245,522165.000
600428,2026-06-08,7.525,7.155,7.675,7.085,414949.000
600428,2026-06-09,7.185,7.375,7.415,7.095,391440.000
600428,2026-06-10,7.295,7.335,7.395,7.165,228145.000
600428,2026-06-11,7.335,7.505,7.535,7.205,289961.000
600428,2026-06-12,7.505,7.665,7.865,7.505,539848.000
600428,2026-06-15,7.855,7.865,8.105,7.665,521450.000
600428,2026-06-16,7.795,7.605,7.865,7.575,330411.000
600428,2026-06-17,7.615,7.635,7.755,7.555,267773.000
600428,2026-06-18,7.595,7.535,7.675,7.425,239570.000
600428,2026-06-22,7.535,7.825,7.855,7.365,340367.000
600428,2026-06-23,7.875,8.035,8.215,7.825,609826.000
600428,2026-06-24,8.075,7.835,8.315,7.815,405846.000
600428,2026-06-25,7.785,7.855,8.125,7.665,455741.000
600428,2026-06-26,7.805,7.765,7.925,7.675,319711.000
600428,2026-06-29,7.725,7.925,7.935,7.375,454474.000
600428,2026-06-30,7.925,7.485,7.925,7.365,433519.000
600428,2026-07-01,7.455,7.905,8.095,7.455,636932.000
600428,2026-07-02,7.875,8.205,8.325,7.855,574369.000
600428,2026-07-03,8.275,8.305,8.415,8.175,363818.000
600428,2026-07-06,8.245,8.315,8.415,8.195,312667.000
600428,2026-07-07,8.315,7.965,8.335,7.945,256698.000
600428,2026-07-08,8.035,7.875,8.205,7.855,257719.000
600428,2026-07-09,7.905,7.845,7.955,7.665,281259.000
600428,2026-07-10,8.655,8.665,8.665,8.475,404421.000
600428,2026-07-13,8.825,9.495,9.565,8.825,2179081.000
600428,2026-07-14,9.655,10.255,10.315,9.385,1840103.000
600428,2026-07-15,9.945,10.245,10.525,9.775,1163033.000
600428,2026-07-16,10.255,10.075,10.415,9.955,917243.000
600428,2026-07-17,10.075,10.235,10.695,10.015,997394.000
600428,2026-07-20,10.395,10.845,11.125,9.985,1243289.000
600428,2026-07-21,10.685,10.575,10.785,10.225,1178237.000
600428,2026-07-22,10.695,10.795,11.225,10.505,1127147.000
600428,2026-07-23,10.635,10.715,10.805,10.455,677394.000
600428,2026-07-24,10.675,10.365,10.925,10.365,620748.000
600428,2026-07-27,9.875,10.475,10.535,9.805,667260.000
600428,2026-07-28,10.505,10.875,10.995,10.335,773805.000
600428,2026-07-29,10.725,10.915,10.995,10.425,645248.000
600428,2026-07-30,11.010,10.980,11.500,10.840,674778.000
600428,2026-07-31,10.510,11.310,11.490,10.510,725213.000
600428,2026-08-03,11.470,11.350,11.680,11.110,604781.000
600428,2026-08-04,11.350,11.580,11.730,11.190,620426.000
600428,2026-08-05,11.580,11.730,11.880,11.200,658948.000
600428,2026-08-06,11.710,12.000,12.120,11.630,730593.000
600428,2026-08-07,11.980,11.950,12.130,11.770,668803.000
600428,2026-08-10,11.820,11.650,12.070,11.530,753938.000
600428,2026-08-11,11.480,11.430,11.820,11.400,520552.000
600428,2026-08-12,11.450,12.060,12.260,11.370,695532.000
600428,2026-08-13,12.000,11.850,12.520,11.840,625067.000
600428,2026-08-14,11.910,11.810,12.050,11.680,348364.000
600428,2026-08-17,11.830,11.820,11.990,11.510,388790.000
600428,2026-08-18,11.810,12.090,12.350,11.780,446197.000
600428,2026-08-19,12.090,11.920,12.180,11.850,474366.000
600428,2026-08-20,11.920,11.480,12.170,11.360,509858.000
600428,2026-08-21,11.510,11.830,11.900,11.300,421668.000
600428,2026-08-24,11.790,11.350,11.840,11.350,384399.000
600428,2026-08-25,11.360,11.260,11.500,11.160,427746.000
600428,2026-08-26,11.200,11.150,11.470,11.110,353611.000
600428,2026-08-27,11.070,10.980,11.240,10.850,527929.000
600428,2026-08-28,11.050,11.470,11.640,11.030,642969.000
600428,2026-08-31,11.550,11.490,11.650,11.300,580619.000
600428,2026-09-01,11.530,11.670,11.980,11.510,526067.000
600428,2026-09-02,11.690,11.170,11.790,11.150,417280.000
600428,2026-09-03,11.140,11.650,11.920,11.120,738167.000
600428,2026-09-04,11.720,11.660,11.820,11.480,407336.000
002558,2026-01-09,45.411,46.611,47.301,44.661,278239.000
002558,2026-01-12,47.431,49.221,49.701,47.071,499369.000
002558,2026-01-13,49.811,48.761,51.111,48.031,478404.000
002558,2026-01-14,48.531,46.831,49.811,45.411,516724.000
002558,2026-01-15,47.281,45.861,47.811,45.471,371700.000
002558,2026-01-16,45.871,45.211,46.351,44.401,402401.000
002558,2026-01-19,46.721,49.751,49.751,46.721,503694.000
002558,2026-01-20,51.611,50.951,53.161,50.211,690336.000
002558,2026-01-21,50.941,50.111,51.611,49.571,329040.000
002558,2026-01-22,50.101,49.151,50.711,48.521,226864.000
002558,2026-01-23,49.611,49.621,50.311,47.961,404990.000
002558,2026-01-26,47.321,46.021,48.691,44.761,665450.000
002558,2026-01-27,46.291,47.141,47.571,44.431,419884.000
002558,2026-01-28,46.691,44.621,47.031,44.511,467528.000
002558,2026-01-29,44.301,43.711,45.451,43.611,358756.000
002558,2026-01-30,43.491,43.791,44.661,43.211,325942.000
002558,2026-02-02,44.471,42.211,46.811,42.011,478600.000
002558,2026-02-03,42.721,43.011,43.341,39.811,635100.000
002558,2026-02-04,42.221,41.371,42.381,40.841,410277.000
002558,2026-02-05,40.961,40.831,41.911,40.721,266393.000
002558,2026-02-06,40.611,41.831,42.681,40.071,376980.000
002558,2026-02-09,42.511,40.841,42.621,40.531,394262.000
002558,2026-02-10,40.961,41.501,41.901,40.841,410105.000
002558,2026-02-11,41.131,41.711,42.581,40.331,408743.000
002558,2026-02-12,41.411,41.091,42.251,40.941,313540.000
002558,2026-02-13,40.861,40.771,41.661,40.761,199617.000
002558,2026-02-24,40.751,39.041,40.761,38.121,616698.000
002558,2026-02-25,39.071,38.461,39.211,37.811,604821.000
002558,2026-02-26,38.591,37.351,38.781,36.971,553325.000
002558,2026-02-27,37.511,36.911,37.591,36.281,421163.000
002558,2026-03-02,35.681,36.781,36.781,35.681,439150.000
002558,2026-03-03,36.811,35.811,37.411,35.581,476137.000
002558,2026-03-04,35.411,35.421,36.111,35.161,318567.000
002558,2026-03-05,35.561,35.291,36.331,34.811,413054.000
002558,2026-03-06,35.011,35.411,35.561,34.581,284009.000
002558,2026-03-09,34.841,34.161,34.951,33.131,625742.000
002558,2026-03-10,34.431,35.721,36.001,34.431,502991.000
002558,2026-03-11,36.321,36.451,37.591,35.681,717043.000
002558,2026-03-12,36.461,35.741,36.461,35.091,356162.000
002558,2026-03-13,36.721,35.241,37.051,34.921,522492.000
002558,2026-03-16,34.991,34.821,35.901,34.291,361713.000
002558,2026-03-17,35.001,34.471,36.311,34.391,406780.000
002558,2026-03-18,34.561,34.661,35.031,34.001,327802.000
002558,2026-03-19,33.881,32.731,33.881,32.041,584110.000
002558,2026-03-20,32.791,31.931,33.531,31.841,338666.000
002558,2026-03-23,31.381,30.881,31.961,30.571,506054.000
002558,2026-03-24,31.211,31.201,31.311,30.601,288464.000
002558,2026-03-25,31.301,32.411,32.761,31.271,361850.000
002558,2026-03-26,32.351,31.641,32.801,31.431,208271.000
002558,2026-03-27,31.271,31.961,32.161,31.171,234125.000
002558,2026-03-30,31.391,31.241,31.651,30.711,276453.000
002558,2026-03-31,31.401,31.351,32.561,31.211,358326.000
002558,2026-04-01,32.111,34.501,34.501,31.761,559559.000
002558,2026-04-02,34.831,33.861,35.091,33.321,616593.000
002558,2026-04-03,34.501,33.011,34.561,32.881,382607.000
002558,2026-04-07,33.051,32.721,33.521,32.361,420401.000
002558,2026-04-08,33.891,34.391,34.941,33.511,561926.000
002558,2026-04-09,33.711,32.781,33.741,32.311,556455.000
002558,2026-04-10,32.931,34.371,34.991,32.881,676734.000
002558,2026-04-13,34.971,31.331,35.311,30.921,1505568.000
002558,2026-04-14,31.751,31.561,31.861,30.911,698668.000
002558,2026-04-15,31.691,31.861,32.891,31.611,624256.000
002558,2026-04-16,32.041,33.081,33.141,32.011,644172.000
002558,2026-04-17,32.811,32.151,32.811,31.811,464869.000
002558,2026-04-20,32.121,32.061,32.561,31.851,399973.000
002558,2026-04-21,32.061,31.861,32.171,31.531,393149.000
002558,2026-04-22,31.621,31.911,31.931,31.351,288366.000
002558,2026-04-23,31.911,31.691,32.361,31.121,380499.000
002558,2026-04-24,31.331,30.971,31.661,30.601,374162.000
002558,2026-04-27,31.121,31.331,31.691,31.111,329340.000
002558,2026-04-28,31.811,31.931,32.541,31.221,666450.000
002558,2026-04-29,32.011,33.321,33.511,31.761,727044.000
002558,2026-04-30,33.201,32.631,33.391,32.491,517877.000
002558,2026-05-06,32.741,32.231,32.811,31.651,789744.000
002558,2026-05-07,32.611,33.211,33.271,31.961,677078.000
002558,2026-05-08,32.881,33.061,34.101,32.841,850173.000
002558,2026-05-11,33.581,32.641,33.691,32.121,641024.000
002558,2026-05-12,32.511,31.441,32.601,31.411,601822.000
002558,2026-05-13,31.391,32.191,32.611,30.611,647025.000
002558,2026-05-14,32.371,30.721,32.961,30.711,637635.000
002558,2026-05-15,30.811,29.931,31.101,29.511,638710.000
002558,2026-05-18,28.431,27.621,28.431,27.321,958724.000
002558,2026-05-19,27.701,27.761,28.271,27.421,521309.000
002558,2026-05-20,27.511,27.781,27.941,26.931,433144.000
002558,2026-05-21,27.801,27.231,28.291,27.211,387178.000
002558,2026-05-22,27.461,27.281,27.461,26.971,317867.000
002558,2026-05-25,27.211,26.311,27.311,25.991,623511.000
002558,2026-05-26,26.361,26.671,27.061,26.081,440962.000
002558,2026-05-27,26.621,26.381,27.301,26.251,372977.000
002558,2026-05-28,26.371,26.191,26.531,25.571,358855.000
002558,2026-05-29,26.521,25.871,26.701,25.661,412227.000
002558,2026-06-01,25.900,26.350,26.950,25.890,486200.000
002558,2026-06-02,26.350,25.630,26.400,25.360,400295.000
002558,2026-06-03,25.500,25.590,26.160,25.240,359975.000
002558,2026-06-04,25.370,25.250,25.900,25.070,300018.000
002558,2026-06-05,25.250,25.790,26.080,25.140,419723.000
002558,2026-06-08,25.020,24.870,25.600,24.530,377618.000
002558,2026-06-09,25.200,24.740,25.460,24.510,348006.000
002558,2026-06-10,24.430,24.200,24.630,24.100,332805.000
002558,2026-06-11,24.030,23.650,24.200,23.530,351671.000
002558,2026-06-12,23.960,23.440,24.730,23.440,793550.000
002558,2026-06-15,24.030,24.310,24.400,23.760,587951.000
002558,2026-06-16,24.330,24.280,24.730,23.980,411458.000
002558,2026-06-17,24.040,24.090,24.360,23.670,348626.000
002558,2026-06-18,24.090,23.900,24.750,23.790,422892.000
002558,2026-06-22,23.960,25.740,25.950,23.800,825432.000
002558,2026-06-23,25.570,25.190,26.140,25.060,581837.000
002558,2026-06-24,24.970,25.210,26.440,24.700,810189.000
002558,2026-06-25,25.230,27.730,27.730,25.210,919368.000
002558,2026-06-26,28.290,27.440,28.670,26.270,1534090.000
002558,2026-06-29,27.010,27.230,28.500,26.650,1267900.000
002558,2026-06-30,27.120,27.560,27.720,26.220,1003735.000
002558,2026-07-01,27.400,28.110,28.610,26.280,1186563.000
002558,2026-07-02,28.500,27.710,29.000,27.390,1154193.000
002558,2026-07-03,27.710,27.150,28.050,26.680,859247.000
002558,2026-07-06,26.830,27.440,28.120,26.540,720510.000
002558,2026-07-07,27.400,29.090,30.180,27.300,1824878.000
002558,2026-07-08,29.410,28.000,29.740,27.190,1493647.000
002558,2026-07-09,27.550,28.320,29.180,26.800,1280529.000
002558,2026-07-10,27.900,29.560,29.880,27.400,1455411.000
002558,2026-07-13,29.010,28.480,29.350,27.500,1302971.000
002558,2026-07-14,28.050,26.870,28.260,26.440,907915.000
002558,2026-07-15,26.500,29.560,29.560,25.520,1510302.000
002558,2026-07-16,30.330,30.280,31.310,29.660,1991086.000
002558,2026-07-17,30.280,29.120,31.120,28.900,1529295.000
002558,2026-07-20,29.310,29.980,30.090,28.120,1217133.000
002558,2026-07-21,29.490,29.870,30.990,28.700,1473633.000
002558,2026-07-22,29.300,28.020,29.490,28.010,1151227.000
002558,2026-07-23,27.600,25.260,27.710,25.220,1564077.000
002558,2026-07-24,24.500,24.180,25.300,23.680,1109687.000
002558,2026-07-27,23.990,24.720,24.730,23.610,694418.000
002558,2026-07-28,24.640,24.530,25.290,24.330,561281.000
002558,2026-07-29,24.640,26.980,26.980,24.550,1057227.000
002558,2026-07-30,28.150,27.680,29.650,27.520,1771120.000
002558,2026-07-31,26.620,29.280,30.220,26.620,1471458.000
002558,2026-08-03,28.980,29.090,31.200,28.980,1546659.000
002558,2026-08-04,29.470,29.940,30.270,28.690,1256535.000
002558,2026-08-05,29.600,30.070,30.630,29.590,1068343.000
002558,2026-08-06,29.700,29.260,30.810,29.100,1109645.000
002558,2026-08-07,29.520,29.340,29.600,28.600,906604.000
002558,2026-08-10,29.030,29.790,29.800,28.830,740946.000
002558,2026-08-11,29.500,28.700,30.100,28.660,770555.000
002558,2026-08-12,28.950,28.770,29.250,28.430,512302.000
002558,2026-08-13,28.780,28.570,29.490,28.560,651449.000
002558,2026-08-14,28.400,28.840,28.990,27.320,857370.000
002558,2026-08-17,28.570,27.190,28.600,26.840,1128712.000
002558,2026-08-18,27.250,27.050,27.440,26.740,605098.000
002558,2026-08-19,26.740,26.280,27.060,26.240,606969.000
002558,2026-08-20,26.540,26.410,26.940,26.180,475664.000
002558,2026-08-21,26.010,26.130,26.220,25.740,407343.000
002558,2026-08-24,26.410,26.660,26.950,25.950,654986.000
002558,2026-08-25,26.600,26.710,27.400,26.320,703712.000
002558,2026-08-26,26.500,26.580,26.880,26.120,547803.000
002558,2026-08-27,26.950,27.240,27.450,26.290,831280.000
002558,2026-08-28,27.200,27.280,27.720,26.950,586583.000
002558,2026-08-31,27.000,27.450,27.670,26.650,624551.000
002558,2026-09-01,27.460,26.950,27.680,26.830,647137.000
002558,2026-09-02,26.500,26.100,27.080,26.070,540279.000
002558,2026-09-03,26.620,26.920,27.490,26.230,767504.000
002558,2026-09-04,26.910,27.670,28.190,26.710,1141136.000
601061,2026-01-09,14.770,15.070,15.250,14.760,228113.000
601061,2026-01-12,15.270,14.850,15.380,14.740,349185.000
601061,2026-01-13,14.850,14.930,15.210,14.740,294260.000
601061,2026-01-14,15.100,15.360,15.840,14.980,395493.000
601061,2026-01-15,15.360,15.410,15.760,14.910,377840.000
601061,2026-01-16,15.360,15.410,15.940,15.300,311981.000
601061,2026-01-19,15.310,15.030,15.330,14.780,298821.000
601061,2026-01-20,15.110,14.950,15.220,14.260,362980.000
601061,2026-01-21,14.880,15.370,15.520,14.830,321787.000
601061,2026-01-22,15.350,15.200,15.350,14.940,214380.000
601061,2026-01-23,15.470,15.870,16.070,15.380,441711.000
601061,2026-01-26,16.250,15.930,16.440,15.710,447780.000
601061,2026-01-27,15.790,15.630,15.870,15.180,343335.000
601061,2026-01-28,15.680,16.830,17.060,15.430,581828.000
601061,2026-01-29,17.260,16.210,17.270,15.850,636539.000
601061,2026-01-30,15.439,14.839,15.699,14.579,452948.000
601061,2026-02-02,14.109,13.989,14.609,13.979,335700.000
601061,2026-02-03,14.259,14.439,14.519,14.019,193005.000
601061,2026-02-04,14.679,14.549,14.789,14.379,187115.000
601061,2026-02-05,14.309,14.049,14.409,13.919,148322.000
601061,2026-02-06,13.649,14.129,14.329,13.459,148264.000
601061,2026-02-09,14.489,14.109,14.489,14.049,128571.000
601061,2026-02-10,14.119,13.839,14.119,13.799,143099.000
601061,2026-02-11,13.889,14.389,14.649,13.799,219423.000
601061,2026-02-12,14.419,14.319,14.599,14.299,150997.000
601061,2026-02-13,14.139,14.299,14.599,14.139,145186.000
601061,2026-02-24,14.649,14.509,14.699,14.379,166851.000
601061,2026-02-25,14.499,15.039,15.189,14.499,190087.000
601061,2026-02-26,15.119,15.079,15.219,14.839,186185.000
601061,2026-02-27,14.999,15.809,15.879,14.979,280672.000
601061,2026-03-02,15.999,15.899,16.059,15.409,315289.000
601061,2026-03-03,15.709,14.979,15.889,14.899,266497.000
601061,2026-03-04,14.699,14.809,15.099,14.569,181779.000
601061,2026-03-05,14.979,14.589,15.049,14.479,149233.000
601061,2026-03-06,14.449,14.359,14.699,14.339,131572.000
601061,2026-03-09,13.959,13.909,14.079,13.479,194501.000
601061,2026-03-10,14.049,14.079,14.379,13.859,153208.000
601061,2026-03-11,14.069,13.879,14.089,13.799,113573.000
601061,2026-03-12,13.779,13.629,13.879,13.549,111757.000
601061,2026-03-13,13.609,13.489,13.949,13.479,136470.000
601061,2026-03-16,13.429,13.089,13.479,12.939,173722.000
601061,2026-03-17,13.079,12.829,13.329,12.779,141198.000
601061,2026-03-18,12.829,12.769,12.889,12.629,114617.000
601061,2026-03-19,12.529,12.279,12.619,12.209,174095.000
601061,2026-03-20,12.279,12.029,12.469,11.999,138040.000
601061,2026-03-23,11.799,11.379,11.869,11.309,194337.000
601061,2026-03-24,11.729,11.829,11.839,11.539,151384.000
601061,2026-03-25,12.069,12.019,12.199,11.949,138972.000
601061,2026-03-26,11.919,11.369,11.959,11.299,214010.000
601061,2026-03-27,11.369,11.579,11.579,11.259,162809.000
601061,2026-03-30,11.459,11.609,11.689,11.429,159395.000
601061,2026-03-31,11.639,11.529,11.849,11.529,130390.000
601061,2026-04-01,11.779,11.659,11.919,11.549,150220.000
601061,2026-04-02,11.599,11.459,11.599,11.349,103758.000
601061,2026-04-03,11.439,11.199,11.479,11.139,102231.000
601061,2026-04-07,11.219,11.219,11.309,11.119,97517.000
601061,2026-04-08,11.489,11.729,11.729,11.489,168792.000
601061,2026-04-09,11.619,11.629,11.719,11.519,116759.000
601061,2026-04-10,11.739,11.889,12.099,11.679,148905.000
601061,2026-04-13,11.799,12.139,12.379,11.769,187730.000
601061,2026-04-14,12.279,12.189,12.349,12.049,160681.000
601061,2026-04-15,12.329,12.129,12.429,12.099,147049.000
601061,2026-04-16,12.159,12.429,12.559,12.159,179156.000
601061,2026-04-17,12.379,12.799,12.969,12.239,238569.000
601061,2026-04-20,12.759,12.819,12.949,12.549,244980.000
601061,2026-04-21,12.829,12.879,12.989,12.689,147111.000
601061,2026-04-22,13.639,14.179,14.179,13.469,214981.000
601061,2026-04-23,14.679,13.889,14.749,13.619,572713.000
601061,2026-04-24,13.819,13.929,14.389,13.719,388062.000
601061,2026-04-27,13.849,14.059,14.269,13.759,284868.000
601061,2026-04-28,13.939,13.669,14.059,13.609,210620.000
601061,2026-04-29,13.579,13.939,14.029,13.579,184338.000
601061,2026-04-30,13.919,13.759,14.129,13.659,207915.000
601061,2026-05-06,13.829,14.149,14.239,13.799,259803.000
601061,2026-05-07,14.199,14.509,14.579,14.109,224038.000
601061,2026-05-08,14.489,14.549,14.699,14.259,193837.000
601061,2026-05-11,14.579,14.319,14.639,14.199,200856.000
601061,2026-05-12,14.459,14.459,14.599,14.269,218405.000
601061,2026-05-13,14.479,14.569,14.689,14.429,180014.000
601061,2026-05-14,14.479,14.159,14.549,14.159,154084.000
601061,2026-05-15,14.099,13.659,14.159,13.559,206560.000
601061,2026-05-18,13.539,13.919,14.239,13.319,204889.000
601061,2026-05-19,13.929,13.969,14.219,13.809,149980.000
601061,2026-05-20,13.899,13.759,14.049,13.639,145226.000
601061,2026-05-21,13.859,13.239,14.099,13.229,168723.000
601061,2026-05-22,13.349,13.519,13.689,13.209,140434.000
601061,2026-05-25,13.679,13.699,13.899,13.459,156715.000
601061,2026-05-26,13.749,14.059,14.089,13.439,205695.000
601061,2026-05-27,13.979,13.649,14.069,13.429,166077.000
601061,2026-05-28,13.579,13.339,13.639,13.049,155760.000
601061,2026-05-29,13.479,13.059,13.489,13.029,132614.000
601061,2026-06-01,13.029,12.829,13.169,12.679,211162.000
601061,2026-06-02,12.829,12.939,13.049,12.489,177400.000
601061,2026-06-03,12.879,12.819,13.069,12.659,135639.000
601061,2026-06-04,12.679,12.339,12.719,12.249,142054.000
601061,2026-06-05,12.299,12.009,12.419,11.969,142372.000
601061,2026-06-08,11.779,11.409,11.859,11.299,172932.000
601061,2026-06-09,11.399,11.239,11.479,10.999,162897.000
601061,2026-06-10,11.169,10.949,11.169,10.759,171520.000
601061,2026-06-11,10.929,11.039,11.119,10.799,138090.000
601061,2026-06-12,11.249,11.249,11.749,11.059,279566.000
601061,2026-06-15,11.589,11.949,11.989,11.549,469633.000
601061,2026-06-16,11.899,12.289,12.619,11.779,356274.000
601061,2026-06-17,12.289,11.809,12.389,11.799,273459.000
601061,2026-06-18,11.749,11.859,12.119,11.539,252167.000
601061,2026-06-22,11.779,12.439,12.449,11.699,339209.000
601061,2026-06-23,12.389,11.429,12.389,11.369,303043.000
601061,2026-06-24,11.429,11.519,11.729,11.329,167450.000
601061,2026-06-25,11.399,11.139,11.419,11.109,192462.000
601061,2026-06-26,11.049,10.709,11.139,10.709,185490.000
601061,2026-06-29,10.719,10.719,10.969,10.619,175015.000
601061,2026-06-30,10.679,10.669,10.699,10.489,156576.000
601061,2026-07-01,10.629,11.149,11.519,10.539,255424.000
601061,2026-07-02,11.099,11.099,11.489,10.909,220866.000
601061,2026-07-03,11.239,11.169,11.389,11.119,166784.000
601061,2026-07-06,11.169,11.269,11.559,11.099,188558.000
601061,2026-07-07,11.249,10.989,11.249,10.979,137992.000
601061,2026-07-08,10.979,10.759,11.109,10.739,113657.000
601061,2026-07-09,10.729,10.569,10.819,10.159,150805.000
601061,2026-07-10,10.619,10.559,10.779,10.519,127413.000
601061,2026-07-13,10.519,10.149,10.529,10.139,132438.000
601061,2026-07-14,10.119,10.469,10.489,10.029,153585.000
601061,2026-07-15,10.619,10.719,10.999,10.609,197081.000
601061,2026-07-16,10.630,10.430,10.820,10.390,146648.000
601061,2026-07-17,10.390,9.900,10.420,9.860,184201.000
601061,2026-07-20,9.920,10.000,10.130,9.820,165756.000
601061,2026-07-21,10.130,10.360,10.380,10.030,201422.000
601061,2026-07-22,10.510,10.600,10.880,10.390,202610.000
601061,2026-07-23,10.540,11.660,11.660,10.540,244520.000
601061,2026-07-24,11.490,10.760,11.490,10.750,365010.000
601061,2026-07-27,10.820,11.200,11.250,10.740,316271.000
601061,2026-07-28,11.020,11.500,11.650,10.880,375910.000
601061,2026-07-29,11.710,11.690,11.960,11.370,299409.000
601061,2026-07-30,11.660,11.530,12.160,11.510,227702.000
601061,2026-07-31,11.540,11.880,11.970,11.540,204174.000
601061,2026-08-03,11.980,11.600,11.980,11.540,211705.000
601061,2026-08-04,11.630,11.630,11.800,11.560,145311.000
601061,2026-08-05,11.780,12.270,12.390,11.740,280574.000
601061,2026-08-06,12.440,12.000,12.490,11.920,267931.000
601061,2026-08-07,11.910,12.160,12.290,11.880,204910.000
601061,2026-08-10,12.390,12.560,12.610,12.180,261574.000
601061,2026-08-11,12.570,12.180,13.170,12.130,426655.000
601061,2026-08-12,12.130,12.040,12.420,12.000,224728.000
601061,2026-08-13,11.980,11.600,12.100,11.580,214862.000
601061,2026-08-14,11.650,11.710,11.740,11.550,144262.000
601061,2026-08-17,11.880,12.030,12.190,11.820,176541.000
601061,2026-08-18,11.910,12.050,12.180,11.840,176938.000
601061,2026-08-19,11.820,11.550,11.930,11.530,136895.000
601061,2026-08-20,12.000,11.960,12.380,11.770,299366.000
601061,2026-08-21,12.200,12.000,12.390,11.890,251234.000
601061,2026-08-24,12.080,11.610,12.210,11.420,279070.000
601061,2026-08-25,11.500,11.440,11.970,11.330,228081.000
601061,2026-08-26,11.500,12.020,12.170,11.430,337275.000
601061,2026-08-27,11.900,11.920,12.010,11.740,175951.000
601061,2026-08-28,11.880,12.010,12.120,11.790,156993.000
601061,2026-08-31,11.780,11.770,11.960,11.480,223966.000
601061,2026-09-01,11.830,11.770,11.970,11.740,145911.000
601061,2026-09-02,11.680,11.420,11.680,11.060,185882.000
601061,2026-09-03,11.500,11.490,11.630,11.410,108696.000
601061,2026-09-04,11.600,11.540,11.800,11.490,128377.000
002545,2026-01-09,20.700,21.070,21.490,20.380,129046.000
002545,2026-01-12,21.000,20.000,21.050,19.900,194825.000
002545,2026-01-13,20.000,20.260,20.790,19.900,146010.000
002545,2026-01-14,20.200,20.490,20.600,19.890,183241.000
002545,2026-01-15,20.880,22.570,22.570,20.540,232603.000
002545,2026-01-16,23.700,22.450,24.180,22.250,303178.000
002545,2026-01-19,22.050,24.050,24.660,22.030,301609.000
002545,2026-01-20,24.060,23.560,24.110,22.580,252234.000
002545,2026-01-21,23.900,25.780,25.950,23.560,421956.000
002545,2026-01-22,25.700,26.900,27.990,25.410,385072.000
002545,2026-01-23,26.870,28.700,29.620,26.370,393092.000
002545,2026-01-26,28.760,29.210,29.300,27.700,376399.000
002545,2026-01-27,28.620,27.570,28.620,26.440,375091.000
002545,2026-01-28,27.500,27.450,27.830,26.630,290239.000
002545,2026-01-29,27.500,27.540,28.580,26.520,246789.000
002545,2026-01-30,27.090,27.530,28.390,26.960,217061.000
002545,2026-02-02,26.600,24.750,27.300,24.750,387681.000
002545,2026-02-03,24.890,26.380,26.480,24.500,276883.000
002545,2026-02-04,26.460,26.350,26.540,25.910,118721.000
002545,2026-02-05,26.230,25.260,26.340,24.920,173253.000
002545,2026-02-06,24.800,26.420,26.850,24.470,226013.000
002545,2026-02-09,26.950,25.920,27.000,25.690,175195.000
002545,2026-02-10,25.730,25.730,26.100,25.510,103510.000
002545,2026-02-11,25.970,26.060,26.900,25.770,150088.000
002545,2026-02-12,26.060,26.100,26.760,25.660,153114.000
002545,2026-02-13,25.610,25.390,25.940,25.160,136088.000
002545,2026-02-24,26.180,26.030,26.400,25.860,137431.000
002545,2026-02-25,26.110,26.600,27.630,26.110,217114.000
002545,2026-02-26,26.720,26.100,26.890,25.800,191937.000
002545,2026-02-27,26.050,26.940,27.600,26.000,186968.000
002545,2026-03-02,27.470,29.660,29.660,26.400,324757.000
002545,2026-03-03,29.960,29.200,30.600,28.700,340439.000
002545,2026-03-04,29.100,28.280,30.140,27.760,283742.000
002545,2026-03-05,28.360,28.090,28.700,27.600,213630.000
002545,2026-03-06,27.910,28.670,29.450,27.210,262654.000
002545,2026-03-09,28.900,27.170,29.400,26.510,274330.000
002545,2026-03-10,26.500,26.040,27.100,25.790,246035.000
002545,2026-03-11,26.000,26.030,26.550,25.430,193425.000
002545,2026-03-12,26.300,25.700,26.850,25.650,194744.000
002545,2026-03-13,25.730,27.090,28.240,25.730,297952.000
002545,2026-03-16,26.690,24.350,27.090,24.350,273711.000
002545,2026-03-17,23.800,23.430,24.610,23.250,223784.000
002545,2026-03-18,23.430,23.510,23.620,22.880,171973.000
002545,2026-03-19,23.150,21.350,23.340,21.130,397050.000
002545,2026-03-20,21.310,21.460,22.160,21.290,267500.000
002545,2026-03-23,21.180,21.220,21.900,20.390,253996.000
002545,2026-03-24,21.550,21.850,21.970,21.150,158095.000
002545,2026-03-25,22.000,22.510,23.290,22.000,198013.000
002545,2026-03-26,22.510,21.760,22.620,21.600,134830.000
002545,2026-03-27,21.470,22.310,22.680,21.380,133580.000
002545,2026-03-30,22.100,22.530,22.890,21.810,136483.000
002545,2026-03-31,22.470,21.570,22.580,21.330,179136.000
002545,2026-04-01,21.950,22.050,22.750,21.950,160616.000
002545,2026-04-02,22.100,21.750,22.250,21.310,112636.000
002545,2026-04-03,21.840,21.120,21.920,21.040,75935.000
002545,2026-04-07,21.370,21.800,22.150,21.360,157662.000
002545,2026-04-08,22.480,22.290,22.750,21.980,186448.000
002545,2026-04-09,22.190,22.420,22.820,21.840,139772.000
002545,2026-04-10,22.450,22.480,23.000,21.920,134646.000
002545,2026-04-13,22.320,22.600,22.900,22.280,103789.000
002545,2026-04-14,22.600,21.700,22.820,21.280,300954.000
002545,2026-04-15,21.700,21.420,22.170,21.310,156883.000
002545,2026-04-16,21.420,22.140,22.500,21.300,182864.000
002545,2026-04-17,22.110,21.350,22.150,20.450,305803.000
002545,2026-04-20,21.260,21.490,21.620,21.180,190537.000
002545,2026-04-21,21.470,22.310,22.900,21.320,209967.000
002545,2026-04-22,22.210,22.200,22.300,21.340,250603.000
002545,2026-04-23,22.240,21.550,22.690,21.230,190163.000
002545,2026-04-24,21.550,22.350,22.790,21.550,212474.000
002545,2026-04-27,23.010,23.720,24.460,22.930,441232.000
002545,2026-04-28,23.550,23.940,24.850,23.550,304077.000
002545,2026-04-29,23.640,24.350,24.590,23.090,255092.000
002545,2026-04-30,24.800,23.690,25.280,23.580,271060.000
002545,2026-05-06,23.770,23.870,24.390,22.700,285305.000
002545,2026-05-07,24.020,25.090,25.160,23.500,287972.000
002545,2026-05-08,24.880,24.780,25.180,23.870,249896.000
002545,2026-05-11,24.700,23.380,25.500,22.830,373206.000
002545,2026-05-12,23.560,25.070,25.360,23.020,371544.000
002545,2026-05-13,25.140,25.600,26.450,25.140,253402.000
002545,2026-05-14,25.500,24.790,25.600,24.370,176645.000
002545,2026-05-15,24.920,24.160,25.500,23.980,162978.000
002545,2026-05-18,24.150,23.900,24.760,23.560,187451.000
002545,2026-05-19,23.810,23.680,24.050,22.870,184861.000
002545,2026-05-20,23.520,23.300,23.730,22.600,222277.000
002545,2026-05-21,23.280,22.580,24.020,22.580,184131.000
002545,2026-05-22,22.680,22.860,23.200,22.320,140441.000
002545,2026-05-25,23.360,22.230,24.390,21.870,276926.000
002545,2026-05-26,22.110,23.970,24.150,21.600,301817.000
002545,2026-05-27,23.870,23.400,24.510,23.330,152975.000
002545,2026-05-28,23.310,22.150,23.700,21.720,234139.000
002545,2026-05-29,22.180,21.500,22.500,21.410,247276.000
002545,2026-06-01,21.640,21.650,22.490,21.490,194285.000
002545,2026-06-02,21.800,21.530,22.330,20.920,186588.000
002545,2026-06-03,21.530,20.950,21.600,20.700,204082.000
002545,2026-06-04,20.750,20.300,20.890,20.130,162962.000
002545,2026-06-05,20.230,20.440,21.150,20.030,187925.000
002545,2026-06-08,20.200,19.660,20.800,19.370,161231.000
002545,2026-06-09,19.850,19.540,19.860,19.060,154612.000
002545,2026-06-10,19.300,19.240,19.580,18.850,132788.000
002545,2026-06-11,19.240,19.110,19.500,18.310,190249.000
002545,2026-06-12,19.170,19.460,20.470,18.820,440042.000
002545,2026-06-15,20.660,20.520,21.440,20.310,519549.000
002545,2026-06-16,20.650,19.460,20.730,19.270,457980.000
002545,2026-06-17,19.250,18.250,19.520,18.000,302451.000
002545,2026-06-18,18.070,18.170,18.800,17.770,238611.000
002545,2026-06-22,17.990,18.940,19.050,17.790,279900.000
002545,2026-06-23,18.930,18.360,18.950,17.950,260617.000
002545,2026-06-24,18.040,18.680,18.890,18.040,257035.000
002545,2026-06-25,18.500,17.560,18.590,17.480,255298.000
002545,2026-06-26,17.400,16.790,17.710,16.750,236401.000
002545,2026-06-29,16.790,16.450,16.980,16.100,199417.000
002545,2026-06-30,16.200,15.920,16.400,15.630,204022.000
002545,2026-07-01,15.860,16.860,16.880,15.500,276737.000
002545,2026-07-02,18.500,17.010,18.500,16.700,713197.000
002545,2026-07-03,17.290,17.120,17.450,16.700,468154.000
002545,2026-07-06,16.950,17.890,18.070,16.850,422025.000
002545,2026-07-07,17.740,17.730,18.150,17.360,300040.000
002545,2026-07-08,17.680,16.890,17.880,16.850,206670.000
002545,2026-07-09,16.790,16.310,17.050,15.930,249611.000
002545,2026-07-10,16.300,16.230,16.750,15.950,180836.000
002545,2026-07-13,16.180,15.580,16.300,15.540,165346.000
002545,2026-07-14,15.660,15.920,16.040,15.520,163688.000
002545,2026-07-15,16.510,16.100,16.700,15.840,181284.000
002545,2026-07-16,15.970,15.460,16.080,15.400,139976.000
002545,2026-07-17,15.370,15.380,15.920,15.260,194402.000
002545,2026-07-20,15.500,16.000,16.330,15.300,268148.000
002545,2026-07-21,16.030,16.480,17.040,15.990,299669.000
002545,2026-07-22,16.760,18.130,18.130,16.350,311952.000
002545,2026-07-23,18.700,19.600,19.710,17.760,518050.000
002545,2026-07-24,19.210,18.560,19.440,18.560,308128.000
002545,2026-07-27,18.670,18.420,18.700,18.080,235559.000
002545,2026-07-28,18.140,18.930,19.150,17.870,379555.000
002545,2026-07-29,18.860,18.960,19.170,18.150,282316.000
002545,2026-07-30,18.960,19.070,19.890,18.760,258792.000
002545,2026-07-31,18.520,18.740,19.100,18.430,251102.000
002545,2026-08-03,18.580,17.840,18.680,17.580,304471.000
002545,2026-08-04,17.840,17.840,18.120,17.720,182477.000
002545,2026-08-05,17.750,18.600,18.950,17.600,257871.000
002545,2026-08-06,18.510,18.610,19.100,18.360,253623.000
002545,2026-08-07,18.560,18.470,18.590,17.960,238023.000
002545,2026-08-10,18.430,18.920,19.140,18.260,243334.000
002545,2026-08-11,19.360,18.210,19.430,18.110,283263.000
002545,2026-08-12,18.210,18.290,18.590,17.980,168034.000
002545,2026-08-13,18.170,17.310,18.270,17.250,251822.000
002545,2026-08-14,17.360,17.150,17.380,16.960,139792.000
002545,2026-08-17,17.250,17.930,18.070,17.130,214306.000
002545,2026-08-18,17.970,18.310,18.350,17.860,188630.000
002545,2026-08-19,18.100,17.850,18.660,17.730,205040.000
002545,2026-08-20,17.830,17.330,18.250,17.040,201579.000
002545,2026-08-21,17.250,17.420,17.690,17.130,126451.000
002545,2026-08-24,17.470,17.460,18.260,17.200,192593.000
002545,2026-08-25,17.400,17.030,17.640,16.930,149269.000
002545,2026-08-26,16.860,17.750,17.820,16.800,233934.000
002545,2026-08-27,17.710,18.200,18.550,17.580,247796.000
002545,2026-08-28,18.260,18.150,18.280,17.840,175220.000
002545,2026-08-31,18.170,17.900,18.180,17.180,232612.000
002545,2026-09-01,18.000,18.130,18.840,17.790,298318.000
002545,2026-09-02,18.030,17.560,18.080,17.150,232086.000
002545,2026-09-03,17.570,17.520,17.820,17.430,121845.000
002545,2026-09-04,17.770,17.850,18.550,17.600,209746.000
688002,2026-01-09,101.730,106.780,107.460,101.730,11334208.000
688002,2026-01-12,108.890,113.960,118.590,105.420,17429749.000
688002,2026-01-13,112.000,107.980,113.470,106.920,13552272.000
688002,2026-01-14,108.650,104.510,109.510,102.610,14801091.000
688002,2026-01-15,102.310,104.200,104.710,101.010,9400920.000
688002,2026-01-16,104.920,104.310,105.510,101.670,9260896.000
688002,2026-01-19,103.370,103.300,105.520,103.080,6202400.000
688002,2026-01-20,104.100,103.490,104.670,100.740,7260393.000
688002,2026-01-21,102.710,103.200,104.630,102.130,6071926.000
688002,2026-01-22,103.420,102.470,105.260,101.490,7445601.000
688002,2026-01-23,120.660,123.020,123.020,114.790,15394397.000
688002,2026-01-26,128.710,124.670,131.710,120.930,25735609.000
688002,2026-01-27,124.670,122.810,126.710,121.510,14012126.000
688002,2026-01-28,122.290,119.580,124.010,117.880,12453142.000
688002,2026-01-29,118.360,114.000,121.710,113.100,11210507.000
688002,2026-01-30,113.290,112.630,115.210,108.510,11385690.000
688002,2026-02-02,111.710,107.910,113.640,106.980,11644982.000
688002,2026-02-03,109.510,114.360,114.600,108.710,12975478.000
688002,2026-02-04,113.710,116.930,117.280,112.220,11773967.000
688002,2026-02-05,114.930,112.680,115.560,110.280,9578417.000
688002,2026-02-06,111.860,109.710,112.990,109.620,7029405.000
688002,2026-02-09,111.690,112.150,113.410,109.450,8101384.000
688002,2026-02-10,111.710,114.500,115.370,110.720,7723875.000
688002,2026-02-11,113.710,113.650,116.040,113.110,5400293.000
688002,2026-02-12,113.360,115.110,115.700,113.360,6625772.000
688002,2026-02-13,115.110,114.370,116.910,113.500,6558364.000
688002,2026-02-24,115.210,113.970,115.660,112.810,6273735.000
688002,2026-02-25,113.750,114.710,115.240,111.430,8159070.000
688002,2026-02-26,114.510,117.490,118.900,112.710,7461940.000
688002,2026-02-27,116.710,116.520,116.940,114.210,5442001.000
688002,2026-03-02,117.240,119.800,121.690,117.240,11699639.000
688002,2026-03-03,119.800,110.090,119.860,109.690,13357903.000
688002,2026-03-04,108.310,108.880,112.210,108.270,7377093.000
688002,2026-03-05,111.000,106.850,111.000,105.460,9934985.000
688002,2026-03-06,105.730,106.940,109.310,104.840,6744263.000
688002,2026-03-09,104.540,106.620,107.400,102.550,6951421.000
688002,2026-03-10,107.720,108.310,110.050,107.520,4537151.000
688002,2026-03-11,108.510,107.550,111.200,107.310,5212716.000
688002,2026-03-12,106.730,106.430,108.500,104.710,5483891.000
688002,2026-03-13,105.090,103.310,106.900,103.240,6411617.000
688002,2026-03-16,103.570,104.710,105.210,100.990,7330480.000
688002,2026-03-17,105.310,101.220,106.410,101.210,4702862.000
688002,2026-03-18,102.090,103.180,103.290,100.310,5698114.000
688002,2026-03-19,100.830,101.340,103.410,100.730,5002932.000
688002,2026-03-20,102.560,100.710,104.310,99.710,5994961.000
688002,2026-03-23,98.590,97.120,100.990,96.590,8100803.000
688002,2026-03-24,98.590,99.370,99.870,96.210,6070608.000
688002,2026-03-25,99.990,100.010,101.900,99.160,4905127.000
688002,2026-03-26,100.000,99.130,100.600,98.110,4737645.000
688002,2026-03-27,99.310,100.910,102.930,98.580,5115168.000
688002,2026-03-30,99.170,103.500,104.440,99.010,7715192.000
688002,2026-03-31,103.060,100.910,105.030,100.840,5563766.000
688002,2026-04-01,102.860,103.520,103.940,101.590,5561553.000
688002,2026-04-02,102.990,101.200,103.210,99.420,6312812.000
688002,2026-04-03,101.570,101.900,103.210,100.840,4011670.000
688002,2026-04-07,101.190,99.670,102.200,97.840,7154665.000
688002,2026-04-08,102.230,108.150,108.510,102.230,9997194.000
688002,2026-04-09,109.360,115.720,117.240,109.360,13204941.000
688002,2026-04-10,117.250,120.910,124.380,115.720,14857347.000
688002,2026-04-13,119.710,118.800,121.690,116.590,9835684.000
688002,2026-04-14,120.510,120.090,121.080,118.480,6808222.000
688002,2026-04-15,120.230,120.700,124.020,120.110,8918321.000
688002,2026-04-16,121.710,125.310,126.370,120.420,9896755.000
688002,2026-04-17,125.260,129.410,130.710,124.590,8800775.000
688002,2026-04-20,130.090,131.020,132.910,128.540,11947572.000
688002,2026-04-21,130.710,134.520,136.150,129.510,9160622.000
688002,2026-04-22,133.710,135.910,137.650,133.670,7845592.000
688002,2026-04-23,135.710,133.160,136.470,130.710,8255475.000
688002,2026-04-24,132.510,132.460,134.710,129.820,7481739.000
688002,2026-04-27,133.630,137.710,139.200,133.040,9743583.000
688002,2026-04-28,157.710,145.670,157.710,140.520,19781540.000
688002,2026-04-29,143.830,145.210,146.370,140.370,11058772.000
688002,2026-04-30,143.010,145.720,150.200,141.330,9363787.000
688002,2026-05-06,147.000,148.310,151.480,146.210,11925539.000
688002,2026-05-07,148.310,146.670,149.090,144.850,10788327.000
688002,2026-05-08,144.980,146.970,147.710,143.710,7700737.000
688002,2026-05-11,147.160,144.260,149.160,142.710,12169767.000
688002,2026-05-12,144.560,143.810,147.310,143.310,8527643.000
688002,2026-05-13,142.510,146.220,147.300,140.790,8829283.000
688002,2026-05-14,145.710,139.700,147.610,139.690,11372096.000
688002,2026-05-15,140.270,134.370,140.690,133.310,11178512.000
688002,2026-05-18,135.030,133.810,138.910,132.390,9336932.000
688002,2026-05-19,134.000,132.970,134.000,127.800,10678152.000
688002,2026-05-20,132.660,134.750,135.490,131.710,8334196.000
688002,2026-05-21,136.440,129.090,138.440,128.620,8869564.000
688002,2026-05-22,131.680,133.490,136.030,127.970,11931955.000
688002,2026-05-25,134.520,136.730,137.640,131.710,10542515.000
688002,2026-05-26,136.570,132.960,137.210,130.930,8234146.000
688002,2026-05-27,133.710,130.310,136.510,129.410,7431635.000
688002,2026-05-28,129.510,137.400,138.500,129.370,12182032.000
688002,2026-05-29,137.570,127.510,137.740,126.710,16815425.000
688002,2026-06-01,127.350,120.740,129.210,120.180,11562010.000
688002,2026-06-02,121.710,123.420,127.710,120.270,12979683.000
688002,2026-06-03,122.570,121.620,124.320,119.480,13718250.000
688002,2026-06-04,120.410,121.690,123.400,118.810,9863771.000
688002,2026-06-05,122.640,120.510,125.070,118.520,9572909.000
688002,2026-06-08,118.310,116.690,120.490,114.230,10532851.000
688002,2026-06-09,119.340,121.660,121.660,116.010,8435795.000
688002,2026-06-10,119.370,125.090,126.980,119.370,12658223.000
688002,2026-06-11,124.730,130.520,131.480,122.720,14226382.000
688002,2026-06-12,132.810,129.610,133.210,128.730,11770283.000
688002,2026-06-15,130.610,134.460,134.610,126.310,12524135.000
688002,2026-06-16,134.460,133.560,136.160,132.210,9035333.000
688002,2026-06-17,132.590,145.510,146.220,132.210,12044564.000
688002,2026-06-18,145.570,147.470,148.710,143.540,8408375.000
688002,2026-06-22,147.810,149.210,149.570,143.790,11111200.000
688002,2026-06-23,149.340,143.710,149.710,142.710,9288694.000
688002,2026-06-24,143.710,142.610,145.060,141.040,8932847.000
688002,2026-06-25,144.210,148.540,150.590,144.210,9536676.000
688002,2026-06-26,147.690,142.990,147.690,140.970,10568624.000
688002,2026-06-29,142.520,143.690,146.110,136.710,10006155.000
688002,2026-06-30,143.730,154.400,155.760,142.810,12489559.000
688002,2026-07-01,154.400,148.710,156.910,147.510,11307303.000
688002,2026-07-02,146.570,151.680,157.570,141.850,13018342.000
688002,2026-07-03,152.400,151.580,156.700,145.870,13026484.000
688002,2026-07-06,152.840,149.490,155.560,144.850,10790593.000
688002,2026-07-07,149.490,151.090,156.530,146.740,9727655.000
688002,2026-07-08,151.780,154.600,160.380,151.780,14846096.000
688002,2026-07-09,159.000,164.320,166.660,156.760,17518541.000
688002,2026-07-10,161.010,149.000,168.450,149.000,25189618.000
688002,2026-07-13,146.100,141.560,151.360,140.050,16875300.000
688002,2026-07-14,143.000,144.700,145.850,138.140,12749881.000
688002,2026-07-15,144.940,141.500,147.900,139.280,9793776.000
688002,2026-07-16,139.280,135.880,143.860,133.800,10697602.000
688002,2026-07-17,134.530,125.450,135.880,122.980,13961129.000
688002,2026-07-20,127.630,125.560,131.000,122.600,13988236.000
688002,2026-07-21,140.000,150.670,150.670,135.430,29958687.000
688002,2026-07-22,148.920,149.480,156.500,147.280,22166140.000
688002,2026-07-23,150.000,154.090,156.940,148.500,18060349.000
688002,2026-07-24,151.300,150.100,156.850,150.100,12084955.000
688002,2026-07-27,149.500,153.770,154.650,147.500,12860520.000
688002,2026-07-28,150.200,142.020,151.490,140.920,14541891.000
688002,2026-07-29,143.300,145.990,149.650,141.210,13873763.000
688002,2026-07-30,144.240,135.600,145.000,129.020,18080628.000
688002,2026-07-31,143.500,141.650,149.780,141.230,16579938.000
688002,2026-08-03,141.850,137.630,143.900,136.460,11553746.000
688002,2026-08-04,139.990,141.560,143.580,136.980,8616608.000
688002,2026-08-05,141.660,151.840,153.810,141.540,11809915.000
688002,2026-08-06,149.010,155.510,159.180,148.170,10846990.000
688002,2026-08-07,155.610,170.040,170.800,154.500,14649380.000
688002,2026-08-10,170.200,169.000,173.220,165.000,12631290.000
688002,2026-08-11,169.000,166.750,175.420,166.200,13366465.000
688002,2026-08-12,167.000,167.660,168.600,164.020,8739477.000
688002,2026-08-13,169.300,166.250,172.290,166.040,8032694.000
688002,2026-08-14,167.000,166.010,169.570,163.130,8969272.000
688002,2026-08-17,166.930,168.780,170.890,164.050,11710926.000
688002,2026-08-18,172.000,174.840,179.000,166.430,18143475.000
688002,2026-08-19,171.000,162.170,178.880,160.500,16914969.000
688002,2026-08-20,165.000,159.880,167.770,158.140,10829485.000
688002,2026-08-21,161.000,160.410,167.000,159.200,9499818.000
688002,2026-08-24,160.450,158.400,162.850,155.350,10331917.000
688002,2026-08-25,156.100,158.270,159.080,153.410,8825200.000
688002,2026-08-26,157.800,156.610,159.970,156.010,6022669.000
688002,2026-08-27,157.600,161.700,163.590,156.780,7870024.000
688002,2026-08-28,160.500,161.700,165.300,160.500,7017001.000
688002,2026-08-31,166.550,185.000,185.960,163.600,24075932.000
688002,2026-09-01,180.580,180.990,183.430,178.120,11626350.000
688002,2026-09-02,180.500,180.250,182.650,174.830,9702435.000
688002,2026-09-03,180.500,180.660,183.170,177.600,9199659.000
688002,2026-09-04,182.000,180.450,185.990,178.720,10778200.000
000426,2026-01-09,40.460,42.160,42.300,40.310,710929.000
000426,2026-01-12,44.370,45.290,45.530,43.390,925651.000
000426,2026-01-13,45.490,46.650,48.070,44.890,865677.000
000426,2026-01-14,48.410,50.270,50.570,48.100,1009967.000
000426,2026-01-15,50.280,49.740,52.120,48.650,1161550.000
000426,2026-01-16,50.070,50.890,52.390,49.740,806141.000
000426,2026-01-19,51.670,50.040,51.770,48.590,689076.000
000426,2026-01-20,50.210,51.640,52.880,48.590,892041.000
000426,2026-01-21,51.600,54.090,54.480,51.300,859945.000
000426,2026-01-22,52.160,52.550,53.310,50.500,893993.000
000426,2026-01-23,54.890,57.770,57.790,54.330,908484.000
000426,2026-01-26,62.890,63.560,63.560,61.900,791905.000
000426,2026-01-27,63.390,62.770,66.770,60.830,1482770.000
000426,2026-01-28,63.900,68.690,68.770,61.670,1247505.000
000426,2026-01-29,71.390,68.250,74.690,64.890,1383742.000
000426,2026-01-30,61.410,61.410,63.960,61.410,768681.000
000426,2026-02-02,55.260,55.260,55.260,55.260,49363.000
000426,2026-02-03,49.720,51.340,52.390,49.720,1871951.000
000426,2026-02-04,52.890,53.290,53.470,51.460,1148845.000
000426,2026-02-05,51.720,49.910,53.730,48.260,1466969.000
000426,2026-02-06,44.910,47.910,49.150,44.910,1299209.000
000426,2026-02-09,50.390,50.100,50.460,48.590,871587.000
000426,2026-02-10,49.970,49.510,50.660,49.150,566466.000
000426,2026-02-11,49.340,50.280,50.870,49.300,524848.000
000426,2026-02-12,50.110,50.040,51.490,49.910,548979.000
000426,2026-02-13,48.250,47.980,49.430,47.790,646159.000
000426,2026-02-24,50.640,51.030,51.780,50.390,705924.000
000426,2026-02-25,51.790,52.960,53.620,50.410,899181.000
000426,2026-02-26,52.960,52.030,53.180,51.900,628046.000
000426,2026-02-27,51.490,55.080,55.150,51.490,929887.000
000426,2026-03-02,56.060,60.110,60.360,53.890,1317674.000
000426,2026-03-03,56.790,54.090,57.810,54.090,1004429.000
000426,2026-03-04,51.860,51.690,53.790,50.900,797632.000
000426,2026-03-05,52.750,51.040,52.850,49.860,586876.000
000426,2026-03-06,50.500,50.070,51.140,49.340,513041.000
000426,2026-03-09,47.990,49.570,50.210,46.760,686532.000
000426,2026-03-10,50.950,51.590,52.210,50.900,482598.000
000426,2026-03-11,51.700,50.560,51.890,50.410,351384.000
000426,2026-03-12,50.480,48.660,50.670,47.590,732466.000
000426,2026-03-13,48.470,46.790,49.350,46.770,527804.000
000426,2026-03-16,46.100,45.260,46.250,44.020,777658.000
000426,2026-03-17,45.270,44.600,46.120,44.550,406067.000
000426,2026-03-18,44.390,44.010,44.910,43.550,547270.000
000426,2026-03-19,41.790,40.220,42.590,39.990,1000144.000
000426,2026-03-20,41.330,39.260,41.650,39.090,732633.000
000426,2026-03-23,37.620,35.980,38.370,35.740,1085819.000
000426,2026-03-24,37.390,38.140,38.270,35.900,867158.000
000426,2026-03-25,40.390,40.040,41.690,39.790,1000218.000
000426,2026-03-26,39.970,38.990,40.220,38.780,480561.000
000426,2026-03-27,38.510,39.970,40.500,38.310,537322.000
000426,2026-03-30,39.570,40.150,40.220,38.760,479508.000
000426,2026-03-31,40.450,40.110,41.750,39.790,692220.000
000426,2026-04-01,41.790,41.440,41.790,40.460,668222.000
000426,2026-04-02,40.700,39.850,40.860,39.390,534365.000
000426,2026-04-03,40.400,39.310,40.520,39.270,296754.000
000426,2026-04-07,39.310,39.490,39.880,39.230,278727.000
000426,2026-04-08,41.540,43.450,43.450,41.480,555920.000
000426,2026-04-09,43.040,43.450,44.140,42.790,790818.000
000426,2026-04-10,43.600,43.190,44.380,43.120,523510.000
000426,2026-04-13,42.820,42.610,42.890,42.090,398398.000
000426,2026-04-14,43.370,43.490,44.180,42.920,480639.000
000426,2026-04-15,44.870,43.760,46.170,43.500,832307.000
000426,2026-04-16,44.390,44.640,45.080,43.670,524553.000
000426,2026-04-17,43.520,44.170,44.450,43.420,422533.000
000426,2026-04-20,44.370,45.370,46.520,44.190,630871.000
000426,2026-04-21,45.040,44.820,45.190,43.870,379318.000
000426,2026-04-22,41.880,43.510,43.680,41.280,902160.000
000426,2026-04-23,43.000,40.990,43.690,40.290,840229.000
000426,2026-04-24,40.650,40.430,41.270,39.500,504032.000
000426,2026-04-27,40.450,41.910,42.250,40.430,535513.000
000426,2026-04-28,41.620,41.580,42.270,41.290,440653.000
000426,2026-04-29,41.390,43.230,43.380,41.390,500706.000
000426,2026-04-30,43.890,42.270,44.390,41.910,661516.000
000426,2026-05-06,43.070,45.070,45.580,42.920,884217.000
000426,2026-05-07,46.200,48.030,48.570,46.200,1175519.000
000426,2026-05-08,47.460,49.640,50.810,47.420,1114497.000
000426,2026-05-11,49.650,49.180,50.350,48.470,1076730.000
000426,2026-05-12,52.000,50.840,52.580,50.430,1222410.000
000426,2026-05-13,51.540,49.870,51.960,49.360,854474.000
000426,2026-05-14,49.890,48.060,50.540,48.060,722599.000
000426,2026-05-15,45.590,44.030,45.590,43.300,1188552.000
000426,2026-05-18,42.870,42.890,43.470,41.500,635227.000
000426,2026-05-19,43.090,41.610,43.160,40.930,574520.000
000426,2026-05-20,40.990,41.280,41.390,39.810,649300.000
000426,2026-05-21,41.990,39.750,42.890,39.630,706918.000
000426,2026-05-22,39.910,41.360,41.950,39.130,579072.000
000426,2026-05-25,42.490,41.650,43.070,41.010,553600.000
000426,2026-05-26,40.690,43.550,43.830,40.140,894837.000
000426,2026-05-27,43.320,41.030,43.470,40.730,695812.000
000426,2026-05-28,39.880,39.480,40.350,38.490,683966.000
000426,2026-05-29,40.470,39.590,41.040,38.650,533757.000
000426,2026-06-01,38.800,39.580,40.850,38.330,550381.000
000426,2026-06-02,40.480,42.860,43.030,39.550,1023074.000
000426,2026-06-03,41.860,41.970,43.040,41.490,775916.000
000426,2026-06-04,41.510,39.780,41.640,39.590,697434.000
000426,2026-06-05,39.570,37.970,39.790,37.720,647722.000
000426,2026-06-08,35.000,34.950,36.330,34.380,761187.000
000426,2026-06-09,34.970,36.020,36.230,34.340,560170.000
000426,2026-06-10,34.510,35.300,35.770,34.110,569675.000
000426,2026-06-11,35.200,35.940,36.470,35.060,500278.000
000426,2026-06-12,37.390,36.710,38.950,36.570,910525.000
000426,2026-06-15,38.890,40.150,40.340,38.270,981453.000
000426,2026-06-16,39.590,39.900,40.560,39.390,634102.000
000426,2026-06-17,39.890,40.500,41.250,39.590,583910.000
000426,2026-06-18,40.490,39.460,41.050,38.690,764831.000
000426,2026-06-22,39.140,42.900,42.940,38.390,1123059.000
000426,2026-06-23,42.490,38.600,42.490,38.600,983664.000
000426,2026-06-24,35.930,37.710,37.870,35.900,813849.000
000426,2026-06-25,35.890,35.170,36.370,35.010,892935.000
000426,2026-06-26,35.320,32.900,35.410,32.590,791861.000
000426,2026-06-29,32.890,33.160,33.720,32.450,552957.000
000426,2026-06-30,32.390,32.850,32.990,31.770,648799.000
000426,2026-07-01,32.790,32.930,33.950,32.100,602646.000
000426,2026-07-02,33.450,34.220,34.840,32.980,885294.000
000426,2026-07-03,35.730,35.230,36.750,35.070,921103.000
000426,2026-07-06,35.310,35.490,38.340,35.290,851702.000
000426,2026-07-07,34.120,33.990,34.890,33.420,567967.000
000426,2026-07-08,33.790,33.120,34.030,32.740,458870.000
000426,2026-07-09,32.430,32.240,32.940,30.390,724846.000
000426,2026-07-10,32.690,32.890,34.180,32.130,556535.000
000426,2026-07-13,31.880,30.340,32.190,30.280,499274.000
000426,2026-07-14,29.890,31.860,31.880,29.390,507433.000
000426,2026-07-15,32.430,30.450,32.470,30.330,499199.000
000426,2026-07-16,29.840,30.040,31.020,29.720,380780.000
000426,2026-07-17,29.390,27.790,29.540,27.360,625878.000
000426,2026-07-20,28.190,26.820,28.350,26.190,576578.000
000426,2026-07-21,27.680,29.510,29.510,26.520,721858.000
000426,2026-07-22,30.490,31.620,32.470,30.480,1126025.000
000426,2026-07-23,32.190,33.480,34.060,31.820,1165491.000
000426,2026-07-24,31.640,31.260,32.340,31.000,700727.000
000426,2026-07-27,32.380,33.220,33.240,31.690,591340.000
000426,2026-07-28,30.890,31.140,32.190,30.890,702986.000
000426,2026-07-29,30.910,32.240,32.780,30.880,570213.000
000426,2026-07-30,32.720,31.390,33.300,30.870,650488.000
000426,2026-07-31,31.190,31.690,32.960,31.090,732927.000
000426,2026-08-03,31.100,31.200,31.860,30.690,502819.000
000426,2026-08-04,31.380,33.170,33.220,31.320,702372.000
000426,2026-08-05,33.590,36.190,36.340,32.930,973661.000
000426,2026-08-06,38.000,37.470,38.800,36.830,1299088.000
000426,2026-08-07,37.620,39.370,39.440,37.190,877333.000
000426,2026-08-10,38.980,40.560,40.880,38.890,926410.000
000426,2026-08-11,41.560,38.620,41.690,38.450,1133261.000
000426,2026-08-12,39.750,40.000,40.200,38.610,659126.000
000426,2026-08-13,39.960,37.770,40.620,37.760,744876.000
000426,2026-08-14,36.710,37.780,37.920,36.600,566144.000
000426,2026-08-17,39.010,39.370,39.440,38.120,486114.000
000426,2026-08-18,39.770,38.700,39.920,38.120,472072.000
000426,2026-08-19,36.810,35.850,37.490,35.470,808205.000
000426,2026-08-20,38.170,38.450,39.450,37.940,950801.000
000426,2026-08-21,39.470,40.770,40.910,39.110,1260043.000
000426,2026-08-24,40.780,42.180,42.910,39.590,1571778.000
000426,2026-08-25,41.390,39.390,41.390,38.680,949069.000
000426,2026-08-26,40.100,40.130,41.660,39.440,873222.000
000426,2026-08-27,40.560,40.690,41.850,40.030,790459.000
000426,2026-08-28,41.200,41.580,42.110,40.180,698539.000
000426,2026-08-31,38.170,39.850,39.850,37.580,856103.000
000426,2026-09-01,40.180,39.280,40.250,39.200,456667.000
000426,2026-09-02,37.510,38.020,38.470,36.400,745378.000
000426,2026-09-03,39.000,39.270,39.650,38.750,533853.000
000426,2026-09-04,40.050,38.440,40.060,38.200,439915.000
000949,2026-01-09,6.090,6.040,6.160,5.950,658935.000
000949,2026-01-12,6.040,6.140,6.210,5.900,683994.000
000949,2026-01-13,6.090,5.980,6.310,5.980,613068.000
000949,2026-01-14,5.960,6.140,6.370,5.960,723462.000
000949,2026-01-15,6.120,6.120,6.330,6.080,493111.000
000949,2026-01-16,6.170,6.140,6.190,5.910,491003.000
000949,2026-01-19,6.140,6.760,6.760,6.110,735365.000
000949,2026-01-20,6.760,7.440,7.440,6.730,1488489.000
000949,2026-01-21,7.780,7.590,7.860,7.120,1602954.000
000949,2026-01-22,7.630,7.480,7.700,7.350,1175286.000
000949,2026-01-23,7.520,7.230,7.660,7.150,1316125.000
000949,2026-01-26,7.190,7.030,7.260,6.930,861272.000
000949,2026-01-27,6.980,7.090,7.270,6.900,955014.000
000949,2026-01-28,7.100,7.480,7.630,7.030,1132546.000
000949,2026-01-29,7.500,7.540,7.910,7.330,1187864.000
000949,2026-01-30,7.470,7.250,7.570,6.990,985329.000
000949,2026-02-02,7.120,6.520,7.120,6.520,1317990.000
000949,2026-02-03,6.600,6.760,6.830,6.500,887639.000
000949,2026-02-04,6.660,6.770,6.950,6.620,558654.000
000949,2026-02-05,6.740,6.430,6.810,6.420,632110.000
000949,2026-02-06,6.370,6.760,6.990,6.270,950812.000
000949,2026-02-09,6.910,7.200,7.280,6.770,964409.000
000949,2026-02-10,7.260,6.970,7.280,6.840,757635.000
000949,2026-02-11,6.950,7.150,7.370,6.790,877286.000
000949,2026-02-12,7.160,7.140,7.250,7.020,459749.000
000949,2026-02-13,7.040,6.790,7.080,6.780,588691.000
000949,2026-02-24,6.880,7.210,7.380,6.810,705534.000
000949,2026-02-25,7.270,7.330,7.470,7.130,673742.000
000949,2026-02-26,7.290,7.230,7.560,7.160,598364.000
000949,2026-02-27,7.240,7.240,7.450,7.130,477181.000
000949,2026-03-02,7.070,7.330,7.450,6.940,743537.000
000949,2026-03-03,7.340,6.840,7.480,6.780,759335.000
000949,2026-03-04,6.670,7.230,7.430,6.650,1023793.000
000949,2026-03-05,7.380,7.090,7.430,7.000,637187.000
000949,2026-03-06,7.110,7.400,7.580,7.040,852291.000
000949,2026-03-09,7.310,6.880,7.470,6.710,1232346.000
000949,2026-03-10,6.880,7.570,7.570,6.800,1065101.000
000949,2026-03-11,7.580,7.670,7.740,7.310,1664559.000
000949,2026-03-12,7.720,7.450,7.890,7.350,1289068.000
000949,2026-03-13,7.390,7.490,7.760,7.130,1356796.000
000949,2026-03-16,7.340,7.500,7.730,7.150,1091090.000
000949,2026-03-17,7.390,7.260,7.740,7.240,871636.000
000949,2026-03-18,7.200,7.150,7.250,6.760,970255.000
000949,2026-03-19,7.120,6.880,7.160,6.790,730893.000
000949,2026-03-20,6.950,6.940,7.180,6.930,796074.000
000949,2026-03-23,6.680,6.470,6.820,6.380,883627.000
000949,2026-03-24,6.610,6.750,6.760,6.450,580535.000
000949,2026-03-25,6.810,6.860,6.990,6.760,476007.000
000949,2026-03-26,6.840,6.620,7.000,6.570,500365.000
000949,2026-03-27,6.530,6.670,6.810,6.490,329793.000
000949,2026-03-30,6.600,6.680,6.740,6.530,389075.000
000949,2026-03-31,6.680,6.530,6.820,6.440,545591.000
000949,2026-04-01,6.640,6.670,6.810,6.610,559888.000
000949,2026-04-02,6.680,6.360,6.680,6.290,556374.000
000949,2026-04-03,6.330,6.330,6.380,6.090,519364.000
000949,2026-04-07,6.290,6.740,6.760,6.270,745282.000
000949,2026-04-08,6.780,7.330,7.400,6.710,1001367.000
000949,2026-04-09,7.290,7.560,7.660,7.230,942434.000
000949,2026-04-10,7.590,7.750,7.850,7.580,838107.000
000949,2026-04-13,7.670,7.720,7.810,7.550,604140.000
000949,2026-04-14,7.760,7.350,7.780,7.250,843463.000
000949,2026-04-15,7.370,7.380,7.520,7.150,577601.000
000949,2026-04-16,7.380,7.410,7.470,7.240,457710.000
000949,2026-04-17,7.330,7.290,7.530,7.260,403522.000
000949,2026-04-20,7.250,8.020,8.020,7.110,1279009.000
000949,2026-04-21,7.980,7.990,8.130,7.800,1015448.000
000949,2026-04-22,8.040,8.100,8.190,7.920,711474.000
000949,2026-04-23,8.080,8.110,8.210,7.750,743408.000
000949,2026-04-24,8.000,7.860,8.230,7.790,639157.000
000949,2026-04-27,7.790,7.780,7.930,7.560,431044.000
000949,2026-04-28,7.790,7.770,7.850,7.620,344539.000
000949,2026-04-29,7.680,7.820,7.880,7.440,556478.000
000949,2026-04-30,7.900,8.060,8.230,7.830,726663.000
000949,2026-05-06,8.130,8.270,8.350,8.030,636991.000
000949,2026-05-07,8.270,7.910,8.270,7.760,853377.000
000949,2026-05-08,7.840,7.650,7.900,7.490,594833.000
000949,2026-05-11,7.680,7.540,7.780,7.510,525162.000
000949,2026-05-12,7.580,8.120,8.190,7.460,814535.000
000949,2026-05-13,8.080,8.190,8.330,8.020,662084.000
000949,2026-05-14,8.170,8.260,8.890,8.150,1026973.000
000949,2026-05-15,8.250,8.260,8.380,7.980,707635.000
000949,2026-05-18,8.250,7.810,8.260,7.650,723308.000
000949,2026-05-19,7.770,7.540,7.810,7.390,681470.000
000949,2026-05-20,7.480,7.570,7.730,7.420,426809.000
000949,2026-05-21,7.520,7.250,7.780,7.190,520932.000
000949,2026-05-22,7.280,7.280,7.360,7.080,457845.000
000949,2026-05-25,7.240,7.120,7.480,7.100,445633.000
000949,2026-05-26,7.090,7.440,7.560,6.780,706256.000
000949,2026-05-27,7.410,7.070,7.490,6.990,489004.000
000949,2026-05-28,7.070,7.130,7.230,6.950,294993.000
000949,2026-05-29,7.130,6.800,7.150,6.750,462046.000
000949,2026-06-01,6.750,6.700,6.980,6.680,449421.000
000949,2026-06-02,6.680,6.700,6.800,6.390,407959.000
000949,2026-06-03,6.700,6.630,6.730,6.500,561727.000
000949,2026-06-04,6.570,6.580,6.660,6.460,319670.000
000949,2026-06-05,6.590,6.720,7.050,6.570,670040.000
000949,2026-06-08,6.530,6.570,6.900,6.450,473504.000
000949,2026-06-09,6.650,6.520,6.660,6.240,422557.000
000949,2026-06-10,6.400,6.580,6.640,6.350,331367.000
000949,2026-06-11,6.580,6.370,6.660,6.290,351887.000
000949,2026-06-12,6.500,6.610,6.650,6.360,524514.000
000949,2026-06-15,6.680,6.860,7.090,6.650,682640.000
000949,2026-06-16,6.780,6.990,7.330,6.640,771524.000
000949,2026-06-17,6.970,6.850,7.060,6.790,388212.000
000949,2026-06-18,6.810,6.490,6.890,6.450,466031.000
000949,2026-06-22,6.470,6.650,6.680,6.350,632710.000
000949,2026-06-23,6.600,6.690,6.990,6.570,498663.000
000949,2026-06-24,6.800,7.240,7.290,6.710,908417.000
000949,2026-06-25,7.170,7.070,7.360,7.000,507301.000
000949,2026-06-26,7.070,6.720,7.090,6.700,477680.000
000949,2026-06-29,6.750,6.620,6.810,6.410,407117.000
000949,2026-06-30,6.580,6.340,6.740,6.250,511929.000
000949,2026-07-01,6.340,6.550,6.700,6.140,568654.000
000949,2026-07-02,6.410,6.770,6.850,6.410,461287.000
000949,2026-07-03,7.000,6.350,7.040,6.280,668129.000
000949,2026-07-06,6.370,6.180,6.570,6.150,719355.000
000949,2026-07-07,6.160,5.560,6.180,5.560,815070.000
000949,2026-07-08,5.550,5.610,5.640,5.380,631605.000
000949,2026-07-09,5.560,5.700,5.800,5.400,810560.000
000949,2026-07-10,5.600,5.510,5.720,5.350,623185.000
000949,2026-07-13,5.450,5.100,5.500,5.080,654076.000
000949,2026-07-14,5.090,5.430,5.460,5.070,645773.000
000949,2026-07-15,5.420,5.610,5.730,5.310,538343.000
000949,2026-07-16,5.610,5.530,5.950,5.490,636783.000
000949,2026-07-17,5.550,5.390,5.630,5.380,498240.000
000949,2026-07-20,5.420,5.270,5.520,5.240,536401.000
000949,2026-07-21,5.290,5.490,5.500,5.140,535276.000
000949,2026-07-22,5.430,5.780,5.830,5.430,790654.000
000949,2026-07-23,5.770,6.030,6.120,5.670,740886.000
000949,2026-07-24,5.970,5.570,6.030,5.500,508009.000
000949,2026-07-27,5.570,5.780,5.850,5.560,419089.000
000949,2026-07-28,5.700,5.720,5.800,5.610,341268.000
000949,2026-07-29,5.700,5.970,5.990,5.630,485779.000
000949,2026-07-30,5.910,5.890,5.990,5.800,306349.000
000949,2026-07-31,5.790,5.960,5.980,5.780,364715.000
000949,2026-08-03,5.930,6.160,6.400,5.770,755568.000
000949,2026-08-04,6.180,6.390,6.490,6.020,618054.000
000949,2026-08-05,6.400,6.450,6.500,6.260,525296.000
000949,2026-08-06,6.450,6.480,6.530,6.340,382129.000
000949,2026-08-07,6.450,6.560,6.680,6.410,394128.000
000949,2026-08-10,6.600,6.650,6.780,6.520,334681.000
000949,2026-08-11,6.630,6.500,6.690,6.480,342925.000
000949,2026-08-12,6.430,6.480,6.670,6.420,247402.000
000949,2026-08-13,6.480,6.350,6.520,6.310,339623.000
000949,2026-08-14,6.370,6.300,6.430,6.220,226450.000
000949,2026-08-17,6.340,6.730,6.790,6.260,586106.000
000949,2026-08-18,6.670,6.450,6.780,6.380,587681.000
000949,2026-08-19,6.420,6.340,6.600,6.320,449182.000
000949,2026-08-20,6.390,6.640,6.660,6.370,590133.000
000949,2026-08-21,6.580,6.920,6.930,6.530,651288.000
000949,2026-08-24,6.920,6.950,7.130,6.780,576252.000
000949,2026-08-25,6.910,7.040,7.180,6.810,455558.000
000949,2026-08-26,7.020,7.060,7.210,6.910,386551.000
000949,2026-08-27,7.050,7.230,7.260,7.000,418282.000
000949,2026-08-28,7.200,7.380,7.470,7.150,559798.000
000949,2026-08-31,7.380,7.510,7.670,7.260,770197.000
000949,2026-09-01,7.460,7.850,7.980,7.430,898672.000
000949,2026-09-02,8.000,7.930,8.090,7.810,697962.000
000949,2026-09-03,8.000,7.950,8.180,7.850,521416.000
000949,2026-09-04,7.990,7.790,8.050,7.740,617730.000
300677,2026-01-09,39.241,39.321,39.531,38.801,92899.000
300677,2026-01-12,39.171,38.661,39.571,38.311,145406.000
300677,2026-01-13,38.611,38.011,39.111,37.801,131244.000
300677,2026-01-14,37.951,41.211,42.351,37.301,334312.000
300677,2026-01-15,41.211,42.211,42.391,40.561,193176.000
300677,2026-01-16,41.781,41.291,42.461,41.201,123426.000
300677,2026-01-19,40.991,41.801,42.591,40.751,103754.000
300677,2026-01-20,41.631,41.071,42.211,40.701,75920.000
300677,2026-01-21,41.151,41.721,42.381,41.071,94598.000
300677,2026-01-22,41.901,43.161,43.871,41.811,143135.000
300677,2026-01-23,43.281,43.471,43.791,42.491,97943.000
300677,2026-01-26,45.181,44.591,45.741,42.961,226524.000
300677,2026-01-27,44.801,43.461,45.161,40.601,219104.000
300677,2026-01-28,43.091,42.051,43.091,41.751,131521.000
300677,2026-01-29,42.041,40.611,42.041,40.601,107514.000
300677,2026-01-30,40.481,41.661,41.951,39.811,117078.000
300677,2026-02-02,41.221,39.801,41.921,39.801,97112.000
300677,2026-02-03,40.231,40.351,40.971,39.811,61779.000
300677,2026-02-04,40.301,40.931,41.081,39.461,80882.000
300677,2026-02-05,40.921,40.741,41.301,40.121,57098.000
300677,2026-02-06,40.701,41.161,42.011,40.221,74358.000
300677,2026-02-09,41.421,41.311,42.201,41.101,48091.000
300677,2026-02-10,41.191,40.841,41.351,40.791,37904.000
300677,2026-02-11,40.761,40.951,42.061,40.621,55501.000
300677,2026-02-12,40.871,39.881,41.041,39.831,67965.000
300677,2026-02-13,39.871,39.151,39.891,39.101,49907.000
300677,2026-02-24,39.611,41.351,41.871,39.211,96240.000
300677,2026-02-25,41.551,41.551,42.081,41.301,62742.000
300677,2026-02-26,41.601,41.541,42.531,41.401,66457.000
300677,2026-02-27,41.591,43.661,43.981,41.551,129150.000
300677,2026-03-02,43.051,44.761,44.901,42.261,142592.000
300677,2026-03-03,44.381,45.181,46.961,43.721,197009.000
300677,2026-03-04,44.851,45.851,46.601,44.461,156584.000
300677,2026-03-05,46.391,46.091,47.151,45.241,120913.000
300677,2026-03-06,46.261,45.511,46.451,44.761,98473.000
300677,2026-03-09,47.791,48.411,51.531,47.581,364918.000
300677,2026-03-10,48.381,50.791,50.871,47.611,257339.000
300677,2026-03-11,50.651,51.471,52.151,49.081,199640.000
300677,2026-03-12,51.441,52.301,52.741,50.811,154076.000
300677,2026-03-13,52.601,61.591,62.801,52.461,376678.000
300677,2026-03-16,61.001,58.101,61.271,57.501,278118.000
300677,2026-03-17,57.801,61.301,63.301,56.551,344653.000
300677,2026-03-18,61.001,61.001,62.081,59.061,191276.000
300677,2026-03-19,62.801,59.051,66.131,58.701,333012.000
300677,2026-03-20,57.991,55.931,59.211,55.801,278994.000
300677,2026-03-23,54.921,53.611,56.401,53.401,180138.000
300677,2026-03-24,54.681,56.801,57.901,53.901,176534.000
300677,2026-03-25,57.001,57.221,57.571,55.401,134612.000
300677,2026-03-26,56.811,54.511,57.481,54.221,137233.000
300677,2026-03-27,54.161,55.131,55.731,53.611,142756.000
300677,2026-03-30,56.311,59.101,60.061,55.131,226653.000
300677,2026-03-31,59.361,58.481,60.301,57.941,144429.000
300677,2026-04-01,58.801,56.331,60.961,54.701,225485.000
300677,2026-04-02,57.451,57.761,58.571,55.911,170441.000
300677,2026-04-03,58.791,59.661,60.841,57.811,193621.000
300677,2026-04-07,59.381,65.461,68.241,59.071,258648.000
300677,2026-04-08,60.801,57.831,64.801,53.481,434634.000
300677,2026-04-09,54.931,59.251,59.341,54.851,257669.000
300677,2026-04-10,58.651,56.681,59.101,56.361,195552.000
300677,2026-04-13,57.381,55.611,58.791,55.281,180841.000
300677,2026-04-14,55.671,54.831,55.751,54.051,132593.000
300677,2026-04-15,54.281,52.541,54.761,51.351,176503.000
300677,2026-04-16,52.301,52.891,53.171,50.581,152002.000
300677,2026-04-17,52.861,53.331,53.941,52.331,113100.000
300677,2026-04-20,53.371,53.681,55.151,52.561,120504.000
300677,2026-04-21,53.661,54.501,55.261,52.771,145720.000
300677,2026-04-22,54.571,55.351,55.571,53.411,150225.000
300677,2026-04-23,54.431,54.931,55.981,51.621,271370.000
300677,2026-04-24,52.381,57.591,58.301,51.831,274255.000
300677,2026-04-27,57.431,57.391,58.101,56.411,115137.000
300677,2026-04-28,57.641,57.081,58.691,56.711,103669.000
300677,2026-04-29,56.871,57.581,58.031,56.361,90075.000
300677,2026-04-30,57.801,56.821,59.751,56.151,111026.000
300677,2026-05-06,57.261,53.151,59.661,52.801,248167.000
300677,2026-05-07,52.601,52.201,52.971,51.381,147069.000
300677,2026-05-08,52.411,50.721,52.651,50.481,125999.000
300677,2026-05-11,50.801,51.551,52.101,50.151,146258.000
300677,2026-05-12,51.551,54.041,54.441,51.511,179121.000
300677,2026-05-13,54.041,49.871,54.751,47.551,324638.000
300677,2026-05-14,49.591,50.001,51.491,49.131,143097.000
300677,2026-05-15,50.011,50.161,50.961,49.471,110721.000
300677,2026-05-18,50.201,51.111,52.331,50.061,122627.000
300677,2026-05-19,51.511,50.241,51.781,49.111,113348.000
300677,2026-05-20,50.301,48.781,50.801,47.751,126844.000
300677,2026-05-21,48.781,47.501,49.551,47.501,152286.000
300677,2026-05-22,47.991,47.131,48.561,47.091,109706.000
300677,2026-05-25,47.381,46.561,48.051,45.771,121763.000
300677,2026-05-26,46.501,45.521,46.501,44.581,150663.000
300677,2026-05-27,45.701,44.501,45.701,43.921,137934.000
300677,2026-05-28,44.701,43.411,44.701,42.841,98664.000
300677,2026-05-29,43.701,43.251,43.971,42.711,95264.000
300677,2026-06-01,43.251,44.891,45.071,42.481,184586.000
300677,2026-06-02,45.291,46.481,49.401,44.941,249194.000
300677,2026-06-03,46.251,46.071,46.791,45.551,123150.000
300677,2026-06-04,45.781,46.481,47.801,45.781,121933.000
300677,2026-06-05,46.411,46.331,46.651,44.661,120406.000
300677,2026-06-08,46.021,46.281,47.601,45.381,147093.000
300677,2026-06-09,47.601,47.881,48.441,46.341,132541.000
300677,2026-06-10,48.011,46.831,48.731,45.851,93032.000
300677,2026-06-11,46.881,46.151,47.851,46.041,72115.000
300677,2026-06-12,46.001,44.981,46.631,44.341,146279.000
300677,2026-06-15,44.601,45.681,46.061,44.211,121929.000
300677,2026-06-16,45.441,41.821,45.701,41.091,253862.000
300677,2026-06-17,41.681,41.221,41.771,39.791,171813.000
300677,2026-06-18,41.221,40.131,41.221,40.001,126506.000
300677,2026-06-22,40.101,38.751,40.101,37.411,204759.000
300677,2026-06-23,38.801,39.021,40.371,38.721,146776.000
300677,2026-06-24,39.191,39.481,41.011,38.591,152982.000
300677,2026-06-25,38.911,39.121,40.071,38.211,127654.000
300677,2026-06-26,38.901,38.211,39.091,37.361,171415.000
300677,2026-06-29,38.051,40.061,40.261,37.281,169141.000
300677,2026-06-30,40.051,39.071,40.091,38.681,90954.000
300677,2026-07-01,38.961,39.651,40.041,38.101,115991.000
300677,2026-07-02,39.601,41.201,41.761,39.301,211275.000
300677,2026-07-03,41.211,41.941,43.581,41.211,160887.000
300677,2026-07-06,41.901,45.901,47.001,41.291,248989.000
300677,2026-07-07,45.851,45.511,46.731,44.801,161532.000
300677,2026-07-08,45.101,44.881,47.491,44.701,136838.000
300677,2026-07-09,44.621,44.501,45.211,43.901,94373.000
300677,2026-07-10,44.501,45.901,46.261,43.911,123898.000
300677,2026-07-13,44.901,44.501,47.851,43.561,118663.000
300677,2026-07-14,44.531,45.011,45.721,44.051,108087.000
300677,2026-07-15,45.681,46.341,48.591,45.151,141591.000
300677,2026-07-16,45.901,44.521,46.341,44.261,95674.000
300677,2026-07-17,44.181,42.741,44.581,42.061,121939.000
300677,2026-07-20,42.831,44.551,45.381,42.501,127517.000
300677,2026-07-21,44.461,47.401,47.481,44.201,147914.000
300677,2026-07-22,46.781,46.851,47.401,45.801,130352.000
300677,2026-07-23,46.501,47.651,47.891,45.801,89694.000
300677,2026-07-24,47.651,47.521,49.781,46.781,107511.000
300677,2026-07-27,46.881,46.251,47.011,45.481,130409.000
300677,2026-07-28,45.751,45.801,46.281,44.321,95739.000
300677,2026-07-29,47.621,50.101,50.161,47.181,173214.000
300677,2026-07-30,49.391,49.981,50.801,48.221,138008.000
300677,2026-07-31,48.401,50.351,50.601,48.401,96197.000
300677,2026-08-03,49.991,49.381,51.311,48.621,97884.000
300677,2026-08-04,49.371,47.201,49.801,46.721,138279.000
300677,2026-08-05,47.001,49.441,49.451,46.851,128548.000
300677,2026-08-06,48.901,49.721,50.391,48.251,108449.000
300677,2026-08-07,49.801,50.441,51.151,49.111,95162.000
300677,2026-08-10,49.901,49.501,51.401,48.871,107611.000
300677,2026-08-11,49.191,51.001,52.601,48.961,114217.000
300677,2026-08-12,50.521,49.901,51.371,49.701,68327.000
300677,2026-08-13,49.761,49.471,50.201,49.001,72890.000
300677,2026-08-14,49.401,47.951,50.081,47.651,70416.000
300677,2026-08-17,48.401,48.871,49.791,47.711,70230.000
300677,2026-08-18,48.671,49.221,49.591,48.151,69921.000
300677,2026-08-19,49.461,48.841,50.591,48.281,64704.000
300677,2026-08-20,49.461,48.881,51.701,48.621,64773.000
300677,2026-08-21,48.351,48.311,49.181,47.701,60435.000
300677,2026-08-24,48.081,48.001,48.521,46.951,97731.000
300677,2026-08-25,50.101,52.001,52.131,49.021,238588.000
300677,2026-08-26,52.001,52.101,53.381,51.101,118956.000
300677,2026-08-27,52.611,55.991,56.181,52.401,159247.000
300677,2026-08-28,55.781,54.201,56.871,53.921,98439.000
300677,2026-08-31,54.201,55.171,56.061,52.781,113229.000
300677,2026-09-01,55.631,57.401,58.671,55.181,141599.000
300677,2026-09-02,57.351,55.191,57.901,54.901,86724.000
300677,2026-09-03,55.191,55.821,57.011,54.901,68055.000
300677,2026-09-04,55.960,54.250,56.900,53.920,100040.000
600989,2026-01-09,19.490,18.990,19.640,18.860,751625.000
600989,2026-01-12,18.970,18.530,19.030,18.460,527826.000
600989,2026-01-13,18.660,18.550,18.970,18.480,488746.000
600989,2026-01-14,18.760,19.900,20.190,18.710,1161293.000
600989,2026-01-15,19.990,20.230,20.520,19.860,723498.000
600989,2026-01-16,20.440,20.020,20.550,19.690,803325.000
600989,2026-01-19,19.960,20.390,20.690,19.770,704800.000
600989,2026-01-20,20.760,21.050,21.330,20.340,944163.000
600989,2026-01-21,21.160,20.810,21.240,20.580,603757.000
600989,2026-01-22,20.820,21.310,21.420,20.800,730869.000
600989,2026-01-23,21.460,21.620,22.140,21.460,864962.000
600989,2026-01-26,21.630,21.950,22.090,21.410,701786.000
600989,2026-01-27,21.960,21.760,22.640,21.640,932437.000
600989,2026-01-28,21.930,22.980,23.290,21.930,1121746.000
600989,2026-01-29,23.460,22.760,23.810,22.650,1125791.000
600989,2026-01-30,22.760,22.920,23.650,22.320,1081017.000
600989,2026-02-02,22.350,20.820,22.360,20.760,1379809.000
600989,2026-02-03,21.250,21.630,21.690,20.810,819088.000
600989,2026-02-04,21.710,21.700,21.820,21.260,587682.000
600989,2026-02-05,21.610,21.360,22.050,21.170,543205.000
600989,2026-02-06,20.860,21.770,22.090,20.810,603017.000
600989,2026-02-09,22.050,22.160,22.250,21.740,558651.000
600989,2026-02-10,22.250,22.390,22.510,21.910,499829.000
600989,2026-02-11,22.390,22.990,23.080,22.230,491765.000
600989,2026-02-12,22.990,23.150,23.410,22.810,491172.000
600989,2026-02-13,22.800,22.190,22.850,21.970,631586.000
600989,2026-02-24,22.610,22.910,23.110,22.500,477633.000
600989,2026-02-25,22.960,22.630,23.320,22.600,738052.000
600989,2026-02-26,22.630,22.710,23.000,22.450,457167.000
600989,2026-02-27,22.540,23.090,23.110,22.470,518322.000
600989,2026-03-02,25.470,25.480,25.480,24.390,2339265.000
600989,2026-03-03,26.200,27.670,28.080,25.660,3245122.000
600989,2026-03-04,26.940,26.110,26.960,24.820,2200521.000
600989,2026-03-05,25.140,26.350,27.460,24.420,2225321.000
600989,2026-03-06,26.010,27.790,28.340,25.620,2174797.000
600989,2026-03-09,30.650,29.800,30.650,29.230,3168065.000
600989,2026-03-10,26.740,28.110,29.040,26.740,2465280.000
600989,2026-03-11,27.510,31.010,31.010,27.510,2195486.000
600989,2026-03-12,32.460,32.890,33.760,31.360,2519682.000
600989,2026-03-13,33.570,33.860,34.560,32.470,2571595.000
600989,2026-03-16,33.880,33.290,35.650,32.320,2433711.000
600989,2026-03-17,32.210,32.120,33.710,31.070,2614418.000
600989,2026-03-18,31.700,31.120,31.820,30.340,1797994.000
600989,2026-03-19,32.860,31.890,33.140,31.180,2314759.000
600989,2026-03-20,30.440,31.030,31.610,30.130,1678508.000
600989,2026-03-23,30.730,31.270,32.640,30.080,1866130.000
600989,2026-03-24,30.270,30.520,30.810,29.750,1269202.000
600989,2026-03-25,29.060,29.510,29.720,28.830,1714202.000
600989,2026-03-26,29.510,28.960,30.030,28.850,1143453.000
600989,2026-03-27,28.990,29.260,29.660,28.330,1283632.000
600989,2026-03-30,30.370,29.310,30.660,29.230,1215717.000
600989,2026-03-31,29.150,28.220,29.910,28.060,1178518.000
600989,2026-04-01,28.220,27.910,28.640,27.790,1070969.000
600989,2026-04-02,28.070,28.520,28.950,28.060,984163.000
600989,2026-04-03,28.520,27.770,28.610,27.490,778560.000
600989,2026-04-07,28.230,29.920,30.160,28.080,1262486.000
600989,2026-04-08,27.400,27.740,28.230,26.850,1778954.000
600989,2026-04-09,28.160,28.790,29.150,27.860,1260088.000
600989,2026-04-10,28.430,29.050,29.130,28.400,769701.000
600989,2026-04-13,29.480,29.330,29.990,28.370,1316031.000
600989,2026-04-14,28.660,28.660,28.900,28.040,933156.000
600989,2026-04-15,28.090,27.590,28.260,27.200,1308613.000
600989,2026-04-16,27.340,27.320,27.650,27.200,795015.000
600989,2026-04-17,27.460,26.910,27.520,26.830,814446.000
600989,2026-04-20,26.760,26.520,27.080,26.320,954563.000
600989,2026-04-21,26.510,26.820,27.010,25.760,837224.000
600989,2026-04-22,27.260,27.320,27.490,26.910,916097.000
600989,2026-04-23,27.360,27.940,28.240,26.860,1316850.000
600989,2026-04-24,27.960,29.050,29.620,27.670,1667468.000
600989,2026-04-27,29.370,29.240,30.110,28.910,1260128.000
600989,2026-04-28,29.370,30.540,30.880,29.150,1269068.000
600989,2026-04-29,30.680,30.710,30.880,29.970,1134128.000
600989,2026-04-30,31.080,30.280,31.190,30.200,1000603.000
600989,2026-05-06,29.360,29.740,29.810,28.440,1366345.000
600989,2026-05-07,28.580,27.680,28.680,27.490,1583427.000
600989,2026-05-08,27.880,27.200,28.070,27.140,939303.000
600989,2026-05-11,27.330,27.920,28.240,27.280,924466.000
600989,2026-05-12,27.910,27.710,28.550,27.580,806967.000
600989,2026-05-13,27.860,28.050,28.440,27.770,793033.000
600989,2026-05-14,27.780,27.900,28.410,27.650,744520.000
600989,2026-05-15,27.920,28.060,28.740,27.390,1017348.000
600989,2026-05-18,28.590,28.810,29.380,27.890,1018902.000
600989,2026-05-19,28.610,27.670,28.650,27.460,790338.000
600989,2026-05-20,27.380,27.170,27.830,27.070,673266.000
600989,2026-05-21,26.350,26.130,26.970,26.090,838821.000
600989,2026-05-22,26.080,26.120,26.340,25.770,597758.000
600989,2026-05-25,25.280,24.480,25.540,24.200,1491473.000
600989,2026-05-26,24.490,24.730,24.930,23.980,823740.000
600989,2026-05-27,24.580,24.550,24.850,24.230,565869.000
600989,2026-05-28,24.470,24.500,24.730,24.080,499084.000
600989,2026-05-29,24.180,23.580,24.280,23.580,691787.000
600989,2026-06-01,23.610,24.210,24.540,23.610,703681.000
600989,2026-06-02,24.590,24.130,24.660,23.840,543328.000
600989,2026-06-03,24.180,24.570,24.610,23.780,860409.000
600989,2026-06-04,24.230,23.160,24.230,23.080,1033186.000
600989,2026-06-05,22.790,23.010,23.560,22.790,643151.000
600989,2026-06-08,22.580,23.180,23.350,22.460,706805.000
600989,2026-06-09,22.730,22.330,22.980,22.030,907883.000
600989,2026-06-10,22.330,22.040,22.630,21.870,625130.000
600989,2026-06-11,22.460,22.540,22.840,22.120,801491.000
600989,2026-06-12,22.020,22.680,23.130,21.980,970118.000
600989,2026-06-15,22.180,21.880,22.520,21.550,1141504.000
600989,2026-06-16,21.880,21.600,21.970,21.180,939413.000
600989,2026-06-17,21.530,21.700,21.920,21.250,542984.000
600989,2026-06-18,21.760,21.090,21.880,21.080,689191.000
600989,2026-06-22,21.100,21.300,21.430,20.670,922941.000
600989,2026-06-23,21.980,21.490,22.670,21.310,1395227.000
600989,2026-06-24,21.490,21.990,22.180,21.070,1055438.000
600989,2026-06-25,21.460,20.750,21.490,20.400,1257465.000
600989,2026-06-26,21.160,20.320,21.310,20.270,760432.000
600989,2026-06-29,20.080,20.400,20.480,19.840,730594.000
600989,2026-06-30,20.320,19.910,20.360,19.800,593203.000
600989,2026-07-01,20.020,20.330,20.810,19.730,657233.000
600989,2026-07-02,20.060,20.120,20.530,19.950,592986.000
600989,2026-07-03,20.330,20.120,20.580,20.050,642020.000
600989,2026-07-06,20.120,20.710,21.320,19.930,896902.000
600989,2026-07-07,20.770,19.970,20.860,19.910,662517.000
600989,2026-07-08,20.420,19.860,20.540,19.840,666172.000
600989,2026-07-09,20.080,19.680,20.360,19.560,746380.000
600989,2026-07-10,19.430,19.900,20.220,19.180,775037.000
600989,2026-07-13,20.090,20.300,20.350,19.450,1073138.000
600989,2026-07-14,21.060,21.610,21.700,20.660,1798865.000
600989,2026-07-15,21.320,21.650,22.170,21.140,1148074.000
600989,2026-07-16,21.480,21.150,21.840,21.000,894955.000
600989,2026-07-17,21.180,20.880,21.860,20.640,1002822.000
600989,2026-07-20,21.530,22.860,23.010,21.520,1729729.000
600989,2026-07-21,22.180,22.150,22.530,21.590,1399556.000
600989,2026-07-22,22.410,23.300,23.460,22.180,1305177.000
600989,2026-07-23,23.590,23.870,24.520,23.020,1366240.000
600989,2026-07-24,24.240,22.960,24.580,22.780,1100439.000
600989,2026-07-27,21.580,22.410,22.680,21.180,1204508.000
600989,2026-07-28,21.760,22.520,22.870,21.730,699906.000
600989,2026-07-29,22.720,22.840,23.150,22.600,635696.000
600989,2026-07-30,23.200,23.460,23.680,22.980,805625.000
600989,2026-07-31,22.680,22.870,23.030,22.480,734370.000
600989,2026-08-03,22.580,22.490,23.130,22.330,657241.000
600989,2026-08-04,22.400,22.670,22.680,22.270,430471.000
600989,2026-08-05,22.180,22.720,22.740,21.730,755524.000
600989,2026-08-06,22.670,23.050,23.130,22.530,722123.000
600989,2026-08-07,23.180,23.250,23.380,22.960,559328.000
600989,2026-08-10,23.180,23.480,23.860,23.180,594430.000
600989,2026-08-11,23.850,23.370,24.150,23.230,764546.000
600989,2026-08-12,23.380,23.010,23.520,22.980,639946.000
600989,2026-08-13,23.180,22.390,23.220,22.380,778985.000
600989,2026-08-14,22.390,22.470,22.550,22.000,542475.000
600989,2026-08-17,22.600,22.510,22.660,22.200,571953.000
600989,2026-08-18,22.680,23.130,23.210,22.680,731153.000
600989,2026-08-19,23.190,23.240,23.470,22.970,833157.000
600989,2026-08-20,23.110,22.980,23.840,22.760,906544.000
600989,2026-08-21,23.180,23.640,23.850,22.940,836844.000
600989,2026-08-24,23.200,22.800,23.370,22.540,787176.000
600989,2026-08-25,22.620,22.820,23.360,22.600,561441.000
600989,2026-08-26,22.110,22.690,22.790,21.930,589121.000
600989,2026-08-27,22.660,23.580,23.710,22.650,732984.000
600989,2026-08-28,23.660,24.070,24.120,23.460,648922.000
600989,2026-08-31,24.270,24.300,24.380,23.490,830611.000
600989,2026-09-01,24.290,24.370,24.880,24.240,895141.000
600989,2026-09-02,25.050,24.210,25.350,24.050,949261.000
600989,2026-09-03,24.010,24.380,24.940,24.010,663976.000
600989,2026-09-04,24.410,24.400,24.690,24.100,610996.000
300681,2026-01-09,26.438,26.488,26.718,26.138,103817.000
300681,2026-01-12,26.688,27.228,27.388,26.638,122008.000
300681,2026-01-13,27.228,26.338,27.738,26.218,112984.000
300681,2026-01-14,26.168,26.678,27.518,26.168,152909.000
300681,2026-01-15,26.568,26.778,27.438,26.488,96484.000
300681,2026-01-16,26.758,27.238,27.398,26.658,113783.000
300681,2026-01-19,27.428,26.998,27.568,26.838,97141.000
300681,2026-01-20,26.978,27.128,27.288,26.788,114971.000
300681,2026-01-21,26.838,27.658,27.898,26.708,112739.000
300681,2026-01-22,27.648,27.388,27.848,27.218,83852.000
300681,2026-01-23,27.328,27.828,27.838,27.328,86993.000
300681,2026-01-26,27.838,26.538,27.938,26.298,193710.000
300681,2026-01-27,26.458,26.298,26.558,25.368,114997.000
300681,2026-01-28,26.308,25.798,26.458,25.688,76886.000
300681,2026-01-29,25.888,25.348,26.278,25.188,103918.000
300681,2026-01-30,25.318,24.978,25.438,24.358,86671.000
300681,2026-02-02,24.958,24.588,25.328,24.538,86002.000
300681,2026-02-03,24.918,24.818,24.928,24.488,71523.000
300681,2026-02-04,24.708,25.188,25.268,24.648,79224.000
300681,2026-02-05,25.118,25.358,26.028,24.998,96087.000
300681,2026-02-06,25.148,25.178,25.408,24.788,65188.000
300681,2026-02-09,25.418,26.238,26.708,25.338,123650.000
300681,2026-02-10,26.428,26.298,26.788,26.138,77927.000
300681,2026-02-11,26.438,25.948,26.718,25.888,65893.000
300681,2026-02-12,25.918,25.828,26.038,25.638,60462.000
300681,2026-02-13,25.828,25.848,26.278,25.718,56122.000
300681,2026-02-24,26.038,26.008,26.248,25.838,59877.000
300681,2026-02-25,25.998,25.678,26.158,25.608,74838.000
300681,2026-02-26,25.618,25.708,25.788,25.378,67884.000
300681,2026-02-27,25.558,25.518,25.738,25.218,59273.000
300681,2026-03-02,24.938,24.318,25.118,24.238,122969.000
300681,2026-03-03,24.348,23.118,24.668,23.078,102444.000
300681,2026-03-04,22.838,22.768,23.338,22.588,71025.000
300681,2026-03-05,23.138,23.158,23.448,22.968,64581.000
300681,2026-03-06,23.038,23.528,23.608,22.998,48825.000
300681,2026-03-09,23.078,23.148,23.188,22.388,84806.000
300681,2026-03-10,23.438,23.568,23.718,23.348,48869.000
300681,2026-03-11,23.628,23.318,23.788,23.298,56824.000
300681,2026-03-12,23.258,22.888,23.418,22.788,51693.000
300681,2026-03-13,22.768,22.748,23.018,22.628,46583.000
300681,2026-03-16,22.818,22.808,22.818,22.348,43672.000
300681,2026-03-17,22.938,22.438,23.058,22.388,42739.000
300681,2026-03-18,22.418,22.438,22.628,22.068,50812.000
300681,2026-03-19,22.178,21.938,22.278,21.838,49311.000
300681,2026-03-20,22.118,21.578,22.138,21.438,48386.000
300681,2026-03-23,21.238,20.368,21.428,20.188,91272.000
300681,2026-03-24,20.768,20.968,21.038,20.358,63021.000
300681,2026-03-25,21.138,21.438,21.438,21.058,54624.000
300681,2026-03-26,21.438,21.088,21.618,20.978,46259.000
300681,2026-03-27,20.738,21.278,21.398,20.668,42513.000
300681,2026-03-30,20.908,21.148,21.258,20.848,36994.000
300681,2026-03-31,21.148,20.988,21.288,20.888,45943.000
300681,2026-04-01,21.408,21.628,21.648,21.188,53063.000
300681,2026-04-02,21.508,21.318,21.598,21.158,52667.000
300681,2026-04-03,21.378,23.208,23.478,21.378,186767.000
300681,2026-04-07,22.938,22.788,23.278,22.528,110644.000
300681,2026-04-08,23.198,23.548,23.708,23.018,136044.000
300681,2026-04-09,23.338,24.738,26.008,23.238,263481.000
300681,2026-04-10,24.558,24.528,25.018,24.468,118103.000
300681,2026-04-13,24.338,24.698,24.798,24.268,85628.000
300681,2026-04-14,24.698,25.358,25.358,24.578,138846.000
300681,2026-04-15,27.738,26.888,27.948,26.238,393083.000
300681,2026-04-16,26.908,27.458,27.838,26.718,264097.000
300681,2026-04-17,27.788,29.518,30.098,27.738,354812.000
300681,2026-04-20,29.418,29.358,29.928,29.098,204733.000
300681,2026-04-21,29.588,29.838,30.518,29.378,189960.000
300681,2026-04-22,29.658,30.498,30.788,29.618,169764.000
300681,2026-04-23,30.478,30.318,30.938,29.998,161337.000
300681,2026-04-24,29.948,29.708,30.318,29.418,184903.000
300681,2026-04-27,29.708,30.748,30.838,29.538,151075.000
300681,2026-04-28,30.638,30.688,31.378,30.228,131549.000
300681,2026-04-29,30.438,31.318,31.588,30.308,140202.000
300681,2026-04-30,31.428,30.598,31.428,30.338,119790.000
300681,2026-05-06,30.748,31.618,31.938,30.438,153162.000
300681,2026-05-07,31.718,31.578,32.438,31.538,131704.000
300681,2026-05-08,31.288,32.518,32.798,31.158,143462.000
300681,2026-05-11,32.838,33.238,34.358,32.038,191365.000
300681,2026-05-12,33.028,32.738,33.228,32.128,107805.000
300681,2026-05-13,32.718,33.518,33.888,32.558,121488.000
300681,2026-05-14,33.528,33.598,34.298,33.138,118649.000
300681,2026-05-15,33.518,34.318,35.418,33.518,155596.000
300681,2026-05-18,34.848,33.298,35.038,32.838,184728.000
300681,2026-05-19,33.298,34.218,34.238,33.088,134358.000
300681,2026-05-20,33.648,33.628,34.088,33.238,90069.000
300681,2026-05-21,33.478,33.188,35.158,32.938,157374.000
300681,2026-05-22,33.258,33.508,33.788,32.768,106623.000
300681,2026-05-25,33.638,33.378,34.028,33.038,100936.000
300681,2026-05-26,33.078,32.138,33.938,31.748,147566.000
300681,2026-05-27,31.948,31.058,32.298,30.738,141685.000
300681,2026-05-28,30.738,34.728,35.508,30.548,266429.000
300681,2026-05-29,35.308,32.698,35.318,32.528,156231.000
300681,2026-06-01,33.438,31.758,33.508,31.468,189113.000
300681,2026-06-02,31.588,32.578,33.498,31.438,140846.000
300681,2026-06-03,32.338,34.118,35.288,32.328,210085.000
300681,2026-06-04,34.238,32.288,34.838,31.838,246159.000
300681,2026-06-05,32.478,32.408,33.438,31.998,152700.000
300681,2026-06-08,30.938,31.468,32.488,30.768,131622.000
300681,2026-06-09,32.048,32.498,33.788,32.048,140609.000
300681,2026-06-10,32.010,31.480,32.500,30.890,115839.000
300681,2026-06-11,31.080,30.330,31.580,29.990,111981.000
300681,2026-06-12,30.170,30.300,32.300,29.940,139763.000
300681,2026-06-15,30.340,31.310,31.450,30.050,98322.000
300681,2026-06-16,31.440,31.700,32.330,31.060,101042.000
300681,2026-06-17,32.000,32.260,32.420,31.450,103777.000
300681,2026-06-18,32.030,31.800,33.270,31.710,103607.000
300681,2026-06-22,31.780,30.680,32.000,29.590,143536.000
300681,2026-06-23,30.680,30.780,31.300,29.900,92181.000
300681,2026-06-24,30.550,30.660,31.150,30.120,85139.000
300681,2026-06-25,30.600,29.880,30.770,29.500,83347.000
300681,2026-06-26,29.700,28.360,29.800,27.980,120095.000
300681,2026-06-29,28.990,27.660,29.440,27.400,123475.000
300681,2026-06-30,27.400,28.620,28.800,27.400,86447.000
300681,2026-07-01,28.510,29.800,29.920,28.320,119793.000
300681,2026-07-02,29.400,29.190,30.710,29.010,109086.000
300681,2026-07-03,29.200,31.200,31.760,28.890,159636.000
300681,2026-07-06,31.120,30.310,31.300,30.260,113310.000
300681,2026-07-07,30.240,28.380,31.240,28.100,116630.000
300681,2026-07-08,28.290,27.600,28.990,27.450,101711.000
300681,2026-07-09,27.800,27.070,27.800,25.900,113752.000
300681,2026-07-10,27.030,26.510,27.770,26.510,90158.000
300681,2026-07-13,26.480,24.600,26.560,24.490,111178.000
300681,2026-07-14,24.570,25.350,25.700,24.230,110739.000
300681,2026-07-15,25.200,23.860,25.290,23.760,97718.000
300681,2026-07-16,23.640,23.330,24.430,23.110,84590.000
300681,2026-07-17,23.330,21.510,23.540,21.320,118496.000
300681,2026-07-20,21.670,20.390,21.970,19.940,137667.000
300681,2026-07-21,20.390,20.780,20.840,18.840,151376.000
300681,2026-07-22,20.480,20.150,20.830,19.920,127124.000
300681,2026-07-23,20.000,20.170,20.350,19.900,66904.000
300681,2026-07-24,19.900,19.610,20.180,19.500,70442.000
300681,2026-07-27,19.600,20.870,20.980,19.590,134152.000
300681,2026-07-28,20.560,20.240,20.980,20.110,73989.000
300681,2026-07-29,20.200,20.250,20.340,19.580,83407.000
300681,2026-07-30,20.220,19.460,20.440,19.370,79773.000
300681,2026-07-31,20.050,19.920,20.580,19.910,91521.000
300681,2026-08-03,20.000,20.130,20.430,19.820,107124.000
300681,2026-08-04,20.210,20.540,20.730,20.080,88938.000
300681,2026-08-05,20.500,21.020,21.250,20.480,93645.000
300681,2026-08-06,21.000,21.200,21.330,20.740,91091.000
300681,2026-08-07,21.150,21.480,21.500,20.580,92152.000
300681,2026-08-10,21.390,21.230,21.600,20.920,75577.000
300681,2026-08-11,21.050,21.360,21.480,20.950,59469.000
300681,2026-08-12,21.360,21.650,21.770,21.250,55487.000
300681,2026-08-13,21.600,21.510,22.300,21.510,101758.000
300681,2026-08-14,21.800,21.940,22.190,21.530,80250.000
300681,2026-08-17,22.180,22.410,22.500,21.770,80724.000
300681,2026-08-18,22.380,22.460,22.620,21.990,68428.000
300681,2026-08-19,22.230,21.050,22.240,21.000,78080.000
300681,2026-08-20,21.220,21.180,21.560,21.070,47227.000
300681,2026-08-21,21.010,21.400,21.480,20.610,45270.000
300681,2026-08-24,21.380,21.260,21.530,20.750,60146.000
300681,2026-08-25,21.080,21.600,21.660,20.700,57916.000
300681,2026-08-26,21.600,21.270,21.650,21.020,49803.000
300681,2026-08-27,21.270,21.900,21.940,21.090,59379.000
300681,2026-08-28,22.000,22.340,22.500,21.670,81447.000
300681,2026-08-31,22.120,21.150,22.120,20.680,187018.000
300681,2026-09-01,21.030,20.950,21.280,20.770,112785.000
300681,2026-09-02,20.540,20.800,20.950,20.400,64967.000
300681,2026-09-03,20.980,21.400,21.640,20.660,106265.000
300681,2026-09-04,21.780,21.480,22.720,21.350,145098.000
601600,2026-01-09,13.343,13.903,14.153,13.343,3928651.000
601600,2026-01-12,14.193,13.703,14.293,13.473,4743277.000
601600,2026-01-13,13.653,13.823,14.223,13.543,3808488.000
601600,2026-01-14,13.953,13.483,14.283,13.413,5399749.000
601600,2026-01-15,13.333,13.593,14.033,13.173,4213526.000
601600,2026-01-16,13.603,13.113,13.943,12.953,5270087.000
601600,2026-01-19,13.103,13.183,13.263,12.683,3612768.000
601600,2026-01-20,13.253,13.143,13.473,12.783,3470861.000
601600,2026-01-21,13.053,13.253,13.313,12.873,2678653.000
601600,2026-01-22,13.253,13.133,13.353,13.063,2747074.000
601600,2026-01-23,13.243,13.083,13.373,12.933,4759178.000
601600,2026-01-26,13.313,13.253,13.713,13.183,6752221.000
601600,2026-01-27,13.193,13.123,13.553,12.963,5105606.000
601600,2026-01-28,13.303,14.453,14.453,12.983,8297958.000
601600,2026-01-29,14.863,15.553,15.703,14.093,10676862.000
601600,2026-01-30,14.553,13.983,14.863,13.983,7767545.000
601600,2026-02-02,12.863,12.573,13.453,12.573,7878141.000
601600,2026-02-03,12.953,12.993,13.043,12.523,4750325.000
601600,2026-02-04,13.223,13.293,13.393,13.073,3370117.000
601600,2026-02-05,12.983,12.493,13.113,12.213,3831791.000
601600,2026-02-06,12.033,12.743,12.933,12.033,2963070.000
601600,2026-02-09,12.973,12.903,13.053,12.733,2061400.000
601600,2026-02-10,12.973,13.003,13.113,12.863,1982493.000
601600,2026-02-11,12.913,13.173,13.303,12.903,2126246.000
601600,2026-02-12,13.113,13.063,13.293,13.053,1878570.000
601600,2026-02-13,12.823,12.543,12.943,12.513,2591904.000
601600,2026-02-24,12.863,12.813,12.973,12.723,1984104.000
601600,2026-02-25,12.923,13.383,13.643,12.863,3241283.000
601600,2026-02-26,13.603,13.313,13.633,13.193,2355036.000
601600,2026-02-27,13.203,13.573,13.773,13.173,2738424.000
601600,2026-03-02,13.733,14.123,14.163,13.323,4768404.000
601600,2026-03-03,14.143,13.823,14.403,13.653,4510236.000
601600,2026-03-04,14.023,14.303,14.703,13.963,4776296.000
601600,2026-03-05,14.703,14.643,15.053,14.293,5395587.000
601600,2026-03-06,14.243,13.823,14.243,13.563,3754459.000
601600,2026-03-09,14.153,13.873,14.293,13.733,3684252.000
601600,2026-03-10,13.423,13.553,13.673,13.363,2689839.000
601600,2026-03-11,13.613,13.813,13.913,13.533,2763232.000
601600,2026-03-12,14.053,14.613,14.753,13.883,5114175.000
601600,2026-03-13,14.553,13.933,14.853,13.823,3956295.000
601600,2026-03-16,14.033,13.393,14.103,12.913,4723965.000
601600,2026-03-17,13.443,12.873,13.773,12.853,3211802.000
601600,2026-03-18,12.803,12.493,12.803,12.303,3181517.000
601600,2026-03-19,12.143,11.683,12.343,11.583,3795171.000
601600,2026-03-20,11.523,11.383,11.843,11.353,2947757.000
601600,2026-03-23,10.873,10.903,11.323,10.743,3390903.000
601600,2026-03-24,11.153,11.153,11.193,10.753,2699554.000
601600,2026-03-25,11.403,11.363,11.573,11.263,2670577.000
601600,2026-03-26,11.303,11.163,11.433,11.063,1958674.000
601600,2026-03-27,10.963,11.293,11.363,10.913,1900060.000
601600,2026-03-30,11.853,11.823,12.073,11.523,6400716.000
601600,2026-03-31,11.833,11.253,11.853,11.193,4090601.000
601600,2026-04-01,11.483,11.413,11.533,11.283,3014888.000
601600,2026-04-02,11.603,11.533,11.803,11.463,3440826.000
601600,2026-04-03,11.453,11.063,11.493,11.033,2294923.000
601600,2026-04-07,11.153,11.243,11.283,10.913,2319082.000
601600,2026-04-08,11.613,12.083,12.173,11.603,4695684.000
601600,2026-04-09,12.003,12.623,12.653,11.883,4172123.000
601600,2026-04-10,12.543,12.203,12.573,12.153,3282718.000
601600,2026-04-13,12.063,12.013,12.133,11.813,2447373.000
601600,2026-04-14,12.353,12.313,12.493,12.173,2611375.000
601600,2026-04-15,12.383,12.153,12.613,12.093,2169320.000
601600,2026-04-16,12.393,12.653,12.653,12.393,3043629.000
601600,2026-04-17,12.553,12.543,12.653,12.403,1941854.000
601600,2026-04-20,12.443,12.163,12.453,12.083,2863350.000
601600,2026-04-21,12.093,12.003,12.093,11.853,1831098.000
601600,2026-04-22,11.863,11.933,11.993,11.783,1997331.000
601600,2026-04-23,12.023,11.753,12.053,11.613,2308663.000
601600,2026-04-24,11.723,11.923,11.963,11.703,2061886.000
601600,2026-04-27,11.923,11.833,11.933,11.703,2008415.000
601600,2026-04-28,11.703,11.513,11.743,11.453,2075226.000
601600,2026-04-29,11.433,11.763,11.773,11.373,2021628.000
601600,2026-04-30,11.633,11.503,11.643,11.403,2040033.000
601600,2026-05-06,11.623,11.993,12.003,11.513,3377754.000
601600,2026-05-07,11.983,11.793,12.083,11.613,2468830.000
601600,2026-05-08,11.673,11.753,11.803,11.493,1935965.000
601600,2026-05-11,11.753,11.633,11.913,11.523,2604400.000
601600,2026-05-12,11.753,11.533,11.793,11.513,1819577.000
601600,2026-05-13,11.503,11.723,11.753,11.503,2182643.000
601600,2026-05-14,11.733,11.463,12.043,11.463,2585371.000
601600,2026-05-15,11.353,10.783,11.373,10.693,3357987.000
601600,2026-05-18,10.453,10.373,10.513,10.293,2364548.000
601600,2026-05-19,10.433,10.553,10.553,10.193,2050967.000
601600,2026-05-20,10.583,10.853,10.933,10.533,2451382.000
601600,2026-05-21,11.063,10.693,11.203,10.673,2752390.000
601600,2026-05-22,10.843,11.003,11.103,10.663,2034124.000
601600,2026-05-25,11.103,10.843,11.273,10.773,1914755.000
601600,2026-05-26,11.053,11.943,11.943,11.053,5455847.000
601600,2026-05-27,11.993,11.693,12.323,11.633,5206748.000
601600,2026-05-28,11.593,11.153,11.653,11.043,3366145.000
601600,2026-05-29,11.333,11.273,11.773,11.083,3854281.000
601600,2026-06-01,11.493,11.143,11.493,11.103,2515301.000
601600,2026-06-02,11.283,11.663,11.733,11.223,3819184.000
601600,2026-06-03,11.543,11.863,11.983,11.393,3405185.000
601600,2026-06-04,11.553,10.753,11.583,10.683,5395156.000
601600,2026-06-05,10.553,10.533,10.933,10.363,2686671.000
601600,2026-06-08,9.993,9.873,10.163,9.753,2865482.000
601600,2026-06-09,9.913,10.003,10.033,9.643,2115908.000
601600,2026-06-10,9.753,9.953,10.043,9.673,1980740.000
601600,2026-06-11,9.853,10.183,10.253,9.803,2101339.000
601600,2026-06-12,10.323,10.653,10.893,10.203,3859744.000
601600,2026-06-15,10.833,10.523,10.923,10.263,4059381.000
601600,2026-06-16,10.233,9.923,10.243,9.863,4122704.000
601600,2026-06-17,9.903,9.823,9.963,9.733,2360020.000
601600,2026-06-18,9.723,9.233,9.843,9.163,4313581.000
601600,2026-06-22,9.213,9.713,9.743,9.183,4046685.000
601600,2026-06-23,9.623,8.943,9.643,8.933,3901834.000
601600,2026-06-24,8.853,8.943,9.003,8.773,2430553.000
601600,2026-06-25,8.733,8.653,8.773,8.563,3329091.000
601600,2026-06-26,8.723,8.253,8.723,8.183,2899069.000
601600,2026-06-29,8.253,8.393,8.453,8.113,2458353.000
601600,2026-06-30,8.153,8.073,8.233,7.963,2948305.000
601600,2026-07-01,7.983,8.053,8.203,7.853,2739221.000
601600,2026-07-02,8.053,8.023,8.223,7.933,2825378.000
601600,2026-07-03,8.183,8.183,8.393,8.133,3211893.000
601600,2026-07-06,8.263,8.333,8.553,8.263,3131334.000
601600,2026-07-07,8.253,8.113,8.333,8.073,1941678.000
601600,2026-07-08,8.153,8.033,8.193,8.003,1531995.000
601600,2026-07-09,8.013,7.953,8.043,7.663,2579429.000
601600,2026-07-10,8.033,8.203,8.403,7.963,2944248.000
601600,2026-07-13,8.053,7.963,8.153,7.923,2011945.000
601600,2026-07-14,8.143,8.713,8.773,7.983,5561334.000
601600,2026-07-15,8.543,8.833,8.973,8.523,4794453.000
601600,2026-07-16,8.653,8.533,8.843,8.453,2826220.000
601600,2026-07-17,8.473,8.293,8.553,8.183,2540894.000
601600,2026-07-20,8.463,9.023,9.113,8.383,5015501.000
601600,2026-07-21,9.023,9.013,9.153,8.783,4035872.000
601600,2026-07-22,8.943,9.283,9.413,8.943,3579788.000
601600,2026-07-23,9.263,9.633,9.823,9.073,4362154.000
601600,2026-07-24,9.443,9.293,9.633,9.153,3133130.000
601600,2026-07-27,9.283,9.233,9.283,9.083,2080392.000
601600,2026-07-28,9.073,9.213,9.273,8.953,2471454.000
601600,2026-07-29,9.343,9.373,9.433,9.233,2244032.000
601600,2026-07-30,9.403,9.403,9.723,9.363,2522519.000
601600,2026-07-31,9.363,9.423,9.563,9.333,2329965.000
601600,2026-08-03,9.353,9.333,9.453,9.213,1791369.000
601600,2026-08-04,9.413,9.433,9.503,9.353,1632386.000
601600,2026-08-05,9.373,9.623,9.653,9.353,2417963.000
601600,2026-08-06,9.713,9.463,9.753,9.323,2682148.000
601600,2026-08-07,9.443,9.703,9.723,9.433,2283168.000
601600,2026-08-10,9.853,9.903,9.963,9.723,2278830.000
601600,2026-08-11,10.003,9.673,10.253,9.623,3284160.000
601600,2026-08-12,9.823,9.793,10.103,9.753,2942430.000
601600,2026-08-13,9.613,9.233,9.623,9.213,3265295.000
601600,2026-08-14,9.110,9.260,9.290,9.090,1281113.000
601600,2026-08-17,9.350,9.540,9.560,9.250,1731125.000
601600,2026-08-18,9.440,9.450,9.560,9.370,1402858.000
601600,2026-08-19,9.270,9.350,9.410,9.220,1314933.000
601600,2026-08-20,9.420,9.170,9.670,9.120,1998268.000
601600,2026-08-21,9.120,9.420,9.420,9.110,1771316.000
601600,2026-08-24,9.500,9.500,9.550,9.360,1581065.000
601600,2026-08-25,9.420,9.370,9.480,9.220,1352368.000
601600,2026-08-26,9.380,9.590,9.680,9.330,2144756.000
601600,2026-08-27,9.550,9.650,9.650,9.510,1521286.000
601600,2026-08-28,9.800,9.820,9.880,9.650,1893931.000
601600,2026-08-31,9.680,9.770,9.780,9.490,1503698.000
601600,2026-09-01,9.800,9.790,9.910,9.750,1691721.000
601600,2026-09-02,9.740,9.600,9.750,9.450,1381563.000
601600,2026-09-03,9.700,9.810,9.940,9.700,2062216.000
601600,2026-09-04,9.890,9.670,9.900,9.640,1519931.000
601069,2026-01-09,27.654,28.724,29.024,27.604,308744.000
601069,2026-01-12,29.544,29.184,29.614,28.564,307750.000
601069,2026-01-13,29.144,29.684,30.584,28.944,298831.000
601069,2026-01-14,30.134,29.694,30.134,29.304,323468.000
601069,2026-01-15,29.414,30.224,31.364,29.214,359057.000
601069,2026-01-16,29.844,29.204,30.344,29.094,238658.000
601069,2026-01-19,29.644,30.594,30.804,29.534,290722.000
601069,2026-01-20,30.034,31.944,32.204,28.964,462785.000
601069,2026-01-21,32.554,35.154,35.154,32.404,593764.000
601069,2026-01-22,33.344,33.744,34.804,32.734,501998.000
601069,2026-01-23,35.144,34.164,36.094,33.994,545929.000
601069,2026-01-26,35.744,37.594,37.594,35.534,494726.000
601069,2026-01-27,36.744,40.084,40.924,35.744,671372.000
601069,2026-01-28,40.974,44.104,44.104,40.884,389473.000
601069,2026-01-29,48.534,48.534,48.534,46.044,677966.000
601069,2026-01-30,44.664,44.564,50.344,44.124,1000593.000
601069,2026-02-02,40.094,40.094,40.094,40.094,23488.000
601069,2026-02-03,37.344,39.534,39.594,36.074,940892.000
601069,2026-02-04,39.694,37.444,39.794,36.654,587737.000
601069,2026-02-05,36.054,35.344,37.144,34.844,472606.000
601069,2026-02-06,33.844,35.094,35.864,33.064,398527.000
601069,2026-02-09,35.844,35.034,36.044,34.744,323184.000
601069,2026-02-10,34.574,34.384,35.124,34.334,212933.000
601069,2026-02-11,34.384,34.934,35.524,34.174,305675.000
601069,2026-02-12,34.534,34.364,35.324,34.354,218363.000
601069,2026-02-13,33.744,33.744,34.724,33.744,202954.000
601069,2026-02-24,35.074,35.904,36.114,34.844,381839.000
601069,2026-02-25,35.404,35.734,36.144,34.754,345540.000
601069,2026-02-26,35.604,35.284,35.904,35.194,197834.000
601069,2026-02-27,35.024,36.104,36.744,35.024,333529.000
601069,2026-03-02,38.294,39.734,39.734,36.194,666637.000
601069,2026-03-03,39.744,40.794,42.964,37.994,755674.000
601069,2026-03-04,36.754,38.544,39.334,36.754,416031.000
601069,2026-03-05,38.504,37.054,38.544,36.584,308188.000
601069,2026-03-06,35.944,36.854,37.644,35.634,236389.000
601069,2026-03-09,35.844,38.114,38.844,35.574,325810.000
601069,2026-03-10,38.114,37.484,38.504,37.314,217564.000
601069,2026-03-11,37.744,37.124,38.094,36.844,159913.000
601069,2026-03-12,36.744,36.314,37.134,35.744,167624.000
601069,2026-03-13,35.984,35.144,36.594,35.074,172247.000
601069,2026-03-16,34.134,33.124,34.504,32.114,279175.000
601069,2026-03-17,33.114,33.944,34.494,32.854,195114.000
601069,2026-03-18,33.484,34.164,34.484,33.174,157127.000
601069,2026-03-19,32.744,32.304,34.154,32.174,189755.000
601069,2026-03-20,32.294,31.444,32.744,31.414,149809.000
601069,2026-03-23,30.344,29.004,30.544,28.724,236472.000
601069,2026-03-24,29.584,29.844,29.864,28.514,161149.000
601069,2026-03-25,30.884,30.294,31.304,30.104,221946.000
601069,2026-03-26,30.304,29.404,30.604,29.224,125251.000
601069,2026-03-27,28.844,30.164,30.384,28.804,122331.000
601069,2026-03-30,29.844,31.114,31.184,29.824,152634.000
601069,2026-03-31,31.344,31.294,32.304,31.164,181291.000
601069,2026-04-01,32.344,32.064,32.404,31.344,175234.000
601069,2026-04-02,31.544,30.894,31.604,30.414,142097.000
601069,2026-04-03,30.744,30.374,31.104,30.204,69088.000
601069,2026-04-07,30.324,30.024,30.464,29.754,83221.000
601069,2026-04-08,33.044,33.044,33.044,33.044,62194.000
601069,2026-04-09,33.154,35.274,35.804,33.154,541621.000
601069,2026-04-10,35.744,34.744,35.744,34.274,302227.000
601069,2026-04-13,34.334,33.944,34.444,33.654,189200.000
601069,2026-04-14,34.724,33.944,34.734,33.464,175034.000
601069,2026-04-15,34.674,33.454,34.714,33.174,254067.000
601069,2026-04-16,33.394,33.784,34.234,33.084,206096.000
601069,2026-04-17,32.604,32.914,33.284,32.604,190314.000
601069,2026-04-20,32.874,33.754,34.034,32.654,194386.000
601069,2026-04-21,33.834,33.674,34.274,33.184,146800.000
601069,2026-04-22,33.234,33.614,33.994,33.004,159112.000
601069,2026-04-23,33.204,32.134,33.574,31.764,184741.000
601069,2026-04-24,31.884,31.744,32.044,31.164,113406.000
601069,2026-04-27,31.344,31.804,32.244,31.194,102576.000
601069,2026-04-28,31.494,31.064,31.744,30.894,90500.000
601069,2026-04-29,30.644,32.104,32.314,30.444,149758.000
601069,2026-04-30,32.284,32.434,32.594,31.824,204337.000
601069,2026-05-06,32.344,34.014,34.194,32.054,299330.000
601069,2026-05-07,34.394,34.024,34.514,33.364,240198.000
601069,2026-05-08,33.704,35.424,35.774,33.694,352017.000
601069,2026-05-11,34.914,34.504,35.304,34.054,252033.000
601069,2026-05-12,34.944,33.684,35.134,33.544,168298.000
601069,2026-05-13,33.784,33.104,34.164,32.794,155918.000
601069,2026-05-14,32.844,31.804,33.284,31.764,171246.000
601069,2026-05-15,31.004,29.634,31.224,29.354,269775.000
601069,2026-05-18,28.794,29.134,29.444,28.774,161083.000
601069,2026-05-19,29.294,28.684,29.294,28.314,124854.000
601069,2026-05-20,28.054,28.224,28.254,27.554,124347.000
601069,2026-05-21,28.654,27.484,29.044,27.364,132077.000
601069,2026-05-22,27.514,27.974,28.154,26.844,127621.000
601069,2026-05-25,28.524,28.224,29.184,28.014,150629.000
601069,2026-05-26,28.004,30.444,30.684,27.644,359271.000
601069,2026-05-27,29.534,28.444,29.824,28.204,235238.000
601069,2026-05-28,27.844,27.644,28.134,27.194,158895.000
601069,2026-05-29,28.294,27.284,28.744,26.974,146175.000
601069,2026-06-01,26.894,27.324,27.744,26.854,115481.000
601069,2026-06-02,27.074,27.744,27.894,26.444,152817.000
601069,2026-06-03,26.994,27.274,27.544,26.664,116892.000
601069,2026-06-04,27.024,26.324,27.174,26.294,141807.000
601069,2026-06-05,26.114,25.904,26.414,25.754,109705.000
601069,2026-06-08,24.444,24.444,25.104,23.874,148996.000
601069,2026-06-09,24.844,24.964,25.094,24.094,109178.000
601069,2026-06-10,24.344,24.344,24.664,23.904,111348.000
601069,2026-06-11,23.854,24.794,25.024,23.854,137255.000
601069,2026-06-12,25.344,25.964,26.494,24.944,217834.000
601069,2026-06-15,27.184,27.144,27.394,26.724,220684.000
601069,2026-06-16,27.144,26.784,27.224,26.614,156580.000
601069,2026-06-17,26.900,27.100,27.420,26.500,126251.000
601069,2026-06-18,26.760,26.280,27.130,25.980,137076.000
601069,2026-06-22,26.030,26.900,26.970,25.220,171673.000
601069,2026-06-23,26.480,24.220,26.570,24.210,214775.000
601069,2026-06-24,24.220,24.230,24.480,23.800,124037.000
601069,2026-06-25,23.300,23.370,23.790,23.050,140264.000
601069,2026-06-26,23.590,22.470,23.700,22.180,133991.000
601069,2026-06-29,22.360,22.550,23.080,22.170,126242.000
601069,2026-06-30,22.160,22.000,22.390,21.510,194728.000
601069,2026-07-01,21.450,22.320,22.700,21.450,141190.000
601069,2026-07-02,22.820,23.550,23.920,22.400,312116.000
601069,2026-07-03,24.550,25.910,25.910,24.250,193242.000
601069,2026-07-06,25.040,25.340,27.850,25.040,469765.000
601069,2026-07-07,24.500,24.580,25.730,24.400,249909.000
601069,2026-07-08,24.290,25.120,26.250,24.050,312677.000
601069,2026-07-09,23.880,24.650,24.950,23.760,282889.000
601069,2026-07-10,24.760,24.900,25.800,23.910,267259.000
601069,2026-07-13,24.600,23.620,24.600,23.490,198530.000
601069,2026-07-14,22.440,24.080,24.100,22.320,302640.000
601069,2026-07-15,23.880,22.960,24.400,22.790,228045.000
601069,2026-07-16,22.800,23.170,23.770,22.660,207907.000
601069,2026-07-17,22.700,21.680,22.970,21.440,180033.000
601069,2026-07-20,21.680,21.880,22.850,21.320,193893.000
601069,2026-07-21,22.000,22.980,23.000,21.630,254954.000
601069,2026-07-22,23.430,23.960,24.700,23.430,398599.000
601069,2026-07-23,23.900,24.080,24.680,23.720,416673.000
601069,2026-07-24,22.760,22.520,23.460,22.360,251736.000
601069,2026-07-27,23.030,23.270,23.410,22.730,199184.000
601069,2026-07-28,22.580,22.900,23.250,22.500,138034.000
601069,2026-07-29,22.750,24.060,24.380,22.650,235321.000
601069,2026-07-30,24.600,24.410,25.920,24.200,413615.000
601069,2026-07-31,24.400,25.450,26.000,24.400,330667.000
601069,2026-08-03,25.000,25.470,25.640,24.090,242146.000
601069,2026-08-04,25.600,25.400,25.910,25.200,194731.000
601069,2026-08-05,25.680,26.980,27.000,25.210,295431.000
601069,2026-08-06,28.500,28.600,28.980,27.650,500678.000
601069,2026-08-07,28.520,28.510,28.690,27.870,372410.000
601069,2026-08-10,28.610,30.280,30.480,28.000,504853.000
601069,2026-08-11,30.800,28.720,30.800,28.510,481764.000
601069,2026-08-12,29.130,28.900,29.140,28.550,210800.000
601069,2026-08-13,29.100,27.540,29.490,27.540,288036.000
601069,2026-08-14,26.860,28.000,28.750,26.710,238982.000
601069,2026-08-17,28.600,28.400,28.880,28.060,216389.000
601069,2026-08-18,28.450,28.500,28.960,28.110,154647.000
601069,2026-08-19,27.480,29.460,29.520,27.480,374930.000
601069,2026-08-20,31.010,30.900,32.070,30.400,425563.000
601069,2026-08-21,31.520,32.070,32.680,31.000,428912.000
601069,2026-08-24,32.190,34.080,34.560,31.200,689535.000
601069,2026-08-25,33.000,31.380,33.260,30.680,466572.000
601069,2026-08-26,31.380,30.540,32.270,30.310,364592.000
601069,2026-08-27,30.340,30.710,31.800,30.100,392947.000
601069,2026-08-28,30.310,31.110,31.930,29.910,350083.000
601069,2026-08-31,29.470,29.960,30.170,28.480,359487.000
601069,2026-09-01,29.590,29.570,30.330,29.500,180475.000
601069,2026-09-02,28.320,29.790,29.940,27.880,323773.000
601069,2026-09-03,30.180,30.550,30.820,29.950,246871.000
601069,2026-09-04,30.900,30.000,30.980,29.730,251754.000
000612,2026-01-09,11.275,11.775,11.835,11.245,708863.000
000612,2026-01-12,12.115,12.985,12.985,12.035,1292707.000
000612,2026-01-13,13.085,12.645,13.175,12.535,970700.000
000612,2026-01-14,12.765,12.475,13.035,12.365,891589.000
000612,2026-01-15,12.465,12.525,12.875,12.275,797788.000
000612,2026-01-16,12.575,12.325,12.895,12.245,658612.000
000612,2026-01-19,12.475,12.735,12.895,12.035,753122.000
000612,2026-01-20,12.795,13.075,13.235,12.455,853730.000
000612,2026-01-21,13.065,13.045,13.205,12.685,605928.000
000612,2026-01-22,12.955,13.725,13.945,12.895,892614.000
000612,2026-01-23,13.765,13.785,13.895,13.435,806324.000
000612,2026-01-26,13.955,14.665,14.765,13.825,1068517.000
000612,2026-01-27,14.175,13.735,14.535,13.375,1088790.000
000612,2026-01-28,13.935,14.775,15.075,13.625,1221892.000
000612,2026-01-29,14.875,14.635,15.275,13.965,1376896.000
000612,2026-01-30,13.675,13.245,13.935,13.135,1158080.000
000612,2026-02-02,12.575,12.495,13.165,12.475,755802.000
000612,2026-02-03,12.845,13.095,13.125,12.555,651491.000
000612,2026-02-04,13.345,13.335,13.525,13.085,581496.000
000612,2026-02-05,13.165,12.725,13.255,12.525,463640.000
000612,2026-02-06,12.395,12.705,12.975,12.235,377739.000
000612,2026-02-09,12.975,12.995,13.205,12.755,399461.000
000612,2026-02-10,12.995,12.845,13.165,12.825,347426.000
000612,2026-02-11,12.795,13.675,14.105,12.795,858888.000
000612,2026-02-12,13.555,13.715,13.925,13.425,497462.000
000612,2026-02-13,13.595,13.435,13.915,13.395,448382.000
000612,2026-02-24,13.745,13.765,13.995,13.665,425052.000
000612,2026-02-25,13.855,14.065,14.475,13.755,602055.000
000612,2026-02-26,14.175,14.295,14.795,14.065,610098.000
000612,2026-02-27,14.155,14.545,14.775,14.075,572514.000
000612,2026-03-02,14.555,14.815,14.915,14.075,764666.000
000612,2026-03-03,14.595,14.185,14.915,14.145,742365.000
000612,2026-03-04,14.255,14.675,15.105,14.215,847289.000
000612,2026-03-05,15.035,14.785,15.165,14.615,768602.000
000612,2026-03-06,14.575,14.235,14.625,13.885,566591.000
000612,2026-03-09,14.635,14.215,14.785,13.975,612122.000
000612,2026-03-10,14.005,14.025,14.165,13.765,494860.000
000612,2026-03-11,14.085,14.145,14.365,14.045,454294.000
000612,2026-03-12,14.295,14.255,14.725,14.035,661751.000
000612,2026-03-13,14.175,13.615,14.485,13.565,601814.000
000612,2026-03-16,13.695,13.195,14.125,12.935,618763.000
000612,2026-03-17,13.465,12.755,13.785,12.675,519127.000
000612,2026-03-18,12.755,12.375,12.815,12.155,510473.000
000612,2026-03-19,12.225,11.515,12.265,11.405,559568.000
000612,2026-03-20,11.465,11.205,11.605,11.185,376399.000
000612,2026-03-23,10.975,10.455,11.115,10.305,610427.000
000612,2026-03-24,10.735,10.955,10.965,10.405,447894.000
000612,2026-03-25,11.255,11.135,11.425,11.055,448135.000
000612,2026-03-26,11.065,10.915,11.185,10.775,274364.000
000612,2026-03-27,10.755,11.365,11.445,10.695,392094.000
000612,2026-03-30,11.895,11.995,12.125,11.605,788878.000
000612,2026-03-31,11.945,11.565,12.085,11.465,482571.000
000612,2026-04-01,11.725,11.635,11.795,11.505,316363.000
000612,2026-04-02,11.805,11.495,11.865,11.355,326371.000
000612,2026-04-03,11.505,11.055,11.565,10.915,332699.000
000612,2026-04-07,11.075,11.205,11.235,10.945,300827.000
000612,2026-04-08,11.525,11.855,11.865,11.455,447532.000
000612,2026-04-09,11.675,12.195,12.275,11.635,526185.000
000612,2026-04-10,12.125,11.955,12.255,11.905,401682.000
000612,2026-04-13,13.025,13.185,13.185,12.925,861390.000
000612,2026-04-14,13.455,13.235,13.465,13.025,1211023.000
000612,2026-04-15,13.235,12.835,13.385,12.825,577754.000
000612,2026-04-16,13.045,13.405,13.445,12.995,688710.000
000612,2026-04-17,13.295,13.475,13.575,13.275,470169.000
000612,2026-04-20,13.325,13.155,13.365,13.075,460378.000
000612,2026-04-21,13.175,13.065,13.235,12.975,289350.000
000612,2026-04-22,13.025,13.165,13.305,13.015,389645.000
000612,2026-04-23,13.175,12.805,13.245,12.685,428056.000
000612,2026-04-24,12.865,12.865,12.965,12.575,372808.000
000612,2026-04-27,12.825,12.845,12.935,12.725,251420.000
000612,2026-04-28,12.875,12.555,12.875,12.495,375447.000
000612,2026-04-29,12.555,13.095,13.105,12.475,511736.000
000612,2026-04-30,12.975,12.965,13.325,12.805,411256.000
000612,2026-05-06,13.135,13.365,13.465,12.975,664219.000
000612,2026-05-07,13.345,13.215,13.425,13.025,493745.000
000612,2026-05-08,13.095,12.905,13.155,12.795,467262.000
000612,2026-05-11,13.055,12.805,13.235,12.685,535188.000
000612,2026-05-12,12.905,12.595,13.005,12.475,418043.000
000612,2026-05-13,12.585,12.695,12.835,12.465,389713.000
000612,2026-05-14,12.675,12.335,12.875,12.335,417973.000
000612,2026-05-15,12.235,11.585,12.325,11.485,586220.000
000612,2026-05-18,11.365,11.445,11.555,11.225,292731.000
000612,2026-05-19,11.545,11.655,11.715,11.285,320513.000
000612,2026-05-20,11.575,11.915,12.295,11.555,488905.000
000612,2026-05-21,12.065,11.525,12.225,11.485,448056.000
000612,2026-05-22,11.635,12.145,12.275,11.515,490706.000
000612,2026-05-25,12.225,11.955,12.275,11.865,369995.000
000612,2026-05-26,12.080,12.490,12.570,11.750,843592.000
000612,2026-05-27,12.330,12.100,12.530,12.040,539985.000
000612,2026-05-28,11.990,11.820,12.100,11.550,419429.000
000612,2026-05-29,11.980,11.560,12.260,11.510,440094.000
000612,2026-06-01,11.570,11.780,11.900,11.540,354172.000
000612,2026-06-02,11.840,12.220,12.280,11.750,447808.000
000612,2026-06-03,12.100,12.100,12.370,11.940,452490.000
000612,2026-06-04,11.940,11.450,11.940,11.400,496375.000
000612,2026-06-05,11.430,11.160,11.510,11.090,407406.000
000612,2026-06-08,10.760,10.430,10.950,10.320,390345.000
000612,2026-06-09,10.560,10.620,10.660,10.180,282188.000
000612,2026-06-10,10.460,10.550,10.620,10.290,241370.000
000612,2026-06-11,10.510,10.580,10.740,10.450,245944.000
000612,2026-06-12,10.750,11.430,11.640,10.710,749051.000
000612,2026-06-15,11.480,11.590,11.750,11.390,562853.000
000612,2026-06-16,11.360,11.030,11.470,10.990,519327.000
000612,2026-06-17,10.960,10.970,11.250,10.830,363140.000
000612,2026-06-18,11.000,11.030,11.320,10.800,397838.000
000612,2026-06-22,11.040,12.130,12.130,10.970,883771.000
000612,2026-06-23,12.470,11.540,12.550,11.510,921339.000
000612,2026-06-24,11.590,12.000,12.280,11.460,700830.000
000612,2026-06-25,11.680,11.400,11.840,11.310,551798.000
000612,2026-06-26,11.350,10.870,11.440,10.760,404375.000
000612,2026-06-29,10.860,10.930,11.050,10.600,331210.000
000612,2026-06-30,10.630,10.590,10.770,10.400,400414.000
000612,2026-07-01,10.490,10.570,10.690,10.240,341897.000
000612,2026-07-02,10.650,10.570,10.810,10.470,354337.000
000612,2026-07-03,10.700,10.750,10.900,10.640,384154.000
000612,2026-07-06,10.800,10.570,11.000,10.530,386849.000
000612,2026-07-07,10.480,10.360,10.590,10.300,238234.000
000612,2026-07-08,10.350,10.080,10.410,10.070,264000.000
000612,2026-07-09,10.010,9.800,10.100,9.480,413787.000
000612,2026-07-10,9.860,10.010,10.250,9.720,332348.000
000612,2026-07-13,10.600,10.320,10.620,10.320,537466.000
000612,2026-07-14,10.360,10.870,10.950,10.230,589945.000
000612,2026-07-15,10.800,10.840,11.080,10.660,515090.000
000612,2026-07-16,10.760,10.580,10.880,10.540,332265.000
000612,2026-07-17,10.530,10.290,10.580,10.190,319905.000
000612,2026-07-20,10.350,10.730,10.860,10.350,493431.000
000612,2026-07-21,10.630,10.730,10.740,10.430,379427.000
000612,2026-07-22,10.630,10.640,10.940,10.560,412897.000
000612,2026-07-23,10.640,11.040,11.200,10.570,491390.000
000612,2026-07-24,10.830,10.410,10.860,10.400,417941.000
000612,2026-07-27,10.460,10.620,10.640,10.410,239082.000
000612,2026-07-28,10.470,10.530,10.580,10.380,233073.000
000612,2026-07-29,10.580,11.010,11.100,10.570,494198.000
000612,2026-07-30,11.060,10.960,11.270,10.850,335507.000
000612,2026-07-31,10.930,11.090,11.250,10.930,332579.000
000612,2026-08-03,11.090,11.060,11.240,10.970,247324.000
000612,2026-08-04,11.150,11.380,11.470,11.090,416433.000
000612,2026-08-05,11.320,11.500,11.580,11.210,364501.000
000612,2026-08-06,11.560,11.420,11.650,11.290,374025.000
000612,2026-08-07,11.420,11.500,11.630,11.380,330534.000
000612,2026-08-10,11.690,11.680,11.730,11.510,353843.000
000612,2026-08-11,11.740,11.540,12.050,11.500,490593.000
000612,2026-08-12,11.670,11.680,12.000,11.610,428498.000
000612,2026-08-13,11.560,11.110,11.590,11.070,479407.000
000612,2026-08-14,11.030,11.130,11.170,10.870,327590.000
000612,2026-08-17,11.240,11.350,11.370,11.130,310514.000
000612,2026-08-18,11.280,11.230,11.380,11.110,229743.000
000612,2026-08-19,11.100,10.940,11.160,10.890,251832.000
000612,2026-08-20,11.100,10.860,11.340,10.860,370668.000
000612,2026-08-21,10.880,11.130,11.160,10.830,307600.000
000612,2026-08-24,11.170,11.110,11.200,10.880,280199.000
000612,2026-08-25,11.060,10.940,11.150,10.800,256485.000
000612,2026-08-26,10.980,11.150,11.280,10.970,348624.000
000612,2026-08-27,11.070,11.270,11.270,11.030,294878.000
000612,2026-08-28,11.300,11.460,11.520,11.170,399650.000
000612,2026-08-31,11.300,11.300,11.320,10.900,383883.000
000612,2026-09-01,11.360,11.410,11.590,11.360,415664.000
000612,2026-09-02,11.320,11.100,11.380,10.980,334916.000
000612,2026-09-03,11.250,11.280,11.400,11.220,326835.000
000612,2026-09-04,11.390,11.030,11.420,10.980,359139.000
002039,2026-01-09,17.580,17.610,17.700,17.530,35448.000
002039,2026-01-12,17.620,17.720,17.860,17.550,64419.000
002039,2026-01-13,17.790,18.010,18.100,17.690,64225.000
002039,2026-01-14,18.010,18.040,18.130,17.930,65695.000
002039,2026-01-15,18.080,18.510,18.560,17.990,60436.000
002039,2026-01-16,18.600,18.580,18.920,18.450,73493.000
002039,2026-01-19,18.470,19.020,19.160,18.470,67294.000
002039,2026-01-20,19.150,19.290,19.360,18.930,56255.000
002039,2026-01-21,18.710,18.210,18.710,18.140,174140.000
002039,2026-01-22,18.220,17.800,18.220,17.740,106863.000
002039,2026-01-23,17.810,17.660,17.850,17.610,76331.000
002039,2026-01-26,17.660,17.570,17.710,17.530,82976.000
002039,2026-01-27,17.550,17.210,17.570,17.140,79139.000
002039,2026-01-28,17.200,16.990,17.210,16.960,72916.000
002039,2026-01-29,16.920,16.960,17.000,16.730,99920.000
002039,2026-01-30,16.890,17.140,17.240,16.870,91527.000
002039,2026-02-02,17.090,16.850,17.250,16.830,63709.000
002039,2026-02-03,16.980,16.830,17.010,16.650,63333.000
002039,2026-02-04,16.840,16.880,17.000,16.770,54852.000
002039,2026-02-05,16.890,16.840,16.920,16.750,51397.000
002039,2026-02-06,16.800,16.880,17.000,16.680,40889.000
002039,2026-02-09,16.980,16.970,17.000,16.880,35979.000
002039,2026-02-10,16.990,17.100,17.180,16.890,38539.000
002039,2026-02-11,17.060,17.010,17.090,16.930,34302.000
002039,2026-02-12,17.080,16.930,17.090,16.900,33372.000
002039,2026-02-13,16.910,16.630,16.930,16.610,37500.000
002039,2026-02-24,16.710,16.860,16.900,16.630,51231.000
002039,2026-02-25,16.900,17.000,17.060,16.830,43232.000
002039,2026-02-26,16.960,17.140,17.180,16.900,50233.000
002039,2026-02-27,17.200,17.650,17.730,17.110,125798.000
002039,2026-03-02,17.480,17.980,18.080,17.430,144461.000
002039,2026-03-03,17.890,17.820,18.270,17.760,152522.000
002039,2026-03-04,17.710,18.160,18.190,17.550,130786.000
002039,2026-03-05,18.110,18.440,18.660,18.060,125103.000
002039,2026-03-06,18.340,19.090,19.690,18.330,251338.000
002039,2026-03-09,19.210,18.920,19.440,18.820,181374.000
002039,2026-03-10,18.890,18.730,19.030,18.560,118127.000
002039,2026-03-11,18.710,18.910,18.940,18.330,127633.000
002039,2026-03-12,18.820,19.240,19.270,18.770,133092.000
002039,2026-03-13,19.240,18.640,19.240,18.600,105696.000
002039,2026-03-16,18.620,18.350,18.870,18.280,77103.000
002039,2026-03-17,18.350,18.260,18.510,18.140,64302.000
002039,2026-03-18,18.310,18.520,18.810,18.310,61075.000
002039,2026-03-19,18.520,18.850,19.330,18.360,175864.000
002039,2026-03-20,18.710,19.060,19.690,18.490,214613.000
002039,2026-03-23,18.800,18.130,19.050,18.000,180841.000
002039,2026-03-24,18.310,19.610,19.630,18.210,268687.000
002039,2026-03-25,19.550,21.100,21.100,19.210,461016.000
002039,2026-03-26,20.580,20.420,21.030,19.770,380832.000
002039,2026-03-27,22.410,20.050,22.430,19.810,435384.000
002039,2026-03-30,20.080,18.800,20.350,18.640,324669.000
002039,2026-03-31,18.570,18.200,19.110,18.190,258432.000
002039,2026-04-01,18.380,18.070,18.510,17.930,163853.000
002039,2026-04-02,18.050,18.370,18.580,17.980,163934.000
002039,2026-04-03,18.290,17.990,18.510,17.710,165174.000
002039,2026-04-07,18.070,18.350,18.660,17.970,140965.000
002039,2026-04-08,18.570,18.930,18.930,18.470,137863.000
002039,2026-04-09,19.140,20.860,20.860,19.140,307096.000
002039,2026-04-10,20.610,20.330,20.860,19.970,249438.000
002039,2026-04-13,20.330,20.360,20.410,19.990,183683.000
002039,2026-04-14,20.240,20.510,20.590,20.060,182009.000
002039,2026-04-15,20.510,20.150,20.630,19.930,143469.000
002039,2026-04-16,20.210,20.460,20.700,19.970,115485.000
002039,2026-04-17,20.290,20.480,20.690,20.260,129911.000
002039,2026-04-20,20.460,20.570,20.660,20.350,156635.000
002039,2026-04-21,20.610,21.610,21.690,20.410,262253.000
002039,2026-04-22,21.120,21.410,21.610,20.890,177562.000
002039,2026-04-23,21.710,20.990,22.100,20.620,161374.000
002039,2026-04-24,20.920,20.360,20.980,20.210,141533.000
002039,2026-04-27,20.570,20.080,20.570,20.020,94696.000
002039,2026-04-28,19.970,20.270,20.490,19.940,102647.000
002039,2026-04-29,20.110,20.180,20.470,19.940,85139.000
002039,2026-04-30,20.130,19.890,20.290,19.820,93972.000
002039,2026-05-06,19.990,20.160,20.240,19.820,128978.000
002039,2026-05-07,20.260,20.450,20.800,20.260,138762.000
002039,2026-05-08,20.420,19.860,20.990,19.740,172232.000
002039,2026-05-11,19.830,20.280,20.520,19.740,137958.000
002039,2026-05-12,20.270,20.480,20.710,19.910,156952.000
002039,2026-05-13,20.490,20.780,21.100,20.470,175601.000
002039,2026-05-14,20.900,20.550,21.610,20.520,185623.000
002039,2026-05-15,20.460,19.860,20.610,19.620,153973.000
002039,2026-05-18,19.810,19.890,20.140,19.640,89949.000
002039,2026-05-19,19.820,20.730,20.890,19.530,152703.000
002039,2026-05-20,20.590,19.610,20.610,19.430,148093.000
002039,2026-05-21,19.510,19.740,20.730,19.430,166356.000
002039,2026-05-22,19.720,19.540,19.840,19.390,95111.000
002039,2026-05-25,19.800,20.050,20.570,19.610,121016.000
002039,2026-05-26,19.870,20.490,20.690,19.430,142167.000
002039,2026-05-27,20.300,20.910,21.190,20.260,158503.000
002039,2026-05-28,20.840,21.220,21.700,20.680,202888.000
002039,2026-05-29,21.260,23.180,23.290,21.020,320305.000
002039,2026-06-01,22.920,22.620,22.970,21.390,277143.000
002039,2026-06-02,22.480,22.550,22.990,21.810,203535.000
002039,2026-06-03,22.360,22.320,22.660,21.800,205844.000
002039,2026-06-04,22.240,21.630,22.500,21.510,190399.000
002039,2026-06-05,21.630,20.510,22.080,20.400,187708.000
002039,2026-06-08,20.020,20.830,22.180,19.750,212071.000
002039,2026-06-09,20.840,20.470,20.840,20.250,118178.000
002039,2026-06-10,20.240,20.320,20.520,19.930,102146.000
002039,2026-06-11,20.120,20.830,21.290,19.960,145883.000
002039,2026-06-12,20.830,21.090,21.350,20.610,131783.000
002039,2026-06-15,20.980,20.940,21.140,20.670,123108.000
002039,2026-06-16,20.890,20.660,21.200,20.560,90206.000
002039,2026-06-17,20.610,20.410,20.760,20.270,85738.000
002039,2026-06-18,20.360,19.790,20.360,19.400,141239.000
002039,2026-06-22,19.710,19.750,19.810,19.260,98337.000
002039,2026-06-23,19.760,19.850,20.340,19.520,91585.000
002039,2026-06-24,19.720,19.570,19.920,19.320,76909.000
002039,2026-06-25,19.410,19.030,19.430,19.000,89027.000
002039,2026-06-26,19.160,18.780,19.310,18.700,72161.000
002039,2026-06-29,18.720,19.170,19.220,18.500,84094.000
002039,2026-06-30,19.010,18.820,19.220,18.590,71854.000
002039,2026-07-01,18.910,19.640,19.680,18.830,83702.000
002039,2026-07-02,19.690,19.800,20.080,19.540,81650.000
002039,2026-07-03,19.920,20.480,20.750,19.700,99051.000
002039,2026-07-06,20.360,20.190,20.530,20.050,87078.000
002039,2026-07-07,20.110,19.570,20.180,19.470,69298.000
002039,2026-07-08,19.570,19.520,19.690,19.220,57405.000
002039,2026-07-09,19.360,19.950,20.130,19.360,116610.000
002039,2026-07-10,19.760,18.830,19.760,18.670,182466.000
002039,2026-07-13,18.830,18.740,18.990,18.510,102271.000
002039,2026-07-14,18.730,19.210,19.260,18.660,97017.000
002039,2026-07-15,19.150,19.500,19.810,18.920,78510.000
002039,2026-07-16,19.410,19.170,19.590,19.000,70222.000
002039,2026-07-17,19.090,19.520,19.960,19.000,144176.000
002039,2026-07-20,19.560,20.380,20.400,19.400,195543.000
002039,2026-07-21,20.020,19.740,20.220,19.520,179687.000
002039,2026-07-22,19.600,19.880,19.880,19.460,110084.000
002039,2026-07-23,19.660,20.140,20.200,19.550,116386.000
002039,2026-07-24,19.980,19.530,20.110,19.520,90176.000
002039,2026-07-27,19.480,19.400,19.730,19.330,65486.000
002039,2026-07-28,19.330,19.230,19.390,19.170,56472.000
002039,2026-07-29,19.330,19.900,20.000,19.230,106936.000
002039,2026-07-30,19.870,20.040,20.330,19.850,90029.000
002039,2026-07-31,19.790,20.150,20.200,19.730,70312.000
002039,2026-08-03,20.090,20.350,20.430,19.960,71779.000
002039,2026-08-04,20.410,19.890,20.600,19.820,83802.000
002039,2026-08-05,19.950,19.930,20.050,19.620,64552.000
002039,2026-08-06,19.910,19.760,19.910,19.450,100044.000
002039,2026-08-07,19.670,19.760,19.830,19.510,57786.000
002039,2026-08-10,19.720,19.980,20.180,19.670,103758.000
002039,2026-08-11,20.000,19.700,20.070,19.700,65634.000
002039,2026-08-12,19.660,19.410,19.750,19.360,75138.000
002039,2026-08-13,19.360,19.310,19.520,19.280,68877.000
002039,2026-08-14,19.290,19.100,19.290,19.000,65871.000
002039,2026-08-17,19.050,19.150,19.150,18.930,44485.000
002039,2026-08-18,19.170,19.120,19.170,18.930,43922.000
002039,2026-08-19,19.010,19.050,19.170,18.990,55454.000
002039,2026-08-20,19.100,19.020,19.150,18.910,42228.000
002039,2026-08-21,18.910,19.060,19.100,18.720,50259.000
002039,2026-08-24,19.100,19.480,19.570,19.100,110423.000
002039,2026-08-25,19.400,19.460,19.580,19.280,53251.000
002039,2026-08-26,19.390,19.420,19.620,19.380,49603.000
002039,2026-08-27,19.360,19.280,19.370,19.060,65909.000
002039,2026-08-28,19.190,19.310,19.350,19.160,32461.000
002039,2026-08-31,19.240,19.310,19.410,19.040,48996.000
002039,2026-09-01,19.310,19.460,19.520,19.290,42773.000
002039,2026-09-02,19.480,19.540,19.650,19.330,52763.000
002039,2026-09-03,19.500,19.450,19.780,19.430,55823.000
002039,2026-09-04,19.480,19.400,19.640,19.350,35574.000
002756,2026-01-09,52.817,53.437,55.127,52.567,111584.000
002756,2026-01-12,54.607,55.407,56.407,54.007,162520.000
002756,2026-01-13,56.287,55.917,59.307,54.427,216999.000
002756,2026-01-14,55.107,53.337,56.077,52.427,208931.000
002756,2026-01-15,52.527,53.107,55.457,52.407,158523.000
002756,2026-01-16,53.657,51.157,53.987,50.707,159579.000
002756,2026-01-19,50.727,51.597,52.047,50.407,147846.000
002756,2026-01-20,52.007,50.097,52.397,48.987,166308.000
002756,2026-01-21,50.517,53.387,54.597,50.517,262759.000
002756,2026-01-22,53.907,52.107,55.007,51.767,191598.000
002756,2026-01-23,52.807,55.737,56.467,52.607,218745.000
002756,2026-01-26,56.857,55.357,57.497,55.307,209030.000
002756,2026-01-27,55.357,54.767,57.387,52.127,208540.000
002756,2026-01-28,56.217,53.927,56.727,52.487,226380.000
002756,2026-01-29,52.817,53.207,54.747,51.857,164483.000
002756,2026-01-30,52.457,49.757,52.597,48.127,181924.000
002756,2026-02-02,48.307,46.447,49.447,46.227,185284.000
002756,2026-02-03,47.587,48.407,48.757,46.517,158304.000
002756,2026-02-04,48.677,48.847,49.357,48.237,83989.000
002756,2026-02-05,48.317,46.607,48.757,46.167,115188.000
002756,2026-02-06,46.207,48.387,49.107,45.297,138534.000
002756,2026-02-09,48.937,48.317,49.097,47.707,78057.000
002756,2026-02-10,48.317,47.307,48.327,47.097,102030.000
002756,2026-02-11,47.107,48.617,48.747,46.757,116464.000
002756,2026-02-12,48.637,50.507,50.767,48.267,141780.000
002756,2026-02-13,50.087,51.317,51.807,49.627,141774.000
002756,2026-02-24,52.607,54.707,55.287,52.357,194705.000
002756,2026-02-25,55.107,56.597,57.807,54.267,170922.000
002756,2026-02-26,59.447,58.607,59.617,57.607,258937.000
002756,2026-02-27,57.707,64.507,64.507,57.707,272602.000
002756,2026-03-02,65.667,65.137,67.377,64.277,275588.000
002756,2026-03-03,65.107,65.417,68.807,63.287,344230.000
002756,2026-03-04,64.477,63.257,65.167,62.607,230880.000
002756,2026-03-05,64.247,68.307,69.457,64.007,269676.000
002756,2026-03-06,67.107,68.487,69.977,66.287,143183.000
002756,2026-03-09,66.907,68.807,69.107,63.817,185263.000
002756,2026-03-10,69.267,69.737,69.757,67.737,125653.000
002756,2026-03-11,69.607,73.877,76.467,69.017,232627.000
002756,2026-03-12,73.057,71.197,73.607,70.117,150567.000
002756,2026-03-13,70.807,69.417,73.007,69.357,118486.000
002756,2026-03-16,69.077,67.197,69.907,65.087,185410.000
002756,2026-03-17,67.407,65.447,68.397,65.137,137273.000
002756,2026-03-18,65.897,63.097,66.107,62.127,147632.000
002756,2026-03-19,62.127,57.827,62.257,57.347,252273.000
002756,2026-03-20,58.397,61.207,63.647,57.917,272816.000
002756,2026-03-23,60.607,63.607,65.357,59.727,303773.000
002756,2026-03-24,65.107,69.147,69.647,64.807,302435.000
002756,2026-03-25,70.467,72.017,72.627,67.717,228679.000
002756,2026-03-26,71.497,73.437,75.407,69.807,227159.000
002756,2026-03-27,73.497,80.817,80.817,73.497,227438.000
002756,2026-03-30,81.107,79.777,82.487,78.107,248810.000
002756,2026-03-31,78.337,74.427,78.587,74.037,227182.000
002756,2026-04-01,74.307,73.057,75.307,72.597,184904.000
002756,2026-04-02,74.057,73.487,76.167,71.107,180450.000
002756,2026-04-03,73.107,72.197,74.547,71.027,126055.000
002756,2026-04-07,72.117,71.467,72.607,70.537,106373.000
002756,2026-04-08,70.647,71.467,71.757,69.647,204264.000
002756,2026-04-09,72.437,69.857,72.447,68.307,163155.000
002756,2026-04-10,69.387,71.377,74.597,68.327,205456.000
002756,2026-04-13,71.377,75.527,77.147,71.147,247217.000
002756,2026-04-14,75.127,77.357,77.407,72.837,193214.000
002756,2026-04-15,77.127,75.277,77.787,74.607,165400.000
002756,2026-04-16,76.607,78.507,79.707,75.507,177190.000
002756,2026-04-17,78.607,74.437,81.257,73.507,262465.000
002756,2026-04-20,75.087,74.347,78.067,73.307,201803.000
002756,2026-04-21,75.337,73.467,75.597,72.807,170225.000
002756,2026-04-22,72.617,72.757,74.407,71.987,166303.000
002756,2026-04-23,72.607,70.707,74.597,70.357,191055.000
002756,2026-04-24,70.607,77.817,77.817,70.357,224020.000
002756,2026-04-27,78.107,80.967,81.907,77.817,226241.000
002756,2026-04-28,77.307,75.787,77.307,73.107,267993.000
002756,2026-04-29,75.827,83.407,83.407,75.827,201033.000
002756,2026-04-30,85.357,86.847,89.407,84.957,303962.000
002756,2026-05-06,87.087,87.997,89.487,84.607,268053.000
002756,2026-05-07,87.607,82.547,88.267,80.367,346297.000
002756,2026-05-08,82.007,79.257,85.027,79.097,230605.000
002756,2026-05-11,78.607,79.237,81.067,77.637,226209.000
002756,2026-05-12,79.607,78.097,80.007,75.867,214338.000
002756,2026-05-13,78.097,75.507,78.707,74.207,274193.000
002756,2026-05-14,75.107,73.237,76.277,73.187,172666.000
002756,2026-05-15,73.207,72.247,74.937,71.747,185926.000
002756,2026-05-18,71.907,73.907,75.117,71.007,195146.000
002756,2026-05-19,72.607,70.787,73.117,68.807,199044.000
002756,2026-05-20,69.587,71.057,72.117,68.177,199150.000
002756,2026-05-21,71.517,67.457,71.957,67.427,149365.000
002756,2026-05-22,67.457,67.507,67.807,66.507,125558.000
002756,2026-05-25,67.777,66.027,68.207,65.537,164911.000
002756,2026-05-26,65.637,66.327,66.727,63.617,154591.000
002756,2026-05-27,65.897,63.757,67.487,63.407,140275.000
002756,2026-05-28,64.157,62.887,65.697,61.007,134110.000
002756,2026-05-29,63.400,62.460,64.640,62.050,161100.000
002756,2026-06-01,62.610,61.800,63.050,61.310,107111.000
002756,2026-06-02,61.800,60.690,61.860,59.260,112946.000
002756,2026-06-03,60.690,61.050,61.970,59.520,108790.000
002756,2026-06-04,60.560,60.000,61.750,59.440,129007.000
002756,2026-06-05,59.920,58.950,60.600,58.270,145071.000
002756,2026-06-08,57.870,55.950,59.630,54.820,149522.000
002756,2026-06-09,56.500,60.540,61.390,55.880,208889.000
002756,2026-06-10,60.390,59.880,63.560,59.570,234711.000
002756,2026-06-11,59.700,62.830,64.840,59.240,302845.000
002756,2026-06-12,63.500,65.490,67.020,62.180,282349.000
002756,2026-06-15,66.990,65.400,67.100,62.800,314905.000
002756,2026-06-16,64.490,62.850,64.640,62.510,228096.000
002756,2026-06-17,62.840,61.920,63.760,61.650,170298.000
002756,2026-06-18,61.170,61.150,62.600,60.250,153835.000
002756,2026-06-22,58.000,61.470,61.770,56.880,257965.000
002756,2026-06-23,60.860,59.280,62.380,58.880,190009.000
002756,2026-06-24,59.000,64.210,65.020,57.520,322081.000
002756,2026-06-25,63.860,60.480,64.860,60.260,220279.000
002756,2026-06-26,60.410,56.530,61.200,56.300,197795.000
002756,2026-06-29,56.680,56.560,57.170,53.910,162885.000
002756,2026-06-30,56.000,56.640,59.660,55.120,209552.000
002756,2026-07-01,56.650,58.890,59.500,54.000,267186.000
002756,2026-07-02,58.620,62.450,63.630,57.330,317425.000
002756,2026-07-03,64.000,60.270,64.600,59.130,302888.000
002756,2026-07-06,60.000,57.980,61.800,57.850,196419.000
002756,2026-07-07,57.630,58.830,62.390,57.630,257720.000
002756,2026-07-08,58.020,53.240,58.500,53.000,255674.000
002756,2026-07-09,53.140,50.770,53.580,48.700,267498.000
002756,2026-07-10,49.980,48.260,50.660,48.200,212220.000
002756,2026-07-13,48.000,46.090,48.350,45.980,160229.000
002756,2026-07-14,46.190,46.150,46.500,44.750,183505.000
002756,2026-07-15,46.260,44.900,46.500,44.760,149624.000
002756,2026-07-16,44.370,44.260,45.300,43.950,127623.000
002756,2026-07-17,44.170,42.540,44.950,42.500,150656.000
002756,2026-07-20,42.560,40.660,42.790,39.830,199825.000
002756,2026-07-21,40.670,41.900,42.100,39.500,201156.000
002756,2026-07-22,41.410,43.240,43.600,41.350,190961.000
002756,2026-07-23,43.400,45.880,46.480,43.080,237465.000
002756,2026-07-24,45.000,44.900,46.670,44.780,151185.000
002756,2026-07-27,45.160,46.000,46.290,44.820,131802.000
002756,2026-07-28,45.400,45.330,47.010,45.000,106172.000
002756,2026-07-29,45.340,46.940,47.440,44.500,156320.000
002756,2026-07-30,46.730,45.790,47.390,45.530,119175.000
002756,2026-07-31,45.790,45.120,46.600,45.120,124898.000
002756,2026-08-03,44.770,46.350,47.060,44.310,161478.000
002756,2026-08-04,46.350,46.840,47.300,46.160,97112.000
002756,2026-08-05,47.000,48.060,48.150,46.310,118812.000
002756,2026-08-06,47.980,48.000,48.850,47.460,134179.000
002756,2026-08-07,48.000,48.540,48.740,47.520,120524.000
002756,2026-08-10,48.990,49.210,49.980,48.560,127905.000
002756,2026-08-11,48.860,48.310,49.280,48.230,91082.000
002756,2026-08-12,48.310,48.250,49.970,47.900,147295.000
002756,2026-08-13,48.040,47.860,48.580,47.550,123368.000
002756,2026-08-14,48.010,48.330,49.730,47.860,113528.000
002756,2026-08-17,49.040,48.700,49.040,47.700,92921.000
002756,2026-08-18,48.700,48.180,49.250,47.680,88968.000
002756,2026-08-19,47.170,46.260,47.970,46.120,120438.000
002756,2026-08-20,47.010,46.200,47.170,46.100,80222.000
002756,2026-08-21,46.030,47.690,48.960,45.610,144424.000
002756,2026-08-24,48.190,47.750,49.470,47.510,145452.000
002756,2026-08-25,46.500,44.640,46.870,44.350,189966.000
002756,2026-08-26,44.560,45.230,46.720,44.400,169168.000
002756,2026-08-27,45.000,45.730,45.830,44.600,89449.000
002756,2026-08-28,45.930,46.600,47.370,45.520,114957.000
002756,2026-08-31,46.400,46.210,46.650,45.380,82836.000
002756,2026-09-01,46.200,45.350,46.680,45.200,94636.000
002756,2026-09-02,44.780,44.200,44.860,43.400,98133.000
002756,2026-09-03,44.500,44.330,45.070,44.230,64599.000
002756,2026-09-04,44.330,42.930,44.740,42.600,96862.000
002440,2026-01-09,7.483,7.593,7.613,7.453,160652.000
002440,2026-01-12,7.613,7.683,7.773,7.583,210472.000
002440,2026-01-13,7.663,7.543,7.723,7.533,136361.000
002440,2026-01-14,7.583,7.483,7.593,7.363,160241.000
002440,2026-01-15,7.443,7.503,7.573,7.413,119256.000
002440,2026-01-16,7.573,7.583,7.653,7.463,155960.000
002440,2026-01-19,7.533,7.823,7.833,7.513,228354.000
002440,2026-01-20,7.823,7.993,8.013,7.783,244795.000
002440,2026-01-21,7.923,8.813,8.813,7.913,903573.000
002440,2026-01-22,8.663,9.133,9.173,8.503,1108140.000
002440,2026-01-23,9.193,9.193,9.383,8.913,1099110.000
002440,2026-01-26,9.233,9.653,9.753,9.223,1010561.000
002440,2026-01-27,9.353,9.573,9.603,9.183,732500.000
002440,2026-01-28,10.003,10.553,10.553,10.003,687096.000
002440,2026-01-29,10.803,11.633,11.633,10.713,2171557.000
002440,2026-01-30,11.323,12.393,12.813,11.113,2151100.000
002440,2026-02-02,12.393,11.853,12.753,11.803,1875098.000
002440,2026-02-03,11.723,12.373,12.603,11.603,1394197.000
002440,2026-02-04,12.403,12.273,12.903,11.883,1199205.000
002440,2026-02-05,12.063,11.813,12.203,11.413,1109091.000
002440,2026-02-06,11.953,13.013,13.013,11.953,864504.000
002440,2026-02-09,13.543,14.333,14.333,13.543,514573.000
002440,2026-02-10,15.333,15.183,15.403,14.403,1959651.000
002440,2026-02-11,14.723,14.773,15.343,14.023,1401029.000
002440,2026-02-12,14.743,14.753,15.203,14.343,1213713.000
002440,2026-02-13,14.763,14.593,15.353,14.503,994468.000
002440,2026-02-24,14.513,15.023,15.303,14.103,1169509.000
002440,2026-02-25,15.253,14.763,15.393,14.613,1097613.000
002440,2026-02-26,14.763,14.493,16.253,14.413,1444347.000
002440,2026-02-27,14.303,14.653,14.903,14.213,992220.000
002440,2026-03-02,14.413,14.683,14.753,13.263,1332620.000
002440,2026-03-03,14.783,13.233,14.783,13.203,895293.000
002440,2026-03-04,13.103,14.363,14.573,13.103,1516764.000
002440,2026-03-05,15.053,14.083,15.053,13.893,986963.000
002440,2026-03-06,13.823,13.833,14.243,13.613,641574.000
002440,2026-03-09,13.833,13.723,13.943,12.723,794480.000
002440,2026-03-10,14.063,13.753,14.273,13.413,663537.000
002440,2026-03-11,14.223,14.593,14.913,13.723,1131754.000
002440,2026-03-12,14.763,13.663,15.003,13.433,1223712.000
002440,2026-03-13,13.803,13.193,13.993,13.083,782345.000
002440,2026-03-16,12.983,12.653,13.303,12.473,754392.000
002440,2026-03-17,12.523,12.173,12.683,12.143,426602.000
002440,2026-03-18,12.183,12.223,12.293,12.023,333449.000
002440,2026-03-19,11.983,11.503,12.023,11.383,496774.000
002440,2026-03-20,11.763,11.053,11.883,11.013,394337.000
002440,2026-03-23,10.803,10.613,11.163,10.503,479474.000
002440,2026-03-24,10.923,10.823,10.923,10.403,355192.000
002440,2026-03-25,10.943,11.073,11.283,10.853,302522.000
002440,2026-03-26,11.053,10.943,11.193,10.853,217457.000
002440,2026-03-27,10.763,11.153,11.333,10.743,291740.000
002440,2026-03-30,11.003,11.313,11.383,10.953,302761.000
002440,2026-03-31,11.203,11.073,11.443,11.033,226683.000
002440,2026-04-01,11.233,11.333,11.683,11.113,326125.000
002440,2026-04-02,11.253,11.043,11.353,10.963,242896.000
002440,2026-04-03,11.053,10.753,11.123,10.693,164191.000
002440,2026-04-07,10.743,11.373,11.473,10.723,336312.000
002440,2026-04-08,11.533,11.613,11.653,11.053,301788.000
002440,2026-04-09,11.693,11.893,12.153,11.653,524579.000
002440,2026-04-10,11.893,12.053,12.643,11.753,527287.000
002440,2026-04-13,11.913,11.783,12.003,11.433,386379.000
002440,2026-04-14,11.863,11.673,11.903,11.283,338784.000
002440,2026-04-15,11.683,11.513,11.723,11.483,221392.000
002440,2026-04-16,11.503,11.673,11.733,11.453,235167.000
002440,2026-04-17,11.603,11.703,11.913,11.553,250989.000
002440,2026-04-20,11.603,11.573,11.673,11.353,191666.000
002440,2026-04-21,11.573,11.393,11.583,11.233,198831.000
002440,2026-04-22,11.373,11.533,11.673,11.303,199101.000
002440,2026-04-23,11.633,11.463,11.653,11.313,176818.000
002440,2026-04-24,11.413,12.303,12.453,11.373,689402.000
002440,2026-04-27,12.103,11.563,12.153,11.393,792550.000
002440,2026-04-28,11.583,11.653,12.223,11.463,564454.000
002440,2026-04-29,11.503,11.093,11.503,10.703,641084.000
002440,2026-04-30,11.233,10.663,11.343,10.573,706300.000
002440,2026-05-06,10.683,10.683,10.713,10.333,590977.000
002440,2026-05-07,10.613,10.543,10.653,10.253,457912.000
002440,2026-05-08,10.463,10.523,10.653,10.333,389774.000
002440,2026-05-11,10.603,10.353,10.693,10.333,381161.000
002440,2026-05-12,10.393,10.163,10.403,10.023,338280.000
002440,2026-05-13,10.053,10.223,10.373,10.053,271247.000
002440,2026-05-14,10.203,9.973,10.293,9.913,250993.000
002440,2026-05-15,9.973,9.763,10.253,9.683,332880.000
002440,2026-05-18,9.763,9.543,9.773,9.473,292395.000
002440,2026-05-19,9.513,9.523,9.563,9.223,284174.000
002440,2026-05-20,9.443,9.513,9.623,9.343,227675.000
002440,2026-05-21,9.563,9.173,9.573,9.133,270289.000
002440,2026-05-22,9.273,9.393,9.483,9.133,228108.000
002440,2026-05-25,9.383,9.043,9.393,9.033,235345.000
002440,2026-05-26,8.993,9.593,9.603,8.863,588987.000
002440,2026-05-27,9.503,9.293,9.643,9.193,377920.000
002440,2026-05-28,9.333,9.233,9.383,9.053,236145.000
002440,2026-05-29,9.213,9.273,9.343,9.073,272752.000
002440,2026-06-01,9.203,9.233,9.393,9.163,256518.000
002440,2026-06-02,9.273,9.093,9.313,8.923,232411.000
002440,2026-06-03,9.093,8.913,9.093,8.863,225248.000
002440,2026-06-04,8.893,8.783,8.953,8.743,225852.000
002440,2026-06-05,8.783,8.793,8.953,8.693,215246.000
002440,2026-06-08,8.673,8.423,8.843,8.353,236811.000
002440,2026-06-09,8.583,8.543,8.683,8.303,206704.000
002440,2026-06-10,8.473,8.573,8.793,8.413,231140.000
002440,2026-06-11,8.683,8.433,8.843,8.323,233386.000
002440,2026-06-12,8.443,8.873,9.113,8.283,469726.000
002440,2026-06-15,9.393,9.783,9.783,9.233,987661.000
002440,2026-06-16,9.733,9.523,9.943,9.503,883974.000
002440,2026-06-17,9.383,10.243,10.273,9.343,881288.000
002440,2026-06-18,10.140,9.990,10.190,9.740,593066.000
002440,2026-06-22,9.700,10.990,10.990,9.500,690961.000
002440,2026-06-23,11.200,11.000,11.520,10.870,1081519.000
002440,2026-06-24,11.040,11.540,11.740,10.900,1122461.000
002440,2026-06-25,11.200,11.620,11.880,10.910,1109914.000
002440,2026-06-26,11.420,10.590,11.480,10.570,806815.000
002440,2026-06-29,10.670,10.560,11.250,10.520,631934.000
002440,2026-06-30,10.450,10.250,10.560,10.150,542796.000
002440,2026-07-01,10.200,11.280,11.280,10.020,635899.000
002440,2026-07-02,11.400,11.010,11.410,10.910,641102.000
002440,2026-07-03,11.010,10.540,11.160,10.470,501918.000
002440,2026-07-06,10.540,11.030,11.160,10.390,697506.000
002440,2026-07-07,11.110,10.430,11.180,10.350,536313.000
002440,2026-07-08,10.340,9.470,10.460,9.430,637010.000
002440,2026-07-09,9.540,9.530,9.740,9.250,417611.000
002440,2026-07-10,9.540,9.780,10.050,9.290,459829.000
002440,2026-07-13,9.820,9.900,10.380,9.770,482720.000
002440,2026-07-14,10.050,10.700,10.760,9.670,869646.000
002440,2026-07-15,10.710,11.290,11.480,10.600,842980.000
002440,2026-07-16,11.010,10.890,11.250,10.800,499339.000
002440,2026-07-17,10.860,10.710,11.330,10.680,555993.000
002440,2026-07-20,10.740,11.780,11.780,10.470,1003297.000
002440,2026-07-21,12.010,12.290,12.950,11.950,1328510.000
002440,2026-07-22,12.000,12.550,13.090,11.980,947412.000
002440,2026-07-23,12.300,13.170,13.240,11.820,952861.000
002440,2026-07-24,12.860,11.850,12.900,11.850,650078.000
002440,2026-07-27,11.330,11.910,12.060,11.330,535858.000
002440,2026-07-28,11.700,12.400,12.790,11.630,710397.000
002440,2026-07-29,12.400,13.640,13.640,12.370,824221.000
002440,2026-07-30,13.470,13.640,14.220,13.040,1025250.000
002440,2026-07-31,12.860,13.710,13.730,12.810,768642.000
002440,2026-08-03,13.500,12.990,13.710,12.800,665736.000
002440,2026-08-04,13.000,12.750,13.020,12.560,582326.000
002440,2026-08-05,12.660,13.050,13.190,12.400,574679.000
002440,2026-08-06,12.960,13.040,13.380,12.670,540374.000
002440,2026-08-07,13.050,13.250,13.480,12.800,673601.000
002440,2026-08-10,13.260,13.870,13.990,13.180,754678.000
002440,2026-08-11,13.580,13.020,13.930,12.900,668182.000
002440,2026-08-12,13.050,13.280,13.990,12.920,630670.000
002440,2026-08-13,13.270,12.590,13.390,12.580,578038.000
002440,2026-08-14,12.650,12.370,12.690,12.020,517909.000
002440,2026-08-17,12.600,13.040,13.090,12.290,436556.000
002440,2026-08-18,13.100,13.230,13.310,12.980,389520.000
002440,2026-08-19,13.050,12.580,13.140,12.500,387585.000
002440,2026-08-20,12.750,12.540,13.340,12.400,344376.000
002440,2026-08-21,12.540,12.300,12.670,12.150,228082.000
002440,2026-08-24,12.400,12.400,12.670,12.100,401607.000
002440,2026-08-25,12.220,12.090,12.380,11.730,354830.000
002440,2026-08-26,12.150,12.600,12.740,12.000,388703.000
002440,2026-08-27,12.700,13.070,13.150,12.450,513964.000
002440,2026-08-28,13.190,13.890,14.130,12.870,676191.000
002440,2026-08-31,13.760,14.010,14.290,13.330,726960.000
002440,2026-09-01,14.320,14.120,14.800,13.990,752956.000
002440,2026-09-02,14.070,13.550,14.540,13.340,631509.000
002440,2026-09-03,13.530,13.500,13.750,13.200,418433.000
002440,2026-09-04,13.480,13.300,13.970,13.220,455714.000
688633,2026-01-09,23.760,23.830,24.090,23.760,1089363.000
688633,2026-01-12,23.850,24.690,24.830,23.850,1841728.000
688633,2026-01-13,24.850,24.740,25.060,24.400,1476482.000
688633,2026-01-14,24.700,25.150,25.730,24.600,2364539.000
688633,2026-01-15,25.000,25.730,25.890,24.950,1795209.000
688633,2026-01-16,25.800,25.030,25.960,25.030,1242267.000
688633,2026-01-19,25.020,25.550,26.030,24.950,1669539.000
688633,2026-01-20,25.810,25.560,25.810,25.200,1350135.000
688633,2026-01-21,25.490,26.210,26.380,25.310,1655548.000
688633,2026-01-22,26.340,25.900,26.340,25.680,1067311.000
688633,2026-01-23,25.870,25.630,26.040,25.500,1229590.000
688633,2026-01-26,25.600,25.350,25.760,25.090,1344071.000
688633,2026-01-27,25.010,25.480,25.620,24.650,1826646.000
688633,2026-01-28,25.300,25.010,25.410,24.880,1238370.000
688633,2026-01-29,25.010,24.540,25.260,24.360,1317629.000
688633,2026-01-30,24.420,25.630,25.950,24.300,2999619.000
688633,2026-02-02,25.500,25.230,26.270,25.220,2138051.000
688633,2026-02-03,25.310,25.450,25.610,25.170,758427.000
688633,2026-02-04,25.610,24.890,25.610,24.770,827973.000
688633,2026-02-05,25.010,24.610,25.170,24.590,888228.000
688633,2026-02-06,24.560,24.730,25.060,24.400,699793.000
688633,2026-02-09,24.900,24.860,25.140,24.600,1092008.000
688633,2026-02-10,24.950,24.850,25.330,24.760,730447.000
688633,2026-02-11,24.780,24.770,24.990,24.550,513478.000
688633,2026-02-12,24.800,24.290,24.800,24.130,1262164.000
688633,2026-02-13,24.020,24.400,24.560,24.000,894817.000
688633,2026-02-24,24.450,25.020,25.140,24.210,1143944.000
688633,2026-02-25,25.060,25.320,25.840,24.950,1342154.000
688633,2026-02-26,25.330,27.090,27.710,25.330,5604758.000
688633,2026-02-27,26.790,27.120,28.150,26.700,4774162.000
688633,2026-03-02,28.220,27.640,29.360,27.600,6534058.000
688633,2026-03-03,27.460,26.430,27.850,26.430,4590872.000
688633,2026-03-04,26.460,25.600,26.750,25.540,2460906.000
688633,2026-03-05,26.030,25.630,26.250,25.450,2451954.000
688633,2026-03-06,25.510,26.890,27.580,25.370,3794561.000
688633,2026-03-09,26.600,26.790,26.900,25.650,2634969.000
688633,2026-03-10,27.050,26.860,27.330,26.610,2049734.000
688633,2026-03-11,26.730,26.550,27.370,26.410,2659199.000
688633,2026-03-12,26.410,25.840,26.600,25.710,2027525.000
688633,2026-03-13,25.840,24.570,26.080,24.420,3746552.000
688633,2026-03-16,24.530,24.330,24.810,23.840,3318627.000
688633,2026-03-17,24.410,24.100,24.630,24.060,2456867.000
688633,2026-03-18,24.400,25.160,25.250,24.200,2536927.000
688633,2026-03-19,24.850,24.550,25.040,24.350,1975387.000
688633,2026-03-20,24.640,23.440,24.820,23.300,1986367.000
688633,2026-03-23,22.950,21.100,23.070,21.050,3416672.000
688633,2026-03-24,21.600,22.810,22.850,21.600,3353541.000
688633,2026-03-25,22.860,23.100,23.350,22.700,1543238.000
688633,2026-03-26,23.160,22.940,23.570,22.710,1481753.000
688633,2026-03-27,22.720,23.360,23.540,22.580,1436493.000
688633,2026-03-30,23.100,23.190,23.440,22.760,1227592.000
688633,2026-03-31,23.180,23.140,23.670,22.910,1327342.000
688633,2026-04-01,23.310,23.980,24.270,23.310,2313943.000
688633,2026-04-02,24.000,23.480,24.120,23.280,1174726.000
688633,2026-04-03,23.420,22.920,23.670,22.750,1272359.000
688633,2026-04-07,22.900,23.650,23.860,22.770,1494341.000
688633,2026-04-08,23.860,24.700,24.750,23.860,1391784.000
688633,2026-04-09,24.580,24.660,24.740,24.390,813374.000
688633,2026-04-10,24.850,25.040,25.420,24.590,1328512.000
688633,2026-04-13,25.000,24.760,25.190,24.630,1022161.000
688633,2026-04-14,24.850,24.900,25.080,24.590,1193791.000
688633,2026-04-15,24.890,24.960,25.480,24.890,1584433.000
688633,2026-04-16,24.950,25.870,26.000,24.860,2040969.000
688633,2026-04-17,25.610,26.510,26.690,25.580,1785659.000
688633,2026-04-20,26.450,27.000,27.180,26.450,1578563.000
688633,2026-04-21,27.120,27.000,27.310,26.670,2564685.000
688633,2026-04-22,27.120,27.630,27.980,27.000,2140880.000
688633,2026-04-23,27.710,27.400,27.950,27.000,3112952.000
688633,2026-04-24,29.400,33.000,33.000,28.980,13182091.000
688633,2026-04-27,32.400,32.080,33.000,30.460,15521090.000
688633,2026-04-28,32.000,34.000,34.840,31.880,13514611.000
688633,2026-04-29,33.410,35.980,37.960,33.000,13327165.000
688633,2026-04-30,35.200,35.600,39.130,35.120,13407621.000
688633,2026-05-06,35.800,36.180,36.700,34.760,11710137.000
688633,2026-05-07,35.730,37.150,38.970,35.620,10955767.000
688633,2026-05-08,36.750,35.820,36.990,35.350,8565516.000
688633,2026-05-11,35.450,38.290,38.740,35.400,10556189.000
688633,2026-05-12,37.470,36.580,37.560,35.910,7251930.000
688633,2026-05-13,35.790,36.330,36.340,35.530,6565837.000
688633,2026-05-14,35.840,35.400,36.340,34.660,7814072.000
688633,2026-05-15,35.850,38.000,39.130,35.570,12025241.000
688633,2026-05-18,36.400,35.810,37.240,35.210,9232495.000
688633,2026-05-19,36.540,36.090,36.900,35.490,6498022.000
688633,2026-05-20,35.450,35.570,36.890,35.200,6407223.000
688633,2026-05-21,35.480,33.520,35.550,33.290,9063523.000
688633,2026-05-22,33.610,34.450,34.880,33.340,6111715.000
688633,2026-05-25,34.350,33.350,34.700,32.800,6730510.000
688633,2026-05-26,33.150,31.930,33.250,31.550,7296419.000
688633,2026-05-27,31.950,30.930,32.130,30.760,5390785.000
688633,2026-05-28,30.910,31.120,31.280,29.910,5845982.000
688633,2026-05-29,30.770,29.330,31.150,29.150,6870425.000
688633,2026-06-01,29.200,29.570,30.260,28.920,7517802.000
688633,2026-06-02,29.570,29.040,29.760,28.460,5767042.000
688633,2026-06-03,29.040,28.550,29.200,28.290,5128224.000
688633,2026-06-04,28.340,27.910,29.100,27.740,6610607.000
688633,2026-06-05,28.390,29.200,30.270,27.160,12035133.000
688633,2026-06-08,28.550,29.390,30.080,28.460,10527101.000
688633,2026-06-09,29.990,29.220,30.000,28.320,8512211.000
688633,2026-06-10,28.930,27.900,29.070,27.360,9575891.000
688633,2026-06-11,28.080,28.720,29.120,27.870,8138470.000
688633,2026-06-12,28.890,29.080,29.580,28.640,7967773.000
688633,2026-06-15,29.420,30.390,30.390,29.130,7748581.000
688633,2026-06-16,30.400,31.190,31.380,29.600,9157535.000
688633,2026-06-17,31.120,30.600,31.350,30.210,9159597.000
688633,2026-06-18,30.400,30.860,31.520,30.120,7742551.000
688633,2026-06-22,30.630,32.660,32.660,29.740,12619277.000
688633,2026-06-23,32.320,31.050,32.320,30.840,9154352.000
688633,2026-06-24,30.850,30.930,31.140,30.000,5541737.000
688633,2026-06-25,30.700,30.100,30.870,29.100,8727884.000
688633,2026-06-26,29.910,28.650,29.940,28.310,6476719.000
688633,2026-06-29,28.500,27.900,29.350,27.510,5449717.000
688633,2026-06-30,27.840,29.130,29.220,27.610,4923725.000
688633,2026-07-01,29.000,30.040,30.390,28.910,6005213.000
688633,2026-07-02,29.830,29.930,31.500,29.620,6570897.000
688633,2026-07-03,30.550,30.210,30.970,30.050,5910473.000
688633,2026-07-06,30.060,30.200,30.650,29.300,5471342.000
688633,2026-07-07,29.950,28.420,29.970,28.330,5005098.000
688633,2026-07-08,28.710,26.320,28.750,26.190,6043473.000
688633,2026-07-09,26.360,25.900,26.740,24.720,5511389.000
688633,2026-07-10,26.000,26.050,26.800,25.820,4666202.000
688633,2026-07-13,25.910,24.140,25.930,24.080,4589754.000
688633,2026-07-14,24.260,24.550,24.620,23.880,3439764.000
688633,2026-07-15,24.650,24.150,24.650,24.030,2789065.000
688633,2026-07-16,24.000,23.500,24.280,23.400,3224024.000
688633,2026-07-17,23.440,22.030,23.570,21.660,4886361.000
688633,2026-07-20,22.280,20.830,22.450,20.480,5458581.000
688633,2026-07-21,20.800,21.500,21.590,19.790,5760363.000
688633,2026-07-22,21.670,20.610,21.670,20.490,3945692.000
688633,2026-07-23,20.710,21.630,21.680,20.650,3481954.000
688633,2026-07-24,21.600,20.860,21.600,20.700,2918104.000
688633,2026-07-27,20.680,21.530,21.750,20.660,3886960.000
688633,2026-07-28,21.250,21.920,22.220,20.910,4156121.000
688633,2026-07-29,21.800,22.640,22.910,21.700,4132294.000
688633,2026-07-30,22.510,22.860,23.100,22.310,4696795.000
688633,2026-07-31,23.100,23.510,23.950,22.920,4637571.000
688633,2026-08-03,23.330,22.980,23.410,22.930,3479771.000
688633,2026-08-04,23.080,23.070,23.450,22.820,3800161.000
688633,2026-08-05,23.010,23.600,23.720,22.840,3190637.000
688633,2026-08-06,23.600,23.810,24.130,23.360,3388983.000
688633,2026-08-07,23.600,24.180,24.320,23.230,3514636.000
688633,2026-08-10,24.180,24.580,24.630,24.000,2819152.000
688633,2026-08-11,24.420,24.560,24.780,24.200,2375913.000
688633,2026-08-12,24.560,24.580,24.870,24.320,2004503.000
688633,2026-08-13,24.500,24.000,24.780,23.960,2401464.000
688633,2026-08-14,24.390,24.190,24.400,24.000,2068749.000
688633,2026-08-17,24.220,24.680,24.740,23.970,2550471.000
688633,2026-08-18,24.500,24.770,24.830,24.260,3071356.000
688633,2026-08-19,24.500,23.880,24.700,23.650,2856994.000
688633,2026-08-20,23.960,24.100,24.690,23.960,1790943.000
688633,2026-08-21,24.010,24.080,24.230,23.600,2122509.000
688633,2026-08-24,24.330,23.480,24.340,23.170,2132335.000
688633,2026-08-25,23.620,24.280,24.430,23.310,2617939.000
688633,2026-08-26,24.390,24.030,24.490,23.670,2050823.000
688633,2026-08-27,23.910,23.890,24.080,23.690,2917102.000
688633,2026-08-28,24.050,24.860,25.410,23.920,5215800.000
688633,2026-08-31,24.030,23.710,24.050,23.000,7982092.000
688633,2026-09-01,23.670,23.580,24.200,23.370,6156164.000
688633,2026-09-02,23.420,23.150,23.450,22.910,3952929.000
688633,2026-09-03,23.220,22.850,23.320,22.620,3679509.000
688633,2026-09-04,23.110,22.930,23.750,22.860,3713772.000
600236,2026-01-09,7.897,7.877,7.917,7.697,178473.000
600236,2026-01-12,7.857,7.817,7.917,7.717,139562.000
600236,2026-01-13,7.887,7.767,8.007,7.707,144957.000
600236,2026-01-14,7.737,7.807,7.917,7.627,276271.000
600236,2026-01-15,7.837,7.817,7.907,7.757,120542.000
600236,2026-01-16,7.847,7.887,8.007,7.817,166478.000
600236,2026-01-19,7.877,7.947,8.047,7.837,126709.000
600236,2026-01-20,7.937,7.977,8.007,7.877,131354.000
600236,2026-01-21,7.977,7.997,8.057,7.887,107034.000
600236,2026-01-22,7.997,8.047,8.057,7.957,84340.000
600236,2026-01-23,8.077,7.897,8.107,7.827,163213.000
600236,2026-01-26,7.887,8.067,8.097,7.837,166824.000
600236,2026-01-27,8.037,7.917,8.087,7.877,92271.000
600236,2026-01-28,7.917,7.907,7.967,7.877,49609.000
600236,2026-01-29,7.887,8.057,8.077,7.857,115321.000
600236,2026-01-30,7.987,8.127,8.237,7.977,109724.000
600236,2026-02-02,8.137,7.817,8.137,7.757,188926.000
600236,2026-02-03,7.887,8.157,8.187,7.837,182007.000
600236,2026-02-04,8.157,8.077,8.297,8.007,110006.000
600236,2026-02-05,8.067,8.227,8.277,7.987,118162.000
600236,2026-02-06,8.207,8.727,8.897,8.147,207925.000
600236,2026-02-09,8.727,8.507,8.727,8.257,303038.000
600236,2026-02-10,8.447,8.307,8.447,8.267,137113.000
600236,2026-02-11,8.317,8.327,8.347,8.277,70563.000
600236,2026-02-12,8.387,8.317,8.407,8.277,73595.000
600236,2026-02-13,8.317,8.147,8.327,8.147,73646.000
600236,2026-02-24,8.207,8.287,8.297,8.127,76542.000
600236,2026-02-25,8.287,8.177,8.317,8.157,57298.000
600236,2026-02-26,8.177,8.447,8.457,8.147,89254.000
600236,2026-02-27,8.447,8.647,8.737,8.387,93499.000
600236,2026-03-02,8.557,9.537,9.537,8.517,256877.000
600236,2026-03-03,9.767,9.617,10.227,9.507,345201.000
600236,2026-03-04,9.487,10.607,10.607,9.377,424644.000
600236,2026-03-05,10.837,11.377,11.697,10.357,783192.000
600236,2026-03-06,10.617,10.707,11.037,10.267,602354.000
600236,2026-03-09,10.367,10.187,10.897,10.067,482080.000
600236,2026-03-10,10.077,10.047,10.257,9.897,430724.000
600236,2026-03-11,9.947,9.717,9.947,9.557,491133.000
600236,2026-03-12,9.757,10.507,10.707,9.457,704906.000
600236,2026-03-13,10.257,9.597,10.257,9.557,434361.000
600236,2026-03-16,9.597,9.267,9.747,9.157,339646.000
600236,2026-03-17,9.277,9.097,9.347,9.067,195424.000
600236,2026-03-18,9.167,9.117,9.297,9.017,187633.000
600236,2026-03-19,9.017,9.007,9.237,8.917,194614.000
600236,2026-03-20,8.997,9.077,9.187,8.907,250282.000
600236,2026-03-23,8.987,8.907,9.167,8.697,208768.000
600236,2026-03-24,9.007,9.277,9.307,8.917,272508.000
600236,2026-03-25,9.187,9.547,9.727,9.127,369014.000
600236,2026-03-26,9.497,9.957,9.987,9.247,460624.000
600236,2026-03-27,9.907,9.617,9.957,9.537,295449.000
600236,2026-03-30,9.447,9.157,9.447,8.787,260689.000
600236,2026-03-31,9.307,9.207,9.377,9.077,176808.000
600236,2026-04-01,9.207,9.447,9.587,9.117,280026.000
600236,2026-04-02,9.447,9.317,9.477,9.137,143673.000
600236,2026-04-03,9.397,9.137,9.507,9.097,140077.000
600236,2026-04-07,9.087,9.147,9.287,9.017,117994.000
600236,2026-04-08,9.257,9.257,9.347,9.177,146066.000
600236,2026-04-09,9.207,9.457,9.497,9.107,191426.000
600236,2026-04-10,9.477,9.277,9.477,9.157,168565.000
600236,2026-04-13,9.177,9.547,9.547,9.157,174423.000
600236,2026-04-14,9.647,9.557,9.707,9.447,124273.000
600236,2026-04-15,9.537,9.437,9.587,9.377,118384.000
600236,2026-04-16,9.417,9.567,9.617,9.387,133963.000
600236,2026-04-17,9.467,9.637,9.637,9.327,223241.000
600236,2026-04-20,9.637,9.967,9.967,9.537,253856.000
600236,2026-04-21,9.977,10.227,10.527,9.687,348247.000
600236,2026-04-22,10.097,10.157,10.227,9.967,210500.000
600236,2026-04-23,10.147,9.907,10.207,9.697,262268.000
600236,2026-04-24,9.797,9.507,9.807,9.497,238296.000
600236,2026-04-27,9.477,9.287,9.547,9.197,209797.000
600236,2026-04-28,9.287,9.917,10.107,9.257,337171.000
600236,2026-04-29,9.837,9.767,9.867,9.667,222148.000
600236,2026-04-30,9.767,9.847,9.957,9.577,235142.000
600236,2026-05-06,9.927,10.227,10.347,9.857,329446.000
600236,2026-05-07,10.177,10.397,10.497,10.087,267945.000
600236,2026-05-08,10.317,10.327,11.247,10.267,405255.000
600236,2026-05-11,10.327,11.387,11.387,10.267,382049.000
600236,2026-05-12,11.937,11.697,12.407,11.127,842639.000
600236,2026-05-13,11.577,11.727,12.227,11.437,706600.000
600236,2026-05-14,11.717,10.887,12.097,10.547,673365.000
600236,2026-05-15,10.457,10.417,10.637,10.137,433432.000
600236,2026-05-18,10.307,10.537,10.617,10.257,260289.000
600236,2026-05-19,10.527,10.907,11.007,10.327,365292.000
600236,2026-05-20,10.797,10.227,10.797,10.067,324632.000
600236,2026-05-21,10.157,10.187,10.457,10.107,236490.000
600236,2026-05-22,10.257,10.407,10.447,10.117,182920.000
600236,2026-05-25,10.457,10.537,10.637,10.397,223988.000
600236,2026-05-26,10.387,10.437,10.617,9.957,248870.000
600236,2026-05-27,10.347,11.007,11.027,10.217,449598.000
600236,2026-05-28,11.107,11.217,11.757,10.817,472046.000
600236,2026-05-29,11.007,11.397,11.647,10.907,428104.000
600236,2026-06-01,11.397,11.897,12.057,10.477,493543.000
600236,2026-06-02,11.677,11.147,11.677,11.107,397168.000
600236,2026-06-03,10.937,11.577,11.737,10.817,412365.000
600236,2026-06-04,11.497,11.237,11.737,11.187,278350.000
600236,2026-06-05,11.057,10.527,11.487,10.497,297825.000
600236,2026-06-08,10.087,10.337,10.607,10.017,180272.000
600236,2026-06-09,10.437,10.357,10.537,10.077,165509.000
600236,2026-06-10,10.237,9.597,10.337,9.497,287348.000
600236,2026-06-11,9.517,9.547,9.697,9.357,158353.000
600236,2026-06-12,9.597,9.657,9.697,9.357,181389.000
600236,2026-06-15,9.627,9.757,9.827,9.577,158988.000
600236,2026-06-16,9.740,9.580,9.810,9.540,162838.000
600236,2026-06-17,9.500,9.810,9.920,9.300,237509.000
600236,2026-06-18,9.770,9.200,9.870,9.010,347847.000
600236,2026-06-22,9.210,9.210,9.340,9.020,157565.000
600236,2026-06-23,9.160,9.290,9.470,9.080,138839.000
600236,2026-06-24,9.210,9.100,9.220,8.890,163301.000
600236,2026-06-25,9.150,8.940,9.200,8.910,139301.000
600236,2026-06-26,8.930,8.840,9.080,8.840,142212.000
600236,2026-06-29,8.840,8.850,8.960,8.660,128720.000
600236,2026-06-30,8.810,8.780,8.900,8.650,126549.000
600236,2026-07-01,8.770,9.240,9.370,8.730,197480.000
600236,2026-07-02,9.250,9.400,9.560,9.200,201129.000
600236,2026-07-03,9.410,9.540,9.670,9.320,166883.000
600236,2026-07-06,9.480,9.410,9.610,9.350,109082.000
600236,2026-07-07,9.470,9.400,9.580,9.190,136958.000
600236,2026-07-08,9.290,9.510,9.610,9.190,126141.000
600236,2026-07-09,9.430,9.500,9.600,9.390,120851.000
600236,2026-07-10,9.530,9.490,9.620,9.340,137689.000
600236,2026-07-13,9.460,9.510,9.660,9.450,161393.000
600236,2026-07-14,9.420,9.930,9.930,9.380,200736.000
600236,2026-07-15,9.840,10.000,10.060,9.730,167680.000
600236,2026-07-16,9.900,9.650,10.010,9.620,116186.000
600236,2026-07-17,9.650,10.620,10.620,9.650,373275.000
600236,2026-07-20,10.950,11.680,11.680,10.740,742899.000
600236,2026-07-21,11.680,11.250,11.790,10.650,750218.000
600236,2026-07-22,10.810,12.240,12.380,10.780,788754.000
600236,2026-07-23,11.560,11.360,12.250,11.110,710671.000
600236,2026-07-24,10.900,10.700,10.970,10.220,540428.000
600236,2026-07-27,10.390,10.560,10.640,10.130,365270.000
600236,2026-07-28,10.370,9.930,10.560,9.900,356150.000
600236,2026-07-29,9.940,10.920,10.920,9.940,333465.000
600236,2026-07-30,11.050,10.700,11.370,10.510,545861.000
600236,2026-07-31,10.550,10.820,10.980,10.550,330518.000
600236,2026-08-03,10.950,11.050,11.350,10.870,421966.000
600236,2026-08-04,11.060,11.080,11.250,10.900,338039.000
600236,2026-08-05,11.000,11.130,11.130,10.650,320699.000
600236,2026-08-06,11.170,10.970,11.280,10.720,292267.000
600236,2026-08-07,10.950,10.800,10.960,10.680,305086.000
600236,2026-08-10,10.770,10.890,10.960,10.660,290537.000
600236,2026-08-11,10.800,10.670,10.980,10.660,265679.000
600236,2026-08-12,10.560,10.570,10.730,10.420,203890.000
600236,2026-08-13,10.530,10.430,10.730,10.420,249318.000
600236,2026-08-14,10.430,10.110,10.450,10.020,249245.000
600236,2026-08-17,10.110,10.180,10.190,10.010,140485.000
600236,2026-08-18,10.170,10.370,10.380,10.150,150523.000
600236,2026-08-19,10.280,10.060,10.350,9.990,138523.000
600236,2026-08-20,10.060,9.880,10.160,9.810,141757.000
600236,2026-08-21,9.840,9.900,9.950,9.700,87673.000
600236,2026-08-24,9.910,9.890,9.950,9.820,74332.000
600236,2026-08-25,9.880,9.890,9.900,9.740,71122.000
600236,2026-08-26,9.860,9.840,9.940,9.820,112924.000
600236,2026-08-27,9.850,9.920,9.950,9.720,114953.000
600236,2026-08-28,9.920,9.900,9.930,9.820,78924.000
600236,2026-08-31,9.910,9.840,9.910,9.700,107382.000
600236,2026-09-01,9.800,9.880,10.010,9.800,136560.000
600236,2026-09-02,9.920,10.190,10.340,9.840,278295.000
600236,2026-09-03,10.170,10.040,10.330,9.970,164257.000
600236,2026-09-04,10.020,9.880,10.060,9.860,110197.000
603332,2026-01-09,13.350,13.450,13.450,13.150,69381.000
603332,2026-01-12,13.450,13.460,13.470,13.300,83304.000
603332,2026-01-13,13.620,13.160,13.700,13.130,86281.000
603332,2026-01-14,13.160,13.310,13.460,13.080,74899.000
603332,2026-01-15,13.200,13.440,13.540,13.190,58820.000
603332,2026-01-16,13.390,13.540,13.650,13.290,79949.000
603332,2026-01-19,13.540,13.830,13.840,13.540,93345.000
603332,2026-01-20,13.830,14.320,15.240,13.620,224844.000
603332,2026-01-21,14.320,14.050,14.380,13.650,152951.000
603332,2026-01-22,13.930,13.860,14.100,13.630,98597.000
603332,2026-01-23,13.920,13.990,14.520,13.800,104078.000
603332,2026-01-26,13.950,13.760,14.220,13.680,76849.000
603332,2026-01-27,13.770,13.920,14.310,13.650,96024.000
603332,2026-01-28,13.800,13.320,14.020,13.320,105480.000
603332,2026-01-29,13.300,13.190,13.510,13.100,58018.000
603332,2026-01-30,13.220,13.410,13.490,13.020,60046.000
603332,2026-02-02,13.400,13.030,13.400,13.010,48148.000
603332,2026-02-03,13.040,13.320,13.350,13.030,37665.000
603332,2026-02-04,13.330,13.580,13.590,13.230,47133.000
603332,2026-02-05,13.530,13.420,13.670,13.400,34054.000
603332,2026-02-06,13.400,13.620,13.720,13.250,44764.000
603332,2026-02-09,13.680,13.760,13.880,13.620,33898.000
603332,2026-02-10,13.810,13.690,13.810,13.640,29490.000
603332,2026-02-11,13.680,13.720,13.950,13.560,41701.000
603332,2026-02-12,13.720,13.620,13.750,13.500,34511.000
603332,2026-02-13,13.740,13.450,13.740,13.400,27724.000
603332,2026-02-24,13.630,13.780,13.800,13.600,36929.000
603332,2026-02-25,13.850,13.790,13.930,13.720,35968.000
603332,2026-02-26,13.880,13.830,13.900,13.730,35827.000
603332,2026-02-27,13.760,13.780,13.860,13.690,25812.000
603332,2026-03-02,13.700,13.190,13.700,13.060,47150.000
603332,2026-03-03,13.190,12.710,13.400,12.700,50096.000
603332,2026-03-04,12.530,12.570,12.780,12.460,30161.000
603332,2026-03-05,12.820,12.750,12.960,12.700,26381.000
603332,2026-03-06,12.790,13.350,13.400,12.750,36833.000
603332,2026-03-09,13.340,13.100,13.370,12.870,32167.000
603332,2026-03-10,13.290,13.310,13.350,13.110,23180.000
603332,2026-03-11,13.310,13.280,13.410,13.250,23483.000
603332,2026-03-12,13.590,13.630,14.620,13.530,126841.000
603332,2026-03-13,13.280,13.360,13.990,13.280,112415.000
603332,2026-03-16,13.290,13.850,14.190,13.290,120476.000
603332,2026-03-17,13.640,14.490,15.210,13.640,265704.000
603332,2026-03-18,14.270,14.520,14.670,14.000,204908.000
603332,2026-03-19,14.380,13.860,14.520,13.750,125263.000
603332,2026-03-20,14.140,12.960,14.220,12.940,112188.000
603332,2026-03-23,12.390,11.640,12.700,11.640,124563.000
603332,2026-03-24,11.740,12.180,12.240,11.220,108864.000
603332,2026-03-25,12.540,12.450,12.650,12.170,97756.000
603332,2026-03-26,12.500,12.640,13.490,12.480,107796.000
603332,2026-03-27,12.540,12.630,12.780,12.330,56309.000
603332,2026-03-30,12.500,12.810,12.850,12.470,55280.000
603332,2026-03-31,12.810,12.590,13.110,12.590,48893.000
603332,2026-04-01,12.790,12.340,12.920,12.180,96336.000
603332,2026-04-02,12.460,12.160,12.460,12.040,58853.000
603332,2026-04-03,12.220,11.790,12.230,11.750,39099.000
603332,2026-04-07,11.650,12.290,12.420,11.650,57808.000
603332,2026-04-08,12.400,12.690,12.710,12.350,53548.000
603332,2026-04-09,12.680,12.640,12.840,12.540,37394.000
603332,2026-04-10,12.660,12.710,12.850,12.570,33105.000
603332,2026-04-13,12.710,12.680,12.710,12.540,28844.000
603332,2026-04-14,12.720,12.640,12.730,12.500,24279.000
603332,2026-04-15,12.740,12.590,12.770,12.550,26248.000
603332,2026-04-16,12.560,12.920,12.920,12.480,33177.000
603332,2026-04-17,12.920,12.920,12.980,12.770,28408.000
603332,2026-04-20,13.300,14.240,14.240,13.300,170973.000
603332,2026-04-21,14.270,13.980,14.370,13.800,185778.000
603332,2026-04-22,13.960,14.100,14.220,13.840,107613.000
603332,2026-04-23,13.920,14.600,14.970,13.900,211291.000
603332,2026-04-24,14.310,14.110,14.510,14.060,139361.000
603332,2026-04-27,14.070,14.040,14.120,13.830,102515.000
603332,2026-04-28,14.020,13.940,14.310,13.840,70854.000
603332,2026-04-29,13.500,13.770,13.880,13.400,74278.000
603332,2026-04-30,13.720,14.060,14.110,13.410,81640.000
603332,2026-05-06,14.200,14.090,14.320,13.920,62768.000
603332,2026-05-07,14.080,13.910,14.080,13.760,64731.000
603332,2026-05-08,13.900,14.060,14.090,13.780,52204.000
603332,2026-05-11,14.020,14.030,14.210,13.770,63111.000
603332,2026-05-12,14.020,13.770,14.020,13.660,49977.000
603332,2026-05-13,13.740,14.490,14.500,13.690,117717.000
603332,2026-05-14,14.490,14.360,14.520,14.090,86720.000
603332,2026-05-15,14.420,14.240,14.560,14.100,90682.000
603332,2026-05-18,14.230,14.010,14.240,13.710,70608.000
603332,2026-05-19,14.050,13.820,14.120,13.690,53223.000
603332,2026-05-20,13.820,13.710,13.840,13.540,44146.000
603332,2026-05-21,13.680,12.890,13.830,12.850,78171.000
603332,2026-05-22,12.930,13.320,13.380,12.930,56568.000
603332,2026-05-25,13.390,12.650,13.390,12.370,76054.000
603332,2026-05-26,12.620,12.250,12.740,12.070,58996.000
603332,2026-05-27,12.250,11.860,12.350,11.720,49174.000
603332,2026-05-28,12.020,11.860,12.110,11.580,56844.000
603332,2026-05-29,11.870,11.650,12.010,11.600,59749.000
603332,2026-06-01,11.650,12.130,12.300,11.540,62380.000
603332,2026-06-02,12.150,11.800,12.250,11.670,47253.000
603332,2026-06-03,11.970,11.920,12.430,11.790,65219.000
603332,2026-06-04,11.840,11.520,11.890,11.430,45535.000
603332,2026-06-05,11.510,11.680,11.840,11.310,44932.000
603332,2026-06-08,11.330,11.230,11.720,11.080,50481.000
603332,2026-06-09,11.210,11.120,11.360,11.050,33456.000
603332,2026-06-10,11.020,11.060,11.140,10.760,41283.000
603332,2026-06-11,11.100,10.900,11.140,10.770,30850.000
603332,2026-06-12,10.980,11.190,11.190,10.720,38363.000
603332,2026-06-15,11.340,11.190,11.570,11.170,35886.000
603332,2026-06-16,11.190,11.090,11.220,10.870,30840.000
603332,2026-06-17,11.020,10.840,11.080,10.800,40065.000
603332,2026-06-18,10.820,10.910,11.130,10.570,33635.000
603332,2026-06-22,10.910,11.100,11.100,10.450,37403.000
603332,2026-06-23,11.080,11.230,11.330,10.980,33895.000
603332,2026-06-24,11.220,10.970,11.240,10.870,32670.000
603332,2026-06-25,10.970,10.660,11.000,10.540,35288.000
603332,2026-06-26,10.570,10.410,10.770,10.330,27577.000
603332,2026-06-29,10.200,10.340,10.510,10.030,37627.000
603332,2026-06-30,10.320,10.110,10.430,10.110,30189.000
603332,2026-07-01,10.180,10.400,10.530,10.050,36235.000
603332,2026-07-02,10.350,10.580,10.780,10.350,37286.000
603332,2026-07-03,10.600,10.850,10.900,10.550,36996.000
603332,2026-07-06,10.800,10.790,11.030,10.680,27623.000
603332,2026-07-07,10.700,10.380,10.860,10.320,36499.000
603332,2026-07-08,10.390,10.160,10.410,10.130,26311.000
603332,2026-07-09,10.210,10.080,10.230,9.840,29267.000
603332,2026-07-10,10.080,10.220,10.380,9.920,29190.000
603332,2026-07-13,10.290,10.000,10.300,9.930,30526.000
603332,2026-07-14,9.910,10.330,10.330,9.880,30092.000
603332,2026-07-15,10.570,10.590,10.840,10.450,42825.000
603332,2026-07-16,10.600,10.690,10.890,10.540,40574.000
603332,2026-07-17,10.720,10.500,10.950,10.420,46041.000
603332,2026-07-20,10.550,10.250,10.760,10.010,49887.000
603332,2026-07-21,10.180,10.080,10.300,9.710,48950.000
603332,2026-07-22,10.080,9.850,10.170,9.840,35690.000
603332,2026-07-23,9.810,10.200,10.220,9.810,27329.000
603332,2026-07-24,10.210,9.950,10.260,9.910,23568.000
603332,2026-07-27,9.830,10.220,10.290,9.830,26378.000
603332,2026-07-28,10.100,10.230,10.400,10.100,16222.000
603332,2026-07-29,10.280,10.450,10.530,10.250,24360.000
603332,2026-07-30,10.450,10.450,10.670,10.320,25688.000
603332,2026-07-31,10.520,10.450,10.630,10.350,44208.000
603332,2026-08-03,10.480,10.720,10.750,10.390,42563.000
603332,2026-08-04,10.780,10.910,10.990,10.730,47072.000
603332,2026-08-05,10.970,10.850,10.970,10.710,41010.000
603332,2026-08-06,10.910,11.000,11.040,10.830,36157.000
603332,2026-08-07,10.960,11.000,11.050,10.770,32939.000
603332,2026-08-10,11.010,11.370,11.400,10.940,36989.000
603332,2026-08-11,11.270,11.260,11.380,11.210,23787.000
603332,2026-08-12,11.260,11.390,11.400,11.180,21872.000
603332,2026-08-13,11.390,11.160,11.450,11.150,21423.000
603332,2026-08-14,11.230,11.190,11.300,11.030,23497.000
603332,2026-08-17,11.200,11.280,11.360,11.070,30421.000
603332,2026-08-18,11.450,11.470,11.550,11.280,58677.000
603332,2026-08-19,11.470,11.660,11.840,11.360,74511.000
603332,2026-08-20,11.660,11.490,11.990,11.410,73541.000
603332,2026-08-21,11.400,11.610,11.680,11.250,52494.000
603332,2026-08-24,11.640,11.490,11.800,11.330,40145.000
603332,2026-08-25,11.390,11.580,11.610,11.380,35394.000
603332,2026-08-26,11.620,11.710,11.780,11.510,39426.000
603332,2026-08-27,11.620,11.660,11.740,11.590,29519.000
603332,2026-08-28,11.700,11.850,11.880,11.660,37008.000
603332,2026-08-31,11.730,12.030,12.100,11.730,47334.000
603332,2026-09-01,12.150,12.230,12.310,12.040,43790.000
603332,2026-09-02,12.240,12.070,12.300,11.960,34346.000
603332,2026-09-03,12.030,11.830,12.170,11.750,34333.000
603332,2026-09-04,11.830,11.770,12.010,11.710,29247.000
002748,2026-01-09,12.655,12.565,12.895,12.435,173841.000
002748,2026-01-12,12.555,12.775,12.805,12.505,162395.000
002748,2026-01-13,12.825,12.255,12.905,12.225,163919.000
002748,2026-01-14,12.235,12.105,12.325,11.885,141121.000
002748,2026-01-15,12.035,12.205,12.275,11.935,84092.000
002748,2026-01-16,12.205,12.305,12.345,12.035,102360.000
002748,2026-01-19,12.275,12.485,12.575,12.175,116916.000
002748,2026-01-20,12.485,12.555,12.555,12.225,88684.000
002748,2026-01-21,12.595,12.605,12.675,12.395,121576.000
002748,2026-01-22,12.575,12.555,12.765,12.475,109185.000
002748,2026-01-23,12.545,12.755,12.765,12.485,122043.000
002748,2026-01-26,12.825,12.585,12.875,12.405,96082.000
002748,2026-01-27,12.495,12.285,12.575,11.935,96042.000
002748,2026-01-28,12.715,12.495,13.065,12.425,146637.000
002748,2026-01-29,12.495,12.315,12.895,12.225,135643.000
002748,2026-01-30,12.225,12.535,12.575,12.095,105747.000
002748,2026-02-02,12.535,12.035,12.535,12.035,83590.000
002748,2026-02-03,12.155,12.125,12.225,11.965,59206.000
002748,2026-02-04,12.125,12.245,12.405,12.095,56250.000
002748,2026-02-05,12.155,12.255,12.465,12.125,68729.000
002748,2026-02-06,12.155,12.465,12.595,12.035,89724.000
002748,2026-02-09,12.605,12.695,12.725,12.495,79208.000
002748,2026-02-10,12.755,12.625,12.915,12.625,63248.000
002748,2026-02-11,12.685,12.695,12.875,12.615,72052.000
002748,2026-02-12,12.715,12.475,12.725,12.325,72562.000
002748,2026-02-13,12.525,12.525,12.735,12.455,58758.000
002748,2026-02-24,12.595,12.845,12.855,12.595,75666.000
002748,2026-02-25,12.925,13.145,13.275,12.795,124069.000
002748,2026-02-26,13.165,13.225,13.685,13.065,130014.000
002748,2026-02-27,13.285,13.205,13.335,12.985,80621.000
002748,2026-03-02,13.475,13.265,13.575,12.935,118735.000
002748,2026-03-03,13.135,12.605,13.425,12.605,108651.000
002748,2026-03-04,12.425,12.495,12.795,12.275,68638.000
002748,2026-03-05,12.725,13.135,13.335,12.265,185498.000
002748,2026-03-06,12.875,13.315,13.395,12.625,192070.000
002748,2026-03-09,13.345,13.075,13.575,13.065,128180.000
002748,2026-03-10,12.985,12.925,13.125,12.815,96233.000
002748,2026-03-11,12.925,12.995,13.075,12.805,95792.000
002748,2026-03-12,13.005,12.805,13.205,12.775,90827.000
002748,2026-03-13,12.775,12.615,13.045,12.575,90200.000
002748,2026-03-16,12.575,12.355,12.795,12.185,79986.000
002748,2026-03-17,12.415,11.915,12.495,11.895,74595.000
002748,2026-03-18,11.905,12.165,12.175,11.735,64902.000
002748,2026-03-19,12.105,11.725,12.135,11.655,65404.000
002748,2026-03-20,11.815,11.305,11.835,11.295,55319.000
002748,2026-03-23,11.235,10.855,11.305,10.725,69990.000
002748,2026-03-24,11.105,11.285,11.335,10.665,87133.000
002748,2026-03-25,11.285,11.405,11.455,11.215,56457.000
002748,2026-03-26,11.385,11.285,11.645,11.225,56164.000
002748,2026-03-27,11.145,11.655,11.695,11.095,50858.000
002748,2026-03-30,11.525,11.625,11.725,11.495,34735.000
002748,2026-03-31,11.605,11.335,11.715,11.325,40794.000
002748,2026-04-01,11.455,11.565,11.645,11.435,39970.000
002748,2026-04-02,11.525,11.485,11.655,11.385,39759.000
002748,2026-04-03,11.485,11.035,11.515,10.925,36076.000
002748,2026-04-07,10.945,11.595,11.615,10.945,55257.000
002748,2026-04-08,11.515,11.785,11.815,11.505,46256.000
002748,2026-04-09,11.705,11.675,11.845,11.595,36065.000
002748,2026-04-10,11.685,12.055,12.115,11.645,61583.000
002748,2026-04-13,12.055,12.065,12.145,11.925,33953.000
002748,2026-04-14,12.065,12.105,12.145,11.955,34946.000
002748,2026-04-15,12.105,11.925,12.135,11.905,35947.000
002748,2026-04-16,11.915,12.265,12.375,11.775,52070.000
002748,2026-04-17,12.275,12.205,12.475,12.175,40786.000
002748,2026-04-20,12.205,12.165,12.295,12.125,32921.000
002748,2026-04-21,12.235,12.245,12.425,12.115,34393.000
002748,2026-04-22,12.285,12.155,12.345,12.135,28568.000
002748,2026-04-23,12.125,12.025,12.205,11.945,34166.000
002748,2026-04-24,11.965,12.285,12.345,11.965,37184.000
002748,2026-04-27,12.285,13.075,13.225,12.175,153635.000
002748,2026-04-28,12.995,12.775,13.175,12.625,83636.000
002748,2026-04-29,12.765,12.845,13.155,12.725,87230.000
002748,2026-04-30,12.805,12.755,12.995,12.625,64256.000
002748,2026-05-06,12.865,12.845,12.895,12.605,68014.000
002748,2026-05-07,12.795,12.815,12.885,12.705,45986.000
002748,2026-05-08,12.735,12.695,12.825,12.615,43575.000
002748,2026-05-11,12.765,12.675,12.775,12.475,47177.000
002748,2026-05-12,12.725,12.505,12.845,12.435,70492.000
002748,2026-05-13,12.495,12.365,12.755,12.305,62690.000
002748,2026-05-14,12.425,12.285,12.445,12.205,47357.000
002748,2026-05-15,12.295,12.185,12.495,12.125,50368.000
002748,2026-05-18,12.175,12.145,12.195,11.925,45852.000
002748,2026-05-19,12.145,12.005,12.265,11.825,45544.000
002748,2026-05-20,12.025,12.055,12.085,11.755,41583.000
002748,2026-05-21,12.045,11.565,12.195,11.495,57120.000
002748,2026-05-22,11.585,11.905,11.995,11.475,46780.000
002748,2026-05-25,11.945,11.525,12.075,11.435,47439.000
002748,2026-05-26,11.485,11.405,11.535,11.225,39923.000
002748,2026-05-27,11.425,11.115,11.435,10.975,44395.000
002748,2026-05-28,11.145,11.105,11.265,10.845,39457.000
002748,2026-05-29,11.135,10.985,11.195,10.925,50667.000
002748,2026-06-01,10.995,11.385,11.455,10.845,54678.000
002748,2026-06-02,11.375,10.925,11.375,10.875,45930.000
002748,2026-06-03,10.905,10.825,10.995,10.705,37854.000
002748,2026-06-04,10.765,10.605,10.805,10.525,31926.000
002748,2026-06-05,10.605,10.655,10.825,10.375,34086.000
002748,2026-06-08,10.505,10.635,11.165,10.325,109191.000
002748,2026-06-09,10.685,10.865,11.055,10.545,93775.000
002748,2026-06-10,10.825,10.585,11.065,10.455,64409.000
002748,2026-06-11,10.535,10.535,10.895,10.355,60521.000
002748,2026-06-12,10.545,11.015,11.205,10.325,83503.000
002748,2026-06-15,11.025,10.925,11.285,10.885,55146.000
002748,2026-06-16,10.885,10.905,11.065,10.585,49430.000
002748,2026-06-17,10.845,10.705,10.855,10.665,32576.000
002748,2026-06-18,10.635,10.435,10.715,10.365,47879.000
002748,2026-06-22,10.355,11.015,11.045,10.195,79763.000
002748,2026-06-23,10.965,11.305,11.365,10.855,63628.000
002748,2026-06-24,11.225,11.105,11.605,10.945,53019.000
002748,2026-06-25,11.055,10.865,11.105,10.785,45534.000
002748,2026-06-26,10.765,10.485,10.865,10.465,52507.000
002748,2026-06-29,10.475,10.635,10.765,10.125,46393.000
002748,2026-06-30,10.595,10.405,10.595,10.275,31942.000
002748,2026-07-01,10.555,10.775,11.035,10.255,75891.000
002748,2026-07-02,10.745,10.865,11.105,10.595,53617.000
002748,2026-07-03,10.935,10.685,11.105,10.605,63510.000
002748,2026-07-06,10.705,10.995,11.255,10.685,64505.000
002748,2026-07-07,11.005,10.985,11.225,10.785,63945.000
002748,2026-07-08,10.925,11.275,11.415,10.825,99537.000
002748,2026-07-09,11.610,11.850,12.200,11.310,159628.000
002748,2026-07-10,11.800,11.220,11.990,11.160,106094.000
002748,2026-07-13,11.010,10.830,11.770,10.710,99509.000
002748,2026-07-14,11.160,10.870,11.160,10.500,80719.000
002748,2026-07-15,10.920,11.130,11.470,10.840,94819.000
002748,2026-07-16,11.130,10.990,11.270,10.930,70261.000
002748,2026-07-17,10.960,10.760,11.230,10.410,71731.000
002748,2026-07-20,10.420,9.830,10.750,9.730,89321.000
002748,2026-07-21,9.830,9.640,9.950,9.180,71280.000
002748,2026-07-22,9.500,9.410,9.720,9.330,37134.000
002748,2026-07-23,9.400,9.770,9.800,9.330,51256.000
002748,2026-07-24,9.770,9.380,9.770,9.360,31819.000
002748,2026-07-27,9.570,9.860,9.880,9.340,46603.000
002748,2026-07-28,9.840,10.060,10.370,9.740,49494.000
002748,2026-07-29,10.070,10.520,10.570,10.020,67274.000
002748,2026-07-30,10.460,10.360,10.580,10.300,45081.000
002748,2026-07-31,10.440,10.360,10.520,10.300,30617.000
002748,2026-08-03,10.400,10.470,10.470,10.310,23337.000
002748,2026-08-04,10.500,10.410,10.590,10.380,33315.000
002748,2026-08-05,10.510,10.750,10.760,10.340,45570.000
002748,2026-08-06,10.750,11.000,11.040,10.700,53820.000
002748,2026-08-07,11.000,10.910,11.050,10.870,35335.000
002748,2026-08-10,10.900,12.000,12.000,10.870,68498.000
002748,2026-08-11,12.260,11.790,12.260,11.780,113849.000
002748,2026-08-12,11.900,12.160,12.230,11.810,76874.000
002748,2026-08-13,12.100,11.860,12.190,11.860,53065.000
002748,2026-08-14,11.940,11.760,11.980,11.660,42076.000
002748,2026-08-17,11.860,11.870,11.950,11.660,44529.000
002748,2026-08-18,11.920,12.010,12.040,11.820,41597.000
002748,2026-08-19,11.870,11.700,11.930,11.630,37605.000
002748,2026-08-20,11.700,11.730,11.830,11.610,32837.000
002748,2026-08-21,11.700,11.750,11.890,11.550,41185.000
002748,2026-08-24,11.800,11.890,12.390,11.790,59403.000
002748,2026-08-25,11.940,12.250,12.380,11.710,87234.000
002748,2026-08-26,12.260,12.060,12.550,12.020,69994.000
002748,2026-08-27,12.030,11.990,12.250,11.860,56917.000
002748,2026-08-28,12.100,12.280,12.310,11.920,56500.000
002748,2026-08-31,12.260,12.260,12.300,12.030,41784.000
002748,2026-09-01,12.280,12.310,12.500,12.240,42565.000
002748,2026-09-02,12.240,12.410,12.500,12.130,50051.000
002748,2026-09-03,12.420,12.200,12.460,12.180,37930.000
002748,2026-09-04,12.230,12.140,12.380,12.060,36613.000
301026,2026-01-09,21.743,23.357,23.643,21.657,147390.000
301026,2026-01-12,23.800,23.057,23.929,22.771,103456.000
301026,2026-01-13,23.107,22.571,23.186,22.393,80451.000
301026,2026-01-14,22.729,22.450,23.129,22.071,82808.000
301026,2026-01-15,22.214,22.514,23.057,22.214,78243.000
301026,2026-01-16,22.571,22.121,22.986,22.043,64837.000
301026,2026-01-19,22.121,22.679,23.064,21.693,68725.000
301026,2026-01-20,22.814,22.100,22.907,21.486,71019.000
301026,2026-01-21,22.579,24.271,24.414,22.257,179283.000
301026,2026-01-22,23.357,23.307,23.643,22.736,147281.000
301026,2026-01-23,23.957,24.143,24.900,23.500,187567.000
301026,2026-01-26,24.879,25.221,26.286,24.729,228612.000
301026,2026-01-27,23.814,23.971,24.543,23.429,165307.000
301026,2026-01-28,24.321,27.857,28.286,23.886,301227.000
301026,2026-01-29,27.579,26.786,29.657,26.071,285486.000
301026,2026-01-30,24.464,23.750,24.600,22.793,213318.000
301026,2026-02-02,22.764,21.964,23.200,21.929,142481.000
301026,2026-02-03,22.571,22.729,22.850,21.857,99287.000
301026,2026-02-04,23.207,22.593,23.279,22.150,72201.000
301026,2026-02-05,22.007,21.757,22.179,21.386,80285.000
301026,2026-02-06,21.150,21.821,22.214,20.914,60755.000
301026,2026-02-09,22.321,22.336,22.564,22.093,52314.000
301026,2026-02-10,22.300,21.879,22.393,21.793,43975.000
301026,2026-02-11,21.929,23.979,25.057,21.750,211966.000
301026,2026-02-12,23.429,23.764,24.536,23.143,140215.000
301026,2026-02-13,23.457,22.871,23.679,22.864,83358.000
301026,2026-02-24,23.686,23.857,24.321,23.407,94613.000
301026,2026-02-25,24.086,24.679,25.057,23.814,117451.000
301026,2026-02-26,24.571,24.443,24.950,24.321,85647.000
301026,2026-02-27,24.229,26.007,26.243,24.207,159638.000
301026,2026-03-02,26.714,25.629,26.721,24.714,175915.000
301026,2026-03-03,24.964,23.986,25.179,23.929,117036.000
301026,2026-03-04,23.743,23.664,24.543,23.093,100779.000
301026,2026-03-05,24.000,23.500,24.464,23.286,74236.000
301026,2026-03-06,23.150,23.129,23.429,22.786,59869.000
301026,2026-03-09,22.436,22.643,22.843,21.750,77017.000
301026,2026-03-10,22.971,22.900,23.193,22.786,47603.000
301026,2026-03-11,22.957,22.400,23.186,22.279,57251.000
301026,2026-03-12,22.307,21.800,22.386,21.679,47980.000
301026,2026-03-13,21.714,21.464,22.357,21.414,48647.000
301026,2026-03-16,21.286,21.036,21.400,20.550,58051.000
301026,2026-03-17,21.093,20.679,21.371,20.643,40443.000
301026,2026-03-18,20.729,20.886,20.914,20.379,35147.000
301026,2026-03-19,20.414,19.871,20.500,19.814,47053.000
301026,2026-03-20,20.071,19.243,20.307,19.243,41343.000
301026,2026-03-23,18.714,17.929,18.986,17.786,65008.000
301026,2026-03-24,18.436,19.436,19.521,18.250,77297.000
301026,2026-03-25,19.914,19.714,20.200,19.614,50738.000
301026,2026-03-26,19.707,19.214,19.721,19.150,32561.000
301026,2026-03-27,18.936,19.579,19.679,18.821,31951.000
301026,2026-03-30,19.486,19.721,19.786,19.000,33349.000
301026,2026-03-31,19.757,19.500,19.979,19.457,27634.000
301026,2026-04-01,19.986,19.793,20.064,19.607,23764.000
301026,2026-04-02,19.650,19.464,19.779,19.293,23903.000
301026,2026-04-03,19.607,19.129,19.671,18.979,21953.000
301026,2026-04-07,19.300,19.529,19.593,19.107,17034.000
301026,2026-04-08,20.429,20.621,20.671,20.114,44113.000
301026,2026-04-09,20.221,20.293,20.414,20.021,26655.000
301026,2026-04-10,20.414,20.557,20.821,20.271,31087.000
301026,2026-04-13,20.400,20.621,20.686,20.357,21862.000
301026,2026-04-14,20.800,20.657,20.907,20.421,24745.000
301026,2026-04-15,20.957,20.464,21.036,20.414,27433.000
301026,2026-04-16,20.464,21.143,21.343,20.414,39213.000
301026,2026-04-17,20.993,21.393,21.650,20.786,40072.000
301026,2026-04-20,21.221,21.414,21.593,21.179,30757.000
301026,2026-04-21,21.357,21.500,21.636,21.250,27379.000
301026,2026-04-22,21.429,21.879,22.214,21.214,48052.000
301026,2026-04-23,21.657,21.100,22.014,21.007,38416.000
301026,2026-04-24,21.100,20.979,21.143,20.614,25678.000
301026,2026-04-27,21.393,21.736,21.986,21.214,51656.000
301026,2026-04-28,21.579,22.000,22.271,21.464,57896.000
301026,2026-04-29,22.071,22.250,22.414,21.357,108330.000
301026,2026-04-30,22.079,21.943,22.343,21.871,63184.000
301026,2026-05-06,22.286,22.571,22.629,22.007,70902.000
301026,2026-05-07,22.793,22.571,22.971,22.471,59856.000
301026,2026-05-08,22.521,22.721,22.764,22.343,46943.000
301026,2026-05-11,22.707,22.821,22.871,22.550,50973.000
301026,2026-05-12,23.143,22.650,23.157,22.543,53117.000
301026,2026-05-13,22.507,22.686,22.993,22.507,47420.000
301026,2026-05-14,22.629,21.929,22.700,21.886,58296.000
301026,2026-05-15,21.864,21.564,22.143,21.307,44448.000
301026,2026-05-18,21.421,21.850,22.450,21.014,51057.000
301026,2026-05-19,21.843,23.186,23.521,21.157,140671.000
301026,2026-05-20,23.307,23.879,24.121,22.786,129195.000
301026,2026-05-21,23.657,23.893,25.757,23.657,139613.000
301026,2026-05-22,23.936,25.221,25.671,23.900,115159.000
301026,2026-05-25,26.007,24.993,26.029,24.150,126121.000
301026,2026-05-26,24.700,25.393,25.621,24.486,93940.000
301026,2026-05-27,25.071,23.936,25.407,23.679,77721.000
301026,2026-05-28,23.721,24.357,24.771,23.307,62938.000
301026,2026-05-29,24.710,23.050,24.760,22.800,83006.000
301026,2026-06-01,22.640,23.650,24.500,22.640,92855.000
301026,2026-06-02,23.690,23.720,24.130,23.100,66141.000
301026,2026-06-03,22.730,24.470,24.790,22.550,155574.000
301026,2026-06-04,24.100,23.090,24.180,22.820,101294.000
301026,2026-06-05,22.830,22.880,23.580,22.000,91761.000
301026,2026-06-08,22.250,21.270,22.660,21.020,77384.000
301026,2026-06-09,21.660,21.180,21.720,20.810,58992.000
301026,2026-06-10,20.970,20.900,21.090,20.480,54567.000
301026,2026-06-11,20.770,21.590,21.910,20.520,78054.000
301026,2026-06-12,21.880,22.120,22.860,21.360,97529.000
301026,2026-06-15,22.670,23.970,24.000,22.500,117175.000
301026,2026-06-16,23.900,24.650,24.820,23.620,101958.000
301026,2026-06-17,24.300,24.040,24.650,23.650,89853.000
301026,2026-06-18,23.800,23.750,24.680,23.560,77944.000
301026,2026-06-22,23.530,25.560,25.600,23.410,150625.000
301026,2026-06-23,24.870,23.630,24.990,23.510,125467.000
301026,2026-06-24,23.500,23.150,23.950,22.800,80810.000
301026,2026-06-25,22.920,22.230,23.270,22.010,80761.000
301026,2026-06-26,22.280,21.370,22.470,21.050,93875.000
301026,2026-06-29,21.360,20.420,21.970,20.360,124227.000
301026,2026-06-30,20.310,20.220,20.670,19.740,90469.000
301026,2026-07-01,20.100,20.290,20.750,19.820,89233.000
301026,2026-07-02,20.160,20.500,21.280,19.830,107426.000
301026,2026-07-03,20.850,19.930,20.980,19.910,110736.000
301026,2026-07-06,19.930,19.850,20.750,19.810,97484.000
301026,2026-07-07,19.660,18.490,19.720,18.440,82838.000
301026,2026-07-08,18.430,17.810,18.630,17.780,59685.000
301026,2026-07-09,17.710,17.660,17.980,16.940,54131.000
301026,2026-07-10,17.590,17.720,18.180,17.400,60078.000
301026,2026-07-13,17.570,16.470,17.570,16.400,59975.000
301026,2026-07-14,16.520,17.140,17.150,16.280,49433.000
301026,2026-07-15,17.300,16.890,17.330,16.740,36924.000
301026,2026-07-16,16.630,17.310,17.700,16.560,58916.000
301026,2026-07-17,17.320,17.010,17.880,16.780,68168.000
301026,2026-07-20,16.810,17.160,17.520,16.660,72609.000
301026,2026-07-21,17.160,17.420,17.470,15.990,86978.000
301026,2026-07-22,17.300,17.390,17.870,17.220,74732.000
301026,2026-07-23,17.300,17.750,17.770,17.110,63212.000
301026,2026-07-24,17.020,16.620,17.200,16.620,57719.000
301026,2026-07-27,16.700,17.040,17.050,16.570,35219.000
301026,2026-07-28,16.730,16.830,16.980,16.600,28268.000
301026,2026-07-29,16.820,17.150,17.180,16.620,38469.000
301026,2026-07-30,17.230,16.760,17.340,16.700,38891.000
301026,2026-07-31,17.090,17.430,17.500,17.090,52744.000
301026,2026-08-03,17.340,17.870,17.890,17.250,43861.000
301026,2026-08-04,17.880,17.910,18.100,17.750,47664.000
301026,2026-08-05,18.800,21.490,21.490,18.680,270919.000
301026,2026-08-06,21.700,22.440,23.200,21.380,338824.000
301026,2026-08-07,21.820,22.820,22.900,21.450,258739.000
301026,2026-08-10,22.770,22.370,23.030,22.060,210183.000
301026,2026-08-11,22.160,21.520,22.260,21.500,148703.000
301026,2026-08-12,21.400,22.380,22.550,21.400,137730.000
301026,2026-08-13,22.880,21.550,23.100,21.550,117530.000
301026,2026-08-14,21.490,21.850,21.920,21.160,82207.000
301026,2026-08-17,22.280,23.590,23.840,22.180,208924.000
301026,2026-08-18,23.240,22.250,23.320,22.090,140014.000
301026,2026-08-19,21.490,21.200,22.100,21.200,92207.000
301026,2026-08-20,21.910,21.130,22.250,20.920,92377.000
301026,2026-08-21,21.580,21.480,21.710,21.170,99668.000
301026,2026-08-24,21.570,21.800,22.560,21.010,158479.000
301026,2026-08-25,21.480,20.760,21.600,20.290,127008.000
301026,2026-08-26,20.570,21.040,21.570,20.570,100235.000
301026,2026-08-27,20.550,21.410,21.480,20.550,91822.000
301026,2026-08-28,21.310,21.540,21.660,20.960,78469.000
301026,2026-08-31,20.880,21.070,21.100,20.500,67850.000
301026,2026-09-01,21.070,20.830,21.120,20.660,47193.000
301026,2026-09-02,20.500,20.330,20.500,19.570,75122.000
301026,2026-09-03,20.630,20.690,20.800,20.450,50874.000
301026,2026-09-04,20.980,20.760,21.450,20.600,64751.000
601899,2026-01-09,35.200,36.420,36.870,35.180,2805790.000
601899,2026-01-12,37.420,36.460,37.580,36.230,2964964.000
601899,2026-01-13,36.600,37.440,38.100,36.500,3107782.000
601899,2026-01-14,37.810,37.700,39.050,37.560,4256502.000
601899,2026-01-15,37.460,37.450,38.640,36.900,3860818.000
601899,2026-01-16,37.520,36.670,38.310,36.260,3947778.000
601899,2026-01-19,36.820,36.460,36.980,35.700,2532752.000
601899,2026-01-20,36.460,36.510,36.970,35.410,3074571.000
601899,2026-01-21,36.960,37.330,37.680,36.560,3891673.000
601899,2026-01-22,36.700,36.860,37.080,36.280,2739499.000
601899,2026-01-23,37.590,36.760,37.700,36.550,3862963.000
601899,2026-01-26,37.940,38.700,39.680,37.930,6635144.000
601899,2026-01-27,39.430,39.810,41.880,38.880,7284982.000
601899,2026-01-28,40.600,41.500,41.780,39.800,6522833.000
601899,2026-01-29,42.990,42.650,44.140,40.510,7728672.000
601899,2026-01-30,40.400,39.340,41.560,38.320,6703441.000
601899,2026-02-02,36.070,35.810,37.930,35.470,7140436.000
601899,2026-02-03,37.040,38.010,38.150,36.280,4766103.000
601899,2026-02-04,38.700,38.360,39.190,37.880,3267366.000
601899,2026-02-05,37.330,36.650,37.700,35.770,3583731.000
601899,2026-02-06,34.750,36.390,37.020,34.700,3277748.000
601899,2026-02-09,37.690,37.830,38.080,37.230,2639476.000
601899,2026-02-10,38.180,38.010,38.600,37.720,1996571.000
601899,2026-02-11,37.800,38.680,38.990,37.770,2228674.000
601899,2026-02-12,38.770,38.950,39.630,38.690,2355759.000
601899,2026-02-13,37.460,36.980,38.240,36.890,3380334.000
601899,2026-02-24,38.690,38.520,38.850,38.180,2467460.000
601899,2026-02-25,38.600,38.830,39.460,38.060,2897095.000
601899,2026-02-26,39.090,38.570,39.160,38.140,1990664.000
601899,2026-02-27,38.400,38.750,39.250,38.210,2420602.000
601899,2026-03-02,39.600,39.970,40.100,38.300,4775134.000
601899,2026-03-03,39.550,38.060,39.550,37.860,4140938.000
601899,2026-03-04,36.900,37.160,38.090,36.680,3125702.000
601899,2026-03-05,37.660,36.870,37.680,36.400,2606599.000
601899,2026-03-06,36.210,36.300,36.680,35.440,2539470.000
601899,2026-03-09,35.130,35.600,35.870,34.060,3906290.000
601899,2026-03-10,36.180,36.330,36.740,36.000,2013124.000
601899,2026-03-11,36.700,36.440,36.840,36.240,1481313.000
601899,2026-03-12,35.990,35.950,36.360,35.550,1891130.000
601899,2026-03-13,35.400,34.970,36.140,34.800,2471205.000
601899,2026-03-16,34.240,33.950,34.370,32.800,4207313.000
601899,2026-03-17,33.930,34.100,34.750,33.870,2253776.000
601899,2026-03-18,33.940,34.120,34.200,33.550,1990248.000
601899,2026-03-19,32.450,31.520,33.100,31.320,5279354.000
601899,2026-03-20,31.400,30.850,32.050,30.630,3850343.000
601899,2026-03-23,29.410,29.780,30.540,29.000,4933043.000
601899,2026-03-24,30.450,31.400,31.580,30.110,4572645.000
601899,2026-03-25,32.700,32.440,33.180,32.290,4106152.000
601899,2026-03-26,32.300,31.290,32.440,31.030,3050473.000
601899,2026-03-27,30.700,31.670,31.920,30.700,2282467.000
601899,2026-03-30,31.400,31.980,32.000,31.080,2369010.000
601899,2026-03-31,32.180,31.920,32.700,31.800,2531059.000
601899,2026-04-01,33.060,33.350,33.780,32.820,3237031.000
601899,2026-04-02,33.190,32.320,33.190,31.900,2589426.000
601899,2026-04-03,32.450,32.110,32.530,32.020,1419991.000
601899,2026-04-07,32.000,31.610,32.300,31.530,1506498.000
601899,2026-04-08,33.200,33.820,33.960,33.200,4079541.000
601899,2026-04-09,33.190,33.100,33.390,32.940,2206590.000
601899,2026-04-10,33.430,32.950,33.780,32.900,2375710.000
601899,2026-04-13,32.580,32.860,33.000,32.510,1765321.000
601899,2026-04-14,33.690,34.000,34.150,33.550,2988457.000
601899,2026-04-15,34.950,34.110,35.200,34.010,2991792.000
601899,2026-04-16,34.200,34.500,34.590,34.200,2009412.000
601899,2026-04-17,34.200,33.930,34.300,33.700,2155828.000
601899,2026-04-20,34.060,34.020,34.490,33.900,2256403.000
601899,2026-04-21,34.180,34.860,34.880,33.700,3119791.000
601899,2026-04-22,34.870,34.730,35.060,34.440,3723920.000
601899,2026-04-23,34.760,33.600,34.760,33.340,3566449.000
601899,2026-04-24,33.220,33.510,33.620,32.730,2577934.000
601899,2026-04-27,33.200,32.760,33.450,32.680,2310885.000
601899,2026-04-28,32.530,32.150,32.660,32.080,2070092.000
601899,2026-04-29,31.750,33.340,33.400,31.710,3034995.000
601899,2026-04-30,32.900,32.500,33.220,32.280,2403899.000
601899,2026-05-06,32.700,33.410,33.580,32.410,3990720.000
601899,2026-05-07,34.040,33.660,34.370,33.320,3360414.000
601899,2026-05-08,33.220,34.000,34.200,33.040,3012482.000
601899,2026-05-11,33.750,33.470,33.920,33.050,3037097.000
601899,2026-05-12,34.160,33.780,34.530,33.700,4169460.000
601899,2026-05-13,34.300,33.860,34.450,33.650,3224803.000
601899,2026-05-14,33.690,32.720,33.960,32.700,2769481.000
601899,2026-05-15,32.190,31.040,32.200,30.700,4482822.000
601899,2026-05-18,30.100,30.500,30.570,29.910,2887987.000
601899,2026-05-19,30.500,30.360,30.590,29.840,1808601.000
601899,2026-05-20,29.730,29.590,29.840,29.120,3144897.000
601899,2026-05-21,30.110,29.190,30.450,29.130,2956155.000
601899,2026-05-22,29.360,30.160,30.340,29.080,2681039.000
601899,2026-05-25,30.840,30.550,31.200,30.290,2840462.000
601899,2026-05-26,30.360,32.100,32.180,30.220,4437216.000
601899,2026-05-27,31.780,30.820,32.090,30.730,2616966.000
601899,2026-05-28,30.200,29.910,30.400,29.280,3109909.000
601899,2026-05-29,30.520,29.640,30.580,29.380,2610250.000
601899,2026-06-01,29.420,29.390,29.900,29.320,1751622.000
601899,2026-06-02,29.560,30.780,30.940,29.320,3333214.000
601899,2026-06-03,30.210,30.470,31.020,30.150,2529803.000
601899,2026-06-04,30.100,29.540,30.150,29.420,2062166.000
601899,2026-06-05,29.500,28.830,30.050,28.730,2716213.000
601899,2026-06-08,27.480,27.250,27.930,26.780,3775320.000
601899,2026-06-09,27.340,27.670,27.730,26.800,2513161.000
601899,2026-06-10,26.800,26.900,27.200,26.400,3044088.000
601899,2026-06-11,26.400,26.530,26.890,26.000,3231431.000
601899,2026-06-12,27.290,28.290,28.960,27.010,5098539.000
601899,2026-06-15,29.740,30.510,30.550,29.600,5714756.000
601899,2026-06-16,30.200,29.490,30.300,29.400,2922715.000
601899,2026-06-17,29.700,29.630,30.150,29.320,2229817.000
601899,2026-06-18,29.160,28.890,30.180,28.480,3620675.000
601899,2026-06-22,28.450,29.640,29.700,27.750,3918476.000
601899,2026-06-23,29.150,26.950,29.200,26.840,4947402.000
601899,2026-06-24,26.610,26.850,27.170,26.530,2846096.000
601899,2026-06-25,25.710,25.120,25.960,24.930,5760700.000
601899,2026-06-26,25.480,24.680,25.480,24.440,3528208.000
601899,2026-06-29,24.930,25.370,25.540,24.560,3232927.000
601899,2026-06-30,24.630,24.720,24.840,24.280,3107057.000
601899,2026-07-01,24.430,24.690,25.130,24.000,3389084.000
601899,2026-07-02,25.190,25.880,26.540,25.100,5067417.000
601899,2026-07-03,27.080,27.400,27.880,26.990,5386520.000
601899,2026-07-06,27.220,27.860,28.770,27.200,3700913.000
601899,2026-07-07,27.380,27.200,27.690,27.010,2235422.000
601899,2026-07-08,26.700,26.940,27.610,26.380,1969818.000
601899,2026-07-09,26.400,27.200,27.280,26.130,2514997.000
601899,2026-07-10,27.580,27.300,28.030,26.660,2657100.000
601899,2026-07-13,26.810,26.940,27.210,26.320,2130238.000
601899,2026-07-14,26.460,28.640,28.870,26.330,3803205.000
601899,2026-07-15,28.640,28.410,28.920,28.140,2683491.000
601899,2026-07-16,28.400,28.830,29.170,28.370,2654390.000
601899,2026-07-17,28.230,27.940,28.400,27.500,2904169.000
601899,2026-07-20,27.940,28.930,29.030,27.870,2757683.000
601899,2026-07-21,29.530,29.790,29.910,28.710,3426670.000
601899,2026-07-22,30.390,31.780,32.370,30.390,5261658.000
601899,2026-07-23,32.100,32.640,33.260,31.500,4394476.000
601899,2026-07-24,31.320,31.090,31.670,30.550,4010393.000
601899,2026-07-27,32.030,31.350,32.030,30.710,2316589.000
601899,2026-07-28,30.780,31.270,31.380,30.610,1870630.000
601899,2026-07-29,31.520,31.730,31.870,30.760,2156163.000
601899,2026-07-30,32.210,32.280,32.760,31.590,2842980.000
601899,2026-07-31,31.960,32.530,33.060,31.850,2842479.000
601899,2026-08-03,32.280,32.130,32.520,31.270,2195419.000
601899,2026-08-04,32.030,31.700,32.430,31.430,2066598.000
601899,2026-08-05,31.970,33.680,33.800,31.960,4306669.000
601899,2026-08-06,34.960,34.080,35.380,33.730,4026674.000
601899,2026-08-07,33.670,34.730,34.920,33.640,2747124.000
601899,2026-08-10,34.760,35.030,35.180,34.290,2736505.000
601899,2026-08-11,35.240,32.760,35.350,32.690,4475415.000
601899,2026-08-12,32.770,33.160,33.660,32.760,2044842.000
601899,2026-08-13,33.160,31.790,33.420,31.690,3309070.000
601899,2026-08-14,31.380,32.110,32.240,31.330,1943765.000
601899,2026-08-17,32.910,32.940,33.230,32.590,1971968.000
601899,2026-08-18,32.940,33.140,33.160,32.450,1845214.000
601899,2026-08-19,32.080,32.340,32.860,31.930,1898576.000
601899,2026-08-20,33.580,33.830,34.660,33.450,4115787.000
601899,2026-08-21,34.250,34.740,34.870,33.600,3007017.000
601899,2026-08-24,35.400,34.540,35.470,34.160,3376482.000
601899,2026-08-25,34.700,33.680,34.700,33.400,2515654.000
601899,2026-08-26,33.700,34.470,35.350,33.700,3142352.000
601899,2026-08-27,33.800,34.570,34.860,33.790,2314388.000
601899,2026-08-28,34.500,34.650,34.670,33.700,1997115.000
601899,2026-08-31,33.000,33.670,33.750,32.600,2966399.000
601899,2026-09-01,33.670,33.730,34.190,33.490,1591142.000
601899,2026-09-02,32.890,32.950,33.230,32.190,2372155.000
601899,2026-09-03,33.250,33.310,33.660,32.950,1695898.000
601899,2026-09-04,33.850,33.350,34.050,33.070,1769341.000
002752,2026-01-09,6.900,6.880,6.950,6.770,389329.000
002752,2026-01-12,6.880,7.100,7.110,6.860,492661.000
002752,2026-01-13,7.110,6.800,7.160,6.780,441896.000
002752,2026-01-14,6.780,6.810,6.920,6.680,384147.000
002752,2026-01-15,6.780,6.640,6.780,6.590,265714.000
002752,2026-01-16,6.660,6.540,6.670,6.500,230184.000
002752,2026-01-19,6.530,6.650,6.660,6.500,195231.000
002752,2026-01-20,6.650,6.540,6.650,6.490,209431.000
002752,2026-01-21,6.500,6.540,6.560,6.410,154159.000
002752,2026-01-22,6.540,6.630,6.650,6.500,180149.000
002752,2026-01-23,6.640,6.800,6.800,6.620,238751.000
002752,2026-01-26,6.830,6.700,6.860,6.650,214912.000
002752,2026-01-27,6.690,6.590,6.690,6.470,173341.000
002752,2026-01-28,6.560,6.500,6.590,6.480,143128.000
002752,2026-01-29,6.450,6.430,6.580,6.400,162808.000
002752,2026-01-30,6.430,6.460,6.490,6.370,152837.000
002752,2026-02-02,6.380,6.360,6.550,6.340,182276.000
002752,2026-02-03,6.400,6.490,6.490,6.390,127801.000
002752,2026-02-04,6.490,6.620,6.630,6.450,139796.000
002752,2026-02-05,6.560,6.640,6.720,6.550,166637.000
002752,2026-02-06,6.590,6.630,6.720,6.560,170325.000
002752,2026-02-09,6.650,6.730,6.730,6.650,174818.000
002752,2026-02-10,6.720,6.650,6.720,6.650,113291.000
002752,2026-02-11,6.710,6.620,6.710,6.600,104220.000
002752,2026-02-12,6.600,6.540,6.650,6.530,99925.000
002752,2026-02-13,6.540,6.500,6.640,6.490,103688.000
002752,2026-02-24,6.540,6.630,6.630,6.530,103283.000
002752,2026-02-25,6.630,6.690,6.720,6.610,119487.000
002752,2026-02-26,6.690,6.570,6.690,6.560,129605.000
002752,2026-02-27,6.580,6.620,6.620,6.530,97205.000
002752,2026-03-02,6.510,6.330,6.540,6.270,209465.000
002752,2026-03-03,6.330,6.120,6.390,6.120,156615.000
002752,2026-03-04,6.100,6.100,6.200,6.050,113775.000
002752,2026-03-05,6.190,6.180,6.240,6.130,93404.000
002752,2026-03-06,6.140,6.290,6.300,6.130,86979.000
002752,2026-03-09,6.240,6.230,6.260,6.130,98099.000
002752,2026-03-10,6.250,6.300,6.320,6.250,72547.000
002752,2026-03-11,6.290,6.290,6.340,6.180,80274.000
002752,2026-03-12,6.290,6.190,6.300,6.170,97303.000
002752,2026-03-13,6.170,6.160,6.260,6.140,79350.000
002752,2026-03-16,6.160,6.250,6.260,6.130,105801.000
002752,2026-03-17,6.240,6.110,6.270,6.100,111861.000
002752,2026-03-18,6.210,6.310,6.340,6.160,180199.000
002752,2026-03-19,6.230,6.020,6.270,6.000,205361.000
002752,2026-03-20,6.050,5.960,6.120,5.960,128824.000
002752,2026-03-23,5.810,5.720,5.930,5.670,184770.000
002752,2026-03-24,5.800,5.910,5.910,5.710,150804.000
002752,2026-03-25,5.920,6.040,6.050,5.890,122176.000
002752,2026-03-26,6.040,6.010,6.130,5.990,103612.000
002752,2026-03-27,5.950,6.070,6.080,5.910,78791.000
002752,2026-03-30,5.970,6.150,6.180,5.960,106842.000
002752,2026-03-31,6.140,6.060,6.200,6.050,112336.000
002752,2026-04-01,6.140,6.160,6.180,6.100,111026.000
002752,2026-04-02,6.130,6.100,6.170,6.070,83556.000
002752,2026-04-03,6.090,6.170,6.230,5.940,199624.000
002752,2026-04-07,6.170,6.590,6.600,6.150,411641.000
002752,2026-04-08,6.540,6.740,6.890,6.440,807866.000
002752,2026-04-09,6.660,6.660,6.780,6.460,567639.000
002752,2026-04-10,6.600,6.440,6.710,6.430,464038.000
002752,2026-04-13,6.470,6.300,6.500,6.260,289484.000
002752,2026-04-14,6.340,6.350,6.480,6.270,224995.000
002752,2026-04-15,6.360,6.250,6.380,6.230,178163.000
002752,2026-04-16,6.240,6.210,6.260,6.120,199035.000
002752,2026-04-17,6.190,6.100,6.190,6.050,156394.000
002752,2026-04-20,6.100,6.170,6.180,6.070,129273.000
002752,2026-04-21,6.800,6.800,6.800,6.800,183972.000
002752,2026-04-22,7.260,7.110,7.490,6.950,1315730.000
002752,2026-04-23,7.040,7.150,7.210,6.950,827428.000
002752,2026-04-24,7.070,7.330,7.390,7.000,905636.000
002752,2026-04-27,7.390,7.490,7.750,7.230,903522.000
002752,2026-04-28,7.350,7.280,7.530,7.200,586528.000
002752,2026-04-29,7.260,7.280,7.460,7.200,466063.000
002752,2026-04-30,7.260,7.300,7.540,7.230,403318.000
002752,2026-05-06,7.240,7.450,7.450,7.220,399734.000
002752,2026-05-07,7.430,7.350,7.490,7.280,293861.000
002752,2026-05-08,7.320,7.550,7.560,7.280,381794.000
002752,2026-05-11,7.550,7.440,7.580,7.340,358105.000
002752,2026-05-12,7.400,7.280,7.440,7.210,258621.000
002752,2026-05-13,7.290,7.350,7.400,7.240,195364.000
002752,2026-05-14,7.280,7.230,7.470,7.220,203750.000
002752,2026-05-15,7.180,7.190,7.330,7.130,190429.000
002752,2026-05-18,7.150,7.190,7.250,6.960,242620.000
002752,2026-05-19,7.190,7.550,7.700,7.170,425217.000
002752,2026-05-20,7.460,7.310,7.480,7.220,256974.000
002752,2026-05-21,7.290,7.020,7.330,6.990,266530.000
002752,2026-05-22,7.050,7.130,7.210,7.040,203173.000
002752,2026-05-25,7.090,7.070,7.240,6.990,151508.000
002752,2026-05-26,7.050,7.080,7.180,6.900,209699.000
002752,2026-05-27,7.090,6.770,7.090,6.730,209101.000
002752,2026-05-28,6.770,6.830,6.940,6.690,161310.000
002752,2026-05-29,6.830,6.630,6.870,6.610,156642.000
002752,2026-06-01,6.620,6.820,6.880,6.620,155496.000
002752,2026-06-02,6.810,6.640,6.880,6.620,124345.000
002752,2026-06-03,6.640,6.550,6.690,6.500,116396.000
002752,2026-06-04,6.540,6.420,6.600,6.370,109257.000
002752,2026-06-05,6.460,6.350,6.480,6.310,112149.000
002752,2026-06-08,6.240,6.170,6.310,6.020,152104.000
002752,2026-06-09,6.130,6.140,6.220,6.070,119630.000
002752,2026-06-10,6.080,6.040,6.110,5.950,131052.000
002752,2026-06-11,5.980,5.960,6.050,5.880,109270.000
002752,2026-06-12,6.050,6.200,6.310,5.960,174575.000
002752,2026-06-15,6.220,6.280,6.420,6.220,127955.000
002752,2026-06-16,6.270,6.270,6.360,6.180,113623.000
002752,2026-06-17,6.230,6.190,6.350,6.160,126471.000
002752,2026-06-18,6.150,6.080,6.230,6.040,123341.000
002752,2026-06-22,6.070,6.120,6.130,5.800,178231.000
002752,2026-06-23,6.100,6.260,6.320,6.080,167355.000
002752,2026-06-24,6.240,6.180,6.300,6.080,148262.000
002752,2026-06-25,6.180,6.020,6.210,5.980,127559.000
002752,2026-06-26,5.980,5.770,6.000,5.770,137021.000
002752,2026-06-29,5.760,5.720,5.770,5.550,151938.000
002752,2026-06-30,5.730,5.520,5.790,5.450,188083.000
002752,2026-07-01,5.510,5.760,5.940,5.510,200332.000
002752,2026-07-02,5.720,5.820,5.960,5.700,158302.000
002752,2026-07-03,5.820,5.890,5.980,5.820,118150.000
002752,2026-07-06,5.930,6.110,6.220,5.850,209063.000
002752,2026-07-07,6.050,6.360,6.450,6.030,307567.000
002752,2026-07-08,6.300,6.200,6.320,6.030,258020.000
002752,2026-07-09,6.190,6.170,6.320,5.990,215325.000
002752,2026-07-10,6.140,6.170,6.280,6.060,139890.000
002752,2026-07-13,6.160,5.980,6.190,5.940,143788.000
002752,2026-07-14,5.930,6.120,6.120,5.710,198329.000
002752,2026-07-15,6.100,6.150,6.180,6.050,188412.000
002752,2026-07-16,6.150,6.140,6.230,6.090,175734.000
002752,2026-07-17,6.090,5.820,6.160,5.780,157901.000
002752,2026-07-20,5.820,5.780,5.950,5.690,170851.000
002752,2026-07-21,5.790,5.710,5.800,5.600,184930.000
002752,2026-07-22,5.680,5.620,5.790,5.540,147518.000
002752,2026-07-23,5.610,5.800,5.830,5.580,113700.000
002752,2026-07-24,5.760,5.710,5.830,5.670,91450.000
002752,2026-07-27,5.720,5.850,5.870,5.670,108444.000
002752,2026-07-28,5.830,5.850,5.890,5.800,98472.000
002752,2026-07-29,5.870,5.930,5.990,5.860,103481.000
002752,2026-07-30,5.900,5.820,5.950,5.760,120176.000
002752,2026-07-31,5.850,5.870,5.940,5.840,121195.000
002752,2026-08-03,5.860,5.910,5.930,5.790,107156.000
002752,2026-08-04,5.940,5.970,5.990,5.890,128772.000
002752,2026-08-05,5.970,6.010,6.010,5.940,135650.000
002752,2026-08-06,6.010,5.940,6.050,5.860,119082.000
002752,2026-08-07,5.920,5.940,5.940,5.840,96981.000
002752,2026-08-10,5.950,6.040,6.070,5.910,126568.000
002752,2026-08-11,6.040,5.990,6.080,5.960,90606.000
002752,2026-08-12,5.980,6.040,6.040,5.960,80432.000
002752,2026-08-13,6.030,5.910,6.050,5.910,101105.000
002752,2026-08-14,5.920,5.940,5.960,5.870,80342.000
002752,2026-08-17,5.930,6.030,6.030,5.860,104996.000
002752,2026-08-18,6.010,6.000,6.040,5.960,60209.000
002752,2026-08-19,6.020,5.830,6.020,5.810,100471.000
002752,2026-08-20,5.830,5.930,5.950,5.830,80273.000
002752,2026-08-21,5.890,5.940,5.940,5.840,60972.000
002752,2026-08-24,5.930,5.820,5.960,5.800,85913.000
002752,2026-08-25,5.820,5.990,6.010,5.790,113681.000
002752,2026-08-26,5.990,6.030,6.050,5.960,127389.000
002752,2026-08-27,6.070,5.990,6.080,5.890,138551.000
002752,2026-08-28,5.970,6.060,6.120,5.960,167352.000
002752,2026-08-31,6.060,6.100,6.160,6.010,135732.000
002752,2026-09-01,6.070,6.180,6.200,6.070,125740.000
002752,2026-09-02,6.150,6.130,6.160,6.080,94570.000
002752,2026-09-03,6.150,6.180,6.220,6.090,118071.000
002752,2026-09-04,6.220,6.200,6.340,6.170,157520.000
002266,2026-01-09,4.451,4.481,4.541,4.391,1618749.000
002266,2026-01-12,4.511,4.511,4.541,4.421,1702958.000
002266,2026-01-13,4.511,4.431,4.521,4.401,1400523.000
002266,2026-01-14,4.431,4.381,4.511,4.331,1519469.000
002266,2026-01-15,4.371,4.391,4.401,4.311,1029084.000
002266,2026-01-16,4.401,4.291,4.431,4.281,960254.000
002266,2026-01-19,4.291,4.451,4.461,4.271,1329152.000
002266,2026-01-20,4.471,4.471,4.511,4.371,1240519.000
002266,2026-01-21,4.431,4.471,4.511,4.411,943890.000
002266,2026-01-22,4.491,4.921,4.921,4.461,2264441.000
002266,2026-01-23,4.951,5.001,5.101,4.861,5269125.000
002266,2026-01-26,5.081,4.971,5.201,4.911,3218503.000
002266,2026-01-27,4.921,4.851,4.981,4.751,2069550.000
002266,2026-01-28,4.861,5.041,5.111,4.741,3239752.000
002266,2026-01-29,5.301,5.101,5.551,5.091,3994079.000
002266,2026-01-30,4.981,4.801,5.041,4.691,2704722.000
002266,2026-02-02,4.691,4.601,4.841,4.601,1620937.000
002266,2026-02-03,4.701,4.821,4.891,4.681,1444457.000
002266,2026-02-04,4.821,4.801,4.831,4.751,883196.000
002266,2026-02-05,4.751,4.611,4.771,4.581,1129768.000
002266,2026-02-06,4.591,4.711,4.791,4.561,1106620.000
002266,2026-02-09,4.771,4.831,4.891,4.741,1143107.000
002266,2026-02-10,4.831,4.771,4.831,4.751,648795.000
002266,2026-02-11,4.761,4.791,4.881,4.751,836879.000
002266,2026-02-12,4.821,4.901,4.921,4.791,1117137.000
002266,2026-02-13,4.861,4.821,4.941,4.801,1024195.000
002266,2026-02-24,4.881,4.941,4.961,4.861,1046534.000
002266,2026-02-25,4.941,5.061,5.101,4.941,1338952.000
002266,2026-02-26,5.081,5.091,5.111,5.011,1117096.000
002266,2026-02-27,5.061,5.161,5.161,5.051,1163989.000
002266,2026-03-02,5.081,5.191,5.231,5.051,1619035.000
002266,2026-03-03,5.191,4.921,5.231,4.911,1809902.000
002266,2026-03-04,4.831,4.881,5.011,4.801,994053.000
002266,2026-03-05,4.971,4.951,5.071,4.911,1108032.000
002266,2026-03-06,4.961,5.031,5.121,4.931,1275260.000
002266,2026-03-09,4.981,4.961,5.001,4.821,1253666.000
002266,2026-03-10,5.021,4.951,5.051,4.931,1071647.000
002266,2026-03-11,4.941,4.881,4.971,4.861,957873.000
002266,2026-03-12,4.861,4.751,4.861,4.661,1376396.000
002266,2026-03-13,4.741,4.791,4.901,4.721,1241461.000
002266,2026-03-16,4.891,4.611,4.891,4.551,1706975.000
002266,2026-03-17,4.621,4.491,4.641,4.461,872099.000
002266,2026-03-18,4.481,4.501,4.511,4.421,604537.000
002266,2026-03-19,4.441,4.301,4.441,4.271,807773.000
002266,2026-03-20,4.351,4.291,4.411,4.281,674112.000
002266,2026-03-23,4.211,4.061,4.251,4.011,945507.000
002266,2026-03-24,4.131,4.151,4.151,4.041,684247.000
002266,2026-03-25,4.171,4.221,4.251,4.151,630272.000
002266,2026-03-26,4.211,4.111,4.221,4.101,530104.000
002266,2026-03-27,4.071,4.151,4.171,4.051,432278.000
002266,2026-03-30,4.111,4.141,4.151,4.051,456569.000
002266,2026-03-31,4.121,4.101,4.191,4.101,449303.000
002266,2026-04-01,4.171,4.171,4.191,4.131,491700.000
002266,2026-04-02,4.151,4.091,4.171,4.071,449317.000
002266,2026-04-03,4.091,4.011,4.101,4.001,415429.000
002266,2026-04-07,4.011,4.041,4.071,4.011,316526.000
002266,2026-04-08,4.111,4.241,4.241,4.101,687950.000
002266,2026-04-09,4.191,4.111,4.201,4.101,514698.000
002266,2026-04-10,4.151,4.191,4.231,4.151,579527.000
002266,2026-04-13,4.151,4.351,4.421,4.131,1348512.000
002266,2026-04-14,4.391,4.421,4.451,4.341,897544.000
002266,2026-04-15,4.421,4.341,4.441,4.301,659984.000
002266,2026-04-16,4.331,4.371,4.381,4.311,452690.000
002266,2026-04-17,4.361,4.401,4.441,4.341,619217.000
002266,2026-04-20,4.391,4.441,4.481,4.361,702212.000
002266,2026-04-21,4.421,4.431,4.451,4.351,555707.000
002266,2026-04-22,4.441,4.501,4.541,4.421,666539.000
002266,2026-04-23,4.501,4.481,4.511,4.401,577546.000
002266,2026-04-24,4.441,4.441,4.511,4.401,526226.000
002266,2026-04-27,4.551,4.731,4.771,4.541,1713200.000
002266,2026-04-28,4.771,4.701,4.871,4.641,1066844.000
002266,2026-04-29,4.911,4.981,5.011,4.641,3071403.000
002266,2026-04-30,4.911,5.221,5.301,4.871,2640014.000
002266,2026-05-06,5.231,5.451,5.501,5.231,2275110.000
002266,2026-05-07,5.461,5.571,5.661,5.431,2267484.000
002266,2026-05-08,5.591,5.591,5.811,5.541,2448468.000
002266,2026-05-11,5.571,5.531,5.711,5.491,2249172.000
002266,2026-05-12,5.531,5.431,5.551,5.411,1588876.000
002266,2026-05-13,5.401,5.511,5.531,5.401,1247133.000
002266,2026-05-14,5.511,5.431,5.581,5.421,1049303.000
002266,2026-05-15,5.461,5.241,5.541,5.171,1489111.000
002266,2026-05-18,5.341,5.311,5.471,5.251,1409175.000
002266,2026-05-19,5.281,5.331,5.341,5.181,891889.000
002266,2026-05-20,5.341,5.501,5.561,5.271,1176020.000
002266,2026-05-21,5.481,5.361,5.591,5.301,1060570.000
002266,2026-05-22,5.371,5.471,5.491,5.331,732973.000
002266,2026-05-25,5.481,5.331,5.511,5.271,744608.000
002266,2026-05-26,5.331,5.351,5.391,5.261,729258.000
002266,2026-05-27,5.341,5.261,5.411,5.251,1034256.000
002266,2026-05-28,5.251,5.241,5.321,5.181,824336.000
002266,2026-05-29,5.251,5.091,5.281,5.061,846387.000
002266,2026-06-01,5.051,5.011,5.151,4.971,806096.000
002266,2026-06-02,5.021,5.011,5.071,4.921,788089.000
002266,2026-06-03,5.001,5.041,5.141,4.991,665414.000
002266,2026-06-04,5.011,4.941,5.051,4.871,762172.000
002266,2026-06-05,4.931,4.881,5.011,4.841,781819.000
002266,2026-06-08,4.771,4.511,4.791,4.461,1007305.000
002266,2026-06-09,4.551,4.551,4.571,4.441,671745.000
002266,2026-06-10,4.501,4.611,4.621,4.491,609909.000
002266,2026-06-11,4.600,4.670,4.680,4.580,583444.000
002266,2026-06-12,4.690,4.790,4.860,4.610,900038.000
002266,2026-06-15,4.800,4.950,4.980,4.780,827590.000
002266,2026-06-16,4.930,4.970,4.990,4.850,774273.000
002266,2026-06-17,4.950,4.900,4.990,4.830,602193.000
002266,2026-06-18,4.890,4.870,5.010,4.850,650116.000
002266,2026-06-22,4.870,5.320,5.350,4.850,1404767.000
002266,2026-06-23,5.290,5.010,5.330,4.950,1374926.000
002266,2026-06-24,5.020,4.980,5.030,4.830,886512.000
002266,2026-06-25,4.960,5.080,5.250,4.940,1125967.000
002266,2026-06-26,5.100,4.910,5.170,4.890,905821.000
002266,2026-06-29,4.950,4.900,5.020,4.820,919118.000
002266,2026-06-30,4.890,5.060,5.080,4.870,997690.000
002266,2026-07-01,5.080,5.180,5.230,4.990,1271711.000
002266,2026-07-02,5.110,4.990,5.130,4.970,1150125.000
002266,2026-07-03,5.050,5.300,5.370,5.000,1756558.000
002266,2026-07-06,5.380,5.290,5.400,5.190,1896496.000
002266,2026-07-07,5.300,5.750,5.820,5.250,3700430.000
002266,2026-07-08,5.600,5.290,5.690,5.180,3064678.000
002266,2026-07-09,5.200,5.200,5.350,4.990,1786873.000
002266,2026-07-10,5.190,5.210,5.430,5.150,1450646.000
002266,2026-07-13,5.170,4.890,5.220,4.860,1292769.000
002266,2026-07-14,4.890,5.150,5.180,4.780,1252842.000
002266,2026-07-15,5.150,5.090,5.250,5.050,910034.000
002266,2026-07-16,5.040,4.810,5.090,4.770,1131696.000
002266,2026-07-17,4.800,4.490,4.830,4.480,1237955.000
002266,2026-07-20,4.550,4.450,4.600,4.380,892359.000
002266,2026-07-21,4.460,4.570,4.580,4.370,944409.000
002266,2026-07-22,4.560,4.520,4.640,4.470,741183.000
002266,2026-07-23,4.500,4.630,4.650,4.470,909223.000
002266,2026-07-24,4.560,4.420,4.580,4.390,789035.000
002266,2026-07-27,4.470,4.540,4.550,4.440,718606.000
002266,2026-07-28,4.480,4.470,4.530,4.440,677425.000
002266,2026-07-29,4.470,4.600,4.670,4.430,996679.000
002266,2026-07-30,4.570,4.570,4.640,4.500,848732.000
002266,2026-07-31,4.620,4.610,4.670,4.570,823590.000
002266,2026-08-03,4.680,4.750,4.800,4.650,1190108.000
002266,2026-08-04,4.710,4.870,4.900,4.710,935331.000
002266,2026-08-05,4.840,4.980,5.030,4.830,801441.000
002266,2026-08-06,5.000,5.000,5.070,4.960,828502.000
002266,2026-08-07,5.000,5.050,5.070,4.990,618988.000
002266,2026-08-10,5.050,5.180,5.200,5.040,834008.000
002266,2026-08-11,5.160,4.970,5.180,4.960,1014193.000
002266,2026-08-12,4.970,5.030,5.050,4.960,545721.000
002266,2026-08-13,5.030,4.910,5.040,4.900,565667.000
002266,2026-08-14,4.910,4.920,4.950,4.850,471034.000
002266,2026-08-17,4.940,5.070,5.090,4.930,746455.000
002266,2026-08-18,5.060,5.000,5.090,4.980,566373.000
002266,2026-08-19,4.960,4.870,5.020,4.850,741559.000
002266,2026-08-20,4.920,4.820,4.970,4.800,577080.000
002266,2026-08-21,4.800,4.830,4.850,4.770,457271.000
002266,2026-08-24,4.880,4.860,4.960,4.780,741285.000
002266,2026-08-25,4.810,4.800,4.860,4.760,522895.000
002266,2026-08-26,4.820,4.930,4.980,4.800,753817.000
002266,2026-08-27,4.890,5.000,5.010,4.800,809323.000
002266,2026-08-28,4.990,4.950,5.010,4.920,657560.000
002266,2026-08-31,4.910,4.890,4.910,4.770,836073.000
002266,2026-09-01,4.880,4.890,4.920,4.850,797747.000
002266,2026-09-02,4.860,4.790,4.870,4.770,834226.000
002266,2026-09-03,4.810,4.840,4.860,4.780,520476.000
002266,2026-09-04,4.850,4.870,4.970,4.840,672315.000
603444,2026-01-09,440.538,460.238,460.978,432.928,22564.000
603444,2026-01-12,462.138,469.098,473.628,454.208,28792.000
603444,2026-01-13,470.378,473.028,486.958,464.038,28726.000
603444,2026-01-14,466.038,465.078,487.028,458.028,29086.000
603444,2026-01-15,463.028,465.618,474.018,460.028,17318.000
603444,2026-01-16,468.018,465.398,468.848,455.028,16130.000
603444,2026-01-19,463.028,468.828,475.528,461.028,12906.000
603444,2026-01-20,469.928,452.808,471.028,448.028,16147.000
603444,2026-01-21,452.718,458.938,462.708,448.808,12127.000
603444,2026-01-22,459.898,449.908,465.538,446.288,11975.000
603444,2026-01-23,452.028,448.948,453.028,446.288,11169.000
603444,2026-01-26,448.028,432.038,450.068,430.078,16982.000
603444,2026-01-27,435.028,444.408,445.008,427.028,13764.000
603444,2026-01-28,442.028,439.028,447.108,437.198,10092.000
603444,2026-01-29,454.888,468.528,483.028,454.028,33605.000
603444,2026-01-30,458.298,448.028,463.028,440.038,21695.000
603444,2026-02-02,446.628,428.628,455.018,428.258,19861.000
603444,2026-02-03,434.828,439.198,439.328,422.078,20395.000
603444,2026-02-04,435.648,428.188,436.818,422.188,15430.000
603444,2026-02-05,423.828,425.828,430.028,422.238,9702.000
603444,2026-02-06,423.948,428.368,432.828,417.608,12980.000
603444,2026-02-09,436.368,429.248,436.368,426.968,11712.000
603444,2026-02-10,430.728,437.688,444.678,427.448,17754.000
603444,2026-02-11,441.028,439.238,446.028,435.028,12562.000
603444,2026-02-12,434.288,429.148,438.008,426.968,13678.000
603444,2026-02-13,428.018,427.698,434.818,427.028,8007.000
603444,2026-02-24,431.028,417.678,431.528,415.228,14060.000
603444,2026-02-25,417.678,416.618,417.678,414.028,9130.000
603444,2026-02-26,416.618,413.398,417.528,409.628,12665.000
603444,2026-02-27,412.228,412.598,415.528,410.138,9598.000
603444,2026-03-02,407.028,396.458,410.038,394.038,21735.000
603444,2026-03-03,396.098,380.258,400.328,380.028,19774.000
603444,2026-03-04,378.058,376.358,383.018,375.208,12656.000
603444,2026-03-05,379.198,379.418,385.008,376.628,12166.000
603444,2026-03-06,377.888,381.788,381.788,374.528,10280.000
603444,2026-03-09,373.028,374.028,375.528,366.628,14507.000
603444,2026-03-10,377.838,385.678,386.468,377.128,13917.000
603444,2026-03-11,385.028,382.008,389.528,382.008,9176.000
603444,2026-03-12,380.388,374.028,382.788,372.258,11288.000
603444,2026-03-13,378.228,374.318,383.918,372.048,13635.000
603444,2026-03-16,371.978,376.528,378.548,371.088,10819.000
603444,2026-03-17,377.638,379.528,387.978,376.028,12424.000
603444,2026-03-18,379.028,376.408,379.708,372.618,10853.000
603444,2026-03-19,372.578,366.808,373.828,365.028,11816.000
603444,2026-03-20,369.288,365.328,372.908,365.178,10873.000
603444,2026-03-23,358.028,348.428,360.218,345.668,15343.000
603444,2026-03-24,353.028,357.528,357.808,351.028,13228.000
603444,2026-03-25,359.628,366.128,367.358,358.358,11418.000
603444,2026-03-26,367.028,357.608,368.028,356.158,13599.000
603444,2026-03-27,363.028,364.128,368.328,359.028,19017.000
603444,2026-03-30,358.538,356.528,365.028,352.428,16343.000
603444,2026-03-31,356.828,355.728,364.358,354.678,12611.000
603444,2026-04-01,361.028,368.028,368.218,353.228,24870.000
603444,2026-04-02,365.528,357.578,365.998,356.528,15555.000
603444,2026-04-03,358.028,352.218,359.648,351.308,9561.000
603444,2026-04-07,352.208,348.998,355.908,347.268,10355.000
603444,2026-04-08,355.828,364.988,365.028,355.058,18771.000
603444,2026-04-09,360.948,352.048,361.018,350.818,18582.000
603444,2026-04-10,354.028,360.028,364.358,353.028,19580.000
603444,2026-04-13,359.028,349.078,359.028,348.028,22209.000
603444,2026-04-14,351.228,350.608,353.018,347.528,14241.000
603444,2026-04-15,363.018,386.368,386.368,363.018,37149.000
603444,2026-04-16,384.368,379.458,384.368,373.028,46155.000
603444,2026-04-17,377.778,376.008,381.828,374.288,21673.000
603444,2026-04-20,376.038,381.408,381.828,374.728,24408.000
603444,2026-04-21,379.078,377.028,383.968,374.538,20737.000
603444,2026-04-22,375.708,379.528,380.908,371.028,19173.000
603444,2026-04-23,381.028,380.728,386.008,375.588,24934.000
603444,2026-04-24,384.928,394.998,409.998,379.918,46251.000
603444,2026-04-27,390.198,395.368,402.888,389.028,26318.000
603444,2026-04-28,397.008,410.018,410.898,394.058,30388.000
603444,2026-04-29,406.028,408.628,416.238,406.028,25415.000
603444,2026-04-30,406.228,399.638,407.908,399.628,20452.000
603444,2026-05-06,398.028,395.588,398.028,390.648,26056.000
603444,2026-05-07,395.578,391.938,395.588,388.028,22775.000
603444,2026-05-08,390.328,391.038,398.068,390.038,18303.000
603444,2026-05-11,388.078,386.428,390.928,384.028,20649.000
603444,2026-05-12,386.358,376.718,386.428,376.478,20288.000
603444,2026-05-13,373.028,382.778,384.008,373.028,16477.000
603444,2026-05-14,382.948,374.698,388.828,374.588,14893.000
603444,2026-05-15,374.688,376.288,377.538,371.828,12047.000
603444,2026-05-18,373.118,366.528,374.938,366.028,13319.000
603444,2026-05-19,367.048,372.958,373.528,367.048,11682.000
603444,2026-05-20,371.028,377.528,379.428,369.028,15731.000
603444,2026-05-21,377.000,364.460,378.770,364.000,19921.000
603444,2026-05-22,364.420,355.100,365.800,354.720,16343.000
603444,2026-05-25,352.980,341.900,355.870,339.000,21343.000
603444,2026-05-26,339.500,340.010,343.800,335.230,12762.000
603444,2026-05-27,339.180,341.600,346.530,338.040,13750.000
603444,2026-05-28,341.600,330.990,341.600,326.880,16906.000
603444,2026-05-29,330.890,331.950,336.400,328.200,13290.000
603444,2026-06-01,331.950,342.050,343.630,330.000,18948.000
603444,2026-06-02,341.000,336.520,341.950,332.100,14286.000
603444,2026-06-03,334.000,334.360,339.320,329.980,12262.000
603444,2026-06-04,331.530,328.300,333.770,326.910,11688.000
603444,2026-06-05,329.780,334.970,345.000,328.300,16403.000
603444,2026-06-08,329.000,324.410,339.990,323.710,16135.000
603444,2026-06-09,329.000,324.510,329.000,321.500,10414.000
603444,2026-06-10,322.000,325.650,325.800,318.000,12117.000
603444,2026-06-11,322.950,327.420,330.800,321.790,11786.000
603444,2026-06-12,330.000,338.600,343.900,324.490,23960.000
603444,2026-06-15,338.200,341.370,343.290,335.000,14515.000
603444,2026-06-16,339.830,329.460,339.830,329.040,17414.000
603444,2026-06-17,328.000,324.880,328.680,322.500,11927.000
603444,2026-06-18,323.200,326.150,328.140,320.610,10350.000
603444,2026-06-22,325.000,332.800,332.880,320.060,19297.000
603444,2026-06-23,329.810,323.410,331.680,322.390,13345.000
603444,2026-06-24,321.010,334.420,335.000,321.000,19614.000
603444,2026-06-25,329.000,345.960,355.950,328.330,27768.000
603444,2026-06-26,342.510,351.150,355.980,333.260,28109.000
603444,2026-06-29,348.000,359.000,365.000,342.580,27670.000
603444,2026-06-30,354.980,358.420,359.600,348.230,21586.000
603444,2026-07-01,359.000,363.880,366.000,348.200,25890.000
603444,2026-07-02,362.970,364.980,379.000,361.500,31096.000
603444,2026-07-03,365.380,358.020,368.960,356.000,18844.000
603444,2026-07-06,354.000,361.500,365.000,353.380,15371.000
603444,2026-07-07,359.000,374.500,390.000,357.880,38186.000
603444,2026-07-08,373.500,359.750,373.500,359.700,24619.000
603444,2026-07-09,355.760,354.010,363.000,348.500,19756.000
603444,2026-07-10,351.000,360.200,369.990,341.910,27336.000
603444,2026-07-13,356.000,343.700,360.990,341.880,21829.000
603444,2026-07-14,343.330,339.690,344.690,330.990,16836.000
603444,2026-07-15,345.000,366.440,372.900,344.000,33969.000
603444,2026-07-16,363.000,360.800,371.660,356.530,21799.000
603444,2026-07-17,356.000,340.740,364.290,340.660,24156.000
603444,2026-07-20,342.000,351.940,354.000,338.110,20420.000
603444,2026-07-21,350.980,356.000,360.500,348.120,19646.000
603444,2026-07-22,364.000,356.800,365.680,355.500,22714.000
603444,2026-07-23,355.190,358.680,358.800,345.230,18054.000
603444,2026-07-24,348.600,347.800,355.000,347.800,11948.000
603444,2026-07-27,347.790,352.660,352.870,344.220,10805.000
603444,2026-07-28,350.950,347.900,354.490,346.670,14454.000
603444,2026-07-29,349.000,376.430,379.780,348.900,41425.000
603444,2026-07-30,374.500,383.340,392.180,372.000,33379.000
603444,2026-07-31,373.750,389.350,395.980,373.580,37091.000
603444,2026-08-03,390.990,385.010,395.770,382.830,26872.000
603444,2026-08-04,386.770,392.490,394.590,383.000,22756.000
603444,2026-08-05,391.000,392.000,399.570,390.000,23547.000
603444,2026-08-06,390.000,383.520,396.980,382.000,22360.000
603444,2026-08-07,384.450,382.670,385.000,378.380,16624.000
603444,2026-08-10,382.130,394.800,395.420,381.000,19631.000
603444,2026-08-11,394.360,386.250,399.980,385.750,21440.000
603444,2026-08-12,386.250,383.300,389.720,382.580,13936.000
603444,2026-08-13,383.000,384.250,389.790,380.630,18920.000
603444,2026-08-14,383.900,390.300,392.000,374.000,32747.000
603444,2026-08-17,388.770,389.800,392.510,381.130,21686.000
603444,2026-08-18,389.000,382.920,389.800,381.100,14659.000
603444,2026-08-19,381.000,384.790,390.990,378.510,23009.000
603444,2026-08-20,385.000,393.910,397.330,384.790,24289.000
603444,2026-08-21,390.000,383.810,391.470,380.100,20179.000
603444,2026-08-24,382.810,380.820,385.520,376.920,12143.000
603444,2026-08-25,379.650,385.090,386.480,377.300,10317.000
603444,2026-08-26,383.590,386.340,390.880,382.810,9388.000
603444,2026-08-27,387.000,388.360,388.450,382.510,11327.000
603444,2026-08-28,386.170,388.080,390.140,385.900,8265.000
603444,2026-08-31,386.000,383.490,390.860,380.410,14121.000
603444,2026-09-01,383.990,387.480,391.990,382.520,17107.000
603444,2026-09-02,385.580,378.570,388.990,378.020,15543.000
603444,2026-09-03,378.600,380.960,386.720,378.600,11711.000
603444,2026-09-04,380.890,399.900,408.500,380.840,38169.000
300307,2026-01-09,7.240,7.270,7.290,7.200,143702.000
300307,2026-01-12,7.290,7.430,7.450,7.260,231957.000
300307,2026-01-13,7.440,7.310,7.460,7.290,174739.000
300307,2026-01-14,7.280,7.800,7.970,7.280,674424.000
300307,2026-01-15,7.680,7.560,7.740,7.510,386861.000
300307,2026-01-16,7.640,7.610,7.720,7.560,284776.000
300307,2026-01-19,7.580,7.530,7.580,7.430,154806.000
300307,2026-01-20,7.530,7.450,7.560,7.410,142805.000
300307,2026-01-21,7.400,7.520,7.540,7.380,143854.000
300307,2026-01-22,7.490,7.490,7.590,7.460,149298.000
300307,2026-01-23,7.480,7.610,7.650,7.470,190414.000
300307,2026-01-26,7.600,7.440,7.630,7.400,164326.000
300307,2026-01-27,7.430,7.470,7.490,7.230,182292.000
300307,2026-01-28,7.460,7.490,7.550,7.440,171411.000
300307,2026-01-29,7.380,7.320,7.480,7.310,141948.000
300307,2026-01-30,7.300,7.160,7.330,7.120,144699.000
300307,2026-02-02,7.140,7.070,7.210,7.050,98920.000
300307,2026-02-03,7.120,7.210,7.220,7.110,83585.000
300307,2026-02-04,7.200,7.260,7.310,7.160,106100.000
300307,2026-02-05,7.180,7.100,7.210,7.100,100033.000
300307,2026-02-06,7.110,7.170,7.240,7.080,97260.000
300307,2026-02-09,7.230,7.320,7.340,7.210,120759.000
300307,2026-02-10,7.300,7.400,7.520,7.280,179331.000
300307,2026-02-11,7.410,7.340,7.530,7.330,136121.000
300307,2026-02-12,7.370,7.290,7.370,7.230,104227.000
300307,2026-02-13,7.270,7.330,7.450,7.270,115783.000
300307,2026-02-24,7.400,7.390,7.420,7.350,108346.000
300307,2026-02-25,7.390,7.410,7.460,7.370,110239.000
300307,2026-02-26,7.420,7.450,7.460,7.380,108353.000
300307,2026-02-27,7.440,7.460,7.500,7.400,109292.000
300307,2026-03-02,7.350,7.220,7.390,7.160,155252.000
300307,2026-03-03,7.260,6.910,7.290,6.900,166120.000
300307,2026-03-04,6.900,6.810,6.940,6.750,116244.000
300307,2026-03-05,6.940,6.970,7.050,6.940,107006.000
300307,2026-03-06,6.960,7.050,7.060,6.920,69297.000
300307,2026-03-09,6.950,6.970,7.000,6.860,107884.000
300307,2026-03-10,7.070,7.180,7.190,7.030,150498.000
300307,2026-03-11,7.210,7.110,7.230,7.090,138828.000
300307,2026-03-12,7.080,7.000,7.110,6.990,98752.000
300307,2026-03-13,6.980,6.980,7.080,6.950,71397.000
300307,2026-03-16,6.970,7.030,7.120,6.930,87417.000
300307,2026-03-17,7.050,6.960,7.100,6.950,71004.000
300307,2026-03-18,6.990,6.980,7.000,6.890,74227.000
300307,2026-03-19,6.890,6.840,6.930,6.830,69770.000
300307,2026-03-20,6.880,6.680,6.910,6.680,78582.000
300307,2026-03-23,6.580,6.230,6.580,6.160,125892.000
300307,2026-03-24,6.340,6.390,6.410,6.230,75269.000
300307,2026-03-25,6.470,6.530,6.550,6.460,66550.000
300307,2026-03-26,6.550,6.430,6.590,6.390,63466.000
300307,2026-03-27,6.370,6.490,6.500,6.340,67502.000
300307,2026-03-30,6.380,6.430,6.440,6.310,58507.000
300307,2026-03-31,6.410,6.500,6.610,6.410,111603.000
300307,2026-04-01,6.600,6.510,6.630,6.460,68901.000
300307,2026-04-02,6.490,6.380,6.500,6.340,55826.000
300307,2026-04-03,6.380,6.180,6.400,6.180,57955.000
300307,2026-04-07,6.210,6.330,6.400,6.180,57681.000
300307,2026-04-08,6.430,6.540,6.550,6.420,75978.000
300307,2026-04-09,6.490,6.420,6.510,6.400,58838.000
300307,2026-04-10,6.460,6.450,6.520,6.450,51599.000
300307,2026-04-13,6.410,6.490,6.500,6.390,50700.000
300307,2026-04-14,6.490,6.540,6.560,6.410,107193.000
300307,2026-04-15,6.530,6.480,6.550,6.460,54169.000
300307,2026-04-16,6.530,6.540,6.560,6.460,63671.000
300307,2026-04-17,6.520,6.530,6.550,6.450,61803.000
300307,2026-04-20,6.520,6.560,6.560,6.480,64352.000
300307,2026-04-21,6.550,6.490,6.560,6.460,54343.000
300307,2026-04-22,6.470,6.430,6.480,6.400,64832.000
300307,2026-04-23,6.420,6.350,6.430,6.320,62086.000
300307,2026-04-24,6.290,6.380,6.410,6.230,69376.000
300307,2026-04-27,6.370,6.480,6.490,6.290,85912.000
300307,2026-04-28,6.470,6.400,6.530,6.360,72405.000
300307,2026-04-29,6.740,6.880,7.110,6.740,380384.000
300307,2026-04-30,6.890,7.020,7.070,6.850,216139.000
300307,2026-05-06,7.010,7.150,7.200,6.940,227763.000
300307,2026-05-07,7.140,7.120,7.250,7.100,141624.000
300307,2026-05-08,7.080,7.190,7.200,7.080,122188.000
300307,2026-05-11,7.220,7.250,7.340,7.200,137185.000
300307,2026-05-12,7.200,7.220,7.290,7.180,110071.000
300307,2026-05-13,7.180,7.290,7.330,7.160,115888.000
300307,2026-05-14,7.290,7.140,7.320,7.120,109833.000
300307,2026-05-15,7.120,7.190,7.320,7.120,118671.000
300307,2026-05-18,7.220,7.340,7.440,7.210,155384.000
300307,2026-05-19,7.370,7.380,7.400,7.270,115601.000
300307,2026-05-20,7.380,7.400,7.440,7.270,131507.000
300307,2026-05-21,7.420,7.290,7.520,7.280,213019.000
300307,2026-05-22,7.220,7.320,7.380,7.180,169109.000
300307,2026-05-25,7.280,7.230,7.370,7.160,146253.000
300307,2026-05-26,7.200,7.140,7.300,7.040,127029.000
300307,2026-05-27,7.100,6.990,7.170,6.960,127458.000
300307,2026-05-28,6.990,6.960,7.040,6.770,131649.000
300307,2026-05-29,6.940,6.740,7.010,6.700,119690.000
300307,2026-06-01,6.720,6.800,6.890,6.630,108876.000
300307,2026-06-02,6.820,6.760,6.910,6.710,120192.000
300307,2026-06-03,6.770,6.820,6.980,6.720,136729.000
300307,2026-06-04,6.770,6.780,6.870,6.710,106103.000
300307,2026-06-05,6.750,7.650,7.790,6.750,666688.000
300307,2026-06-08,7.530,7.450,7.650,7.390,508473.000
300307,2026-06-09,7.450,7.450,7.520,7.280,305725.000
300307,2026-06-10,7.380,7.430,7.630,7.330,305891.000
300307,2026-06-11,7.300,7.750,7.750,7.130,557184.000
300307,2026-06-12,7.710,8.200,8.200,7.620,804005.000
300307,2026-06-15,8.120,8.730,8.770,8.030,827005.000
300307,2026-06-16,8.500,8.380,8.720,8.310,659938.000
300307,2026-06-17,8.440,7.940,8.520,7.750,735566.000
300307,2026-06-18,7.810,8.140,8.680,7.800,709252.000
300307,2026-06-22,8.080,7.970,8.140,7.760,442212.000
300307,2026-06-23,7.870,7.710,7.920,7.640,298360.000
300307,2026-06-24,7.690,7.600,7.760,7.400,247238.000
300307,2026-06-25,7.550,7.200,7.550,7.140,319977.000
300307,2026-06-26,7.160,6.930,7.180,6.880,282998.000
300307,2026-06-29,6.870,7.210,7.340,6.730,403567.000
300307,2026-06-30,7.120,7.370,7.440,6.940,348854.000
300307,2026-07-01,7.280,7.260,7.390,7.090,292971.000
300307,2026-07-02,7.200,7.220,7.430,7.170,247426.000
300307,2026-07-03,7.150,7.440,7.620,7.140,354124.000
300307,2026-07-06,7.650,7.180,7.980,7.170,374291.000
300307,2026-07-07,7.270,6.900,7.360,6.870,309491.000
300307,2026-07-08,6.880,6.720,6.940,6.620,189345.000
300307,2026-07-09,6.740,6.660,6.820,6.400,205468.000
300307,2026-07-10,6.650,6.830,6.930,6.500,190359.000
300307,2026-07-13,6.900,6.650,6.900,6.560,217434.000
300307,2026-07-14,6.650,6.810,6.820,6.580,147541.000
300307,2026-07-15,6.850,6.710,6.920,6.700,143495.000
300307,2026-07-16,6.660,6.710,6.760,6.620,121623.000
300307,2026-07-17,6.680,6.420,6.760,6.360,222930.000
300307,2026-07-20,6.460,6.130,6.560,6.040,253341.000
300307,2026-07-21,6.160,6.260,6.330,5.810,225648.000
300307,2026-07-22,6.230,6.240,6.350,6.150,138426.000
300307,2026-07-23,6.200,6.250,6.290,6.170,93804.000
300307,2026-07-24,6.180,6.070,6.210,6.060,87265.000
300307,2026-07-27,6.080,6.240,6.290,6.050,93864.000
300307,2026-07-28,6.150,6.230,6.300,6.150,105713.000
300307,2026-07-29,6.200,6.440,6.500,6.200,130386.000
300307,2026-07-30,6.370,6.420,6.560,6.360,124359.000
300307,2026-07-31,6.540,6.820,6.920,6.490,333624.000
300307,2026-08-03,6.850,6.930,7.000,6.750,250062.000
300307,2026-08-04,6.940,6.950,7.020,6.830,205041.000
300307,2026-08-05,6.910,6.990,7.200,6.870,306456.000
300307,2026-08-06,6.930,6.920,6.980,6.820,237396.000
300307,2026-08-07,6.960,7.700,7.750,6.950,590401.000
300307,2026-08-10,7.510,7.600,8.140,7.220,862189.000
300307,2026-08-11,7.550,7.660,7.850,7.300,491095.000
300307,2026-08-12,7.540,7.650,7.680,7.520,244420.000
300307,2026-08-13,7.740,7.780,7.950,7.570,330172.000
300307,2026-08-14,7.850,7.810,7.850,7.590,237410.000
300307,2026-08-17,8.200,7.810,8.240,7.500,359384.000
300307,2026-08-18,7.760,8.140,8.200,7.670,558290.000
300307,2026-08-19,8.000,7.220,8.060,7.130,706028.000
300307,2026-08-20,7.220,7.230,7.360,7.150,274282.000
300307,2026-08-21,7.150,7.460,7.530,7.100,303716.000
300307,2026-08-24,7.390,7.400,7.460,7.210,203155.000
300307,2026-08-25,7.310,7.450,7.500,7.250,173883.000
300307,2026-08-26,7.480,7.450,7.580,7.330,199336.000
300307,2026-08-27,7.500,7.530,7.570,7.430,190686.000
300307,2026-08-28,7.510,7.480,7.630,7.470,138632.000
300307,2026-08-31,7.430,7.500,7.510,7.350,159736.000
300307,2026-09-01,7.490,7.440,7.540,7.420,154701.000
300307,2026-09-02,7.350,7.410,7.470,7.290,121980.000
300307,2026-09-03,7.420,7.460,7.530,7.310,152847.000
300307,2026-09-04,7.540,7.340,7.580,7.290,169728.000
300748,2026-01-09,36.190,37.580,38.580,36.190,1116234.000
300748,2026-01-12,38.480,38.260,38.860,36.810,1008709.000
300748,2026-01-13,38.030,36.920,38.100,36.710,628868.000
300748,2026-01-14,36.580,36.440,37.490,35.780,729557.000
300748,2026-01-15,36.280,36.490,37.260,36.250,424743.000
300748,2026-01-16,36.530,37.590,38.100,36.530,718295.000
300748,2026-01-19,37.780,37.900,38.730,37.160,542062.000
300748,2026-01-20,38.080,37.170,38.840,36.690,456007.000
300748,2026-01-21,36.660,37.490,37.960,36.630,369631.000
300748,2026-01-22,37.440,37.590,38.100,37.290,353392.000
300748,2026-01-23,37.790,38.660,38.850,37.500,684087.000
300748,2026-01-26,38.790,38.610,39.550,38.330,690615.000
300748,2026-01-27,38.500,37.840,39.260,37.430,507590.000
300748,2026-01-28,37.580,38.730,38.920,36.390,819241.000
300748,2026-01-29,38.730,40.940,43.880,38.130,1503221.000
300748,2026-01-30,39.300,37.430,39.640,36.790,907432.000
300748,2026-02-02,36.080,34.980,36.520,34.980,543958.000
300748,2026-02-03,35.790,36.750,36.760,35.190,486436.000
300748,2026-02-04,36.880,36.160,37.140,35.630,351894.000
300748,2026-02-05,35.630,34.490,35.910,34.180,372910.000
300748,2026-02-06,33.930,34.770,35.270,33.600,293205.000
300748,2026-02-09,35.330,36.420,36.980,35.170,491708.000
300748,2026-02-10,36.330,36.470,36.930,35.980,295466.000
300748,2026-02-11,36.270,37.540,39.030,36.140,629689.000
300748,2026-02-12,37.280,38.210,38.660,37.140,466414.000
300748,2026-02-13,37.520,37.060,37.910,37.030,322741.000
300748,2026-02-24,37.720,37.320,37.860,37.080,286737.000
300748,2026-02-25,37.320,40.170,40.920,37.320,984543.000
300748,2026-02-26,39.460,39.080,39.980,38.970,577263.000
300748,2026-02-27,39.070,40.860,41.260,38.990,752153.000
300748,2026-03-02,40.440,39.750,40.760,38.930,584294.000
300748,2026-03-03,39.500,36.810,39.710,36.730,617908.000
300748,2026-03-04,35.920,36.860,38.270,35.920,399124.000
300748,2026-03-05,37.490,36.260,37.660,35.810,364860.000
300748,2026-03-06,35.880,35.750,36.390,35.580,280416.000
300748,2026-03-09,34.840,34.920,35.170,33.450,415748.000
300748,2026-03-10,35.460,35.600,35.860,35.130,286825.000
300748,2026-03-11,35.480,35.050,36.130,34.900,275886.000
300748,2026-03-12,34.780,34.660,35.240,34.120,245850.000
300748,2026-03-13,34.320,33.690,34.760,33.600,263536.000
300748,2026-03-16,33.590,33.190,33.740,32.470,296796.000
300748,2026-03-17,33.380,32.380,33.620,32.360,207252.000
300748,2026-03-18,32.650,32.610,32.730,32.030,175821.000
300748,2026-03-19,32.010,31.130,32.030,30.980,280106.000
300748,2026-03-20,31.280,30.520,31.540,30.520,219612.000
300748,2026-03-23,30.520,29.130,30.830,28.990,337080.000
300748,2026-03-24,29.780,29.910,29.970,28.800,283021.000
300748,2026-03-25,30.250,30.610,30.930,30.140,314869.000
300748,2026-03-26,30.870,30.280,30.950,30.180,242240.000
300748,2026-03-27,29.790,30.960,31.280,29.780,288144.000
300748,2026-03-30,30.650,30.830,30.950,30.260,188267.000
300748,2026-03-31,30.720,30.470,31.170,30.450,184288.000
300748,2026-04-01,31.150,31.380,31.580,30.880,312291.000
300748,2026-04-02,31.180,30.410,31.190,30.180,205186.000
300748,2026-04-03,30.510,30.210,30.650,30.130,129464.000
300748,2026-04-07,30.280,30.860,31.230,30.190,224477.000
300748,2026-04-08,31.740,32.250,32.260,31.530,382718.000
300748,2026-04-09,31.780,32.480,33.040,31.670,434053.000
300748,2026-04-10,32.770,32.460,32.950,32.290,329404.000
300748,2026-04-13,32.920,32.620,33.320,32.510,348205.000
300748,2026-04-14,32.680,32.510,32.890,32.040,300236.000
300748,2026-04-15,32.580,31.900,33.110,31.820,289833.000
300748,2026-04-16,32.080,32.450,32.630,31.890,247585.000
300748,2026-04-17,32.240,32.780,32.970,32.240,268031.000
300748,2026-04-20,32.710,33.480,33.580,32.520,381296.000
300748,2026-04-21,33.380,33.660,33.970,33.030,351372.000
300748,2026-04-22,33.280,33.370,33.430,32.790,295700.000
300748,2026-04-23,33.530,32.030,33.680,31.890,352213.000
300748,2026-04-24,31.830,31.700,32.110,31.330,239328.000
300748,2026-04-27,31.590,31.770,32.150,31.390,177226.000
300748,2026-04-28,31.640,30.760,31.710,30.620,262413.000
300748,2026-04-29,30.990,33.270,33.420,30.980,654937.000
300748,2026-04-30,32.870,32.740,33.110,32.440,341768.000
300748,2026-05-06,33.280,34.580,34.980,32.680,622838.000
300748,2026-05-07,34.540,34.520,34.780,34.040,380692.000
300748,2026-05-08,34.290,34.440,34.770,34.180,330187.000
300748,2026-05-11,34.690,36.990,37.780,34.480,906558.000
300748,2026-05-12,37.000,35.730,37.100,35.420,541467.000
300748,2026-05-13,35.320,35.930,36.300,35.320,431136.000
300748,2026-05-14,36.310,34.620,36.310,34.610,403213.000
300748,2026-05-15,35.150,35.430,36.880,34.600,602089.000
300748,2026-05-18,34.800,34.390,35.050,34.110,379161.000
300748,2026-05-19,34.380,33.440,34.390,32.920,392112.000
300748,2026-05-20,33.000,33.700,34.290,32.460,404569.000
300748,2026-05-21,33.580,33.060,35.040,33.010,462128.000
300748,2026-05-22,33.420,34.340,34.650,32.910,419680.000
300748,2026-05-25,34.500,34.950,35.200,34.050,371328.000
300748,2026-05-26,34.800,34.630,35.120,34.080,348085.000
300748,2026-05-27,34.600,33.100,34.710,32.930,355925.000
300748,2026-05-28,33.000,34.000,34.300,32.730,322821.000
300748,2026-05-29,33.960,32.270,33.970,31.280,430247.000
300748,2026-06-01,32.010,30.770,32.190,30.730,314926.000
300748,2026-06-02,30.800,31.320,31.650,29.790,290766.000
300748,2026-06-03,31.150,31.190,31.950,30.750,277265.000
300748,2026-06-04,30.920,30.810,31.240,30.090,232191.000
300748,2026-06-05,30.870,31.120,32.240,30.340,415814.000
300748,2026-06-08,30.300,29.190,30.550,28.900,371606.000
300748,2026-06-09,29.600,30.090,30.120,29.000,279079.000
300748,2026-06-10,29.690,29.410,30.350,29.060,252741.000
300748,2026-06-11,29.190,29.240,29.770,28.810,226872.000
300748,2026-06-12,29.620,30.190,31.600,29.550,425270.000
300748,2026-06-15,30.330,31.410,31.490,30.330,364392.000
300748,2026-06-16,31.110,33.130,33.880,30.900,610625.000
300748,2026-06-17,32.790,32.290,32.960,32.010,390743.000
300748,2026-06-18,32.300,33.430,34.000,32.120,499496.000
300748,2026-06-22,34.000,34.390,34.440,32.950,560175.000
300748,2026-06-23,34.120,32.700,34.380,32.500,449662.000
300748,2026-06-24,32.610,31.910,32.700,31.480,300692.000
300748,2026-06-25,31.900,32.380,33.270,31.280,467048.000
300748,2026-06-26,31.970,30.070,32.350,30.000,399524.000
300748,2026-06-29,30.070,29.430,30.840,28.820,366919.000
300748,2026-06-30,29.550,30.850,30.940,29.050,338969.000
300748,2026-07-01,30.850,30.950,31.700,30.480,305171.000
300748,2026-07-02,32.000,33.000,35.000,31.410,893151.000
300748,2026-07-03,33.500,34.250,35.000,32.900,853633.000
300748,2026-07-06,34.740,32.570,35.700,32.470,629511.000
300748,2026-07-07,32.310,31.690,33.760,31.580,418309.000
300748,2026-07-08,31.270,29.700,31.400,29.700,425381.000
300748,2026-07-09,29.610,28.580,30.180,27.470,509099.000
300748,2026-07-10,28.800,28.690,29.740,28.350,351338.000
300748,2026-07-13,28.500,26.550,28.600,26.550,333268.000
300748,2026-07-14,26.570,27.260,27.290,26.100,265407.000
300748,2026-07-15,27.470,26.880,28.000,26.590,235196.000
300748,2026-07-16,26.680,26.610,26.950,26.180,173827.000
300748,2026-07-17,26.510,25.160,26.660,25.050,250569.000
300748,2026-07-20,25.550,24.840,25.990,24.040,266048.000
300748,2026-07-21,24.860,25.840,25.850,24.770,276601.000
300748,2026-07-22,25.620,25.690,26.070,25.460,196992.000
300748,2026-07-23,25.500,25.900,26.000,25.370,231013.000
300748,2026-07-24,25.400,24.230,25.400,24.220,262125.000
300748,2026-07-27,24.220,24.750,24.750,24.100,186324.000
300748,2026-07-28,24.300,24.200,24.560,24.040,189900.000
300748,2026-07-29,24.200,24.500,24.760,23.660,247928.000
300748,2026-07-30,24.340,24.810,25.100,24.280,289302.000
300748,2026-07-31,25.390,25.600,26.340,25.320,289372.000
300748,2026-08-03,25.650,26.110,26.340,25.430,205231.000
300748,2026-08-04,26.220,26.440,26.640,26.010,233118.000
300748,2026-08-05,27.010,27.130,27.480,26.780,328864.000
300748,2026-08-06,27.650,27.030,28.090,26.810,424377.000
300748,2026-08-07,26.820,27.860,28.300,26.600,462072.000
300748,2026-08-10,27.760,28.400,28.490,27.470,400145.000
300748,2026-08-11,28.150,27.660,28.200,27.640,289289.000
300748,2026-08-12,27.580,27.680,27.850,27.480,166551.000
300748,2026-08-13,27.800,27.080,27.890,27.070,189143.000
300748,2026-08-14,27.070,27.660,28.090,27.070,228479.000
300748,2026-08-17,27.670,27.930,27.940,27.310,176993.000
300748,2026-08-18,27.800,28.080,28.360,27.630,201047.000
300748,2026-08-19,27.690,26.520,27.710,26.410,226218.000
300748,2026-08-20,26.920,27.240,28.130,26.910,312613.000
300748,2026-08-21,27.110,27.570,27.680,26.910,187605.000
300748,2026-08-24,27.990,27.710,28.650,27.370,274013.000
300748,2026-08-25,27.540,27.070,28.000,26.740,200760.000
300748,2026-08-26,26.860,27.000,27.480,26.860,137746.000
300748,2026-08-27,26.770,27.410,27.490,26.710,178373.000
300748,2026-08-28,27.290,27.030,27.460,27.010,136968.000
300748,2026-08-31,26.540,26.980,26.990,26.210,223795.000
300748,2026-09-01,26.800,26.490,27.120,26.380,131691.000
300748,2026-09-02,26.230,25.850,26.230,25.540,174938.000
300748,2026-09-03,26.120,26.560,26.860,26.020,187663.000
300748,2026-09-04,26.740,26.110,26.960,26.000,134220.000
301345,2026-01-09,241.410,249.280,254.300,232.580,22921.000
301345,2026-01-12,248.200,231.500,249.280,226.500,28488.000
301345,2026-01-13,231.500,229.800,235.090,228.080,15392.000
301345,2026-01-14,228.380,221.700,229.310,216.500,26656.000
301345,2026-01-15,220.660,223.100,226.930,219.050,9963.000
301345,2026-01-16,223.890,221.730,224.750,220.140,8464.000
301345,2026-01-19,221.730,223.070,228.390,220.750,12219.000
301345,2026-01-20,223.070,219.200,224.600,218.080,9608.000
301345,2026-01-21,218.490,222.410,224.480,218.400,9521.000
301345,2026-01-22,221.840,215.180,222.430,214.400,14083.000
301345,2026-01-23,215.230,219.150,222.700,213.830,13784.000
301345,2026-01-26,219.160,209.880,219.490,208.780,17694.000
301345,2026-01-27,211.300,211.630,213.300,206.090,12261.000
301345,2026-01-28,211.630,208.580,212.480,206.500,11192.000
301345,2026-01-29,208.600,203.000,210.490,201.640,10935.000
301345,2026-01-30,201.830,206.700,208.930,201.240,9855.000
301345,2026-02-02,206.380,209.140,214.680,204.450,18339.000
301345,2026-02-03,209.580,216.070,220.960,208.850,26080.000
301345,2026-02-04,216.650,219.500,221.480,213.510,14076.000
301345,2026-02-05,219.500,218.780,220.250,215.200,9972.000
301345,2026-02-06,216.180,217.500,222.100,212.600,13215.000
301345,2026-02-09,220.690,217.900,220.970,215.500,8806.000
301345,2026-02-10,217.310,217.070,222.000,215.500,9415.000
301345,2026-02-11,215.510,217.300,218.490,212.500,7668.000
301345,2026-02-12,215.550,209.290,216.400,204.670,17369.000
301345,2026-02-13,207.300,206.510,211.480,205.500,8343.000
301345,2026-02-24,208.450,208.800,216.300,208.440,11806.000
301345,2026-02-25,208.450,208.200,210.490,205.700,7283.000
301345,2026-02-26,206.680,201.940,208.080,196.530,21171.000
301345,2026-02-27,201.490,212.600,214.000,200.400,17772.000
301345,2026-03-02,207.620,205.150,213.170,203.560,13492.000
301345,2026-03-03,205.140,202.280,211.250,201.340,12314.000
301345,2026-03-04,200.480,196.670,203.700,196.600,9836.000
301345,2026-03-05,199.320,196.890,201.080,196.130,8954.000
301345,2026-03-06,196.800,200.500,203.680,195.500,11002.000
301345,2026-03-09,194.480,193.250,195.390,187.500,14603.000
301345,2026-03-10,195.300,205.550,206.380,194.520,15825.000
301345,2026-03-11,206.380,211.100,213.500,203.510,16525.000
301345,2026-03-12,210.500,210.140,213.140,206.000,8901.000
301345,2026-03-13,209.380,207.490,212.150,206.510,8210.000
301345,2026-03-16,206.950,204.000,209.040,203.190,6107.000
301345,2026-03-17,204.500,210.320,213.380,203.590,11475.000
301345,2026-03-18,207.200,208.000,208.980,202.500,7767.000
301345,2026-03-19,205.620,197.590,207.980,196.750,10060.000
301345,2026-03-20,198.180,198.550,202.000,197.100,12239.000
301345,2026-03-23,195.200,200.740,211.370,192.500,15763.000
301345,2026-03-24,204.780,204.490,205.210,199.570,8487.000
301345,2026-03-25,205.030,209.220,212.430,204.500,10199.000
301345,2026-03-26,209.500,210.620,213.490,207.000,8583.000
301345,2026-03-27,208.680,214.560,214.950,207.870,8130.000
301345,2026-03-30,213.010,213.600,215.490,207.470,12462.000
301345,2026-03-31,211.010,215.500,216.530,206.490,13462.000
301345,2026-04-01,216.050,230.400,230.400,212.000,20324.000
301345,2026-04-02,226.250,213.490,228.500,211.100,21613.000
301345,2026-04-03,213.750,212.000,215.470,207.700,10030.000
301345,2026-04-07,209.270,211.100,214.470,206.180,7905.000
301345,2026-04-08,218.510,228.010,229.720,218.510,25054.000
301345,2026-04-09,225.500,220.700,227.000,218.610,16809.000
301345,2026-04-10,222.930,229.100,230.380,220.720,17724.000
301345,2026-04-13,226.720,221.190,231.000,219.860,12517.000
301345,2026-04-14,222.500,217.700,223.000,212.500,15375.000
301345,2026-04-15,217.700,220.240,223.300,215.160,12249.000
301345,2026-04-16,221.500,240.170,244.980,221.190,31882.000
301345,2026-04-17,241.090,238.090,242.490,235.500,13113.000
301345,2026-04-20,239.500,234.440,240.480,233.070,9654.000
301345,2026-04-21,234.400,242.560,246.460,233.500,19838.000
301345,2026-04-22,243.250,278.500,281.480,243.250,38594.000
301345,2026-04-23,277.720,282.070,289.780,276.120,27297.000
301345,2026-04-24,282.320,282.550,285.950,277.540,16589.000
301345,2026-04-27,280.500,274.410,280.770,262.510,19422.000
301345,2026-04-28,277.830,270.000,277.830,262.930,19490.000
301345,2026-04-29,267.970,264.110,267.980,256.580,18868.000
301345,2026-04-30,263.570,270.010,278.000,263.020,13697.000
301345,2026-05-06,272.520,270.710,275.000,264.500,15483.000
301345,2026-05-07,269.880,271.300,272.990,266.860,9009.000
301345,2026-05-08,269.400,267.000,273.000,263.000,11697.000
301345,2026-05-11,265.380,268.360,273.350,261.570,11061.000
301345,2026-05-12,267.990,259.650,268.910,257.440,10581.000
301345,2026-05-13,261.000,260.980,264.800,257.800,8645.000
301345,2026-05-14,263.770,247.560,265.560,246.040,14065.000
301345,2026-05-15,246.880,239.790,249.590,238.400,10897.000
301345,2026-05-18,239.780,231.880,244.920,230.900,14755.000
301345,2026-05-19,232.400,232.300,233.990,227.000,10322.000
301345,2026-05-20,231.060,224.590,232.680,223.110,17922.000
301345,2026-05-21,226.990,222.690,234.480,222.300,18484.000
301345,2026-05-22,223.800,221.840,225.350,221.000,9247.000
301345,2026-05-25,223.010,225.260,231.980,222.900,13633.000
301345,2026-05-26,226.590,223.130,227.590,219.690,9882.000
301345,2026-05-27,222.490,217.390,223.500,215.500,12734.000
301345,2026-05-28,218.000,208.180,218.000,206.220,16548.000
301345,2026-05-29,209.000,206.250,211.140,201.380,17633.000
301345,2026-06-01,207.200,212.320,214.620,206.660,19745.000
301345,2026-06-02,213.500,207.470,216.990,205.990,16213.000
301345,2026-06-03,208.400,202.570,208.600,201.000,14128.000
301345,2026-06-04,201.890,203.780,207.510,201.010,9168.000
301345,2026-06-05,202.020,206.330,207.790,202.020,11737.000
301345,2026-06-08,202.000,198.920,206.090,196.720,13147.000
301345,2026-06-09,198.900,199.700,201.000,197.240,8896.000
301345,2026-06-10,198.990,196.800,200.430,193.300,10307.000
301345,2026-06-11,196.790,195.330,197.690,193.800,6384.000
301345,2026-06-12,197.310,207.430,210.650,196.170,13755.000
301345,2026-06-15,212.630,216.000,220.730,211.020,17625.000
301345,2026-06-16,216.000,209.310,219.500,207.300,12940.000
301345,2026-06-17,206.180,209.500,210.560,204.200,9819.000
301345,2026-06-18,209.500,204.380,211.000,202.800,10396.000
301345,2026-06-22,204.440,214.280,214.850,199.740,22185.000
301345,2026-06-23,216.000,215.950,218.880,211.580,15114.000
301345,2026-06-24,215.950,214.800,222.500,208.800,16975.000
301345,2026-06-25,215.040,218.870,221.580,212.450,12400.000
301345,2026-06-26,217.990,227.830,229.980,217.000,21668.000
301345,2026-06-29,223.270,230.630,230.750,219.080,16365.000
301345,2026-06-30,229.000,231.000,236.330,225.880,17615.000
301345,2026-07-01,227.000,227.990,231.020,223.330,11347.000
301345,2026-07-02,224.000,223.300,229.780,222.050,13299.000
301345,2026-07-03,232.000,231.010,237.000,213.500,26839.000
301345,2026-07-06,231.390,258.020,258.150,230.510,44733.000
301345,2026-07-07,251.150,248.260,259.800,245.870,27409.000
301345,2026-07-08,247.000,267.700,286.000,240.000,44993.000
301345,2026-07-09,262.380,271.930,274.990,257.780,28231.000
301345,2026-07-10,263.860,258.000,276.270,258.000,20352.000
301345,2026-07-13,254.990,240.200,257.900,237.080,23437.000
301345,2026-07-14,240.930,257.000,257.740,238.020,18695.000
301345,2026-07-15,265.000,266.120,273.110,253.000,19811.000
301345,2026-07-16,261.320,265.980,269.990,257.470,16816.000
301345,2026-07-17,261.900,242.310,267.400,242.010,17865.000
301345,2026-07-20,244.990,239.840,257.990,232.950,19442.000
301345,2026-07-21,240.100,251.000,254.000,230.260,19360.000
301345,2026-07-22,255.510,245.000,261.990,242.080,19148.000
301345,2026-07-23,260.010,235.990,265.680,233.000,18177.000
301345,2026-07-24,233.000,256.900,258.860,233.000,23188.000
301345,2026-07-27,255.010,260.000,260.990,249.200,16118.000
301345,2026-07-28,256.030,240.730,256.480,239.000,14021.000
301345,2026-07-29,240.490,242.300,245.000,235.020,14093.000
301345,2026-07-30,238.000,226.300,241.580,215.000,18753.000
301345,2026-07-31,237.620,253.000,262.000,233.010,28131.000
301345,2026-08-03,252.020,248.500,255.000,246.690,12250.000
301345,2026-08-04,248.510,246.500,250.800,243.970,10626.000
301345,2026-08-05,246.500,246.480,249.990,244.020,11583.000
301345,2026-08-06,244.150,252.670,254.200,229.110,24986.000
301345,2026-08-07,250.490,253.730,256.200,248.000,15834.000
301345,2026-08-10,253.800,260.550,273.890,252.500,18608.000
301345,2026-08-11,259.290,254.900,262.990,253.040,10869.000
301345,2026-08-12,252.990,250.960,258.900,248.400,10187.000
301345,2026-08-13,250.960,255.930,262.000,248.530,15184.000
301345,2026-08-14,254.000,254.570,257.750,246.020,9703.000
301345,2026-08-17,254.570,270.990,272.500,254.010,18248.000
301345,2026-08-18,272.420,270.690,272.840,261.020,11489.000
301345,2026-08-19,265.000,255.580,268.390,253.510,12135.000
301345,2026-08-20,255.990,250.100,259.000,248.470,7418.000
301345,2026-08-21,248.000,250.170,251.250,243.300,7101.000
301345,2026-08-24,249.250,242.790,249.260,237.000,8449.000
301345,2026-08-25,240.010,241.000,244.870,238.080,6305.000
301345,2026-08-26,241.270,249.140,255.450,236.360,12272.000
301345,2026-08-27,248.000,247.990,248.500,238.000,7114.000
301345,2026-08-28,246.000,235.100,247.410,234.550,11947.000
301345,2026-08-31,234.560,241.350,244.000,233.000,10591.000
301345,2026-09-01,244.990,236.500,244.990,234.090,9733.000
301345,2026-09-02,234.950,225.790,236.400,224.500,11776.000
301345,2026-09-03,225.800,228.560,230.950,225.140,9295.000
301345,2026-09-04,227.980,229.010,233.680,226.020,10377.000
000893,2026-01-09,50.931,50.791,51.161,49.801,113221.000
000893,2026-01-12,50.811,49.561,51.201,48.641,145107.000
000893,2026-01-13,49.411,50.231,51.021,48.991,105554.000
000893,2026-01-14,50.271,51.351,51.691,49.501,146186.000
000893,2026-01-15,51.611,52.561,53.191,51.051,113531.000
000893,2026-01-16,52.891,51.981,53.891,51.771,118450.000
000893,2026-01-19,51.891,55.191,55.291,51.401,156841.000
000893,2026-01-20,55.401,55.251,56.361,53.261,139445.000
000893,2026-01-21,54.891,57.891,58.611,54.271,144266.000
000893,2026-01-22,58.391,59.911,60.231,57.701,171877.000
000893,2026-01-23,58.901,59.711,60.851,58.051,141249.000
000893,2026-01-26,59.321,59.191,60.851,57.921,162968.000
000893,2026-01-27,59.091,58.021,60.491,56.711,139788.000
000893,2026-01-28,58.121,59.241,59.391,57.111,151537.000
000893,2026-01-29,58.891,57.191,60.011,57.191,135717.000
000893,2026-01-30,56.581,55.911,58.161,54.721,162053.000
000893,2026-02-02,55.221,52.051,55.631,51.891,195531.000
000893,2026-02-03,52.981,55.021,55.141,52.891,164631.000
000893,2026-02-04,55.491,54.441,55.641,53.841,85849.000
000893,2026-02-05,53.941,53.631,55.321,52.801,78335.000
000893,2026-02-06,52.721,53.481,54.271,51.891,148050.000
000893,2026-02-09,54.331,54.181,54.841,53.201,97810.000
000893,2026-02-10,54.121,53.491,54.321,53.191,62972.000
000893,2026-02-11,53.241,55.011,55.541,53.191,113978.000
000893,2026-02-12,55.231,56.481,57.121,54.971,101703.000
000893,2026-02-13,56.091,54.671,56.191,54.611,85809.000
000893,2026-02-24,55.391,56.811,56.841,55.291,87758.000
000893,2026-02-25,56.951,56.341,58.391,55.991,162152.000
000893,2026-02-26,56.291,56.051,57.091,55.341,106393.000
000893,2026-02-27,55.991,56.391,57.121,55.621,83785.000
000893,2026-03-02,57.191,60.741,61.191,57.091,237859.000
000893,2026-03-03,60.651,57.661,61.051,57.571,153370.000
000893,2026-03-04,57.091,58.441,59.991,56.891,145432.000
000893,2026-03-05,58.691,60.891,61.001,57.681,153972.000
000893,2026-03-06,60.891,63.901,64.791,59.691,188477.000
000893,2026-03-09,65.591,65.891,66.891,64.171,301705.000
000893,2026-03-10,63.691,64.081,65.181,62.771,183862.000
000893,2026-03-11,63.451,66.331,66.521,63.151,179026.000
000893,2026-03-12,65.661,67.441,68.891,65.321,163058.000
000893,2026-03-13,67.441,69.081,71.471,66.791,189901.000
000893,2026-03-16,68.991,62.891,70.491,62.291,296303.000
000893,2026-03-17,63.231,60.051,64.271,59.891,250131.000
000893,2026-03-18,60.071,60.821,61.191,58.291,180019.000
000893,2026-03-19,60.491,59.161,61.701,58.771,194598.000
000893,2026-03-20,59.191,59.891,61.941,58.491,182721.000
000893,2026-03-23,58.881,58.211,59.581,57.201,165705.000
000893,2026-03-24,58.641,58.991,60.481,58.091,145912.000
000893,2026-03-25,59.711,59.241,60.991,58.891,113430.000
000893,2026-03-26,59.051,59.631,60.861,58.891,92219.000
000893,2026-03-27,59.361,64.471,65.171,58.791,202046.000
000893,2026-03-30,63.891,64.151,64.751,62.491,119180.000
000893,2026-03-31,63.771,60.991,64.391,60.291,128813.000
000893,2026-04-01,61.891,61.531,62.591,60.561,114505.000
000893,2026-04-02,61.411,61.511,62.391,59.931,80369.000
000893,2026-04-03,62.101,60.191,62.141,57.901,121346.000
000893,2026-04-07,60.091,60.721,61.851,59.721,83594.000
000893,2026-04-08,60.151,62.421,63.501,60.041,134577.000
000893,2026-04-09,62.041,62.131,62.971,61.591,85018.000
000893,2026-04-10,61.991,60.581,62.091,60.471,107660.000
000893,2026-04-13,60.581,59.751,60.881,59.191,123479.000
000893,2026-04-14,60.481,53.941,60.481,53.761,400233.000
000893,2026-04-15,55.491,54.391,56.491,53.131,233181.000
000893,2026-04-16,54.271,56.291,56.671,53.521,181913.000
000893,2026-04-17,56.171,54.271,56.541,53.741,165936.000
000893,2026-04-20,54.101,52.961,54.811,52.891,184238.000
000893,2026-04-21,52.891,53.451,54.471,51.931,120184.000
000893,2026-04-22,53.491,53.141,53.791,52.711,75044.000
000893,2026-04-23,52.901,51.981,53.511,51.491,124171.000
000893,2026-04-24,51.981,53.341,54.371,51.791,131343.000
000893,2026-04-27,53.801,52.371,54.011,51.741,129607.000
000893,2026-04-28,52.291,52.811,54.231,51.971,186428.000
000893,2026-04-29,53.191,55.021,55.101,52.291,180802.000
000893,2026-04-30,55.381,53.941,55.491,53.511,130722.000
000893,2026-05-06,53.941,55.461,56.201,52.811,175540.000
000893,2026-05-07,55.471,54.481,55.991,53.861,130419.000
000893,2026-05-08,54.201,52.881,54.691,51.461,181834.000
000893,2026-05-11,52.881,52.081,52.961,51.811,138643.000
000893,2026-05-12,52.041,53.091,54.391,51.891,168299.000
000893,2026-05-13,52.711,52.201,54.211,51.991,111306.000
000893,2026-05-14,52.191,50.551,52.191,50.551,142602.000
000893,2026-05-15,50.551,51.141,51.861,50.201,120938.000
000893,2026-05-18,50.401,49.591,51.591,49.171,168522.000
000893,2026-05-19,49.651,49.731,50.241,49.101,102457.000
000893,2026-05-20,49.731,49.401,50.391,48.501,102073.000
000893,2026-05-21,49.301,47.021,49.991,46.791,176221.000
000893,2026-05-22,47.191,46.791,47.271,46.401,98325.000
000893,2026-05-25,46.621,47.281,48.241,46.551,131066.000
000893,2026-05-26,47.401,49.291,49.691,47.371,167898.000
000893,2026-05-27,49.091,46.661,49.491,46.591,113626.000
000893,2026-05-28,46.661,45.311,46.841,44.701,124948.000
000893,2026-05-29,45.541,44.191,46.211,43.891,101247.000
000893,2026-06-01,44.841,45.691,46.811,44.631,142191.000
000893,2026-06-02,45.891,46.701,47.291,45.251,125474.000
000893,2026-06-03,46.710,45.620,46.800,45.220,88018.000
000893,2026-06-04,45.330,44.900,45.920,43.920,84337.000
000893,2026-06-05,44.700,47.990,48.800,44.700,232054.000
000893,2026-06-08,47.520,47.150,48.900,46.030,168282.000
000893,2026-06-09,47.210,46.460,47.450,45.430,96767.000
000893,2026-06-10,46.010,45.910,47.410,45.590,75390.000
000893,2026-06-11,45.900,45.100,46.890,44.640,85918.000
000893,2026-06-12,45.150,48.350,48.950,44.260,205270.000
000893,2026-06-15,49.600,48.550,50.950,47.900,163158.000
000893,2026-06-16,48.750,43.700,48.750,43.700,247948.000
000893,2026-06-17,43.000,41.770,43.560,40.580,360791.000
000893,2026-06-18,41.500,40.910,42.300,39.710,227266.000
000893,2026-06-22,40.380,44.310,44.400,40.200,294380.000
000893,2026-06-23,44.310,42.960,44.760,42.900,136302.000
000893,2026-06-24,43.300,44.330,44.550,42.570,190642.000
000893,2026-06-25,43.780,42.970,44.000,41.960,125986.000
000893,2026-06-26,42.570,41.850,43.750,41.650,109230.000
000893,2026-06-29,42.060,41.670,42.270,40.700,119918.000
000893,2026-06-30,41.670,40.890,41.670,40.050,137983.000
000893,2026-07-01,40.540,41.900,42.250,39.410,208608.000
000893,2026-07-02,43.310,41.800,44.100,41.450,187194.000
000893,2026-07-03,42.160,44.920,45.570,42.160,258089.000
000893,2026-07-06,44.530,44.700,45.740,43.810,130225.000
000893,2026-07-07,45.000,42.550,45.000,42.310,114781.000
000893,2026-07-08,42.390,40.580,43.160,40.500,97320.000
000893,2026-07-09,40.110,39.220,40.690,38.110,214273.000
000893,2026-07-10,38.800,39.650,40.690,38.080,125378.000
000893,2026-07-13,39.300,39.820,40.050,38.190,129767.000
000893,2026-07-14,39.560,40.900,41.040,39.100,140775.000
000893,2026-07-15,41.200,42.070,43.280,40.880,221281.000
000893,2026-07-16,41.940,40.650,41.940,40.500,122408.000
000893,2026-07-17,40.520,42.590,43.950,40.270,250566.000
000893,2026-07-20,42.530,44.500,46.000,41.250,265505.000
000893,2026-07-21,45.010,46.060,47.510,44.750,292291.000
000893,2026-07-22,46.020,48.450,49.000,45.510,217587.000
000893,2026-07-23,48.000,50.800,50.860,47.510,206900.000
000893,2026-07-24,49.890,46.370,50.780,46.000,240416.000
000893,2026-07-27,46.130,47.910,48.450,45.710,144674.000
000893,2026-07-28,47.370,50.530,51.290,46.660,217669.000
000893,2026-07-29,50.310,51.330,51.990,49.070,166372.000
000893,2026-07-30,51.600,52.300,54.750,51.460,214385.000
000893,2026-07-31,50.500,51.860,52.500,50.060,171097.000
000893,2026-08-03,51.350,50.520,51.640,49.030,130837.000
000893,2026-08-04,50.420,48.400,50.770,48.250,199138.000
000893,2026-08-05,48.500,49.000,49.570,47.910,145094.000
000893,2026-08-06,49.000,48.180,49.440,47.400,170000.000
000893,2026-08-07,48.440,48.230,48.650,47.330,132221.000
000893,2026-08-10,47.930,48.160,49.200,47.710,119046.000
000893,2026-08-11,48.220,47.350,49.850,47.310,160035.000
000893,2026-08-12,46.610,47.200,47.800,46.460,81498.000
000893,2026-08-13,46.960,45.860,47.190,45.740,127483.000
000893,2026-08-14,45.740,45.350,45.870,45.100,70298.000
000893,2026-08-17,45.640,46.250,46.450,44.910,91246.000
000893,2026-08-18,45.990,47.490,47.630,45.810,157287.000
000893,2026-08-19,47.990,48.220,49.800,47.490,278225.000
000893,2026-08-20,47.670,47.820,49.230,47.270,152712.000
000893,2026-08-21,47.670,47.370,48.250,47.120,95947.000
000893,2026-08-24,47.600,46.530,48.010,46.170,143416.000
000893,2026-08-25,46.390,46.380,48.810,46.240,164923.000
000893,2026-08-26,46.000,48.290,49.120,45.500,176353.000
000893,2026-08-27,48.200,48.280,49.140,47.900,137683.000
000893,2026-08-28,48.100,48.800,49.000,46.870,178574.000
000893,2026-08-31,48.880,47.920,49.180,46.760,170138.000
000893,2026-09-01,47.500,48.560,50.590,47.370,201713.000
000893,2026-09-02,48.500,48.030,48.700,46.500,162672.000
000893,2026-09-03,48.000,47.240,48.710,46.930,107223.000
000893,2026-09-04,47.240,48.410,49.340,47.240,140421.000
600546,2026-01-09,10.205,10.255,10.355,10.155,241043.000
600546,2026-01-12,10.245,10.215,10.355,10.125,251306.000
600546,2026-01-13,10.165,10.055,10.205,10.015,197883.000
600546,2026-01-14,10.065,9.925,10.115,9.855,237602.000
600546,2026-01-15,9.885,9.925,9.995,9.875,136389.000
600546,2026-01-16,9.945,9.875,10.055,9.815,186418.000
600546,2026-01-19,9.875,10.075,10.075,9.865,247097.000
600546,2026-01-20,10.075,10.265,10.325,10.025,428214.000
600546,2026-01-21,10.205,10.125,10.215,10.025,240458.000
600546,2026-01-22,10.125,10.445,10.625,10.065,389269.000
600546,2026-01-23,10.445,10.355,10.465,10.285,211966.000
600546,2026-01-26,10.355,10.545,10.665,10.305,314470.000
600546,2026-01-27,10.465,10.235,10.525,10.175,261039.000
600546,2026-01-28,10.205,10.825,10.865,10.205,602989.000
600546,2026-01-29,10.795,10.965,11.085,10.745,568951.000
600546,2026-01-30,10.895,10.925,11.315,10.745,441916.000
600546,2026-02-02,10.645,10.315,10.915,10.295,401208.000
600546,2026-02-03,10.375,10.255,10.485,10.185,252342.000
600546,2026-02-04,10.325,11.315,11.315,10.305,784280.000
600546,2026-02-05,10.945,10.785,11.065,10.695,634410.000
600546,2026-02-06,10.655,10.675,10.835,10.525,314041.000
600546,2026-02-09,10.715,10.725,10.875,10.645,279470.000
600546,2026-02-10,10.675,10.875,10.965,10.545,307368.000
600546,2026-02-11,10.845,10.895,10.995,10.675,270964.000
600546,2026-02-12,10.895,10.975,11.035,10.795,273395.000
600546,2026-02-13,10.945,10.705,10.985,10.695,203738.000
600546,2026-02-24,10.795,11.225,11.355,10.755,421355.000
600546,2026-02-25,11.205,11.235,11.415,11.145,291172.000
600546,2026-02-26,11.175,11.115,11.325,11.025,186344.000
600546,2026-02-27,11.065,11.435,11.445,11.065,274646.000
600546,2026-03-02,11.605,11.695,11.805,11.365,612720.000
600546,2026-03-03,11.685,12.025,12.455,11.165,1070820.000
600546,2026-03-04,11.745,11.535,11.745,11.185,559043.000
600546,2026-03-05,11.355,11.455,11.525,11.225,372865.000
600546,2026-03-06,11.305,11.365,11.515,11.165,282409.000
600546,2026-03-09,12.025,12.045,12.535,11.925,1195872.000
600546,2026-03-10,11.545,11.565,12.195,11.545,761607.000
600546,2026-03-11,11.525,11.825,11.995,11.375,500221.000
600546,2026-03-12,11.975,12.305,12.385,11.795,713570.000
600546,2026-03-13,12.205,12.035,12.495,11.965,468677.000
600546,2026-03-16,12.145,11.525,12.195,11.475,445031.000
600546,2026-03-17,11.495,11.295,11.685,11.245,362832.000
600546,2026-03-18,11.245,11.345,11.495,11.105,273035.000
600546,2026-03-19,11.535,11.515,11.625,11.305,461340.000
600546,2026-03-20,11.305,11.415,11.725,11.255,302534.000
600546,2026-03-23,11.645,11.495,11.995,11.345,607119.000
600546,2026-03-24,11.305,11.455,11.615,11.285,347132.000
600546,2026-03-25,11.255,11.375,11.445,10.975,424614.000
600546,2026-03-26,11.335,11.555,11.805,11.325,340162.000
600546,2026-03-27,11.405,11.465,11.585,11.325,232832.000
600546,2026-03-30,11.625,11.235,11.665,11.095,306049.000
600546,2026-03-31,11.145,10.745,11.465,10.685,442884.000
600546,2026-04-01,10.705,10.815,10.965,10.535,273367.000
600546,2026-04-02,10.885,10.945,11.095,10.835,232490.000
600546,2026-04-03,10.905,10.695,10.995,10.665,168371.000
600546,2026-04-07,10.645,10.875,10.885,10.595,200637.000
600546,2026-04-08,10.675,10.825,10.855,10.565,394417.000
600546,2026-04-09,10.785,10.855,10.935,10.685,248982.000
600546,2026-04-10,10.795,11.025,11.175,10.775,219023.000
600546,2026-04-13,11.135,11.375,11.605,11.085,342173.000
600546,2026-04-14,11.275,11.495,11.505,11.205,276191.000
600546,2026-04-15,11.455,11.525,11.595,11.105,248445.000
600546,2026-04-16,11.525,11.595,11.635,11.435,194318.000
600546,2026-04-17,11.595,11.305,11.655,11.245,235961.000
600546,2026-04-20,11.615,11.605,11.925,11.345,515109.000
600546,2026-04-21,11.675,11.825,11.875,11.565,263087.000
600546,2026-04-22,11.745,11.755,12.045,11.685,183694.000
600546,2026-04-23,11.625,12.365,12.435,11.625,474482.000
600546,2026-04-24,12.145,12.215,12.475,12.055,351986.000
600546,2026-04-27,12.255,12.535,12.625,12.215,352744.000
600546,2026-04-28,12.495,13.195,13.295,12.465,500672.000
600546,2026-04-29,13.015,13.375,13.645,12.995,478088.000
600546,2026-04-30,13.285,13.705,13.805,13.265,412798.000
600546,2026-05-06,13.545,13.945,13.985,13.095,404797.000
600546,2026-05-07,13.775,13.515,13.825,13.275,362035.000
600546,2026-05-08,13.545,13.095,13.815,12.985,351767.000
600546,2026-05-11,13.175,13.385,13.595,13.135,335362.000
600546,2026-05-12,13.345,13.605,13.775,13.295,281089.000
600546,2026-05-13,13.455,13.325,13.785,13.145,244931.000
600546,2026-05-14,13.315,12.975,13.375,12.945,205020.000
600546,2026-05-15,13.095,13.305,13.525,12.915,288995.000
600546,2026-05-18,13.305,13.465,13.565,13.125,234152.000
600546,2026-05-19,13.295,13.275,13.545,13.235,171835.000
600546,2026-05-20,13.325,13.215,13.395,13.075,148380.000
600546,2026-05-21,13.255,12.995,13.285,12.975,185390.000
600546,2026-05-22,13.035,12.735,13.065,12.655,176813.000
600546,2026-05-25,13.145,13.125,13.515,12.975,309284.000
600546,2026-05-26,12.995,12.975,13.495,12.855,222232.000
600546,2026-05-27,12.955,13.195,13.345,12.805,227440.000
600546,2026-05-28,13.145,13.325,13.665,13.105,246761.000
600546,2026-05-29,13.295,13.525,13.715,13.175,257632.000
600546,2026-06-01,13.525,14.915,14.915,13.195,786122.000
600546,2026-06-02,14.545,14.065,15.375,13.875,791046.000
600546,2026-06-03,13.665,14.345,14.515,13.325,726225.000
600546,2026-06-04,14.045,14.105,14.895,13.625,693238.000
600546,2026-06-05,13.985,13.755,14.195,13.635,484716.000
600546,2026-06-08,13.745,13.275,13.925,13.055,463029.000
600546,2026-06-09,13.155,13.285,13.525,12.965,325059.000
600546,2026-06-10,13.215,12.765,13.305,12.695,293826.000
600546,2026-06-11,12.795,12.675,13.005,12.645,278073.000
600546,2026-06-12,12.545,12.915,13.295,12.425,408584.000
600546,2026-06-15,12.715,12.355,12.945,12.195,466685.000
600546,2026-06-16,12.295,12.365,12.465,12.095,275626.000
600546,2026-06-17,12.345,12.195,12.485,12.115,193765.000
600546,2026-06-18,12.225,11.955,12.225,11.895,188614.000
600546,2026-06-22,11.955,12.175,12.345,11.735,275501.000
600546,2026-06-23,12.085,11.945,12.415,11.925,167730.000
600546,2026-06-24,11.945,11.765,11.985,11.595,182427.000
600546,2026-06-25,11.645,11.405,11.805,11.365,238919.000
600546,2026-06-26,11.435,10.855,11.475,10.825,199719.000
600546,2026-06-29,10.955,10.855,10.985,10.595,188316.000
600546,2026-06-30,10.855,10.575,10.895,10.465,191929.000
600546,2026-07-01,10.565,10.945,11.195,10.445,208936.000
600546,2026-07-02,10.925,11.565,11.755,10.855,382193.000
600546,2026-07-03,11.755,12.305,12.405,11.645,354678.000
600546,2026-07-06,12.195,12.445,12.565,11.895,289034.000
600546,2026-07-07,12.575,11.575,12.575,11.485,308035.000
600546,2026-07-08,11.645,12.045,12.345,11.625,311450.000
600546,2026-07-09,11.775,11.735,12.175,11.655,194219.000
600546,2026-07-10,11.735,11.425,11.735,11.295,177929.000
600546,2026-07-13,11.535,11.535,11.685,11.365,157888.000
600546,2026-07-14,11.525,12.385,12.425,11.515,255768.000
600546,2026-07-15,12.045,12.265,12.415,11.995,262025.000
600546,2026-07-16,12.260,12.030,12.350,11.900,200854.000
600546,2026-07-17,12.080,11.810,12.340,11.720,225623.000
600546,2026-07-20,11.810,12.800,12.950,11.810,355795.000
600546,2026-07-21,12.630,12.360,12.820,12.220,329465.000
600546,2026-07-22,12.430,12.700,12.710,12.130,290932.000
600546,2026-07-23,12.550,13.040,13.150,12.430,318733.000
600546,2026-07-24,12.940,12.300,13.200,12.300,259792.000
600546,2026-07-27,12.150,12.390,12.430,11.910,220273.000
600546,2026-07-28,12.180,12.120,12.210,11.710,296348.000
600546,2026-07-29,12.110,12.490,12.660,12.050,280311.000
600546,2026-07-30,12.550,12.470,12.750,12.340,197012.000
600546,2026-07-31,12.130,12.630,12.750,12.090,242349.000
600546,2026-08-03,12.580,12.330,12.730,12.250,270404.000
600546,2026-08-04,12.270,12.310,12.400,12.010,214425.000
600546,2026-08-05,12.220,12.240,12.360,12.060,170785.000
600546,2026-08-06,12.270,13.220,13.270,12.240,609563.000
600546,2026-08-07,12.870,13.020,13.090,12.610,413132.000
600546,2026-08-10,12.900,13.300,13.350,12.880,290659.000
600546,2026-08-11,13.400,13.110,13.450,13.040,238457.000
600546,2026-08-12,13.010,12.950,13.250,12.860,160793.000
600546,2026-08-13,12.900,12.720,12.980,12.680,183180.000
600546,2026-08-14,12.720,13.060,13.180,12.620,239651.000
600546,2026-08-17,12.950,13.070,13.170,12.800,207087.000
600546,2026-08-18,13.100,13.230,13.470,13.060,291263.000
600546,2026-08-19,13.300,13.070,13.570,12.990,251239.000
600546,2026-08-20,12.900,13.080,13.300,12.880,198137.000
600546,2026-08-21,13.000,13.210,13.360,12.820,218365.000
600546,2026-08-24,13.380,13.660,13.770,13.200,400317.000
600546,2026-08-25,13.660,13.310,13.890,13.280,295068.000
600546,2026-08-26,13.170,13.550,13.640,13.060,220308.000
600546,2026-08-27,13.490,13.970,14.030,13.430,217798.000
600546,2026-08-28,13.950,13.990,14.100,13.750,168440.000
600546,2026-08-31,14.360,14.260,14.380,13.810,296436.000
600546,2026-09-01,14.150,13.770,14.540,13.700,439648.000
600546,2026-09-02,14.000,13.230,14.100,13.180,345615.000
600546,2026-09-03,13.300,13.260,13.580,13.180,245244.000
600546,2026-09-04,13.260,13.170,13.440,13.080,225154.000
600309,2026-01-09,78.750,78.100,79.360,77.160,333619.000
600309,2026-01-12,78.080,76.890,78.630,76.410,375752.000
600309,2026-01-13,76.830,77.510,78.880,76.520,355112.000
600309,2026-01-14,77.420,76.550,79.310,76.550,418676.000
600309,2026-01-15,76.250,78.210,79.690,76.060,399140.000
600309,2026-01-16,78.900,77.470,79.930,76.750,333612.000
600309,2026-01-19,76.650,81.150,81.540,76.140,507344.000
600309,2026-01-20,81.130,84.770,85.720,80.870,696986.000
600309,2026-01-21,84.950,82.830,85.440,82.550,473915.000
600309,2026-01-22,83.920,84.050,85.050,82.550,454922.000
600309,2026-01-23,84.390,83.000,85.210,82.550,397091.000
600309,2026-01-26,83.000,83.720,86.630,82.740,555122.000
600309,2026-01-27,83.700,83.450,86.230,82.280,447546.000
600309,2026-01-28,83.450,86.060,88.730,83.450,810652.000
600309,2026-01-29,86.850,86.350,88.720,84.940,611522.000
600309,2026-01-30,85.710,86.720,88.360,83.940,491902.000
600309,2026-02-02,85.350,79.080,85.710,78.330,828701.000
600309,2026-02-03,80.430,82.090,82.390,80.150,427001.000
600309,2026-02-04,82.550,83.550,83.950,81.730,312621.000
600309,2026-02-05,84.540,82.360,85.140,81.250,272272.000
600309,2026-02-06,80.690,85.450,87.210,80.270,543633.000
600309,2026-02-09,85.600,85.770,87.050,84.410,342524.000
600309,2026-02-10,85.410,84.750,85.410,82.780,322745.000
600309,2026-02-11,84.340,87.600,88.630,83.530,497910.000
600309,2026-02-12,87.550,86.750,88.270,86.450,276028.000
600309,2026-02-13,85.760,83.710,85.810,83.400,342402.000
600309,2026-02-24,85.130,86.000,86.140,83.520,296402.000
600309,2026-02-25,86.630,88.460,90.990,86.550,631195.000
600309,2026-02-26,88.440,88.770,91.030,88.010,416391.000
600309,2026-02-27,88.770,91.750,93.030,88.670,467425.000
600309,2026-03-02,91.850,93.070,93.950,90.630,513071.000
600309,2026-03-03,93.750,89.840,94.200,89.550,495287.000
600309,2026-03-04,87.810,87.210,89.010,85.990,441947.000
600309,2026-03-05,88.740,87.950,89.200,86.440,300582.000
600309,2026-03-06,87.400,91.750,92.230,86.350,380446.000
600309,2026-03-09,92.740,88.710,95.750,87.760,693148.000
600309,2026-03-10,86.780,86.960,87.950,85.750,424174.000
600309,2026-03-11,86.960,88.200,89.050,83.430,616565.000
600309,2026-03-12,88.160,85.350,89.050,85.250,529755.000
600309,2026-03-13,85.060,83.250,86.730,82.920,491371.000
600309,2026-03-16,82.850,78.180,82.950,76.870,798539.000
600309,2026-03-17,78.710,78.900,81.240,78.630,436747.000
600309,2026-03-18,78.950,79.410,79.630,77.800,276044.000
600309,2026-03-19,78.750,77.180,79.300,76.750,352354.000
600309,2026-03-20,77.170,75.750,78.150,75.750,422530.000
600309,2026-03-23,74.180,73.760,75.720,72.110,450661.000
600309,2026-03-24,74.550,73.880,74.790,72.300,318628.000
600309,2026-03-25,75.100,77.200,78.090,75.050,380639.000
600309,2026-03-26,76.750,77.980,79.640,76.350,336462.000
600309,2026-03-27,76.750,78.730,79.590,76.590,279932.000
600309,2026-03-30,77.710,79.360,79.500,77.650,262408.000
600309,2026-03-31,79.460,78.200,79.950,77.970,186981.000
600309,2026-04-01,79.650,81.620,82.170,79.650,369321.000
600309,2026-04-02,81.360,81.460,82.210,80.650,219189.000
600309,2026-04-03,82.050,81.130,83.030,80.780,249403.000
600309,2026-04-07,80.550,85.020,85.530,80.550,423610.000
600309,2026-04-08,83.750,85.190,85.760,82.740,382499.000
600309,2026-04-09,84.660,86.340,86.550,84.340,296315.000
600309,2026-04-10,86.610,87.820,88.350,85.750,291277.000
600309,2026-04-13,87.820,90.950,91.890,87.090,418485.000
600309,2026-04-14,90.790,89.430,90.940,87.810,402115.000
600309,2026-04-15,88.740,87.830,89.730,86.790,366895.000
600309,2026-04-16,87.750,88.850,90.110,87.640,267474.000
600309,2026-04-17,88.250,86.520,88.950,86.250,343329.000
600309,2026-04-20,86.250,86.290,87.730,85.420,298399.000
600309,2026-04-21,86.220,86.240,87.290,81.790,422915.000
600309,2026-04-22,86.240,86.450,88.500,85.840,314230.000
600309,2026-04-23,86.450,86.400,87.650,84.760,347921.000
600309,2026-04-24,86.850,88.290,89.380,86.750,387590.000
600309,2026-04-27,88.250,87.720,89.670,87.250,294399.000
600309,2026-04-28,87.250,88.230,89.090,87.150,254553.000
600309,2026-04-29,87.800,89.100,89.200,87.280,305665.000
600309,2026-04-30,88.750,88.290,89.460,87.260,232585.000
600309,2026-05-06,88.310,88.480,88.520,85.450,359324.000
600309,2026-05-07,87.410,83.550,87.740,82.550,695208.000
600309,2026-05-08,83.550,82.350,84.130,82.160,325571.000
600309,2026-05-11,82.360,82.260,83.100,81.850,338044.000
600309,2026-05-12,82.230,82.040,82.910,81.300,276571.000
600309,2026-05-13,82.340,82.080,82.430,81.250,244474.000
600309,2026-05-14,82.000,80.740,84.400,80.650,347969.000
600309,2026-05-15,81.150,80.560,82.600,80.180,283048.000
600309,2026-05-18,80.050,78.650,80.080,77.880,347492.000
600309,2026-05-19,78.760,78.250,78.950,77.110,236105.000
600309,2026-05-20,77.750,77.750,78.740,76.780,256302.000
600309,2026-05-21,78.070,76.240,79.520,76.240,280952.000
600309,2026-05-22,76.750,76.740,77.250,75.580,219847.000
600309,2026-05-25,77.250,75.600,78.150,75.250,283844.000
600309,2026-05-26,75.250,76.330,76.530,74.850,273646.000
600309,2026-05-27,76.500,75.040,76.510,74.620,243043.000
600309,2026-05-28,75.040,73.850,75.700,72.830,309961.000
600309,2026-05-29,73.850,73.450,74.910,73.110,261798.000
600309,2026-06-01,73.410,75.850,76.440,72.590,446263.000
600309,2026-06-02,75.850,75.160,76.000,74.360,300968.000
600309,2026-06-03,75.000,74.170,75.080,73.010,372697.000
600309,2026-06-04,74.110,72.170,74.110,71.790,350261.000
600309,2026-06-05,72.180,72.460,74.680,71.510,370629.000
600309,2026-06-08,71.430,69.750,72.300,69.280,365739.000
600309,2026-06-09,70.010,69.250,70.250,68.340,308458.000
600309,2026-06-10,68.500,67.900,69.590,67.280,279505.000
600309,2026-06-11,68.530,67.150,68.900,65.900,332944.000
600309,2026-06-12,67.200,71.670,72.830,66.800,602114.000
600309,2026-06-15,73.520,73.500,76.480,72.130,631933.000
600309,2026-06-16,72.500,70.070,72.810,69.850,479165.000
600309,2026-06-17,70.000,70.790,71.120,69.000,332980.000
600309,2026-06-18,70.010,69.050,70.580,68.400,348314.000
600309,2026-06-22,69.120,74.300,74.500,68.320,633988.000
600309,2026-06-23,75.590,72.800,76.840,72.600,552641.000
600309,2026-06-24,72.800,74.700,76.000,72.780,482945.000
600309,2026-06-25,74.010,73.610,74.880,71.850,400889.000
600309,2026-06-26,73.600,71.790,75.200,70.930,352015.000
600309,2026-06-29,71.790,71.930,73.000,69.640,385794.000
600309,2026-06-30,71.010,68.410,71.390,67.280,621297.000
600309,2026-07-01,67.990,68.290,69.580,66.000,611325.000
600309,2026-07-02,67.610,68.600,70.610,67.550,450773.000
600309,2026-07-03,69.480,69.180,71.000,68.080,370634.000
600309,2026-07-06,69.190,71.020,73.480,68.450,471746.000
600309,2026-07-07,73.640,71.050,74.410,70.660,653530.000
600309,2026-07-08,71.500,70.020,72.230,69.680,399325.000
600309,2026-07-09,70.030,68.880,70.030,67.410,413759.000
600309,2026-07-10,68.500,68.710,70.160,66.730,410390.000
600309,2026-07-13,68.710,66.950,68.880,66.900,318228.000
600309,2026-07-14,66.700,69.600,69.800,66.480,377426.000
600309,2026-07-15,69.000,70.090,70.800,68.150,366456.000
600309,2026-07-16,69.690,68.360,70.800,68.240,357405.000
600309,2026-07-17,68.370,70.040,70.910,68.100,559047.000
600309,2026-07-20,70.070,71.990,71.990,68.880,603339.000
600309,2026-07-21,72.000,71.750,73.000,70.880,519522.000
600309,2026-07-22,71.010,74.000,74.700,71.000,543595.000
600309,2026-07-23,74.000,75.490,75.940,72.480,479172.000
600309,2026-07-24,75.350,73.750,75.900,73.570,340328.000
600309,2026-07-27,74.540,74.150,74.540,72.370,280322.000
600309,2026-07-28,74.150,74.200,74.600,72.520,281698.000
600309,2026-07-29,74.580,74.490,75.680,72.700,405257.000
600309,2026-07-30,74.150,76.560,76.570,74.100,437196.000
600309,2026-07-31,75.310,74.510,75.400,73.880,450426.000
600309,2026-08-03,74.280,75.300,75.930,73.210,339598.000
600309,2026-08-04,74.490,73.640,75.180,73.230,342856.000
600309,2026-08-05,73.200,74.450,74.580,72.630,339767.000
600309,2026-08-06,74.120,74.970,75.810,74.000,333198.000
600309,2026-08-07,74.970,75.720,76.800,74.580,351253.000
600309,2026-08-10,75.500,78.010,79.100,75.490,455399.000
600309,2026-08-11,78.040,75.650,79.000,75.620,390773.000
600309,2026-08-12,75.690,75.060,76.380,74.920,242213.000
600309,2026-08-13,74.760,73.110,74.770,73.050,350489.000
600309,2026-08-14,73.020,73.040,73.900,72.920,194273.000
600309,2026-08-17,73.210,73.130,73.600,72.480,287963.000
600309,2026-08-18,72.750,73.270,74.420,72.700,284311.000
600309,2026-08-19,73.010,73.890,74.480,72.900,306461.000
600309,2026-08-20,73.410,75.160,76.300,73.410,377171.000
600309,2026-08-21,75.000,73.980,75.000,73.520,230568.000
600309,2026-08-24,73.950,73.190,74.740,72.600,233401.000
600309,2026-08-25,74.030,72.870,75.430,72.520,406065.000
600309,2026-08-26,72.510,74.490,74.820,71.630,362093.000
600309,2026-08-27,74.260,75.920,76.760,74.010,364260.000
600309,2026-08-28,75.800,78.040,78.180,75.530,476221.000
600309,2026-08-31,78.250,76.320,78.510,75.310,445471.000
600309,2026-09-01,76.100,77.020,78.680,76.000,452199.000
600309,2026-09-02,77.300,75.180,77.600,75.050,309484.000
600309,2026-09-03,75.180,77.380,77.690,74.910,406780.000
600309,2026-09-04,77.660,77.660,79.280,77.180,362485.000
603055,2026-01-09,9.340,9.360,9.400,9.280,72338.000
603055,2026-01-12,9.370,9.270,9.380,9.200,96035.000
603055,2026-01-13,9.310,9.190,9.330,9.180,72329.000
603055,2026-01-14,9.180,9.110,9.260,9.060,86659.000
603055,2026-01-15,9.130,9.100,9.160,9.050,51876.000
603055,2026-01-16,9.110,9.010,9.150,8.990,72969.000
603055,2026-01-19,9.020,9.210,9.250,9.020,75662.000
603055,2026-01-20,9.230,9.260,9.260,9.150,48054.000
603055,2026-01-21,9.250,9.210,9.260,9.160,48240.000
603055,2026-01-22,9.180,9.190,9.250,9.150,61185.000
603055,2026-01-23,9.210,9.230,9.240,9.160,69792.000
603055,2026-01-26,9.250,9.240,9.260,9.040,94694.000
603055,2026-01-27,9.240,9.190,9.240,9.040,72097.000
603055,2026-01-28,9.180,9.130,9.240,9.060,57168.000
603055,2026-01-29,9.090,9.060,9.210,8.980,80917.000
603055,2026-01-30,9.020,9.100,9.140,8.940,58918.000
603055,2026-02-02,9.060,8.780,9.110,8.780,74745.000
603055,2026-02-03,8.820,8.940,8.960,8.820,45102.000
603055,2026-02-04,8.920,9.110,9.140,8.880,64200.000
603055,2026-02-05,9.100,9.160,9.240,9.060,62826.000
603055,2026-02-06,9.090,9.170,9.280,9.060,57553.000
603055,2026-02-09,9.280,9.160,9.280,9.130,49977.000
603055,2026-02-10,9.190,9.140,9.210,9.100,39284.000
603055,2026-02-11,9.130,9.230,9.260,9.100,38645.000
603055,2026-02-12,9.230,9.080,9.230,9.080,41546.000
603055,2026-02-13,9.100,8.960,9.110,8.960,32836.000
603055,2026-02-24,9.020,9.050,9.100,9.020,29218.000
603055,2026-02-25,9.050,9.700,9.880,9.040,290308.000
603055,2026-02-26,9.700,9.790,9.880,9.420,286365.000
603055,2026-02-27,9.720,9.650,9.780,9.540,116848.000
603055,2026-03-02,9.430,9.480,9.560,9.360,109650.000
603055,2026-03-03,9.520,9.430,9.740,9.340,115725.000
603055,2026-03-04,9.330,9.190,9.420,9.140,93378.000
603055,2026-03-05,9.310,9.370,9.450,9.310,88501.000
603055,2026-03-06,9.370,9.550,9.550,9.340,84853.000
603055,2026-03-09,9.500,9.740,10.140,9.480,264950.000
603055,2026-03-10,9.800,9.630,9.840,9.590,95670.000
603055,2026-03-11,9.630,9.730,9.760,9.530,88350.000
603055,2026-03-12,9.760,10.100,10.220,9.740,264336.000
603055,2026-03-13,10.320,9.980,11.110,9.920,476840.000
603055,2026-03-16,9.980,10.350,10.620,9.980,374821.000
603055,2026-03-17,10.220,9.980,10.370,9.950,160286.000
603055,2026-03-18,9.950,9.800,10.060,9.630,149455.000
603055,2026-03-19,9.780,9.710,9.900,9.600,115776.000
603055,2026-03-20,9.770,9.380,9.810,9.380,104326.000
603055,2026-03-23,9.320,8.860,9.320,8.740,154545.000
603055,2026-03-24,8.970,9.250,9.300,8.690,125781.000
603055,2026-03-25,9.240,9.630,9.760,9.120,129834.000
603055,2026-03-26,9.640,9.400,9.680,9.350,70072.000
603055,2026-03-27,9.320,9.380,9.430,9.270,53803.000
603055,2026-03-30,9.250,9.520,9.710,9.190,104110.000
603055,2026-03-31,9.550,9.210,9.610,9.200,76523.000
603055,2026-04-01,9.360,9.190,9.450,9.130,92422.000
603055,2026-04-02,9.190,8.850,9.220,8.650,167119.000
603055,2026-04-03,8.820,8.780,9.060,8.670,103836.000
603055,2026-04-07,8.800,9.340,9.410,8.800,183962.000
603055,2026-04-08,9.380,9.390,9.480,9.160,141883.000
603055,2026-04-09,9.320,9.480,9.630,9.270,119389.000
603055,2026-04-10,9.570,9.620,9.710,9.530,86495.000
603055,2026-04-13,9.620,9.360,9.640,9.230,104958.000
603055,2026-04-14,9.410,9.440,9.510,9.260,84152.000
603055,2026-04-15,9.420,9.290,9.420,9.230,72982.000
603055,2026-04-16,9.290,9.350,9.410,9.260,60231.000
603055,2026-04-17,9.350,9.280,9.390,9.230,72657.000
603055,2026-04-20,9.270,9.270,9.340,9.190,55013.000
603055,2026-04-21,9.260,9.180,9.300,9.150,45601.000
603055,2026-04-22,9.210,9.120,9.270,9.090,53203.000
603055,2026-04-23,9.100,9.040,9.150,8.950,71994.000
603055,2026-04-24,9.010,8.930,9.060,8.920,47451.000
603055,2026-04-27,9.010,8.890,9.010,8.700,89882.000
603055,2026-04-28,8.740,8.870,8.930,8.740,77470.000
603055,2026-04-29,8.820,9.120,9.200,8.780,88174.000
603055,2026-04-30,9.030,8.890,9.070,8.850,77558.000
603055,2026-05-06,8.910,9.010,9.170,8.910,95802.000
603055,2026-05-07,8.920,8.960,9.030,8.880,53115.000
603055,2026-05-08,8.960,9.000,9.030,8.880,54407.000
603055,2026-05-11,9.000,8.960,9.000,8.890,46959.000
603055,2026-05-12,9.000,8.850,9.000,8.840,55859.000
603055,2026-05-13,8.820,8.820,8.900,8.790,50951.000
603055,2026-05-14,8.810,8.610,8.850,8.570,91096.000
603055,2026-05-15,8.610,8.580,8.720,8.560,56630.000
603055,2026-05-18,8.530,8.230,8.610,8.010,155977.000
603055,2026-05-19,8.220,8.300,8.390,8.180,56510.000
603055,2026-05-20,8.300,8.360,8.390,8.200,50011.000
603055,2026-05-21,8.370,8.690,9.120,8.330,250061.000
603055,2026-05-22,8.770,8.490,8.770,8.440,85317.000
603055,2026-05-25,8.500,8.490,8.670,8.330,71798.000
603055,2026-05-26,8.490,8.360,8.540,8.270,70592.000
603055,2026-05-27,8.320,8.470,8.650,8.090,104336.000
603055,2026-05-28,8.370,8.340,8.520,8.270,53889.000
603055,2026-05-29,8.420,8.560,8.670,8.310,105698.000
603055,2026-06-01,8.670,8.600,8.710,8.480,88370.000
603055,2026-06-02,8.620,8.390,8.620,8.350,56087.000
603055,2026-06-03,8.390,8.360,8.400,8.240,39288.000
603055,2026-06-04,8.400,8.080,8.460,7.970,90550.000
603055,2026-06-05,8.080,8.120,8.300,8.000,49285.000
603055,2026-06-08,8.000,8.090,8.170,7.950,51711.000
603055,2026-06-09,8.180,8.390,8.580,8.100,94513.000
603055,2026-06-10,8.350,8.220,8.390,8.150,53046.000
603055,2026-06-11,8.220,8.090,8.220,8.040,42404.000
603055,2026-06-12,8.150,8.300,8.400,8.010,70841.000
603055,2026-06-15,8.360,8.330,8.650,8.250,84798.000
603055,2026-06-16,8.460,8.100,8.460,8.060,71648.000
603055,2026-06-17,8.010,7.860,8.070,7.830,89626.000
603055,2026-06-18,7.810,7.880,7.920,7.620,48190.000
603055,2026-06-22,7.800,8.110,8.240,7.630,89537.000
603055,2026-06-23,8.090,8.500,8.670,8.020,185036.000
603055,2026-06-24,8.520,8.340,8.580,8.310,67490.000
603055,2026-06-25,8.260,8.300,8.400,8.200,55902.000
603055,2026-06-26,8.300,7.930,8.300,7.800,73337.000
603055,2026-06-29,7.970,8.050,8.120,7.770,59410.000
603055,2026-06-30,8.050,7.790,8.050,7.720,65268.000
603055,2026-07-01,7.790,7.950,8.050,7.690,45339.000
603055,2026-07-02,7.930,8.140,8.220,7.860,74152.000
603055,2026-07-03,8.180,8.700,8.880,8.140,213569.000
603055,2026-07-06,8.620,8.810,8.990,8.500,99784.000
603055,2026-07-07,8.900,8.650,8.900,8.590,67889.000
603055,2026-07-08,8.660,8.560,8.770,8.450,56571.000
603055,2026-07-09,8.580,8.400,8.600,8.300,54338.000
603055,2026-07-10,8.450,8.380,8.450,8.250,49296.000
603055,2026-07-13,8.520,8.650,8.850,8.400,109421.000
603055,2026-07-14,8.600,8.660,8.810,8.560,68110.000
603055,2026-07-15,8.520,8.710,8.800,8.520,50700.000
603055,2026-07-16,8.800,8.710,8.820,8.660,55300.000
603055,2026-07-17,8.740,8.490,8.820,8.410,71095.000
603055,2026-07-20,8.500,8.650,8.790,8.480,72350.000
603055,2026-07-21,8.630,8.390,8.700,8.360,68611.000
603055,2026-07-22,8.360,8.220,8.370,8.110,77881.000
603055,2026-07-23,8.250,8.390,8.440,8.170,39406.000
603055,2026-07-24,8.330,8.240,8.410,8.160,38255.000
603055,2026-07-27,8.180,8.240,8.380,8.180,42254.000
603055,2026-07-28,8.290,8.300,8.310,8.150,44463.000
603055,2026-07-29,8.300,8.540,8.570,8.300,69983.000
603055,2026-07-30,8.530,8.710,8.750,8.520,56351.000
603055,2026-07-31,8.790,8.610,8.790,8.550,47150.000
603055,2026-08-03,8.560,8.670,8.750,8.560,36831.000
603055,2026-08-04,8.750,8.520,8.750,8.500,47074.000
603055,2026-08-05,8.540,8.410,8.550,8.370,49237.000
603055,2026-08-06,8.420,8.350,8.440,8.270,52253.000
603055,2026-08-07,8.340,8.200,8.400,8.170,56763.000
603055,2026-08-10,8.200,8.440,8.480,8.190,66145.000
603055,2026-08-11,8.520,8.450,8.690,8.400,67299.000
603055,2026-08-12,8.390,8.800,8.820,8.390,115686.000
603055,2026-08-13,8.790,8.980,9.090,8.740,126961.000
603055,2026-08-14,8.980,8.960,9.160,8.860,72774.000
603055,2026-08-17,8.960,8.990,9.270,8.890,138026.000
603055,2026-08-18,8.990,9.020,9.150,8.940,91519.000
603055,2026-08-19,9.030,8.810,9.050,8.720,86461.000
603055,2026-08-20,8.860,8.740,8.910,8.720,61805.000
603055,2026-08-21,8.750,8.710,8.750,8.590,62130.000
603055,2026-08-24,8.750,8.800,8.840,8.670,57366.000
603055,2026-08-25,8.790,9.150,9.230,8.720,97818.000
603055,2026-08-26,9.150,9.270,9.300,9.120,111494.000
603055,2026-08-27,9.640,9.300,9.660,8.830,339316.000
603055,2026-08-28,9.320,9.490,9.580,9.180,217105.000
603055,2026-08-31,9.410,9.470,9.600,9.360,116729.000
603055,2026-09-01,9.470,9.690,9.810,9.450,143028.000
603055,2026-09-02,9.610,9.560,9.680,9.420,105644.000
603055,2026-09-03,9.560,9.380,9.640,9.350,68185.000
603055,2026-09-04,9.390,9.380,9.500,9.350,72802.000
000989,2026-01-09,8.773,8.783,8.783,8.683,106417.000
000989,2026-01-12,8.803,8.813,8.833,8.723,106283.000
000989,2026-01-13,8.813,8.903,9.083,8.803,233896.000
000989,2026-01-14,8.903,8.833,8.983,8.763,166995.000
000989,2026-01-15,8.823,8.773,8.983,8.763,98285.000
000989,2026-01-16,8.713,8.523,8.723,8.493,186990.000
000989,2026-01-19,8.523,8.583,8.593,8.433,79817.000
000989,2026-01-20,8.603,8.563,8.623,8.523,67372.000
000989,2026-01-21,8.533,8.543,8.563,8.503,67935.000
000989,2026-01-22,8.553,8.563,8.583,8.523,53715.000
000989,2026-01-23,8.573,8.713,8.713,8.563,93897.000
000989,2026-01-26,8.713,8.783,8.843,8.643,137286.000
000989,2026-01-27,8.773,8.653,8.783,8.533,109483.000
000989,2026-01-28,8.643,8.543,8.643,8.523,84950.000
000989,2026-01-29,8.513,8.533,8.583,8.433,71658.000
000989,2026-01-30,8.543,8.523,8.603,8.463,68167.000
000989,2026-02-02,8.503,8.423,8.553,8.403,60234.000
000989,2026-02-03,8.433,8.483,8.493,8.403,48764.000
000989,2026-02-04,8.463,8.563,8.563,8.433,54911.000
000989,2026-02-05,8.553,8.633,8.693,8.523,87772.000
000989,2026-02-06,8.883,8.953,9.263,8.873,428123.000
000989,2026-02-09,8.793,8.863,9.073,8.793,234439.000
000989,2026-02-10,8.833,8.883,8.993,8.803,159364.000
000989,2026-02-11,8.883,8.843,8.903,8.783,101892.000
000989,2026-02-12,8.803,8.693,8.823,8.683,118983.000
000989,2026-02-13,8.683,8.693,8.753,8.683,56454.000
000989,2026-02-24,8.723,8.683,8.773,8.653,87477.000
000989,2026-02-25,8.673,8.703,8.733,8.653,75770.000
000989,2026-02-26,8.713,8.683,8.743,8.653,68997.000
000989,2026-02-27,8.673,8.713,8.713,8.613,88311.000
000989,2026-03-02,8.503,8.533,8.683,8.493,90290.000
000989,2026-03-03,8.523,8.303,8.583,8.303,119935.000
000989,2026-03-04,8.263,8.133,8.293,8.093,82751.000
000989,2026-03-05,8.213,8.203,8.253,8.153,50022.000
000989,2026-03-06,8.193,8.393,8.403,8.153,69610.000
000989,2026-03-09,8.303,8.403,8.413,8.253,63598.000
000989,2026-03-10,8.453,8.653,8.763,8.443,131394.000
000989,2026-03-11,8.733,8.783,8.833,8.623,153251.000
000989,2026-03-12,8.733,8.733,8.783,8.663,69158.000
000989,2026-03-13,8.733,8.763,8.893,8.703,122542.000
000989,2026-03-16,8.773,8.793,8.813,8.703,83512.000
000989,2026-03-17,8.803,8.773,8.873,8.763,93455.000
000989,2026-03-18,8.773,8.903,8.953,8.733,126511.000
000989,2026-03-19,8.833,8.623,8.873,8.603,126981.000
000989,2026-03-20,8.693,8.563,8.753,8.543,91900.000
000989,2026-03-23,8.413,8.093,8.453,8.003,166068.000
000989,2026-03-24,8.193,8.433,8.443,8.183,107440.000
000989,2026-03-25,8.423,8.533,8.553,8.403,57702.000
000989,2026-03-26,8.503,8.453,8.673,8.413,85671.000
000989,2026-03-27,9.003,9.083,9.183,8.833,616907.000
000989,2026-03-30,9.023,9.143,9.253,8.993,307767.000
000989,2026-03-31,9.083,9.053,9.243,9.023,214595.000
000989,2026-04-01,9.103,9.323,9.333,9.073,316689.000
000989,2026-04-02,9.273,9.413,9.493,9.213,332629.000
000989,2026-04-03,9.363,9.173,9.393,9.163,257658.000
000989,2026-04-07,9.113,9.303,9.393,9.003,238695.000
000989,2026-04-08,9.303,9.323,9.413,9.193,211905.000
000989,2026-04-09,9.253,9.243,9.403,9.133,179870.000
000989,2026-04-10,9.323,9.273,9.323,9.123,136533.000
000989,2026-04-13,9.203,9.113,9.223,9.063,123478.000
000989,2026-04-14,9.143,9.193,9.203,9.073,106743.000
000989,2026-04-15,9.263,9.583,9.663,9.123,413539.000
000989,2026-04-16,9.493,9.443,9.573,9.343,281932.000
000989,2026-04-17,9.373,9.213,9.413,9.143,185310.000
000989,2026-04-20,9.173,9.173,9.203,9.023,167191.000
000989,2026-04-21,9.123,9.073,9.213,9.023,133496.000
000989,2026-04-22,9.073,9.533,9.803,9.043,360738.000
000989,2026-04-23,9.683,9.573,9.733,9.443,353573.000
000989,2026-04-24,9.573,9.543,9.643,9.443,189542.000
000989,2026-04-27,9.513,9.633,9.713,9.493,274782.000
000989,2026-04-28,9.613,9.523,9.793,9.483,237919.000
000989,2026-04-29,9.443,9.443,9.503,9.303,192182.000
000989,2026-04-30,9.423,9.353,9.453,9.253,153408.000
000989,2026-05-06,9.303,9.273,9.343,9.163,163898.000
000989,2026-05-07,9.293,9.273,9.413,9.203,150847.000
000989,2026-05-08,9.253,9.383,9.523,9.253,180568.000
000989,2026-05-11,9.393,9.393,9.433,9.143,210886.000
000989,2026-05-12,9.363,9.173,9.373,9.153,162862.000
000989,2026-05-13,9.123,9.103,9.193,9.013,132973.000
000989,2026-05-14,9.110,8.880,9.140,8.860,155535.000
000989,2026-05-15,8.870,8.790,8.940,8.720,95851.000
000989,2026-05-18,8.740,8.580,8.780,8.510,114616.000
000989,2026-05-19,8.610,8.670,8.680,8.540,90249.000
000989,2026-05-20,8.670,8.550,8.690,8.500,69576.000
000989,2026-05-21,8.530,8.380,8.640,8.370,110346.000
000989,2026-05-22,8.390,8.130,8.390,8.110,224259.000
000989,2026-05-25,8.160,8.190,8.240,8.100,96582.000
000989,2026-05-26,8.190,8.110,8.200,8.020,88906.000
000989,2026-05-27,8.110,8.110,8.140,8.000,86761.000
000989,2026-05-28,8.080,7.910,8.110,7.840,110676.000
000989,2026-05-29,7.910,8.070,8.140,7.900,131127.000
000989,2026-06-01,8.060,8.260,8.290,8.000,120087.000
000989,2026-06-02,8.300,8.160,8.320,8.140,86047.000
000989,2026-06-03,8.160,8.070,8.160,8.000,73038.000
000989,2026-06-04,8.070,7.900,8.090,7.850,70819.000
000989,2026-06-05,7.920,7.980,8.090,7.920,69841.000
000989,2026-06-08,7.950,7.820,8.030,7.760,79245.000
000989,2026-06-09,7.830,7.900,7.970,7.800,63120.000
000989,2026-06-10,7.830,7.980,8.000,7.750,91860.000
000989,2026-06-11,7.900,7.790,7.970,7.730,76185.000
000989,2026-06-12,7.810,7.980,7.990,7.780,85444.000
000989,2026-06-15,7.980,8.070,8.130,7.980,82336.000
000989,2026-06-16,8.080,7.960,8.080,7.910,73547.000
000989,2026-06-17,7.970,7.860,7.980,7.810,69620.000
000989,2026-06-18,7.870,7.900,7.980,7.740,62221.000
000989,2026-06-22,7.910,7.950,7.960,7.600,120111.000
000989,2026-06-23,7.920,8.170,8.280,7.910,148741.000
000989,2026-06-24,8.170,8.120,8.350,8.090,139707.000
000989,2026-06-25,8.050,7.940,8.090,7.730,118377.000
000989,2026-06-26,7.900,7.580,7.990,7.570,109636.000
000989,2026-06-29,7.530,7.980,8.000,7.400,178444.000
000989,2026-06-30,7.910,7.770,7.950,7.740,117878.000
000989,2026-07-01,7.750,8.170,8.200,7.660,195045.000
000989,2026-07-02,8.110,8.190,8.330,8.080,148326.000
000989,2026-07-03,8.220,8.310,8.330,8.180,128998.000
000989,2026-07-06,8.350,8.420,8.530,8.260,152390.000
000989,2026-07-07,8.330,8.160,8.380,8.140,144377.000
000989,2026-07-08,8.130,8.210,8.280,8.030,102614.000
000989,2026-07-09,8.160,8.080,8.320,7.980,114859.000
000989,2026-07-10,8.060,8.160,8.240,7.930,120942.000
000989,2026-07-13,8.390,8.980,8.980,8.310,757731.000
000989,2026-07-14,9.150,9.470,9.580,9.140,1121205.000
000989,2026-07-15,9.200,9.990,10.320,9.100,1208101.000
000989,2026-07-16,9.610,9.660,9.990,9.200,941771.000
000989,2026-07-17,9.550,9.030,9.740,8.950,769741.000
000989,2026-07-20,8.980,9.090,9.230,8.770,649188.000
000989,2026-07-21,8.890,8.910,8.960,8.600,535948.000
000989,2026-07-22,8.860,9.080,9.270,8.830,537939.000
000989,2026-07-23,8.960,9.160,9.290,8.910,421677.000
000989,2026-07-24,9.000,8.750,9.250,8.710,359871.000
000989,2026-07-27,8.610,9.190,9.200,8.600,429360.000
000989,2026-07-28,9.160,9.060,9.360,9.040,329542.000
000989,2026-07-29,9.060,9.010,9.170,8.980,310480.000
000989,2026-07-30,8.980,8.850,9.220,8.840,404758.000
000989,2026-07-31,8.770,9.050,9.050,8.730,274133.000
000989,2026-08-03,9.090,9.180,9.230,9.020,286568.000
000989,2026-08-04,9.180,9.240,9.280,9.060,296526.000
000989,2026-08-05,9.200,9.090,9.230,9.000,305182.000
000989,2026-08-06,9.090,9.050,9.170,8.960,309889.000
000989,2026-08-07,9.010,9.480,9.480,8.960,625029.000
000989,2026-08-10,9.520,9.500,9.650,9.390,493123.000
000989,2026-08-11,9.410,9.360,9.540,9.340,278772.000
000989,2026-08-12,9.300,9.380,9.550,9.290,259083.000
000989,2026-08-13,9.330,9.530,9.690,9.180,575842.000
000989,2026-08-14,9.460,9.530,9.650,9.340,372204.000
000989,2026-08-17,9.490,9.620,9.670,9.120,441265.000
000989,2026-08-18,9.530,9.410,9.770,9.360,295350.000
000989,2026-08-19,9.350,9.240,9.800,9.220,376267.000
000989,2026-08-20,9.470,9.520,9.670,9.240,418673.000
000989,2026-08-21,9.360,9.040,9.370,8.960,385837.000
000989,2026-08-24,8.960,8.660,9.030,8.540,340028.000
000989,2026-08-25,8.600,8.850,8.900,8.520,215995.000
000989,2026-08-26,8.800,9.020,9.390,8.800,309087.000
000989,2026-08-27,8.980,9.140,9.170,8.920,233053.000
000989,2026-08-28,9.100,9.140,9.200,9.000,196238.000
000989,2026-08-31,9.100,8.900,9.100,8.870,187934.000
000989,2026-09-01,8.890,9.190,9.200,8.850,250172.000
000989,2026-09-02,9.110,9.050,9.180,9.010,151104.000
000989,2026-09-03,9.050,8.920,9.080,8.900,143625.000
000989,2026-09-04,8.910,8.930,9.050,8.890,131387.000
002810,2026-01-09,14.902,14.752,14.912,14.452,162015.000
002810,2026-01-12,14.762,14.832,14.842,14.502,120253.000
002810,2026-01-13,14.862,14.642,15.242,14.502,155565.000
002810,2026-01-14,14.602,14.552,14.772,14.402,114855.000
002810,2026-01-15,14.432,14.652,14.872,14.402,81919.000
002810,2026-01-16,14.702,14.802,14.902,14.532,116074.000
002810,2026-01-19,15.002,15.702,15.792,14.852,245570.000
002810,2026-01-20,15.822,17.292,17.292,15.762,194239.000
002810,2026-01-21,17.432,17.002,17.702,16.902,358538.000
002810,2026-01-22,16.802,16.702,17.082,16.542,188882.000
002810,2026-01-23,16.872,18.392,18.392,16.872,299964.000
002810,2026-01-26,18.602,17.412,18.602,17.272,259967.000
002810,2026-01-27,17.332,17.112,17.422,16.652,165892.000
002810,2026-01-28,17.002,16.892,17.382,16.682,175959.000
002810,2026-01-29,17.332,17.392,18.122,17.182,285058.000
002810,2026-01-30,17.192,17.632,17.902,16.912,231051.000
002810,2026-02-02,17.312,16.822,17.902,16.792,167518.000
002810,2026-02-03,17.162,17.772,17.902,17.012,187687.000
002810,2026-02-04,18.092,19.572,19.572,17.832,237874.000
002810,2026-02-05,18.992,18.722,19.482,18.682,251366.000
002810,2026-02-06,18.722,19.402,20.082,18.722,293201.000
002810,2026-02-09,19.592,19.302,19.722,18.852,229067.000
002810,2026-02-10,18.912,18.632,18.952,18.432,160187.000
002810,2026-02-11,18.502,19.712,20.142,18.422,231455.000
002810,2026-02-12,19.372,19.802,20.152,19.362,155098.000
002810,2026-02-13,20.002,18.932,20.052,18.912,149908.000
002810,2026-02-24,19.312,19.632,19.942,19.192,152456.000
002810,2026-02-25,19.402,19.482,20.062,19.202,170027.000
002810,2026-02-26,19.392,18.892,19.432,18.572,173623.000
002810,2026-02-27,19.012,19.412,19.502,18.892,130275.000
002810,2026-03-02,19.192,18.952,19.532,18.772,105513.000
002810,2026-03-03,18.892,17.372,19.062,17.372,184170.000
002810,2026-03-04,17.152,18.002,18.302,17.062,153115.000
002810,2026-03-05,18.362,17.852,18.502,17.802,79631.000
002810,2026-03-06,17.712,18.832,19.132,17.712,149776.000
002810,2026-03-09,18.622,18.902,19.042,18.102,102419.000
002810,2026-03-10,19.052,19.142,19.432,18.732,88821.000
002810,2026-03-11,19.202,19.072,19.632,18.912,88503.000
002810,2026-03-12,19.112,18.682,19.242,18.652,69623.000
002810,2026-03-13,18.552,18.982,19.252,18.512,83614.000
002810,2026-03-16,18.882,18.602,19.282,18.152,112730.000
002810,2026-03-17,18.602,18.272,18.842,18.102,84012.000
002810,2026-03-18,18.302,18.802,19.032,18.002,105610.000
002810,2026-03-19,18.702,19.202,19.382,18.352,158420.000
002810,2026-03-20,19.362,20.212,21.132,19.362,235887.000
002810,2026-03-23,19.822,20.112,20.652,19.662,181572.000
002810,2026-03-24,20.402,20.372,21.632,20.072,183326.000
002810,2026-03-25,20.432,20.612,20.792,20.162,141034.000
002810,2026-03-26,20.612,20.602,20.872,20.302,123640.000
002810,2026-03-27,20.172,20.622,20.682,19.982,116286.000
002810,2026-03-30,22.702,22.702,22.702,21.342,267179.000
002810,2026-03-31,22.772,23.242,24.302,22.502,424868.000
002810,2026-04-01,23.482,23.822,24.602,23.472,269568.000
002810,2026-04-02,23.492,22.842,23.622,22.572,238153.000
002810,2026-04-03,22.802,22.152,22.982,21.682,193483.000
002810,2026-04-07,22.582,22.362,22.922,22.192,120704.000
002810,2026-04-08,22.522,23.462,23.872,22.282,192324.000
002810,2026-04-09,22.952,23.402,23.602,22.712,116541.000
002810,2026-04-10,23.432,23.112,23.502,22.822,101866.000
002810,2026-04-13,22.802,24.432,24.432,22.442,218386.000
002810,2026-04-14,24.302,23.252,24.302,22.602,200204.000
002810,2026-04-15,22.812,23.152,23.472,22.702,90082.000
002810,2026-04-16,23.152,24.282,24.582,22.812,151175.000
002810,2026-04-17,24.272,25.582,25.762,23.952,200050.000
002810,2026-04-20,25.592,26.012,26.552,24.842,143565.000
002810,2026-04-21,26.292,26.482,28.302,26.182,205627.000
002810,2026-04-22,26.272,26.342,26.702,26.102,117498.000
002810,2026-04-23,26.072,26.082,26.782,25.432,115916.000
002810,2026-04-24,26.072,28.712,28.712,26.002,198261.000
002810,2026-04-27,28.492,28.032,28.982,27.952,182223.000
002810,2026-04-28,28.262,27.252,28.452,27.002,139593.000
002810,2026-04-29,26.722,27.362,27.382,26.232,136142.000
002810,2026-04-30,27.102,26.542,27.362,26.302,139700.000
002810,2026-05-06,26.532,27.582,27.582,25.552,209800.000
002810,2026-05-07,27.282,28.882,28.892,26.812,193327.000
002810,2026-05-08,28.332,28.232,28.942,28.052,98534.000
002810,2026-05-11,28.232,27.542,28.642,27.352,103457.000
002810,2026-05-12,27.702,28.262,28.302,26.882,104136.000
002810,2026-05-13,27.912,25.412,29.432,25.412,235338.000
002810,2026-05-14,27.472,26.502,27.972,24.702,368413.000
002810,2026-05-15,25.712,24.442,25.712,24.282,272633.000
002810,2026-05-18,24.382,24.802,25.252,24.162,122077.000
002810,2026-05-19,24.542,26.092,26.222,24.312,119529.000
002810,2026-05-20,26.092,26.082,26.562,25.712,75389.000
002810,2026-05-21,26.082,25.722,27.112,25.582,108780.000
002810,2026-05-22,25.552,25.812,26.202,25.302,67298.000
002810,2026-05-25,25.972,24.992,26.752,24.832,84823.000
002810,2026-05-26,24.992,24.612,25.202,24.342,84405.000
002810,2026-05-27,24.662,24.002,24.662,23.752,92922.000
002810,2026-05-28,23.992,23.822,24.232,23.302,86111.000
002810,2026-05-29,23.912,22.532,23.972,22.452,155160.000
002810,2026-06-01,22.632,23.442,23.682,22.632,106231.000
002810,2026-06-02,23.472,22.932,23.482,22.802,58408.000
002810,2026-06-03,22.702,22.552,23.052,22.302,53449.000
002810,2026-06-04,22.312,21.572,22.422,21.362,128070.000
002810,2026-06-05,21.532,21.702,22.192,21.152,100596.000
002810,2026-06-08,21.202,20.912,21.932,20.702,87123.000
002810,2026-06-09,21.172,21.242,21.632,20.932,79480.000
002810,2026-06-10,21.232,21.702,21.952,20.952,78693.000
002810,2026-06-11,21.602,21.932,22.182,21.422,61650.000
002810,2026-06-12,22.072,22.852,23.252,21.822,121918.000
002810,2026-06-15,23.312,24.942,25.162,22.672,179217.000
002810,2026-06-16,25.212,25.012,26.262,24.702,171579.000
002810,2026-06-17,24.802,24.422,25.002,24.132,98820.000
002810,2026-06-18,24.302,23.502,24.402,22.902,115940.000
002810,2026-06-22,23.682,24.052,24.132,22.752,111815.000
002810,2026-06-23,24.052,24.972,25.732,23.752,174490.000
002810,2026-06-24,24.972,25.862,26.262,24.902,155839.000
002810,2026-06-25,25.402,24.962,25.862,24.682,121525.000
002810,2026-06-26,24.802,23.702,24.802,23.352,110405.000
002810,2026-06-29,23.592,23.632,23.952,22.602,93239.000
002810,2026-06-30,23.402,24.502,25.222,23.402,143156.000
002810,2026-07-01,24.512,25.462,25.532,24.222,115907.000
002810,2026-07-02,25.212,25.072,25.922,24.482,104940.000
002810,2026-07-03,25.152,25.322,25.712,24.702,104729.000
002810,2026-07-06,25.252,24.412,25.352,23.942,131876.000
002810,2026-07-07,24.102,24.252,24.812,24.102,85331.000
002810,2026-07-08,23.852,21.812,24.002,21.812,125816.000
002810,2026-07-09,20.642,21.002,21.302,19.802,213198.000
002810,2026-07-10,20.962,20.452,21.322,20.452,112400.000
002810,2026-07-13,20.402,19.652,20.582,19.542,98263.000
002810,2026-07-14,19.532,20.282,20.302,19.302,66128.000
002810,2026-07-15,20.280,20.830,21.090,20.050,72407.000
002810,2026-07-16,20.600,19.660,20.690,19.500,73609.000
002810,2026-07-17,19.720,18.950,19.890,18.710,79292.000
002810,2026-07-20,18.940,18.380,19.270,18.100,100528.000
002810,2026-07-21,18.500,18.650,18.910,17.660,82055.000
002810,2026-07-22,18.650,18.890,19.070,18.260,81774.000
002810,2026-07-23,18.880,19.470,19.490,18.510,44757.000
002810,2026-07-24,19.300,19.170,19.490,18.880,35966.000
002810,2026-07-27,19.170,19.820,19.830,19.000,46990.000
002810,2026-07-28,19.780,19.430,19.860,19.190,66399.000
002810,2026-07-29,19.430,19.590,19.990,19.100,64181.000
002810,2026-07-30,19.510,19.460,20.050,19.400,67953.000
002810,2026-07-31,19.510,19.360,19.820,19.230,53780.000
002810,2026-08-03,19.250,19.990,20.090,19.110,66313.000
002810,2026-08-04,20.390,20.160,20.390,19.960,54067.000
002810,2026-08-05,20.070,20.330,20.630,20.030,46091.000
002810,2026-08-06,20.260,20.420,20.560,20.070,39169.000
002810,2026-08-07,20.420,20.240,20.490,20.030,63632.000
002810,2026-08-10,20.240,20.610,20.640,20.130,49632.000
002810,2026-08-11,20.520,20.610,20.910,20.390,41100.000
002810,2026-08-12,20.610,20.530,20.960,20.450,32905.000
002810,2026-08-13,20.670,20.140,20.690,20.100,30666.000
002810,2026-08-14,20.200,20.130,20.480,19.900,38793.000
002810,2026-08-17,20.140,21.170,21.210,19.930,65808.000
002810,2026-08-18,21.090,21.140,21.410,20.750,53741.000
002810,2026-08-19,21.070,21.200,21.750,20.950,82412.000
002810,2026-08-20,21.380,21.270,21.990,21.010,72175.000
002810,2026-08-21,20.930,20.960,21.340,20.620,50759.000
002810,2026-08-24,21.100,21.660,21.700,21.020,71668.000
002810,2026-08-25,21.660,21.450,21.660,20.780,59840.000
002810,2026-08-26,21.480,21.530,21.630,21.100,39808.000
002810,2026-08-27,21.520,21.500,21.550,21.310,30685.000
002810,2026-08-28,21.450,21.630,21.730,21.370,34036.000
002810,2026-08-31,21.520,21.420,21.640,21.240,33091.000
002810,2026-09-01,21.450,21.720,22.150,21.410,61881.000
002810,2026-09-02,21.420,21.040,21.700,20.910,42643.000
002810,2026-09-03,21.080,21.080,21.250,20.900,30643.000
002810,2026-09-04,21.060,21.540,21.780,21.060,45981.000
688087,2026-01-09,30.880,30.840,30.960,30.290,1759512.000
688087,2026-01-12,30.890,30.830,31.050,30.070,1723609.000
688087,2026-01-13,30.700,30.690,31.250,30.490,1498346.000
688087,2026-01-14,30.580,31.050,31.520,30.580,1908388.000
688087,2026-01-15,31.030,32.850,33.130,30.970,3192264.000
688087,2026-01-16,32.720,31.940,32.960,31.840,1875059.000
688087,2026-01-19,32.450,32.680,32.860,32.220,1910037.000
688087,2026-01-20,32.280,33.930,34.630,32.280,3511571.000
688087,2026-01-21,33.760,34.180,34.380,33.080,2180173.000
688087,2026-01-22,34.380,34.020,34.630,33.690,1589799.000
688087,2026-01-23,33.850,34.020,34.130,33.500,1790645.000
688087,2026-01-26,34.310,33.330,34.400,32.970,1796211.000
688087,2026-01-27,33.580,32.780,33.860,32.180,1956846.000
688087,2026-01-28,32.890,33.370,33.620,32.510,1515418.000
688087,2026-01-29,33.330,31.680,33.330,31.400,2610829.000
688087,2026-01-30,31.620,31.860,32.240,31.130,1284461.000
688087,2026-02-02,31.860,30.240,32.110,30.190,2316074.000
688087,2026-02-03,30.870,30.600,30.870,30.070,1322267.000
688087,2026-02-04,30.380,30.980,31.070,30.250,1285795.000
688087,2026-02-05,30.680,31.380,31.710,30.680,1391277.000
688087,2026-02-06,30.890,31.380,31.900,30.890,882985.000
688087,2026-02-09,31.970,31.290,32.070,31.030,1286656.000
688087,2026-02-10,31.240,31.360,31.750,31.090,707604.000
688087,2026-02-11,31.360,31.470,31.730,31.280,1031921.000
688087,2026-02-12,31.560,31.720,32.180,31.350,1306271.000
688087,2026-02-13,31.490,31.390,31.760,31.310,863054.000
688087,2026-02-24,31.830,31.840,32.040,31.230,1242311.000
688087,2026-02-25,31.780,31.880,33.030,31.780,2046628.000
688087,2026-02-26,32.270,32.760,32.860,31.840,1598096.000
688087,2026-02-27,32.470,34.710,35.780,32.470,5917845.000
688087,2026-03-02,34.680,36.880,37.460,34.680,8489159.000
688087,2026-03-03,37.630,37.680,39.080,36.970,11249304.000
688087,2026-03-04,37.680,37.910,38.090,36.380,4619138.000
688087,2026-03-05,37.880,38.760,39.560,37.400,5162832.000
688087,2026-03-06,37.690,43.530,43.990,37.580,8547978.000
688087,2026-03-09,43.880,42.490,44.020,40.800,6964281.000
688087,2026-03-10,40.360,40.930,42.120,40.360,5416496.000
688087,2026-03-11,40.510,41.380,42.490,39.890,5023711.000
688087,2026-03-12,41.110,43.460,45.330,40.930,11030952.000
688087,2026-03-13,42.250,39.680,42.880,39.500,8736660.000
688087,2026-03-16,39.550,40.080,40.270,38.270,5828009.000
688087,2026-03-17,40.220,38.840,40.480,38.580,3177475.000
688087,2026-03-18,38.450,39.780,39.850,38.450,3229617.000
688087,2026-03-19,39.480,40.730,42.260,38.900,6578550.000
688087,2026-03-20,41.550,40.050,41.720,39.890,4506555.000
688087,2026-03-23,39.650,37.160,40.080,37.010,4278100.000
688087,2026-03-24,38.030,38.760,39.050,37.260,3420380.000
688087,2026-03-25,38.590,39.970,40.050,38.010,4770714.000
688087,2026-03-26,39.930,38.590,40.380,38.080,3282270.000
688087,2026-03-27,37.380,39.750,40.290,37.380,2871830.000
688087,2026-03-30,39.450,39.450,41.750,39.050,3513653.000
688087,2026-03-31,39.380,38.580,40.010,38.480,2620154.000
688087,2026-04-01,39.230,38.780,39.980,38.610,2577919.000
688087,2026-04-02,38.780,36.640,38.870,36.400,3767295.000
688087,2026-04-03,36.480,37.500,38.160,36.240,2533598.000
688087,2026-04-07,37.800,38.880,40.420,37.280,3609129.000
688087,2026-04-08,38.880,39.110,39.500,37.890,2619449.000
688087,2026-04-09,39.060,39.170,39.820,38.470,1957086.000
688087,2026-04-10,39.210,39.230,39.670,38.780,1809245.000
688087,2026-04-13,39.640,39.870,40.310,37.530,3533759.000
688087,2026-04-14,40.580,39.020,40.580,38.380,2372165.000
688087,2026-04-15,38.460,37.700,38.860,37.400,2543699.000
688087,2026-04-16,37.700,37.980,38.110,37.240,1504717.000
688087,2026-04-17,38.080,38.050,39.010,37.870,1834581.000
688087,2026-04-20,37.870,37.140,38.020,36.740,2062105.000
688087,2026-04-21,37.480,39.170,39.760,37.190,3351649.000
688087,2026-04-22,39.480,38.880,39.940,38.610,2829088.000
688087,2026-04-23,38.570,39.900,40.760,38.480,3689956.000
688087,2026-04-24,39.830,38.680,40.210,38.340,2188738.000
688087,2026-04-27,38.380,40.080,40.230,37.230,3005524.000
688087,2026-04-28,41.880,44.530,46.160,41.880,10310938.000
688087,2026-04-29,44.530,45.120,45.750,42.700,5964138.000
688087,2026-04-30,45.080,46.580,46.860,44.670,4872973.000
688087,2026-05-06,46.300,46.810,46.870,45.180,3679715.000
688087,2026-05-07,46.800,46.370,47.170,44.590,3422903.000
688087,2026-05-08,46.120,43.840,46.640,43.810,3759953.000
688087,2026-05-11,43.930,44.310,45.680,43.190,6043632.000
688087,2026-05-12,43.880,44.120,44.790,43.440,2564467.000
688087,2026-05-13,43.780,42.300,44.020,42.000,3735202.000
688087,2026-05-14,42.360,42.790,44.630,42.360,4467918.000
688087,2026-05-15,42.790,42.070,43.680,41.300,2800311.000
688087,2026-05-18,41.750,42.280,42.350,40.850,2541697.000
688087,2026-05-19,41.880,43.680,43.950,41.730,2989297.000
688087,2026-05-20,43.260,43.060,45.540,42.650,2248694.000
688087,2026-05-21,43.060,41.580,43.400,41.480,2893610.000
688087,2026-05-22,41.410,41.880,42.680,41.290,2217765.000
688087,2026-05-25,41.680,41.660,43.880,40.890,3524856.000
688087,2026-05-26,41.470,41.850,42.580,40.490,2192585.000
688087,2026-05-27,41.650,38.460,41.850,37.740,4807707.000
688087,2026-05-28,37.860,36.510,38.280,35.840,3516971.000
688087,2026-05-29,36.860,36.520,38.380,36.260,3973393.000
688087,2026-06-01,36.390,37.670,38.630,36.010,3424935.000
688087,2026-06-02,38.150,39.240,39.620,37.430,2882727.000
688087,2026-06-03,39.230,38.460,39.230,37.810,1359883.000
688087,2026-06-04,38.270,36.900,38.270,36.290,1455888.000
688087,2026-06-05,37.710,36.880,37.710,36.100,1880953.000
688087,2026-06-08,37.270,37.230,38.750,35.890,2890056.000
688087,2026-06-09,37.490,38.020,38.390,36.990,1892757.000
688087,2026-06-10,36.860,39.470,39.650,36.840,2822223.000
688087,2026-06-11,39.670,38.880,39.780,38.210,1411280.000
688087,2026-06-12,39.680,39.920,39.980,38.480,1438252.000
688087,2026-06-15,39.880,40.590,41.100,39.080,2989558.000
688087,2026-06-16,40.060,37.740,40.470,37.280,4072934.000
688087,2026-06-17,37.880,38.650,38.730,35.090,3947563.000
688087,2026-06-18,37.990,38.490,39.160,37.090,2829959.000
688087,2026-06-22,38.070,38.730,38.980,36.910,2044189.000
688087,2026-06-23,38.630,38.100,39.390,37.480,1593714.000
688087,2026-06-24,37.800,35.070,38.540,34.470,4599250.000
688087,2026-06-25,34.830,32.810,35.440,32.620,5143915.000
688087,2026-06-26,32.610,31.990,32.900,31.000,4635580.000
688087,2026-06-29,32.500,33.680,33.800,31.040,3682000.000
688087,2026-06-30,34.000,33.420,34.070,32.750,2705668.000
688087,2026-07-01,33.280,34.590,35.450,32.860,2163160.000
688087,2026-07-02,34.320,35.580,35.880,34.170,2746052.000
688087,2026-07-03,35.810,36.040,36.250,35.210,1613450.000
688087,2026-07-06,36.040,36.880,37.950,35.410,3160512.000
688087,2026-07-07,37.080,36.900,37.980,35.810,2189315.000
688087,2026-07-08,36.900,36.170,37.500,35.630,1309634.000
688087,2026-07-09,35.810,35.560,36.670,34.260,2951792.000
688087,2026-07-10,35.870,36.200,37.010,35.010,1379606.000
688087,2026-07-13,36.000,37.660,38.750,35.010,2774920.000
688087,2026-07-14,36.980,37.570,39.650,36.280,2185790.000
688087,2026-07-15,37.270,39.010,39.500,37.010,3562699.000
688087,2026-07-16,39.070,36.740,39.070,36.520,2458004.000
688087,2026-07-17,36.900,36.180,38.230,35.990,2780918.000
688087,2026-07-20,36.590,38.570,38.970,36.020,2483595.000
688087,2026-07-21,38.890,38.380,41.470,37.300,2866506.000
688087,2026-07-22,38.500,38.950,38.950,36.050,2731644.000
688087,2026-07-23,38.260,38.170,38.800,36.520,2273020.000
688087,2026-07-24,38.430,36.940,38.800,36.820,923178.000
688087,2026-07-27,35.000,36.600,37.170,34.770,2218562.000
688087,2026-07-28,36.190,36.500,36.510,35.470,1134411.000
688087,2026-07-29,36.390,38.940,39.470,36.000,2422212.000
688087,2026-07-30,38.620,39.700,39.970,38.410,4742168.000
688087,2026-07-31,39.890,39.580,40.060,38.380,3476597.000
688087,2026-08-03,39.020,39.000,39.590,37.570,3301772.000
688087,2026-08-04,39.660,38.750,40.190,38.660,1403052.000
688087,2026-08-05,39.100,40.110,40.660,38.160,2094497.000
688087,2026-08-06,40.590,40.360,40.880,39.300,1282706.000
688087,2026-08-07,40.000,40.050,41.340,39.730,1402255.000
688087,2026-08-10,40.050,40.800,41.770,39.620,1328832.000
688087,2026-08-11,40.520,39.650,41.880,39.080,1759141.000
688087,2026-08-12,39.360,40.100,40.380,38.810,1768542.000
688087,2026-08-13,40.290,38.930,41.000,38.660,1616203.000
688087,2026-08-14,39.110,37.760,39.460,37.510,2515422.000
688087,2026-08-17,37.820,39.070,39.270,37.230,1785621.000
688087,2026-08-18,39.090,40.340,40.500,38.580,1737486.000
688087,2026-08-19,39.940,40.660,41.660,39.940,2327924.000
688087,2026-08-20,40.990,39.890,41.800,39.390,1634420.000
688087,2026-08-21,39.370,40.210,41.260,38.060,1679313.000
688087,2026-08-24,41.000,40.980,41.500,40.200,1343594.000
688087,2026-08-25,41.100,41.890,43.070,40.310,3214284.000
688087,2026-08-26,42.030,38.560,42.300,37.980,6004315.000
688087,2026-08-27,38.570,38.410,39.370,36.600,4023162.000
688087,2026-08-28,38.320,38.390,38.870,37.560,1839038.000
688087,2026-08-31,38.110,38.260,39.380,38.010,1780728.000
688087,2026-09-01,38.260,39.060,40.100,38.150,2530516.000
688087,2026-09-02,38.670,38.730,39.450,37.480,1520869.000
688087,2026-09-03,38.300,37.680,38.900,37.600,1321316.000
688087,2026-09-04,37.700,38.150,39.110,37.570,1460163.000
002602,2026-01-09,19.000,19.720,19.790,18.690,1933062.000
002602,2026-01-12,20.040,19.320,20.620,19.310,2997411.000
002602,2026-01-13,19.540,19.600,20.260,19.500,2489314.000
002602,2026-01-14,19.500,19.240,19.920,19.050,2327515.000
002602,2026-01-15,19.350,19.770,19.840,19.110,1484742.000
002602,2026-01-16,19.750,19.390,19.790,19.150,1316952.000
002602,2026-01-19,19.200,19.940,20.100,19.160,1499843.000
002602,2026-01-20,20.240,20.380,20.820,19.340,2203181.000
002602,2026-01-21,20.380,19.940,20.480,19.890,1273590.000
002602,2026-01-22,19.950,20.130,20.390,19.730,1321527.000
002602,2026-01-23,20.130,19.460,20.130,19.390,1526238.000
002602,2026-01-26,19.320,18.950,19.590,18.880,1377672.000
002602,2026-01-27,19.140,18.890,19.230,18.520,1402491.000
002602,2026-01-28,18.800,18.630,18.920,18.500,1037963.000
002602,2026-01-29,18.580,18.800,19.160,18.440,1243662.000
002602,2026-01-30,19.750,19.700,20.410,19.490,2987254.000
002602,2026-02-02,19.530,19.790,20.440,19.470,2520779.000
002602,2026-02-03,20.030,20.320,20.360,17.940,4623337.000
002602,2026-02-04,20.090,19.470,20.380,19.190,2296353.000
002602,2026-02-05,19.240,19.360,19.740,19.050,1121393.000
002602,2026-02-06,19.150,19.740,19.890,18.820,1571550.000
002602,2026-02-09,19.940,19.220,20.020,19.020,1496578.000
002602,2026-02-10,19.220,18.980,19.380,18.790,1242709.000
002602,2026-02-11,19.080,19.180,19.350,18.880,1108634.000
002602,2026-02-12,19.340,19.090,19.680,19.050,945335.000
002602,2026-02-13,18.940,19.150,19.290,18.890,877820.000
002602,2026-02-24,19.190,18.870,19.210,18.450,1186345.000
002602,2026-02-25,18.790,18.700,18.910,18.510,1122897.000
002602,2026-02-26,18.620,18.480,18.750,18.260,1102950.000
002602,2026-02-27,18.440,18.350,18.690,18.160,1468423.000
002602,2026-03-02,17.940,17.520,18.270,16.990,2826174.000
002602,2026-03-03,17.540,17.340,17.900,17.290,1350927.000
002602,2026-03-04,17.150,17.290,17.370,16.990,1060545.000
002602,2026-03-05,17.490,18.070,18.350,17.220,1543227.000
002602,2026-03-06,18.070,18.160,18.280,17.770,1010428.000
002602,2026-03-09,17.750,17.650,17.920,17.450,868688.000
002602,2026-03-10,17.940,17.670,18.100,17.570,863878.000
002602,2026-03-11,17.840,17.220,18.000,17.150,1111190.000
002602,2026-03-12,17.180,16.870,17.180,16.590,1260342.000
002602,2026-03-13,17.070,16.740,17.430,16.600,1107486.000
002602,2026-03-16,16.720,16.760,17.000,16.430,1141658.000
002602,2026-03-17,17.060,17.010,17.620,16.900,1430063.000
002602,2026-03-18,17.160,16.980,17.160,16.820,693214.000
002602,2026-03-19,16.640,16.590,16.780,16.380,899565.000
002602,2026-03-20,16.540,16.120,16.720,16.110,797750.000
002602,2026-03-23,15.830,15.490,16.000,15.360,1163948.000
002602,2026-03-24,15.770,15.920,15.920,15.500,825147.000
002602,2026-03-25,16.020,16.260,16.370,15.950,819567.000
002602,2026-03-26,16.240,16.010,16.240,15.940,616300.000
002602,2026-03-27,15.710,16.370,16.410,15.500,725111.000
002602,2026-03-30,16.060,15.780,16.130,15.600,783647.000
002602,2026-03-31,15.740,15.900,16.240,15.700,734846.000
002602,2026-04-01,16.450,17.130,17.320,16.200,1619357.000
002602,2026-04-02,16.940,16.910,17.160,16.790,723800.000
002602,2026-04-03,17.300,16.980,17.330,16.750,617259.000
002602,2026-04-07,17.340,17.290,17.500,17.130,728417.000
002602,2026-04-08,17.750,17.570,17.870,17.130,1268594.000
002602,2026-04-09,17.260,16.760,17.270,16.680,1307841.000
002602,2026-04-10,16.820,16.840,17.110,16.640,737047.000
002602,2026-04-13,16.930,16.190,17.000,15.940,1571444.000
002602,2026-04-14,16.450,16.220,16.450,15.970,978959.000
002602,2026-04-15,16.310,16.710,16.910,16.310,1207380.000
002602,2026-04-16,16.640,17.260,17.270,16.640,1039786.000
002602,2026-04-17,17.110,17.140,17.190,16.900,662814.000
002602,2026-04-20,17.110,16.810,17.160,16.720,760925.000
002602,2026-04-21,16.750,16.760,16.980,16.640,496672.000
002602,2026-04-22,16.790,16.780,16.810,16.640,504286.000
002602,2026-04-23,16.790,16.480,16.810,16.290,763988.000
002602,2026-04-24,16.490,16.310,16.520,16.000,659031.000
002602,2026-04-27,16.330,16.640,16.800,16.050,736165.000
002602,2026-04-28,16.730,17.180,17.550,16.660,1381454.000
002602,2026-04-29,17.330,17.520,17.640,17.100,1343863.000
002602,2026-04-30,16.900,15.950,16.940,15.950,2977027.000
002602,2026-05-06,16.080,15.940,16.140,15.710,1463853.000
002602,2026-05-07,15.900,16.090,16.200,15.490,1897798.000
002602,2026-05-08,15.920,15.900,16.490,15.830,1689920.000
002602,2026-05-11,15.400,15.220,15.400,14.660,2842940.000
002602,2026-05-12,15.160,15.180,15.860,15.090,1587746.000
002602,2026-05-13,15.100,15.010,15.140,14.840,1409669.000
002602,2026-05-14,15.040,14.340,15.180,14.340,1615135.000
002602,2026-05-15,14.360,14.840,14.900,14.110,1772470.000
002602,2026-05-18,14.620,14.850,15.090,14.410,1252796.000
002602,2026-05-19,14.840,14.660,15.080,14.570,851497.000
002602,2026-05-20,14.600,14.670,14.820,14.550,737076.000
002602,2026-05-21,14.700,14.340,15.040,14.330,1207336.000
002602,2026-05-22,14.440,14.350,14.510,14.150,853227.000
002602,2026-05-25,14.270,14.110,14.420,14.060,873884.000
002602,2026-05-26,14.080,14.940,15.080,14.040,1976915.000
002602,2026-05-27,14.930,14.760,15.400,14.680,1011614.000
002602,2026-05-28,14.780,14.730,15.190,14.640,816936.000
002602,2026-05-29,14.990,14.580,15.030,14.300,1065277.000
002602,2026-06-01,14.980,15.210,15.590,14.860,1955734.000
002602,2026-06-02,15.330,14.980,15.350,14.770,965374.000
002602,2026-06-03,14.880,15.020,15.550,14.770,1256730.000
002602,2026-06-04,14.840,14.880,14.920,14.610,888049.000
002602,2026-06-05,14.860,14.940,15.450,14.850,1356684.000
002602,2026-06-08,14.750,14.590,14.950,14.430,999567.000
002602,2026-06-09,14.750,14.370,14.940,14.370,1046250.000
002602,2026-06-10,14.160,14.560,14.730,13.830,1209367.000
002602,2026-06-11,14.520,14.780,15.000,14.460,1586833.000
002602,2026-06-12,14.980,14.370,15.350,14.370,4761725.000
002602,2026-06-15,14.560,13.950,14.620,13.630,2688252.000
002602,2026-06-16,13.860,13.250,13.890,13.140,2255205.000
002602,2026-06-17,13.260,13.080,13.290,12.880,1329355.000
002602,2026-06-18,13.000,12.940,13.280,12.850,1085702.000
002602,2026-06-22,12.810,13.460,13.500,12.610,1881385.000
002602,2026-06-23,13.330,12.970,13.550,12.950,1284750.000
002602,2026-06-24,12.910,13.190,13.600,12.850,1423468.000
002602,2026-06-25,13.060,13.740,13.970,13.030,2329043.000
002602,2026-06-26,13.680,13.670,14.130,13.250,1867112.000
002602,2026-06-29,13.620,13.870,14.080,13.570,1600907.000
002602,2026-06-30,14.000,14.100,14.150,13.650,1285882.000
002602,2026-07-01,14.210,13.730,14.250,13.010,1948339.000
002602,2026-07-02,13.710,13.650,14.360,13.590,1412499.000
002602,2026-07-03,13.600,13.460,13.790,13.310,882405.000
002602,2026-07-06,13.460,14.090,14.320,13.330,1763759.000
002602,2026-07-07,14.110,14.500,15.050,14.050,2225425.000
002602,2026-07-08,14.730,14.230,14.730,13.840,1366694.000
002602,2026-07-09,14.110,13.890,14.260,13.710,1174527.000
002602,2026-07-10,13.770,14.040,14.530,13.540,1498719.000
002602,2026-07-13,13.910,14.000,14.030,13.480,1496632.000
002602,2026-07-14,13.860,13.580,13.890,13.210,1351176.000
002602,2026-07-15,13.580,14.260,14.430,13.160,2289158.000
002602,2026-07-16,14.050,13.910,14.290,13.710,1355824.000
002602,2026-07-17,13.770,13.050,13.920,12.960,1769538.000
002602,2026-07-20,13.190,13.330,13.500,13.010,1144387.000
002602,2026-07-21,13.300,13.590,13.650,13.170,1213725.000
002602,2026-07-22,13.490,12.780,13.550,12.740,1806881.000
002602,2026-07-23,12.700,12.280,12.700,12.000,2087319.000
002602,2026-07-24,12.120,12.380,12.550,12.070,1229214.000
002602,2026-07-27,12.300,12.630,12.650,12.290,911466.000
002602,2026-07-28,12.580,12.520,12.830,12.460,716961.000
002602,2026-07-29,12.600,13.550,13.770,12.460,2538575.000
002602,2026-07-30,13.450,13.190,13.930,13.090,1654955.000
002602,2026-07-31,13.010,13.540,13.900,13.000,1742691.000
002602,2026-08-03,13.540,13.820,14.180,13.480,1464795.000
002602,2026-08-04,14.000,14.120,14.160,13.660,1278989.000
002602,2026-08-05,14.010,14.120,14.310,13.990,1175414.000
002602,2026-08-06,14.040,13.860,14.290,13.810,1001927.000
002602,2026-08-07,13.790,13.770,13.920,13.650,918061.000
002602,2026-08-10,13.700,14.310,14.330,13.550,1003982.000
002602,2026-08-11,14.400,14.210,14.840,14.150,1042149.000
002602,2026-08-12,14.300,14.290,14.480,14.190,619466.000
002602,2026-08-13,14.450,13.730,14.480,13.720,1015841.000
002602,2026-08-14,13.950,14.600,14.650,13.760,1766817.000
002602,2026-08-17,14.600,14.070,14.600,13.910,1529000.000
002602,2026-08-18,14.070,14.260,14.280,13.850,819680.000
002602,2026-08-19,14.060,13.900,14.150,13.790,766596.000
002602,2026-08-20,14.000,13.840,14.210,13.740,773103.000
002602,2026-08-21,13.710,13.820,13.890,13.510,602286.000
002602,2026-08-24,13.900,13.790,13.920,13.550,481419.000
002602,2026-08-25,13.690,14.060,14.100,13.660,785208.000
002602,2026-08-26,14.120,13.950,14.170,13.920,532397.000
002602,2026-08-27,13.980,13.920,13.990,13.670,671950.000
002602,2026-08-28,14.060,13.970,14.350,13.920,933763.000
002602,2026-08-31,13.890,14.140,14.210,13.800,801801.000
002602,2026-09-01,14.160,13.850,14.350,13.830,892984.000
002602,2026-09-02,13.960,14.030,14.540,13.870,1595777.000
002602,2026-09-03,14.030,14.570,14.680,13.950,1796700.000
002602,2026-09-04,14.620,15.730,16.000,14.590,3010780.000
600499,2026-01-05,13.760,13.920,14.030,13.550,373924.000
600499,2026-01-06,14.100,14.050,14.310,14.030,293044.000
600499,2026-01-07,14.090,14.230,14.600,14.070,312399.000
600499,2026-01-08,14.190,13.820,14.340,13.710,268086.000
600499,2026-01-09,13.800,13.850,14.060,13.740,255260.000
600499,2026-01-12,14.200,14.080,14.460,13.810,296432.000
600499,2026-01-13,14.130,14.500,14.880,14.120,481807.000
600499,2026-01-14,14.900,14.480,14.900,14.250,557208.000
600499,2026-01-29,15.960,15.960,15.960,15.300,562123.000
600499,2026-01-30,16.140,17.390,17.590,16.000,1414509.000
600499,2026-02-02,16.610,16.250,17.450,16.190,896604.000
600499,2026-02-03,16.690,17.740,17.860,16.470,798853.000
600499,2026-02-04,17.790,17.580,18.080,17.300,465721.000
600499,2026-02-05,17.380,16.880,17.500,16.680,446521.000
600499,2026-02-06,16.840,16.750,17.190,16.480,333715.000
600499,2026-02-09,16.940,16.850,17.000,16.440,308248.000
600499,2026-02-10,16.750,16.490,16.890,16.260,273156.000
600499,2026-02-11,16.390,17.010,17.330,16.350,286519.000
600499,2026-02-12,16.900,16.990,17.300,16.730,230433.000
600499,2026-02-13,16.980,16.700,17.240,16.540,248501.000
600499,2026-02-24,16.900,17.040,17.250,16.820,229378.000
600499,2026-02-25,17.050,17.250,17.510,16.860,258296.000
600499,2026-02-26,17.900,17.710,18.000,17.270,380483.000
600499,2026-02-27,17.450,17.690,17.970,17.300,257777.000
600499,2026-03-02,17.500,17.380,17.830,17.180,275106.000
600499,2026-03-03,17.300,16.100,17.360,15.990,429872.000
600499,2026-03-04,15.800,16.190,16.530,15.710,252804.000
600499,2026-03-05,16.410,16.590,16.670,16.320,239199.000
600499,2026-03-06,16.540,16.830,17.260,16.350,252973.000
600499,2026-03-09,16.480,16.920,17.070,16.060,254571.000
600499,2026-03-10,16.900,17.590,18.230,16.900,328384.000
600499,2026-03-11,17.500,17.480,17.840,17.270,287423.000
600499,2026-03-12,17.500,17.560,17.750,17.320,222072.000
600499,2026-03-13,17.500,17.380,18.230,17.350,274391.000
600499,2026-03-16,17.400,16.540,17.480,16.090,394780.000
600499,2026-03-17,16.400,16.320,16.680,16.200,192330.000
600499,2026-03-18,16.340,16.140,16.500,15.920,167850.000
600499,2026-03-19,15.890,15.010,15.930,14.900,389986.000
600499,2026-03-20,15.290,15.240,15.760,15.060,294890.000
600499,2026-03-23,14.990,14.710,15.380,14.550,272944.000
600499,2026-03-24,15.020,16.070,16.120,15.000,373982.000
600499,2026-03-25,16.170,16.070,16.530,15.560,335695.000
600499,2026-03-26,15.990,15.850,16.280,15.710,215339.000
600499,2026-03-27,15.730,16.500,16.990,15.720,352070.000
600499,2026-03-30,16.080,15.650,16.170,15.460,409741.000
600499,2026-03-31,15.580,15.590,15.890,15.320,280283.000
600499,2026-04-01,15.900,15.960,16.380,15.750,267408.000
600499,2026-04-02,15.910,15.830,16.260,15.580,166367.000
600499,2026-04-03,15.780,15.820,16.080,15.610,161216.000
600499,2026-04-07,15.900,15.980,16.330,15.860,247837.000
600499,2026-04-08,16.260,16.870,16.870,16.200,383836.000
600499,2026-04-09,16.700,16.740,17.030,16.410,218901.000
600499,2026-04-10,17.660,17.900,18.150,17.300,601278.000
600499,2026-04-13,17.710,18.100,18.280,17.590,386724.000
600499,2026-04-14,18.320,17.950,18.350,17.720,281180.000
600499,2026-04-15,17.950,17.500,17.960,17.420,200199.000
600499,2026-04-16,17.650,18.140,18.220,17.370,273899.000
600499,2026-04-17,18.080,17.830,18.550,17.680,225865.000
600499,2026-04-20,17.830,17.370,17.950,17.360,251277.000
600499,2026-04-21,17.460,17.070,17.500,16.840,206574.000
600499,2026-04-22,17.030,17.540,17.780,16.910,289390.000
600499,2026-04-23,17.670,17.710,18.110,17.300,224441.000
600499,2026-04-24,18.400,19.510,19.510,18.400,628377.000
600499,2026-04-27,19.910,19.990,20.480,19.680,682921.000
600499,2026-04-28,19.890,19.310,19.990,19.160,465693.000
600499,2026-04-29,19.220,19.750,19.840,18.970,548572.000
600499,2026-04-30,19.320,18.950,19.610,18.750,540361.000
600499,2026-05-06,19.180,19.360,19.540,18.950,470282.000
600499,2026-05-07,19.400,18.740,19.460,18.470,492765.000
600499,2026-05-08,18.790,18.200,19.040,18.100,395213.000
600499,2026-05-11,18.260,18.200,18.470,17.970,349596.000
600499,2026-05-12,18.200,18.220,18.510,17.790,312426.000
600499,2026-05-13,18.200,18.010,18.350,17.740,302055.000
600499,2026-05-14,18.000,17.430,18.050,17.400,262135.000
600499,2026-05-15,17.450,17.070,17.600,16.960,241120.000
600499,2026-05-18,17.230,16.710,17.290,16.540,287505.000
600499,2026-05-19,16.680,16.060,16.680,15.880,333937.000
600499,2026-05-20,15.900,16.910,17.070,15.700,395178.000
600499,2026-05-21,16.880,16.440,17.340,16.430,226724.000
600499,2026-05-22,16.630,16.600,16.790,16.340,208604.000
600499,2026-05-25,16.660,16.280,16.740,16.130,212529.000
600499,2026-05-26,16.180,16.390,16.500,15.990,282867.000
600499,2026-05-27,16.310,15.780,16.540,15.600,298843.000
600499,2026-05-28,15.780,15.830,16.010,15.500,263039.000
600499,2026-05-29,15.830,16.040,16.330,15.770,311610.000
600499,2026-06-01,15.890,15.690,16.000,15.550,249339.000
600499,2026-06-02,15.690,15.550,15.700,15.180,207917.000
600499,2026-06-03,15.510,15.690,15.840,15.380,178791.000
600499,2026-06-04,15.610,15.010,15.700,14.860,288800.000
600499,2026-06-05,15.060,14.860,15.280,14.740,228295.000
600499,2026-06-08,14.410,14.350,14.850,14.060,215871.000
600499,2026-06-09,14.400,15.030,15.210,14.230,323818.000
600499,2026-06-10,14.900,14.650,15.180,14.440,227726.000
600499,2026-06-11,14.500,14.600,14.970,14.400,196615.000
600499,2026-06-12,14.800,15.360,15.780,14.780,368065.000
600499,2026-06-15,15.720,15.590,15.900,15.270,279602.000
600499,2026-06-16,15.510,15.560,15.890,15.230,246273.000
600499,2026-06-17,15.600,15.620,15.780,15.420,159193.000
600499,2026-06-18,15.600,14.960,15.640,14.900,246663.000
600499,2026-06-22,14.470,15.390,15.430,14.220,327233.000
600499,2026-06-23,15.390,14.430,15.400,14.320,282253.000
600499,2026-06-24,14.530,14.670,14.840,14.250,217222.000
600499,2026-06-25,14.530,14.430,14.740,14.350,160663.000
600499,2026-06-26,14.380,13.390,14.430,13.330,367342.000
600499,2026-06-29,13.430,13.850,13.900,13.330,293063.000
600499,2026-06-30,13.700,13.800,14.000,13.330,338338.000
600499,2026-07-01,13.800,14.080,14.520,13.650,304510.000
600499,2026-07-02,14.220,14.520,14.830,13.980,342309.000
600499,2026-07-03,14.620,15.470,15.800,14.510,531854.000
600499,2026-07-06,15.420,16.390,16.500,15.310,519835.000
600499,2026-07-07,16.010,15.930,16.470,15.880,306855.000
600499,2026-07-08,15.910,15.310,16.000,15.290,266210.000
600499,2026-07-09,15.500,15.270,16.390,14.860,447118.000
600499,2026-07-10,15.210,14.430,15.290,14.410,360116.000
600499,2026-07-13,14.260,14.400,14.580,13.850,332810.000
600499,2026-07-14,14.370,14.840,15.000,14.330,296534.000
600499,2026-07-15,14.890,14.640,15.150,14.580,242702.000
600499,2026-07-16,14.640,14.810,15.200,14.570,242986.000
600499,2026-07-17,14.780,15.000,15.090,14.460,283477.000
600499,2026-07-20,14.700,14.520,14.960,14.220,330009.000
600499,2026-07-21,14.460,14.860,15.090,14.460,261899.000
600499,2026-07-22,14.800,15.340,15.380,14.740,288781.000
600499,2026-07-23,15.190,15.940,16.070,15.100,274712.000
600499,2026-07-24,15.790,15.200,15.830,15.200,162420.000
600499,2026-07-27,15.260,15.340,15.520,15.140,169704.000
600499,2026-07-28,15.200,15.140,15.330,15.000,138928.000
600499,2026-07-29,15.280,16.650,16.650,15.100,391930.000
600499,2026-07-30,16.650,16.790,17.100,16.480,433501.000
600499,2026-07-31,16.480,16.490,16.720,16.250,357221.000
600499,2026-08-03,16.400,15.910,16.510,15.660,347497.000
600499,2026-08-04,16.020,15.670,16.050,15.560,338670.000
600499,2026-08-05,14.350,14.520,14.590,14.100,983373.000
600499,2026-08-06,14.200,14.400,14.730,14.100,627894.000
600499,2026-08-07,14.250,14.260,14.550,14.110,441124.000
600499,2026-08-10,14.240,14.220,14.500,14.150,395160.000
600499,2026-08-11,14.150,14.730,14.850,14.110,658779.000
600499,2026-08-12,14.620,14.420,14.900,14.400,390422.000
600499,2026-08-13,14.400,13.990,14.410,13.840,425571.000
600499,2026-08-14,13.950,14.050,14.290,13.910,202945.000
600499,2026-08-17,14.000,14.160,14.170,13.790,242801.000
600499,2026-08-18,14.170,14.430,14.580,14.100,372704.000
600499,2026-08-19,14.300,14.020,14.390,14.010,249381.000
600499,2026-08-20,14.120,13.830,14.400,13.720,257326.000
600499,2026-08-21,13.840,14.220,14.290,13.720,252215.000
600499,2026-08-24,14.250,13.960,14.440,13.900,210798.000
600499,2026-08-25,14.100,14.260,14.530,14.070,352445.000
600499,2026-08-26,14.300,14.470,14.660,14.240,339545.000
600499,2026-08-27,14.390,14.260,14.530,14.120,229676.000
600499,2026-08-28,14.210,14.230,14.350,14.060,206871.000
600499,2026-08-31,14.190,14.050,14.230,13.900,231283.000
600499,2026-09-01,14.050,14.670,14.960,13.990,571831.000
600499,2026-09-02,14.570,14.230,14.570,13.960,356218.000
600499,2026-09-03,14.180,14.390,14.460,14.130,220425.000
600499,2026-09-04,14.460,14.590,14.780,14.430,236196.000
300442,2026-01-05,53.946,55.746,57.036,53.546,671473.000
300442,2026-01-06,55.266,57.386,58.446,54.576,637065.000
300442,2026-01-07,57.916,60.336,62.756,56.956,850942.000
300442,2026-01-08,59.756,59.566,61.436,58.056,616672.000
300442,2026-01-09,61.966,68.956,71.526,61.966,1139069.000
300442,2026-01-12,72.766,82.796,82.796,69.956,1243632.000
300442,2026-01-13,83.056,80.316,88.396,75.756,1190135.000
300442,2026-01-14,80.236,90.466,92.886,80.236,1271720.000
300442,2026-01-15,84.856,80.786,87.006,79.506,1062317.000
300442,2026-01-16,78.916,78.926,83.916,78.536,827233.000
300442,2026-01-19,77.516,75.966,80.266,75.656,702862.000
300442,2026-01-20,76.756,75.166,77.946,74.156,566817.000
300442,2026-01-21,73.876,74.556,76.696,73.256,525942.000
300442,2026-01-22,76.076,77.796,79.086,74.636,790286.000
300442,2026-01-23,78.056,78.076,79.956,77.376,715911.000
300442,2026-01-26,81.756,83.006,84.526,79.936,984570.000
300442,2026-01-27,82.356,81.126,83.636,79.736,714392.000
300442,2026-01-28,82.956,80.606,84.486,79.756,830843.000
300442,2026-01-29,77.756,79.766,85.266,75.936,861049.000
300442,2026-01-30,80.756,81.586,83.246,78.816,664342.000
300442,2026-02-02,81.756,84.416,87.636,80.556,910828.000
300442,2026-02-03,85.256,88.156,88.256,82.756,907162.000
300442,2026-02-04,85.756,81.936,86.416,79.866,751678.000
300442,2026-02-05,78.046,76.256,80.006,75.506,564802.000
300442,2026-02-24,91.556,86.556,91.556,84.826,1185857.000
300442,2026-02-25,87.776,86.556,88.996,84.436,873013.000
300442,2026-02-26,89.796,101.926,103.916,89.796,1503445.000
300442,2026-02-27,97.646,103.146,106.086,97.356,1261911.000
300442,2026-03-02,102.246,98.456,102.856,97.546,920971.000
300442,2026-03-03,100.776,96.246,102.156,93.936,1073433.000
300442,2026-03-04,92.886,94.356,98.116,92.456,737431.000
300442,2026-03-05,99.236,94.456,99.256,92.936,819846.000
300442,2026-03-06,92.056,92.916,96.046,90.356,582326.000
300442,2026-03-09,90.756,96.106,98.456,87.296,829045.000
300442,2026-03-10,98.756,95.266,99.656,93.966,676236.000
300442,2026-03-11,94.086,90.876,96.056,90.836,622058.000
300442,2026-03-12,90.876,88.446,92.736,87.146,559159.000
300442,2026-03-13,87.676,83.296,88.166,83.176,618556.000
300442,2026-03-16,83.306,83.076,83.636,81.106,378821.000
300442,2026-03-17,84.156,80.906,84.266,80.786,345210.000
300442,2026-03-18,82.156,86.666,86.906,81.436,611733.000
300442,2026-03-19,84.056,89.506,93.086,83.856,800379.000
300442,2026-03-20,87.756,85.726,89.336,85.066,518619.000
300442,2026-03-23,84.196,85.066,87.756,83.506,438549.000
300442,2026-03-24,85.756,84.156,86.556,81.246,372517.000
300442,2026-03-25,85.356,87.406,89.656,85.336,529013.000
300442,2026-03-26,86.536,84.036,87.606,83.836,366327.000
300442,2026-03-27,83.276,83.206,84.326,81.806,269495.000
300442,2026-03-30,81.256,82.556,83.106,80.296,280114.000
300442,2026-03-31,82.376,80.556,84.066,80.556,277950.000
300442,2026-04-01,83.136,84.296,85.076,82.656,441514.000
300442,2026-04-02,83.756,80.026,84.226,79.646,401915.000
300442,2026-04-03,81.546,80.756,82.236,80.006,269540.000
300442,2026-04-07,80.716,79.266,81.566,78.256,276728.000
300442,2026-04-08,82.856,86.666,86.676,82.706,582244.000
300442,2026-04-09,85.256,87.046,87.256,84.756,482292.000
300442,2026-04-10,87.756,86.796,88.636,85.756,587719.000
300442,2026-04-13,85.056,88.976,90.776,84.756,548846.000
300442,2026-04-14,91.756,90.896,94.416,89.696,663628.000
300442,2026-04-15,91.756,90.016,92.746,89.576,508103.000
300442,2026-04-16,90.016,95.536,97.736,90.016,765044.000
300442,2026-04-17,93.756,94.046,95.516,93.756,552466.000
300442,2026-04-20,94.256,94.956,96.306,93.086,534533.000
300442,2026-04-21,93.696,89.806,93.696,89.386,581455.000
300442,2026-04-22,89.736,93.256,93.696,88.956,573372.000
300442,2026-04-23,92.636,95.626,99.406,92.436,746729.000
300442,2026-04-24,94.536,92.706,94.906,89.756,603549.000
300442,2026-04-27,92.766,89.876,93.756,89.356,480861.000
300442,2026-04-28,90.256,88.066,91.256,87.846,382471.000
300442,2026-04-29,87.136,90.196,92.706,86.386,459592.000
300442,2026-04-30,89.736,88.816,90.756,86.806,389058.000
300442,2026-05-06,92.756,95.966,99.636,92.756,882013.000
300442,2026-05-07,96.056,97.206,97.956,95.106,618999.000
300442,2026-05-08,95.766,97.836,100.656,94.836,660766.000
300442,2026-05-11,102.736,97.666,102.756,95.756,752454.000
300442,2026-05-12,96.436,91.136,96.956,90.826,798839.000
300442,2026-05-13,90.656,101.376,104.756,89.766,1127112.000
300442,2026-05-14,103.186,99.426,104.236,97.566,859062.000
300442,2026-05-15,101.826,102.216,110.736,100.376,1259480.000
300442,2026-05-18,103.646,99.146,104.936,98.016,864738.000
300442,2026-05-19,100.656,98.086,100.736,95.456,662231.000
300442,2026-05-20,96.756,95.606,98.756,94.376,559374.000
300442,2026-05-21,97.156,91.336,98.036,90.656,682232.000
300442,2026-05-22,92.656,93.106,93.556,90.266,503750.000
300442,2026-05-25,93.146,94.336,94.596,90.956,582515.000
300442,2026-05-26,93.086,88.766,93.086,88.626,582726.000
300442,2026-05-27,87.566,84.226,88.316,83.756,547404.000
300442,2026-05-28,87.796,86.226,88.416,84.266,401769.000
300442,2026-05-29,84.956,83.626,86.746,81.526,433702.000
300442,2026-06-01,82.756,81.946,84.856,81.836,303440.000
300442,2026-06-02,79.366,79.986,81.116,75.526,548839.000
300442,2026-06-03,78.856,81.126,82.256,78.306,422877.000
300442,2026-06-04,79.456,81.536,82.156,78.856,303612.000
300442,2026-06-05,80.756,77.926,80.756,77.696,334809.000
300442,2026-06-08,74.756,73.866,76.586,73.056,328854.000
300442,2026-06-09,74.756,75.786,76.476,73.706,282318.000
300442,2026-06-10,75.156,76.656,80.336,74.956,393456.000
300442,2026-06-11,75.206,73.776,75.816,73.316,335017.000
300442,2026-06-12,75.256,73.286,75.916,73.156,304750.000
300442,2026-06-15,74.556,78.306,78.576,74.416,391928.000
300442,2026-06-16,78.366,79.126,79.896,77.456,350348.000
300442,2026-06-17,78.266,80.926,81.326,77.756,336966.000
300442,2026-06-18,80.906,84.936,84.986,80.676,464686.000
300442,2026-06-22,85.036,85.756,88.936,84.736,551654.000
300442,2026-06-23,84.756,81.986,86.896,81.576,449620.000
300442,2026-06-24,81.956,85.356,85.616,80.786,437224.000
300442,2026-06-25,85.356,83.346,86.556,82.546,438218.000
300442,2026-06-26,81.756,77.526,81.756,77.316,445856.000
300442,2026-06-29,76.786,75.956,78.646,74.676,307233.000
300442,2026-06-30,75.916,82.826,85.376,74.956,527510.000
300442,2026-07-01,83.156,89.816,92.756,80.846,917389.000
300442,2026-07-02,86.926,87.556,91.756,86.556,676100.000
300442,2026-07-03,86.506,85.196,90.056,85.156,453478.000
300442,2026-07-06,85.416,80.706,85.756,79.446,409973.000
300442,2026-07-07,80.710,78.410,81.500,77.210,262919.000
300442,2026-07-08,78.980,79.160,81.800,77.890,401002.000
300442,2026-07-09,81.200,80.080,81.260,77.030,377583.000
300442,2026-07-10,80.000,82.250,86.310,79.500,550829.000
300442,2026-07-13,81.510,77.500,84.060,77.180,395477.000
300442,2026-07-14,77.110,71.600,77.500,68.700,537496.000
300442,2026-07-15,71.710,70.060,72.640,69.720,279101.000
300442,2026-07-16,68.770,69.080,71.550,68.070,249939.000
300442,2026-07-17,68.560,64.360,68.800,63.160,358166.000
300442,2026-07-20,68.800,66.600,70.620,64.460,422555.000
300442,2026-07-21,66.600,68.710,68.730,61.640,462896.000
300442,2026-07-22,68.000,68.580,71.360,67.380,454981.000
300442,2026-07-23,68.000,67.770,70.030,67.320,276336.000
300442,2026-07-24,65.920,64.800,66.830,64.800,217611.000
300442,2026-07-27,64.670,66.280,66.360,64.030,191022.000
300442,2026-07-28,64.900,63.230,65.560,63.100,218926.000
300442,2026-07-29,63.190,60.720,63.800,58.600,337597.000
300442,2026-07-30,60.050,57.900,60.990,57.340,295355.000
300442,2026-07-31,61.940,63.250,65.950,61.080,454611.000
300442,2026-08-03,63.600,62.970,65.760,62.700,302350.000
300442,2026-08-04,64.600,68.000,68.360,64.600,454450.000
300442,2026-08-05,67.910,69.920,71.880,67.500,525820.000
300442,2026-08-06,68.000,68.800,70.300,67.650,353739.000
300442,2026-08-07,68.990,69.750,71.080,67.380,385020.000
300442,2026-08-10,69.000,67.680,69.870,66.950,300867.000
300442,2026-08-11,68.930,67.850,69.370,66.580,273142.000
300442,2026-08-12,69.210,67.700,70.050,67.490,304422.000
300442,2026-08-13,69.990,68.550,71.900,68.510,543784.000
300442,2026-08-14,69.000,70.900,71.500,67.700,505473.000
300442,2026-08-17,70.880,72.590,73.110,69.880,533776.000
300442,2026-08-18,71.800,69.930,71.820,68.880,407287.000
300442,2026-08-19,67.500,65.380,67.990,65.380,341115.000
300442,2026-08-20,66.440,64.580,66.450,64.020,212799.000
300442,2026-08-21,63.980,64.380,64.810,63.200,158009.000
300442,2026-08-24,64.600,62.450,64.900,61.420,177494.000
300442,2026-08-25,61.000,62.600,63.180,60.800,143149.000
300442,2026-08-26,62.610,62.330,62.910,61.730,116261.000
300442,2026-08-27,62.850,63.690,63.770,62.100,185317.000
300442,2026-08-28,63.900,63.120,65.350,63.110,235956.000
300442,2026-08-31,61.860,66.220,66.300,61.540,271153.000
300442,2026-09-01,66.030,64.950,66.780,64.700,194194.000
300442,2026-09-02,63.980,64.410,65.110,63.500,144017.000
300442,2026-09-03,65.000,64.410,65.280,63.630,144458.000
300442,2026-09-04,65.190,62.930,65.470,62.550,183020.000
603259,2026-01-09,96.591,96.991,98.911,94.931,507614.000
603259,2026-01-12,97.911,96.591,98.911,95.511,443952.000
603259,2026-01-13,99.711,102.511,104.411,99.571,924548.000
603259,2026-01-14,102.461,101.311,104.901,99.911,632239.000
603259,2026-01-15,100.921,101.471,103.791,100.431,367229.000
603259,2026-01-16,101.491,102.211,104.211,100.801,447752.000
603259,2026-01-19,102.311,100.301,103.641,98.411,479083.000
603259,2026-01-20,99.791,97.371,100.211,95.781,481131.000
603259,2026-01-21,96.911,96.461,98.671,96.111,386898.000
603259,2026-01-22,96.911,95.511,97.571,94.471,415188.000
603259,2026-01-23,95.921,95.511,97.291,94.851,386841.000
603259,2026-01-26,95.761,94.631,95.891,93.721,402339.000
603259,2026-01-27,94.781,93.701,95.661,93.241,381809.000
603259,2026-01-28,93.911,93.611,94.211,92.541,457468.000
603259,2026-01-29,93.531,95.931,96.461,92.561,535591.000
603259,2026-01-30,95.761,93.111,96.691,93.111,402506.000
603259,2026-02-02,93.121,91.111,94.091,90.821,362993.000
603259,2026-02-03,91.311,92.511,92.761,90.341,291676.000
603259,2026-02-04,91.911,93.521,93.901,90.731,332632.000
603259,2026-02-05,94.011,95.021,96.381,93.911,393998.000
603259,2026-02-06,94.291,95.741,96.791,93.571,351942.000
603259,2026-02-09,96.311,96.611,96.681,94.981,257073.000
603259,2026-02-10,96.601,99.261,100.121,96.161,421589.000
603259,2026-02-11,99.771,100.051,100.711,98.911,291920.000
603259,2026-02-12,100.661,102.811,104.491,100.321,526404.000
603259,2026-02-13,102.801,99.821,102.801,99.691,329875.000
603259,2026-02-24,101.571,98.081,101.791,97.911,327751.000
603259,2026-02-25,98.011,97.761,98.461,96.131,277230.000
603259,2026-02-26,97.441,95.921,97.691,95.711,244309.000
603259,2026-02-27,95.791,95.921,96.991,95.091,235059.000
603259,2026-03-02,94.011,93.951,96.271,93.471,335033.000
603259,2026-03-03,94.231,91.661,95.861,91.591,362723.000
603259,2026-03-04,91.211,89.931,92.291,89.461,296434.000
603259,2026-03-05,91.371,90.361,92.081,89.771,261603.000
603259,2026-03-06,90.211,91.211,92.161,89.961,268557.000
603259,2026-03-09,89.611,89.011,89.691,87.011,348440.000
603259,2026-03-10,90.411,92.061,92.511,90.311,289137.000
603259,2026-03-11,92.211,90.801,92.861,90.431,250341.000
603259,2026-03-12,90.801,89.821,91.541,88.921,274974.000
603259,2026-03-13,89.061,88.781,90.061,88.631,227111.000
603259,2026-03-16,88.591,89.011,89.431,87.041,278050.000
603259,2026-03-17,89.241,90.371,92.491,89.031,408841.000
603259,2026-03-18,90.381,91.401,91.461,90.051,232830.000
603259,2026-03-19,89.911,89.491,90.651,89.151,240717.000
603259,2026-03-20,89.481,88.811,91.501,88.811,250437.000
603259,2026-03-23,87.221,85.701,88.431,85.001,414038.000
603259,2026-03-24,87.911,91.591,91.591,87.911,757180.000
603259,2026-03-25,92.541,91.931,92.841,90.891,370141.000
603259,2026-03-26,92.361,92.641,94.411,92.141,372559.000
603259,2026-03-27,91.811,94.911,95.171,91.721,448900.000
603259,2026-03-30,93.811,94.521,94.821,92.521,369073.000
603259,2026-03-31,94.661,96.011,98.121,94.661,526440.000
603259,2026-04-01,97.971,101.721,102.021,95.991,790276.000
603259,2026-04-02,100.911,101.101,102.511,100.191,473332.000
603259,2026-04-03,98.611,97.901,99.261,96.751,457631.000
603259,2026-04-07,97.931,99.211,101.171,96.331,337296.000
603259,2026-04-08,101.911,101.651,102.241,99.081,462516.000
603259,2026-04-09,101.641,104.101,105.591,100.881,477029.000
603259,2026-04-10,103.911,104.241,105.571,103.421,323723.000
603259,2026-04-13,103.711,103.621,104.691,102.821,249609.000
603259,2026-04-14,104.621,104.461,104.711,102.031,310174.000
603259,2026-04-15,106.211,104.741,106.661,103.351,367846.000
603259,2026-04-16,105.021,103.571,105.791,103.501,347648.000
603259,2026-04-17,102.911,97.301,102.981,97.181,777282.000
603259,2026-04-20,97.301,97.671,98.101,96.231,373939.000
603259,2026-04-21,97.411,96.461,97.901,95.521,299367.000
603259,2026-04-22,96.111,97.161,97.711,96.031,270679.000
603259,2026-04-23,97.831,98.101,99.181,96.801,356492.000
603259,2026-04-24,96.941,97.991,99.231,96.201,318338.000
603259,2026-04-27,97.871,98.431,99.101,97.071,322196.000
603259,2026-04-28,108.411,108.481,108.481,105.931,538372.000
603259,2026-04-29,108.911,109.091,112.411,107.831,1040522.000
603259,2026-04-30,107.911,107.461,108.921,104.531,596825.000
603259,2026-05-06,109.541,106.911,109.651,105.911,540922.000
603259,2026-05-07,107.651,109.191,110.221,107.111,480968.000
603259,2026-05-08,107.921,104.711,108.111,104.611,455336.000
603259,2026-05-11,104.561,106.631,106.891,103.411,539195.000
603259,2026-05-12,105.911,108.241,111.071,105.651,649941.000
603259,2026-05-13,108.351,106.831,109.071,105.851,351526.000
603259,2026-05-14,107.911,100.921,109.281,100.911,601413.000
603259,2026-05-15,102.681,101.041,103.761,100.531,394487.000
603259,2026-05-18,100.811,99.961,101.731,99.231,274709.000
603259,2026-05-19,99.911,99.701,101.701,99.111,284165.000
603259,2026-05-20,99.311,101.011,102.461,99.121,325473.000
603259,2026-05-21,101.021,102.141,105.541,100.641,583266.000
603259,2026-05-22,103.291,101.891,103.361,100.491,332227.000
603259,2026-05-25,100.911,100.461,101.911,99.211,311856.000
603259,2026-05-26,99.911,102.021,102.261,98.521,390969.000
603259,2026-05-27,101.911,100.541,102.191,99.001,372197.000
603259,2026-05-28,100.391,98.711,100.891,97.711,337441.000
603259,2026-05-29,100.290,101.090,102.950,98.930,570781.000
603259,2026-06-01,101.120,99.480,103.880,98.750,529033.000
603259,2026-06-02,99.470,99.240,100.050,95.570,384078.000
603259,2026-06-03,98.860,98.340,99.790,97.490,341714.000
603259,2026-06-04,97.740,96.240,98.670,95.890,332222.000
603259,2026-06-05,97.870,96.050,99.730,95.520,424532.000
603259,2026-06-08,95.210,95.490,96.800,93.550,458456.000
603259,2026-06-09,93.370,92.970,93.370,87.810,824478.000
603259,2026-06-10,92.840,96.530,96.850,92.690,576466.000
603259,2026-06-11,95.500,96.560,97.090,95.020,329181.000
603259,2026-06-12,96.990,99.200,99.390,94.580,612700.000
603259,2026-06-15,98.590,98.860,99.250,97.330,367699.000
603259,2026-06-16,98.320,97.650,99.490,97.490,271703.000
603259,2026-06-17,97.750,97.690,98.280,95.990,273505.000
603259,2026-06-18,97.290,102.210,103.820,97.210,569423.000
603259,2026-06-22,102.650,106.320,106.460,101.190,571962.000
603259,2026-06-23,106.490,105.800,108.850,105.250,525084.000
603259,2026-06-24,106.390,114.890,116.430,106.390,1098058.000
603259,2026-06-25,113.490,116.710,117.990,112.720,764344.000
603259,2026-06-26,118.490,117.670,120.560,116.450,684942.000
603259,2026-06-29,116.700,125.660,126.290,116.290,1030535.000
603259,2026-06-30,124.490,124.000,126.290,122.490,793759.000
603259,2026-07-01,122.490,124.690,126.150,115.070,1124768.000
603259,2026-07-02,123.340,120.790,128.640,120.490,844699.000
603259,2026-07-03,123.090,123.610,124.550,119.010,712822.000
603259,2026-07-06,122.500,122.460,127.540,121.490,921698.000
603259,2026-07-07,119.990,117.790,122.440,117.500,665947.000
603259,2026-07-08,117.880,114.890,119.740,114.800,509875.000
603259,2026-07-09,114.500,120.560,120.920,114.010,583217.000
603259,2026-07-10,119.490,122.790,126.220,119.490,683076.000
603259,2026-07-13,122.700,119.730,123.690,118.750,553876.000
603259,2026-07-14,118.370,127.000,127.240,117.410,750924.000
603259,2026-07-15,127.110,130.990,134.660,127.110,1149977.000
603259,2026-07-16,127.690,126.490,130.890,124.490,837022.000
603259,2026-07-17,126.280,117.380,127.480,117.190,861483.000
603259,2026-07-20,117.230,123.710,124.270,116.500,691940.000
603259,2026-07-21,125.490,125.940,126.320,120.290,648280.000
603259,2026-07-22,124.610,125.390,130.390,123.900,602588.000
603259,2026-07-23,125.490,126.940,128.670,123.710,468445.000
603259,2026-07-24,126.940,124.490,127.940,123.150,443756.000
603259,2026-07-27,126.490,124.150,127.490,121.660,447049.000
603259,2026-07-28,122.790,122.510,124.740,121.660,334767.000
603259,2026-07-29,127.270,125.990,127.290,122.740,547765.000
603259,2026-07-30,126.090,124.970,126.120,120.900,560173.000
603259,2026-07-31,122.490,127.920,129.720,121.990,570793.000
603259,2026-08-03,128.690,127.990,131.870,125.640,623890.000
603259,2026-08-04,136.980,140.840,140.840,135.690,747059.000
603259,2026-08-05,143.450,146.990,149.490,140.960,1344755.000
603259,2026-08-06,148.310,142.190,148.860,140.940,775094.000
603259,2026-08-07,144.050,154.310,154.970,141.690,927227.000
603259,2026-08-10,159.480,160.830,166.150,157.420,1265362.000
603259,2026-08-11,159.900,159.700,165.290,157.260,920758.000
603259,2026-08-12,158.700,158.530,161.450,157.570,670272.000
603259,2026-08-13,158.390,161.820,164.290,156.640,742253.000
603259,2026-08-14,159.990,158.730,162.490,156.990,545901.000
603259,2026-08-17,158.490,166.380,167.870,156.890,689433.000
603259,2026-08-18,164.590,166.670,168.190,162.990,503781.000
603259,2026-08-19,166.490,163.490,167.990,161.890,557916.000
603259,2026-08-20,170.490,167.390,173.090,165.460,859114.000
603259,2026-08-21,163.490,162.350,165.880,161.600,572445.000
603259,2026-08-24,160.480,155.330,162.890,153.260,685575.000
603259,2026-08-25,153.620,160.490,160.780,153.590,590510.000
603259,2026-08-26,160.490,158.740,162.890,157.400,344185.000
603259,2026-08-27,158.870,159.430,159.900,156.490,349446.000
603259,2026-08-28,159.440,156.890,160.840,156.050,291937.000
603259,2026-08-31,153.750,154.270,154.940,149.710,476254.000
603259,2026-09-01,154.190,153.890,154.470,151.500,293400.000
603259,2026-09-02,154.040,155.480,157.190,151.190,421070.000
603259,2026-09-03,157.180,156.120,158.370,153.750,301039.000
603259,2026-09-04,155.880,153.830,157.010,153.210,257217.000
300919,2026-01-09,53.212,53.712,54.432,52.992,228870.000
300919,2026-01-12,54.592,53.412,55.112,51.832,235542.000
300919,2026-01-13,53.182,52.422,53.792,51.982,208722.000
300919,2026-01-14,52.162,51.512,52.912,50.392,250977.000
300919,2026-01-15,53.642,55.322,58.432,53.642,439928.000
300919,2026-01-16,55.472,53.902,55.842,53.842,244651.000
300919,2026-01-19,53.992,53.332,54.962,52.772,140564.000
300919,2026-01-20,53.842,52.622,54.142,51.482,167545.000
300919,2026-01-21,52.132,53.542,53.802,51.882,139616.000
300919,2026-01-22,53.632,52.992,53.852,52.432,103979.000
300919,2026-01-23,53.032,57.522,59.122,53.032,352163.000
300919,2026-01-26,58.152,57.322,60.712,57.022,270213.000
300919,2026-01-27,56.432,55.802,57.232,54.282,198652.000
300919,2026-01-28,55.492,56.172,56.812,54.692,215397.000
300919,2026-01-29,55.682,59.122,60.632,54.842,393238.000
300919,2026-01-30,57.642,54.402,58.032,53.112,329488.000
300919,2026-02-02,53.242,51.222,54.112,50.892,233304.000
300919,2026-02-03,52.832,52.552,52.932,51.592,152625.000
300919,2026-02-04,52.982,52.892,53.852,52.042,121899.000
300919,2026-02-05,52.432,50.142,52.462,49.582,139359.000
300919,2026-02-06,49.402,50.812,51.902,48.582,135158.000
300919,2026-02-09,51.632,51.432,52.112,51.142,81966.000
300919,2026-02-10,51.532,50.292,51.532,50.102,73714.000
300919,2026-02-11,50.992,54.692,55.622,50.632,276818.000
300919,2026-02-12,55.222,55.022,56.772,54.822,194930.000
300919,2026-02-13,53.632,54.442,54.982,53.332,129082.000
300919,2026-02-24,54.992,53.632,55.772,53.582,152458.000
300919,2026-02-25,54.632,56.742,57.132,53.842,221421.000
300919,2026-02-26,57.052,55.972,58.902,55.752,232580.000
300919,2026-02-27,55.632,57.022,57.892,55.442,158829.000
300919,2026-03-02,56.532,55.742,56.632,54.312,179738.000
300919,2026-03-03,55.232,52.612,56.232,52.432,185700.000
300919,2026-03-04,52.152,52.392,53.382,51.432,133285.000
300919,2026-03-05,53.162,52.032,53.232,51.512,110011.000
300919,2026-03-06,51.632,51.162,51.892,50.862,109300.000
300919,2026-03-09,49.742,51.832,51.872,48.132,162660.000
300919,2026-03-10,52.832,52.232,53.732,51.892,133918.000
300919,2026-03-11,51.942,53.382,54.022,51.632,159349.000
300919,2026-03-12,53.412,53.182,53.732,52.132,122174.000
300919,2026-03-13,53.182,53.642,55.622,52.962,169804.000
300919,2026-03-16,53.492,52.362,53.732,51.292,114801.000
300919,2026-03-17,52.362,50.182,53.232,50.132,103270.000
300919,2026-03-18,50.612,49.432,51.132,48.602,103194.000
300919,2026-03-19,48.472,47.482,48.522,46.962,117061.000
300919,2026-03-20,48.382,47.782,50.002,47.782,141258.000
300919,2026-03-23,47.262,46.402,49.122,46.232,163302.000
300919,2026-03-24,47.172,46.982,47.612,44.512,139512.000
300919,2026-03-25,47.472,47.252,47.732,46.542,134121.000
300919,2026-03-26,47.252,47.392,48.772,46.532,150914.000
300919,2026-03-27,46.872,50.742,51.782,46.632,244294.000
300919,2026-03-30,51.092,50.002,51.232,48.702,137335.000
300919,2026-03-31,50.442,49.032,51.132,49.012,132121.000
300919,2026-04-01,50.252,49.612,50.532,48.432,136716.000
300919,2026-04-02,49.302,47.522,49.832,47.212,148459.000
300919,2026-04-03,47.742,47.332,48.732,47.032,88629.000
300919,2026-04-07,47.572,47.892,48.752,47.482,87022.000
300919,2026-04-08,48.922,50.132,50.732,48.382,188409.000
300919,2026-04-09,51.622,50.832,51.932,50.162,210150.000
300919,2026-04-10,51.012,52.162,53.512,50.822,260234.000
300919,2026-04-13,52.342,54.152,54.842,52.132,241045.000
300919,2026-04-14,54.972,56.122,56.282,54.382,223688.000
300919,2026-04-15,57.012,55.502,57.622,54.972,234562.000
300919,2026-04-16,55.952,56.122,57.072,55.062,183193.000
300919,2026-04-17,56.122,57.572,58.672,56.122,230016.000
300919,2026-04-20,57.572,56.272,57.572,56.012,195459.000
300919,2026-04-21,56.532,57.282,59.192,56.242,250312.000
300919,2026-04-22,57.512,57.832,58.622,56.832,174445.000
300919,2026-04-23,58.082,56.732,58.332,56.332,152039.000
300919,2026-04-24,57.772,61.012,61.612,57.772,364932.000
300919,2026-04-27,61.372,61.492,62.302,60.222,285734.000
300919,2026-04-28,61.412,60.572,61.792,59.832,171455.000
300919,2026-04-29,61.432,64.992,65.442,60.632,388700.000
300919,2026-04-30,64.592,63.362,64.962,61.902,319673.000
300919,2026-05-06,63.642,64.782,65.482,62.722,268312.000
300919,2026-05-07,64.562,63.212,65.782,62.482,322018.000
300919,2026-05-08,62.622,60.572,64.342,60.402,336525.000
300919,2026-05-11,61.182,61.432,62.112,60.662,210399.000
300919,2026-05-12,61.792,60.032,61.972,59.482,185110.000
300919,2026-05-13,60.232,60.632,61.132,59.342,166250.000
300919,2026-05-14,60.542,58.132,61.252,58.132,179312.000
300919,2026-05-15,58.052,56.042,58.702,55.612,225390.000
300919,2026-05-18,55.632,55.852,56.712,55.122,144005.000
300919,2026-05-19,56.132,55.032,56.332,53.822,165505.000
300919,2026-05-20,54.642,56.502,56.942,54.242,185997.000
300919,2026-05-21,57.132,54.142,57.622,54.142,199623.000
300919,2026-05-22,54.632,54.622,54.922,52.932,163505.000
300919,2026-05-25,54.642,53.512,54.972,52.952,153497.000
300919,2026-05-26,53.432,54.032,54.452,52.682,143157.000
300919,2026-05-27,54.582,54.562,56.212,54.132,214324.000
300919,2026-05-28,53.972,54.152,54.962,52.912,149129.000
300919,2026-05-29,54.332,51.992,54.832,51.572,162039.000
300919,2026-06-01,51.982,51.532,53.292,51.432,119520.000
300919,2026-06-02,51.932,50.922,52.082,50.032,132636.000
300919,2026-06-03,50.632,50.412,51.362,49.962,107024.000
300919,2026-06-04,50.062,48.982,50.072,48.542,133830.000
300919,2026-06-05,48.882,48.212,49.472,47.432,142260.000
300919,2026-06-08,47.302,45.232,48.142,44.632,165502.000
300919,2026-06-09,45.652,46.712,47.222,44.782,140673.000
300919,2026-06-10,46.230,45.840,47.060,45.300,114879.000
300919,2026-06-11,45.640,45.650,46.460,45.060,125962.000
300919,2026-06-12,46.400,47.590,48.680,46.010,192845.000
300919,2026-06-15,48.600,48.790,49.470,47.560,190363.000
300919,2026-06-16,49.000,49.920,50.670,48.500,179250.000
300919,2026-06-17,49.380,49.270,50.180,48.920,134780.000
300919,2026-06-18,48.980,48.640,49.620,48.070,115467.000
300919,2026-06-22,47.680,51.230,51.270,47.030,213535.000
300919,2026-06-23,51.800,48.010,51.800,47.590,206523.000
300919,2026-06-24,47.690,48.430,48.960,47.170,133860.000
300919,2026-06-25,48.230,46.770,48.230,46.510,171139.000
300919,2026-06-26,46.370,42.720,47.240,42.720,218975.000
300919,2026-06-29,42.710,42.930,43.230,41.320,158113.000
300919,2026-06-30,42.500,43.750,44.250,42.100,160525.000
300919,2026-07-01,43.890,42.950,44.100,42.000,160719.000
300919,2026-07-02,42.430,41.850,43.320,41.710,134988.000
300919,2026-07-03,42.200,41.950,42.360,41.610,112931.000
300919,2026-07-06,41.950,41.970,43.250,41.360,152521.000
300919,2026-07-07,41.730,41.970,43.400,41.250,173438.000
300919,2026-07-08,41.800,39.700,41.870,39.700,151019.000
300919,2026-07-09,39.520,39.550,39.950,38.050,148372.000
300919,2026-07-10,39.540,38.600,39.850,38.530,122324.000
300919,2026-07-13,38.330,37.400,38.530,37.110,129625.000
300919,2026-07-14,38.080,38.270,38.610,37.200,135984.000
300919,2026-07-15,38.360,38.960,39.800,38.170,144177.000
300919,2026-07-16,38.800,37.840,39.380,37.640,132925.000
300919,2026-07-17,38.390,36.620,38.860,36.480,157767.000
300919,2026-07-20,36.600,36.600,37.390,35.510,151459.000
300919,2026-07-21,36.520,38.980,39.760,36.450,243731.000
300919,2026-07-22,38.470,38.200,39.000,37.800,141170.000
300919,2026-07-23,38.450,41.130,41.870,38.170,251264.000
300919,2026-07-24,40.650,39.960,41.040,39.860,130814.000
300919,2026-07-27,40.480,40.680,41.000,39.960,146368.000
300919,2026-07-28,39.970,40.270,40.560,39.160,156966.000
300919,2026-07-29,40.260,40.910,41.400,39.310,152625.000
300919,2026-07-30,40.650,41.080,41.720,40.500,131647.000
300919,2026-07-31,41.560,40.700,41.790,40.630,140431.000
300919,2026-08-03,40.390,40.500,40.790,39.560,106446.000
300919,2026-08-04,40.660,41.050,41.290,40.200,108558.000
300919,2026-08-05,41.010,41.650,41.990,40.800,147467.000
300919,2026-08-06,40.990,40.850,41.550,40.580,131219.000
300919,2026-08-07,40.970,41.410,42.000,40.400,126892.000
300919,2026-08-10,41.580,41.800,42.300,41.270,120864.000
300919,2026-08-11,41.500,41.250,41.750,41.180,85128.000
300919,2026-08-12,41.460,41.560,42.280,41.130,97166.000
300919,2026-08-13,41.400,40.880,41.700,40.700,97649.000
300919,2026-08-14,40.900,40.990,41.900,40.810,84768.000
300919,2026-08-17,41.020,41.530,41.670,40.690,99638.000
300919,2026-08-18,41.450,40.790,41.690,40.600,96827.000
300919,2026-08-19,40.180,39.770,40.790,39.640,99657.000
300919,2026-08-20,40.000,39.750,40.430,39.580,75246.000
300919,2026-08-21,39.560,40.470,41.370,39.410,119729.000
300919,2026-08-24,40.610,40.000,41.360,39.570,111115.000
300919,2026-08-25,40.970,40.130,42.150,39.980,193175.000
300919,2026-08-26,39.800,40.530,41.300,39.250,130958.000
300919,2026-08-27,40.530,40.660,40.680,39.640,109454.000
300919,2026-08-28,40.310,40.710,41.000,40.180,81942.000
300919,2026-08-31,40.350,39.980,40.600,39.250,121006.000
300919,2026-09-01,40.000,40.100,40.480,39.750,100470.000
300919,2026-09-02,39.850,38.900,39.860,38.710,95633.000
300919,2026-09-03,39.880,40.080,40.410,39.470,112965.000
300919,2026-09-04,40.310,39.400,40.730,39.330,88972.000
002780,2026-01-09,14.180,14.400,14.430,14.140,69002.000
002780,2026-01-12,14.430,14.540,14.550,14.260,74149.000
002780,2026-01-13,14.590,14.480,14.800,14.390,90295.000
002780,2026-01-14,14.480,14.780,14.950,14.480,111600.000
002780,2026-01-15,14.830,14.700,14.870,14.570,65903.000
002780,2026-01-16,14.750,14.410,14.810,14.360,54741.000
002780,2026-01-19,14.420,15.050,15.050,14.360,91611.000
002780,2026-01-20,15.020,14.920,15.150,14.810,62424.000
002780,2026-01-21,14.950,15.050,15.070,14.770,52811.000
002780,2026-01-22,15.060,15.150,15.290,14.880,62058.000
002780,2026-01-23,15.950,16.670,16.670,15.320,366102.000
002780,2026-01-26,15.750,15.010,15.940,15.000,319843.000
002780,2026-01-27,14.960,14.800,15.000,14.430,155128.000
002780,2026-01-28,14.750,14.500,14.900,14.500,96275.000
002780,2026-01-29,14.500,14.610,15.140,14.250,131344.000
002780,2026-01-30,14.780,14.870,15.000,14.600,101892.000
002780,2026-02-02,16.070,16.360,16.360,15.980,330947.000
002780,2026-02-03,16.370,17.000,17.470,16.360,373093.000
002780,2026-02-04,16.680,16.930,17.270,16.680,247625.000
002780,2026-02-05,16.840,16.920,17.430,16.780,137378.000
002780,2026-02-06,16.950,17.330,17.710,16.950,152162.000
002780,2026-02-09,17.420,17.140,17.650,17.010,123144.000
002780,2026-02-10,16.960,16.870,17.300,16.810,97965.000
002780,2026-02-11,16.790,16.540,16.850,16.530,74287.000
002780,2026-02-12,16.520,16.060,16.660,16.040,85886.000
002780,2026-02-13,16.220,15.970,16.490,15.970,76860.000
002780,2026-02-24,16.130,16.280,16.440,15.950,85280.000
002780,2026-02-25,16.280,16.370,16.480,16.150,69715.000
002780,2026-02-26,16.370,16.200,16.590,16.130,65278.000
002780,2026-02-27,16.150,16.230,16.280,16.030,48163.000
002780,2026-03-02,15.950,15.540,16.100,15.450,88387.000
002780,2026-03-03,15.540,15.110,15.770,15.070,68209.000
002780,2026-03-04,15.000,15.100,15.210,14.870,54303.000
002780,2026-03-05,15.380,15.160,15.460,15.060,42897.000
002780,2026-03-06,15.210,15.510,15.540,15.100,37787.000
002780,2026-03-09,15.370,15.430,15.610,15.000,59711.000
002780,2026-03-10,15.600,15.810,15.840,15.540,44624.000
002780,2026-03-11,15.840,15.720,15.930,15.630,44087.000
002780,2026-03-12,15.750,15.430,15.800,15.360,41542.000
002780,2026-03-13,15.350,15.480,15.700,15.270,34119.000
002780,2026-03-16,15.400,15.500,15.630,15.310,34776.000
002780,2026-03-17,15.590,15.160,15.610,15.110,33930.000
002780,2026-03-18,15.230,15.330,15.400,14.990,32543.000
002780,2026-03-19,15.320,14.880,15.360,14.810,37997.000
002780,2026-03-20,14.970,14.540,15.030,14.440,56561.000
002780,2026-03-23,14.330,13.400,14.330,13.260,91326.000
002780,2026-03-24,13.800,14.130,14.180,13.570,59816.000
002780,2026-03-25,14.210,14.760,14.770,14.150,62790.000
002780,2026-03-26,14.770,14.490,14.880,14.390,33825.000
002780,2026-03-27,14.360,14.710,14.770,14.350,39759.000
002780,2026-03-30,14.600,15.060,15.100,14.550,45094.000
002780,2026-03-31,15.350,15.210,15.620,15.150,74092.000
002780,2026-04-01,15.450,15.090,15.470,14.970,45983.000
002780,2026-04-02,15.080,14.920,15.120,14.760,57111.000
002780,2026-04-03,14.980,14.310,14.990,14.300,36812.000
002780,2026-04-07,14.310,14.860,14.890,14.300,46323.000
002780,2026-04-08,15.070,15.270,15.300,15.060,33758.000
002780,2026-04-09,15.250,15.010,15.270,14.900,37480.000
002780,2026-04-10,15.180,15.010,15.240,14.950,39648.000
002780,2026-04-13,14.980,14.870,15.020,14.760,41074.000
002780,2026-04-14,14.930,14.760,15.050,14.550,34950.000
002780,2026-04-15,14.850,14.850,15.040,14.700,44345.000
002780,2026-04-16,14.930,14.900,15.000,14.570,53605.000
002780,2026-04-17,14.880,14.760,14.960,14.640,32195.000
002780,2026-04-20,14.760,14.980,15.000,14.570,28198.000
002780,2026-04-21,14.930,15.160,15.350,14.880,53798.000
002780,2026-04-22,15.150,15.080,15.230,14.890,36620.000
002780,2026-04-23,15.100,15.040,15.230,14.890,29085.000
002780,2026-04-24,14.920,15.270,15.330,14.850,44791.000
002780,2026-04-27,15.220,15.350,15.380,14.800,54562.000
002780,2026-04-28,15.270,15.130,15.430,14.990,66450.000
002780,2026-04-29,16.580,16.300,16.650,15.950,224299.000
002780,2026-04-30,16.240,16.720,16.930,16.210,175343.000
002780,2026-05-06,16.610,16.420,16.710,16.230,138221.000
002780,2026-05-07,16.390,16.220,16.740,16.190,81852.000
002780,2026-05-08,16.200,16.840,16.960,16.150,111175.000
002780,2026-05-11,16.850,17.170,17.420,16.660,108366.000
002780,2026-05-12,17.000,16.830,17.310,16.810,73757.000
002780,2026-05-13,16.840,16.700,17.040,16.530,74919.000
002780,2026-05-14,16.750,16.520,16.860,16.470,45342.000
002780,2026-05-15,16.520,16.250,16.590,16.110,54560.000
002780,2026-05-18,16.370,16.150,16.420,15.790,61130.000
002780,2026-05-19,16.180,15.980,16.300,15.720,39460.000
002780,2026-05-20,15.990,15.690,16.020,15.450,37715.000
002780,2026-05-21,15.660,15.010,15.840,14.920,56558.000
002780,2026-05-22,15.080,15.040,15.300,14.820,52015.000
002780,2026-05-25,15.200,14.890,15.430,14.670,51813.000
002780,2026-05-26,14.760,14.200,14.870,14.070,66450.000
002780,2026-05-27,14.350,14.050,14.420,13.740,61151.000
002780,2026-05-28,14.060,14.450,14.760,13.960,63530.000
002780,2026-05-29,14.550,14.180,14.550,14.100,45212.000
002780,2026-06-01,14.260,14.500,14.590,14.020,43327.000
002780,2026-06-02,14.460,13.850,14.530,13.700,58668.000
002780,2026-06-03,13.900,13.550,13.950,13.450,48919.000
002780,2026-06-04,13.510,13.350,13.650,13.210,59972.000
002780,2026-06-05,13.340,13.640,13.770,13.290,68507.000
002780,2026-06-08,13.400,13.460,13.780,13.190,58215.000
002780,2026-06-09,13.470,13.270,13.700,13.160,47263.000
002780,2026-06-10,13.260,13.280,13.540,13.170,42549.000
002780,2026-06-11,13.210,13.130,13.360,12.900,37368.000
002780,2026-06-12,13.240,13.770,14.050,13.130,60060.000
002780,2026-06-15,13.800,13.600,14.150,13.450,53927.000
002780,2026-06-16,13.580,13.410,13.610,13.170,39686.000
002780,2026-06-17,13.400,13.130,13.460,13.030,41262.000
002780,2026-06-18,13.130,12.970,13.130,12.860,34655.000
002780,2026-06-22,12.990,13.050,13.090,12.480,48756.000
002780,2026-06-23,13.100,13.290,13.490,12.990,46975.000
002780,2026-06-24,13.300,13.030,13.420,12.820,42066.000
002780,2026-06-25,13.020,12.650,13.020,12.460,47425.000
002780,2026-06-26,12.650,12.340,12.730,12.200,44271.000
002780,2026-06-29,12.220,12.340,12.380,11.780,45844.000
002780,2026-06-30,12.350,12.140,12.460,11.990,38621.000
002780,2026-07-01,12.170,12.690,12.820,12.100,71957.000
002780,2026-07-02,12.690,12.630,12.950,12.560,53032.000
002780,2026-07-03,12.910,13.120,13.180,12.770,50271.000
002780,2026-07-06,13.000,13.000,13.430,12.920,40728.000
002780,2026-07-07,12.860,12.540,13.040,12.430,40674.000
002780,2026-07-08,12.460,12.350,12.740,12.180,37292.000
002780,2026-07-09,12.210,12.510,12.540,12.210,46647.000
002780,2026-07-10,12.500,12.590,12.840,12.200,55785.000
002780,2026-07-13,12.570,12.100,12.570,12.080,59502.000
002780,2026-07-14,12.150,12.670,12.720,11.930,64159.000
002780,2026-07-15,12.600,13.210,13.350,12.540,102465.000
002780,2026-07-16,13.200,13.460,13.710,13.070,85695.000
002780,2026-07-17,13.440,12.840,13.780,12.700,77870.000
002780,2026-07-20,12.950,12.080,12.990,11.800,110492.000
002780,2026-07-21,12.190,11.690,12.220,11.200,120718.000
002780,2026-07-22,11.600,11.580,11.890,11.440,73277.000
002780,2026-07-23,11.820,12.360,12.380,11.630,111638.000
002780,2026-07-24,12.250,11.800,12.450,11.710,73657.000
002780,2026-07-27,11.830,12.160,12.250,11.700,69683.000
002780,2026-07-28,12.060,12.600,12.990,12.010,92813.000
002780,2026-07-29,12.600,12.730,13.120,12.500,84753.000
002780,2026-07-30,12.700,12.550,13.090,12.550,74922.000
002780,2026-07-31,12.560,12.740,12.840,12.560,58243.000
002780,2026-08-03,12.820,13.250,13.290,12.750,93545.000
002780,2026-08-04,13.240,13.110,13.350,13.070,63142.000
002780,2026-08-05,13.110,13.110,13.330,12.970,48875.000
002780,2026-08-06,13.110,13.150,13.200,12.910,43343.000
002780,2026-08-07,13.140,13.080,13.270,12.790,55061.000
002780,2026-08-10,13.080,13.590,13.740,13.020,66093.000
002780,2026-08-11,13.570,13.450,13.660,13.410,33546.000
002780,2026-08-12,13.450,13.550,13.550,13.310,40305.000
002780,2026-08-13,13.540,13.190,13.550,13.180,34938.000
002780,2026-08-14,13.180,13.270,13.310,13.090,30868.000
002780,2026-08-17,13.300,13.380,13.420,13.080,31758.000
002780,2026-08-18,13.370,13.280,13.420,13.130,26185.000
002780,2026-08-19,13.180,12.870,13.280,12.830,34055.000
002780,2026-08-20,13.080,13.270,13.310,12.960,40474.000
002780,2026-08-21,13.160,13.060,13.240,12.780,37687.000
002780,2026-08-24,13.100,12.990,13.260,12.820,41862.000
002780,2026-08-25,12.900,13.400,13.480,12.900,38375.000
002780,2026-08-26,13.380,13.400,13.520,13.270,31101.000
002780,2026-08-27,13.290,13.400,13.450,13.180,38420.000
002780,2026-08-28,13.340,13.680,13.790,13.290,41070.000
002780,2026-08-31,13.880,14.030,14.170,13.600,72613.000
002780,2026-09-01,14.030,14.220,14.350,13.920,64151.000
002780,2026-09-02,14.130,14.280,14.410,14.000,58933.000
002780,2026-09-03,14.500,14.120,14.500,14.080,48672.000
002780,2026-09-04,14.300,14.210,14.480,14.120,44821.000
002956,2026-01-09,18.873,19.237,19.415,18.723,21619.000
002956,2026-01-12,19.487,19.458,19.487,18.915,17760.000
002956,2026-01-13,19.594,19.201,19.758,18.973,22581.000
002956,2026-01-14,19.115,19.037,19.401,18.765,22672.000
002956,2026-01-15,19.037,18.880,19.530,18.744,15271.000
002956,2026-01-16,18.973,18.873,18.973,18.708,10047.000
002956,2026-01-19,18.930,19.937,20.544,18.873,35030.000
002956,2026-01-20,19.944,20.737,20.887,19.937,37427.000
002956,2026-01-21,20.423,20.458,20.480,19.758,37180.000
002956,2026-01-22,20.287,20.201,20.651,20.115,25259.000
002956,2026-01-23,20.194,20.008,20.201,19.865,14465.000
002956,2026-01-26,20.023,20.044,20.344,19.758,15017.000
002956,2026-01-27,19.987,19.680,20.044,19.501,15977.000
002956,2026-01-28,19.623,19.673,19.894,19.544,11026.000
002956,2026-01-29,19.651,19.558,20.187,19.387,18866.000
002956,2026-01-30,19.487,19.865,19.901,19.423,18216.000
002956,2026-02-02,19.451,19.737,20.444,19.437,24051.000
002956,2026-02-03,19.744,19.273,19.901,18.708,33770.000
002956,2026-02-04,19.344,19.701,19.744,18.973,26197.000
002956,2026-02-05,19.701,19.351,19.958,19.315,20012.000
002956,2026-02-06,19.308,19.087,19.530,19.044,14102.000
002956,2026-02-09,19.187,19.830,19.844,18.815,23822.000
002956,2026-02-10,19.801,19.837,20.065,19.423,20418.000
002956,2026-02-11,19.830,19.944,20.037,19.501,20129.000
002956,2026-02-12,19.794,20.015,20.223,19.708,14010.000
002956,2026-02-13,20.008,19.744,20.165,19.708,13596.000
002956,2026-02-24,19.694,19.394,19.901,19.187,14694.000
002956,2026-02-25,19.394,19.215,19.473,19.044,16012.000
002956,2026-02-26,19.215,19.215,19.308,18.994,8316.000
002956,2026-02-27,19.230,19.115,19.508,18.758,11474.000
002956,2026-03-02,18.887,18.630,19.508,18.551,26537.000
002956,2026-03-03,18.623,17.937,18.894,17.894,24978.000
002956,2026-03-04,17.465,17.615,18.058,17.465,21453.000
002956,2026-03-05,17.751,17.808,18.187,17.615,16465.000
002956,2026-03-06,17.951,19.001,19.051,17.665,28273.000
002956,2026-03-09,18.773,18.558,18.873,18.187,25297.000
002956,2026-03-10,18.594,18.858,18.915,18.401,12012.000
002956,2026-03-11,18.865,18.323,18.973,18.215,16083.000
002956,2026-03-12,18.337,17.558,18.394,17.544,17126.000
002956,2026-03-13,17.558,17.637,18.144,17.444,13746.000
002956,2026-03-16,17.694,18.323,18.351,17.580,19865.000
002956,2026-03-17,18.365,17.937,18.394,17.894,12955.000
002956,2026-03-18,18.151,19.201,19.437,17.894,39812.000
002956,2026-03-19,19.165,18.515,19.508,18.394,17343.000
002956,2026-03-20,18.508,18.023,18.758,17.980,15283.000
002956,2026-03-23,17.887,17.394,17.887,17.115,22152.000
002956,2026-03-24,17.644,18.351,18.394,17.408,24692.000
002956,2026-03-25,18.487,18.180,18.573,18.051,16082.000
002956,2026-03-26,18.187,17.973,18.387,17.851,9057.000
002956,2026-03-27,17.830,18.037,18.437,17.615,11784.000
002956,2026-03-30,17.937,18.558,18.865,17.851,19318.000
002956,2026-03-31,18.601,18.358,18.830,18.330,9352.000
002956,2026-04-01,18.537,18.473,18.723,18.115,13875.000
002956,2026-04-02,18.544,19.251,19.387,18.315,30806.000
002956,2026-04-03,19.115,19.558,20.037,19.115,26093.000
002956,2026-04-07,19.423,19.573,20.180,19.373,22593.000
002956,2026-04-08,19.773,19.901,20.087,19.565,25308.000
002956,2026-04-09,19.887,20.501,20.673,19.765,25284.000
002956,2026-04-10,20.494,20.165,20.758,20.023,25036.000
002956,2026-04-13,20.180,19.951,20.230,19.687,23717.000
002956,2026-04-14,19.980,18.937,20.158,18.351,53174.000
002956,2026-04-15,19.408,19.201,19.780,18.873,37684.000
002956,2026-04-16,19.330,19.437,19.544,19.030,22886.000
002956,2026-04-17,19.515,19.237,19.537,18.951,17741.000
002956,2026-04-20,19.180,19.273,19.465,19.073,15768.000
002956,2026-04-21,19.294,19.465,19.908,19.258,15637.000
002956,2026-04-22,19.380,19.544,19.873,19.258,15028.000
002956,2026-04-23,19.373,19.580,20.173,19.337,28884.000
002956,2026-04-24,19.608,19.473,19.744,19.137,10994.000
002956,2026-04-27,19.530,20.915,21.165,19.394,51198.000
002956,2026-04-28,20.973,20.723,20.973,20.344,21941.000
002956,2026-04-29,21.401,22.837,22.837,21.401,86797.000
002956,2026-04-30,24.001,23.294,24.565,23.165,144750.000
002956,2026-05-06,23.287,22.987,23.294,22.258,90569.000
002956,2026-05-07,22.987,22.908,23.294,22.301,56649.000
002956,2026-05-08,22.823,22.265,22.887,22.115,47896.000
002956,2026-05-11,22.251,22.180,22.323,21.623,44255.000
002956,2026-05-12,22.108,21.401,22.165,21.173,46002.000
002956,2026-05-13,21.401,21.480,21.744,21.223,33647.000
002956,2026-05-14,21.694,21.608,21.894,21.173,32350.000
002956,2026-05-15,21.558,21.315,21.615,21.208,30106.000
002956,2026-05-18,21.330,21.000,21.880,20.670,43783.000
002956,2026-05-19,20.940,21.470,21.840,20.940,52712.000
002956,2026-05-20,21.190,21.320,21.650,21.100,28245.000
002956,2026-05-21,21.350,21.480,22.000,21.210,43917.000
002956,2026-05-22,21.660,21.450,21.910,20.950,44362.000
002956,2026-05-25,21.080,20.420,21.500,20.350,49901.000
002956,2026-05-26,20.420,21.530,21.610,20.160,69847.000
002956,2026-05-27,21.490,22.300,22.580,21.120,65137.000
002956,2026-05-28,22.310,21.620,22.310,21.310,39027.000
002956,2026-05-29,21.540,21.960,22.530,21.540,36666.000
002956,2026-06-01,21.560,22.320,22.550,21.430,52757.000
002956,2026-06-02,22.230,21.880,22.440,21.300,48510.000
002956,2026-06-03,21.930,21.120,21.970,20.660,50059.000
002956,2026-06-04,20.900,20.840,21.450,20.420,35109.000
002956,2026-06-05,20.900,21.440,21.800,20.740,37530.000
002956,2026-06-08,21.010,21.130,21.840,20.910,34524.000
002956,2026-06-09,21.130,21.080,21.600,20.810,25461.000
002956,2026-06-10,20.750,21.380,21.470,20.750,22388.000
002956,2026-06-11,21.240,21.280,21.400,20.660,32367.000
002956,2026-06-12,21.470,21.990,22.100,21.070,45687.000
002956,2026-06-15,21.910,21.910,22.320,21.220,42104.000
002956,2026-06-16,21.900,21.420,21.930,21.230,28527.000
002956,2026-06-17,21.450,20.960,21.520,20.890,23773.000
002956,2026-06-18,20.920,20.650,21.200,20.550,44697.000
002956,2026-06-22,20.780,20.900,21.280,20.510,29893.000
002956,2026-06-23,20.800,21.480,21.500,20.380,32931.000
002956,2026-06-24,21.470,21.560,22.160,21.190,34809.000
002956,2026-06-25,21.560,22.190,22.460,21.260,44089.000
002956,2026-06-26,22.180,20.730,22.220,20.470,61845.000
002956,2026-06-29,20.780,21.690,22.000,19.980,49740.000
002956,2026-06-30,21.400,20.760,21.790,20.500,45213.000
002956,2026-07-01,20.700,21.000,21.180,20.000,53870.000
002956,2026-07-02,20.900,20.390,21.150,19.500,66662.000
002956,2026-07-03,20.250,20.450,20.960,20.110,35099.000
002956,2026-07-06,20.570,21.180,21.450,20.200,42415.000
002956,2026-07-07,20.980,21.160,21.190,20.310,40537.000
002956,2026-07-08,20.860,21.450,21.550,20.620,39596.000
002956,2026-07-09,21.350,20.600,21.430,20.160,48813.000
002956,2026-07-10,20.350,21.350,21.830,20.100,60563.000
002956,2026-07-13,20.990,20.180,22.100,19.980,73321.000
002956,2026-07-14,20.580,18.750,20.600,18.160,172460.000
002956,2026-07-15,19.080,18.650,19.460,18.510,88341.000
002956,2026-07-16,18.450,17.710,18.690,17.270,100955.000
002956,2026-07-17,17.660,17.000,18.200,16.820,64170.000
002956,2026-07-20,17.270,16.930,17.890,16.720,76849.000
002956,2026-07-21,16.930,16.600,16.990,16.240,74193.000
002956,2026-07-22,16.630,16.810,17.200,16.430,80977.000
002956,2026-07-23,16.850,16.810,16.850,16.490,29274.000
002956,2026-07-24,16.750,15.680,16.780,15.680,74154.000
002956,2026-07-27,15.720,15.960,16.000,15.350,54788.000
002956,2026-07-28,15.880,16.580,16.790,15.680,66705.000
002956,2026-07-29,16.670,18.240,18.240,16.540,110937.000
002956,2026-07-30,18.000,17.570,18.580,17.290,130614.000
002956,2026-07-31,16.930,18.180,18.430,16.800,81205.000
002956,2026-08-03,18.100,17.600,18.680,17.510,77640.000
002956,2026-08-04,17.710,17.610,17.900,17.320,61735.000
002956,2026-08-05,17.600,18.100,18.390,17.510,68319.000
002956,2026-08-06,18.100,18.090,18.350,17.790,37971.000
002956,2026-08-07,18.090,17.900,18.170,17.640,41962.000
002956,2026-08-10,17.850,18.180,18.340,17.750,54246.000
002956,2026-08-11,18.220,17.960,18.400,17.910,39119.000
002956,2026-08-12,17.950,18.050,18.250,17.720,41558.000
002956,2026-08-13,18.100,18.080,18.330,17.910,30060.000
002956,2026-08-14,18.030,17.840,18.130,17.470,40170.000
002956,2026-08-17,17.850,18.320,18.330,17.560,35230.000
002956,2026-08-18,18.290,18.700,18.810,18.180,52686.000
002956,2026-08-19,18.600,17.510,18.610,17.420,61894.000
002956,2026-08-20,17.710,17.430,17.710,16.960,38506.000
002956,2026-08-21,17.270,16.950,17.450,16.660,45843.000
002956,2026-08-24,17.130,16.700,17.130,16.490,33273.000
002956,2026-08-25,16.670,16.970,17.080,16.500,31571.000
002956,2026-08-26,17.000,17.020,17.250,16.910,24313.000
002956,2026-08-27,17.060,16.980,17.060,16.700,24019.000
002956,2026-08-28,16.980,17.170,17.300,16.910,27366.000
002956,2026-08-31,17.150,17.200,17.240,16.840,25743.000
002956,2026-09-01,17.170,16.970,17.470,16.880,38589.000
002956,2026-09-02,16.820,16.640,16.910,16.610,33211.000
002956,2026-09-03,16.600,16.550,16.740,16.480,25826.000
002956,2026-09-04,16.600,16.770,17.050,16.500,32105.000
300037,2026-01-09,52.302,54.972,55.982,51.782,310646.000
300037,2026-01-12,54.852,54.142,55.722,52.952,250253.000
300037,2026-01-13,54.232,54.162,55.462,53.302,249942.000
300037,2026-01-14,53.502,53.522,55.102,52.432,257040.000
300037,2026-01-15,53.102,54.852,56.582,52.942,261140.000
300037,2026-01-16,56.102,55.172,56.982,55.002,253951.000
300037,2026-01-19,54.502,56.082,56.652,54.502,173257.000
300037,2026-01-20,56.252,54.222,56.572,52.662,219391.000
300037,2026-01-21,53.502,56.482,57.372,53.182,230064.000
300037,2026-01-22,56.442,55.802,57.162,55.382,164809.000
300037,2026-01-23,56.202,57.702,57.842,56.202,214643.000
300037,2026-01-26,57.682,55.322,58.182,54.712,220479.000
300037,2026-01-27,55.062,53.502,56.722,52.242,211139.000
300037,2026-01-28,53.502,52.602,53.502,51.282,235208.000
300037,2026-01-29,52.402,50.712,53.412,50.622,173093.000
300037,2026-01-30,50.712,50.162,51.082,48.582,170316.000
300037,2026-02-02,50.052,48.012,50.502,47.982,139253.000
300037,2026-02-03,48.712,49.632,49.852,48.302,130203.000
300037,2026-02-04,49.562,49.012,49.632,47.952,127694.000
300037,2026-02-05,48.702,47.942,49.102,47.582,92064.000
300037,2026-02-06,47.502,49.672,50.672,47.162,176836.000
300037,2026-02-09,50.002,50.622,51.092,49.672,143180.000
300037,2026-02-10,50.622,50.382,51.062,50.202,91878.000
300037,2026-02-11,50.902,54.532,56.042,50.712,316823.000
300037,2026-02-12,54.532,55.652,56.502,53.352,223201.000
300037,2026-02-13,55.652,56.242,57.902,55.082,211228.000
300037,2026-02-24,56.932,56.322,56.932,55.502,149163.000
300037,2026-02-25,56.332,58.352,59.872,55.902,259480.000
300037,2026-02-26,59.522,57.082,59.692,56.892,214213.000
300037,2026-02-27,56.982,56.612,57.252,56.082,143185.000
300037,2026-03-02,56.022,56.102,57.682,55.922,144630.000
300037,2026-03-03,56.302,54.872,57.202,53.952,186315.000
300037,2026-03-04,54.312,54.322,55.752,54.012,128331.000
300037,2026-03-05,55.202,54.632,55.432,54.082,116150.000
300037,2026-03-06,54.322,54.192,55.052,53.672,112484.000
300037,2026-03-09,53.892,55.252,55.522,52.412,162841.000
300037,2026-03-10,55.512,54.962,56.352,54.632,132931.000
300037,2026-03-11,54.862,56.902,57.882,54.322,226597.000
300037,2026-03-12,56.632,58.672,59.102,56.302,252853.000
300037,2026-03-13,58.082,58.902,60.982,57.702,249010.000
300037,2026-03-16,59.072,58.752,61.652,58.502,268199.000
300037,2026-03-17,59.052,56.932,60.002,56.762,225636.000
300037,2026-03-18,57.502,55.542,57.602,54.802,142735.000
300037,2026-03-19,55.112,53.902,55.972,53.232,156257.000
300037,2026-03-20,54.322,56.302,58.802,53.862,269578.000
300037,2026-03-23,55.932,54.712,57.502,54.432,201666.000
300037,2026-03-24,55.652,53.902,56.062,51.622,221940.000
300037,2026-03-25,53.982,56.472,56.782,52.722,253256.000
300037,2026-03-26,56.472,57.982,59.632,55.652,322498.000
300037,2026-03-27,57.102,58.852,59.872,56.262,324131.000
300037,2026-03-30,58.252,58.702,59.112,56.612,212069.000
300037,2026-03-31,57.922,55.822,58.182,55.772,165870.000
300037,2026-04-01,56.602,56.722,58.702,54.972,194008.000
300037,2026-04-02,56.902,55.032,57.382,54.392,145976.000
300037,2026-04-03,55.282,53.242,55.852,51.952,177722.000
300037,2026-04-07,53.582,54.612,55.552,53.522,134105.000
300037,2026-04-08,55.502,57.812,58.102,55.502,206508.000
300037,2026-04-09,57.302,59.562,60.712,56.702,234387.000
300037,2026-04-10,59.722,63.272,64.452,59.722,373502.000
300037,2026-04-13,63.542,62.862,65.602,62.462,348493.000
300037,2026-04-14,63.572,63.952,64.022,61.542,262406.000
300037,2026-04-15,63.652,62.522,64.292,62.202,210073.000
300037,2026-04-16,63.252,63.012,64.382,61.902,230701.000
300037,2026-04-17,62.972,62.272,63.742,61.812,215853.000
300037,2026-04-20,62.402,62.032,63.192,61.072,212532.000
300037,2026-04-21,62.402,62.382,62.922,59.692,255239.000
300037,2026-04-22,62.302,62.212,63.952,61.632,217491.000
300037,2026-04-23,62.762,61.812,63.072,60.382,234777.000
300037,2026-04-24,61.512,64.302,65.162,61.362,318581.000
300037,2026-04-27,64.502,68.302,70.362,63.512,452700.000
300037,2026-04-28,66.880,66.510,67.450,65.280,333000.000
300037,2026-04-29,65.790,70.930,71.830,65.460,463379.000
300037,2026-04-30,70.300,69.100,70.520,68.120,343744.000
300037,2026-05-06,70.100,71.120,72.860,69.090,363425.000
300037,2026-05-07,69.990,69.500,70.000,66.830,430157.000
300037,2026-05-08,67.980,66.000,69.360,65.880,342820.000
300037,2026-05-11,66.000,67.100,67.340,65.020,265703.000
300037,2026-05-12,66.880,64.530,66.950,64.000,322194.000
300037,2026-05-13,64.360,64.690,65.090,64.010,222424.000
300037,2026-05-14,65.010,62.720,65.740,62.700,224003.000
300037,2026-05-15,63.580,63.150,64.690,62.220,261346.000
300037,2026-05-18,62.850,62.670,63.670,60.860,193598.000
300037,2026-05-19,62.390,64.700,64.900,61.800,232162.000
300037,2026-05-20,64.260,67.930,68.380,64.030,391200.000
300037,2026-05-21,68.310,66.530,71.200,66.530,429234.000
300037,2026-05-22,67.500,72.920,73.370,66.840,476844.000
300037,2026-05-25,72.750,68.410,73.960,67.580,449752.000
300037,2026-05-26,67.740,69.580,72.000,67.500,335933.000
300037,2026-05-27,70.020,74.720,75.880,70.020,523976.000
300037,2026-05-28,76.970,79.910,80.880,73.610,554040.000
300037,2026-05-29,78.200,73.640,78.970,72.820,417634.000
300037,2026-06-01,73.880,70.960,75.200,70.440,296516.000
300037,2026-06-02,71.390,71.750,73.500,68.600,287741.000
300037,2026-06-03,71.490,71.050,72.880,69.600,308789.000
300037,2026-06-04,69.850,78.300,79.970,69.030,519343.000
300037,2026-06-05,79.130,75.980,79.800,75.300,355545.000
300037,2026-06-08,77.000,73.260,77.990,72.780,436352.000
300037,2026-06-09,74.500,74.260,76.710,72.000,404347.000
300037,2026-06-10,73.000,72.150,73.860,70.120,309200.000
300037,2026-06-11,71.900,75.600,76.990,71.020,415884.000
300037,2026-06-12,76.010,74.300,77.880,73.080,361307.000
300037,2026-06-15,74.700,77.380,77.660,72.720,409574.000
300037,2026-06-16,76.890,80.400,83.830,76.510,473713.000
300037,2026-06-17,78.050,86.020,86.800,77.860,454168.000
300037,2026-06-18,85.660,83.290,85.800,80.760,470278.000
300037,2026-06-22,83.000,89.990,90.680,82.010,400696.000
300037,2026-06-23,90.000,88.000,93.050,85.400,366561.000
300037,2026-06-24,87.570,89.300,91.390,83.310,308842.000
300037,2026-06-25,88.190,90.290,93.880,87.510,330234.000
300037,2026-06-26,88.910,83.420,90.200,83.400,365446.000
300037,2026-06-29,84.920,84.030,87.600,81.300,300595.000
300037,2026-06-30,84.480,92.850,93.360,84.070,465928.000
300037,2026-07-01,93.620,93.550,96.080,89.300,373018.000
300037,2026-07-02,90.810,87.790,92.330,86.600,344362.000
300037,2026-07-03,88.370,88.960,93.880,87.200,300826.000
300037,2026-07-06,88.790,85.130,94.360,84.380,340026.000
300037,2026-07-07,85.280,85.040,87.390,83.460,205988.000
300037,2026-07-08,83.680,77.430,84.990,75.530,386429.000
300037,2026-07-09,78.010,81.110,81.550,75.900,279940.000
300037,2026-07-10,81.970,72.580,82.480,72.580,413358.000
300037,2026-07-13,72.480,67.410,73.550,67.200,316602.000
300037,2026-07-14,68.000,69.250,69.980,66.700,197856.000
300037,2026-07-15,70.050,67.200,71.980,66.660,166447.000
300037,2026-07-16,67.420,63.870,67.530,63.300,205025.000
300037,2026-07-17,64.150,60.400,64.280,60.060,209850.000
300037,2026-07-20,61.600,56.990,62.620,55.300,278506.000
300037,2026-07-21,56.990,62.020,62.180,56.310,291258.000
300037,2026-07-22,62.020,59.560,62.900,58.840,205524.000
300037,2026-07-23,59.960,61.400,62.160,59.300,201063.000
300037,2026-07-24,61.470,60.600,62.590,59.200,202211.000
300037,2026-07-27,61.300,62.420,62.530,60.080,238063.000
300037,2026-07-28,61.420,58.780,62.170,58.480,174552.000
300037,2026-07-29,58.780,61.720,62.880,56.540,281724.000
300037,2026-07-30,61.550,61.060,62.440,59.250,196177.000
300037,2026-07-31,63.700,62.600,65.580,62.590,227622.000
300037,2026-08-03,62.560,60.970,62.580,60.100,139168.000
300037,2026-08-04,60.990,63.570,64.490,60.990,169806.000
300037,2026-08-05,63.060,67.000,67.890,62.670,189298.000
300037,2026-08-06,66.510,67.320,68.800,65.510,159059.000
300037,2026-08-07,66.790,66.800,67.590,65.180,156417.000
300037,2026-08-10,67.200,66.550,68.980,65.630,139328.000
300037,2026-08-11,66.050,65.820,67.650,65.200,110094.000
300037,2026-08-12,65.800,66.550,67.450,65.000,115061.000
300037,2026-08-13,67.180,65.630,69.000,65.580,178362.000
300037,2026-08-14,66.030,66.880,68.370,65.730,134513.000
300037,2026-08-17,66.480,69.670,69.880,66.160,169673.000
300037,2026-08-18,69.870,67.970,69.900,66.760,160227.000
300037,2026-08-19,66.880,64.150,67.490,63.800,148802.000
300037,2026-08-20,64.270,65.150,66.270,63.560,116472.000
300037,2026-08-21,64.050,63.350,66.310,62.500,183956.000
300037,2026-08-24,63.370,62.000,64.650,60.780,149371.000
300037,2026-08-25,61.880,60.600,62.000,59.190,156914.000
300037,2026-08-26,60.920,61.200,62.250,60.420,96772.000
300037,2026-08-27,61.420,65.390,65.450,60.550,174181.000
300037,2026-08-28,65.500,65.410,67.980,65.310,157531.000
300037,2026-08-31,64.000,65.600,65.900,62.900,129740.000
300037,2026-09-01,66.000,64.660,66.880,64.210,116177.000
300037,2026-09-02,63.700,62.280,64.010,62.060,91211.000
300037,2026-09-03,62.620,63.650,64.180,61.920,108241.000
300037,2026-09-04,63.640,62.550,65.160,61.880,119166.000
300132,2026-01-09,8.500,8.700,8.850,8.490,253716.000
300132,2026-01-12,8.700,8.870,8.970,8.530,262900.000
300132,2026-01-13,8.970,8.790,9.180,8.660,280292.000
300132,2026-01-14,8.730,8.690,8.890,8.590,252250.000
300132,2026-01-15,8.640,8.590,8.720,8.560,154041.000
300132,2026-01-16,8.610,8.700,8.880,8.550,207458.000
300132,2026-01-19,8.720,9.040,9.080,8.720,228234.000
300132,2026-01-20,9.060,9.080,9.350,8.850,303730.000
300132,2026-01-21,9.080,9.140,9.230,8.870,248297.000
300132,2026-01-22,9.190,9.280,9.390,9.000,223560.000
300132,2026-01-23,9.250,8.940,9.500,8.790,534301.000
300132,2026-01-26,8.930,8.720,8.950,8.700,259481.000
300132,2026-01-27,8.690,8.740,8.810,8.550,183480.000
300132,2026-01-28,8.680,8.440,8.750,8.430,190878.000
300132,2026-01-29,8.400,8.310,8.480,8.220,192115.000
300132,2026-01-30,8.250,8.370,8.500,8.070,196477.000
300132,2026-02-02,8.370,8.180,8.400,8.140,125048.000
300132,2026-02-03,8.250,8.270,8.410,8.210,117098.000
300132,2026-02-04,8.280,8.230,8.320,8.150,94902.000
300132,2026-02-05,8.220,8.260,8.410,8.180,141866.000
300132,2026-02-06,8.160,8.300,8.350,8.100,130623.000
300132,2026-02-09,8.300,8.320,8.370,8.220,114408.000
300132,2026-02-10,8.290,8.220,8.300,8.190,99568.000
300132,2026-02-11,8.190,8.100,8.230,8.100,105090.000
300132,2026-02-12,8.070,8.050,8.160,8.000,104964.000
300132,2026-02-13,8.050,8.800,9.140,8.020,638722.000
300132,2026-02-24,8.680,9.100,9.320,8.670,396244.000
300132,2026-02-25,9.050,9.230,9.330,8.910,328591.000
300132,2026-02-26,9.310,9.210,9.310,9.080,227836.000
300132,2026-02-27,9.170,9.760,9.780,9.130,336025.000
300132,2026-03-02,9.500,9.460,9.660,9.200,356911.000
300132,2026-03-03,9.580,9.170,9.710,9.130,251853.000
300132,2026-03-04,9.080,9.370,9.440,8.980,212760.000
300132,2026-03-05,9.490,9.470,9.690,9.390,200662.000
300132,2026-03-06,9.460,9.540,9.540,9.380,132311.000
300132,2026-03-09,9.400,9.330,9.440,9.130,195670.000
300132,2026-03-10,9.430,9.400,9.530,9.260,150485.000
300132,2026-03-11,9.390,9.210,9.530,9.190,181401.000
300132,2026-03-12,9.200,8.930,9.270,8.860,205661.000
300132,2026-03-13,8.930,8.950,9.130,8.900,140418.000
300132,2026-03-16,8.970,9.170,9.270,8.950,135436.000
300132,2026-03-17,9.120,8.840,9.290,8.800,266500.000
300132,2026-03-18,8.800,9.200,9.230,8.800,202711.000
300132,2026-03-19,9.150,8.890,9.150,8.820,160291.000
300132,2026-03-20,8.860,8.740,8.980,8.680,141643.000
300132,2026-03-23,8.590,8.080,8.590,8.020,177463.000
300132,2026-03-24,8.300,8.390,8.400,8.100,132823.000
300132,2026-03-25,8.480,8.530,8.640,8.340,97944.000
300132,2026-03-26,8.550,8.330,8.750,8.290,119617.000
300132,2026-03-27,8.240,8.450,8.530,8.200,94287.000
300132,2026-03-30,8.380,8.770,8.790,8.320,160624.000
300132,2026-03-31,8.740,8.700,9.030,8.670,158448.000
300132,2026-04-01,8.850,8.760,8.910,8.660,99795.000
300132,2026-04-02,8.750,8.700,8.970,8.620,122591.000
300132,2026-04-03,8.660,8.340,8.710,8.320,108787.000
300132,2026-04-07,8.410,8.550,8.710,8.300,130294.000
300132,2026-04-08,8.650,8.770,8.810,8.650,126688.000
300132,2026-04-09,8.780,8.490,8.780,8.330,168820.000
300132,2026-04-10,8.540,8.360,8.590,8.320,117083.000
300132,2026-04-13,8.240,8.380,8.430,8.210,116385.000
300132,2026-04-14,8.380,8.430,8.530,8.260,121784.000
300132,2026-04-15,8.460,8.380,8.490,8.250,110315.000
300132,2026-04-16,8.380,8.470,8.490,8.290,120896.000
300132,2026-04-17,8.520,8.900,8.990,8.500,348354.000
300132,2026-04-20,8.860,8.690,8.930,8.650,182050.000
300132,2026-04-21,8.690,8.630,8.800,8.560,123601.000
300132,2026-04-22,8.710,8.730,8.910,8.600,172962.000
300132,2026-04-23,8.740,8.900,9.040,8.630,193850.000
300132,2026-04-24,8.880,9.040,9.070,8.740,209994.000
300132,2026-04-27,9.040,9.550,9.620,9.000,411134.000
300132,2026-04-28,9.430,9.580,9.880,9.410,383656.000
300132,2026-04-29,9.640,9.460,9.700,9.170,255336.000
300132,2026-04-30,9.500,9.440,9.710,9.440,246157.000
300132,2026-05-06,9.330,9.100,9.430,8.970,339509.000
300132,2026-05-07,9.150,8.940,9.150,8.910,220024.000
300132,2026-05-08,8.890,8.930,9.180,8.870,171520.000
300132,2026-05-11,8.940,8.670,8.980,8.580,281077.000
300132,2026-05-12,8.620,8.490,8.640,8.400,149656.000
300132,2026-05-13,8.530,8.410,8.600,8.340,168453.000
300132,2026-05-14,8.380,8.150,8.390,8.150,157017.000
300132,2026-05-15,8.140,8.100,8.260,7.960,165746.000
300132,2026-05-18,8.010,7.950,8.090,7.870,144646.000
300132,2026-05-19,7.970,7.950,8.040,7.810,96832.000
300132,2026-05-20,7.940,8.160,8.250,7.870,170657.000
300132,2026-05-21,8.200,7.900,8.270,7.850,138584.000
300132,2026-05-22,7.900,7.660,7.950,7.600,149088.000
300132,2026-05-25,7.680,8.180,8.290,7.670,248121.000
300132,2026-05-26,8.220,8.460,8.480,7.970,212064.000
300132,2026-05-27,8.380,8.040,8.450,8.010,151328.000
300132,2026-05-28,8.040,7.950,8.090,7.840,80462.000
300132,2026-05-29,8.000,7.720,8.040,7.600,139291.000
300132,2026-06-01,7.650,7.670,7.810,7.480,107581.000
300132,2026-06-02,7.630,7.160,7.770,7.010,239281.000
300132,2026-06-03,7.080,6.670,7.150,6.500,315523.000
300132,2026-06-04,6.630,6.580,6.820,6.510,171982.000
300132,2026-06-05,6.520,6.510,6.780,6.410,163964.000
300132,2026-06-08,6.400,6.290,6.520,6.190,163480.000
300132,2026-06-09,6.400,6.460,6.510,6.330,109033.000
300132,2026-06-10,6.450,6.440,6.520,6.350,112963.000
300132,2026-06-11,6.500,6.380,6.540,6.260,89954.000
300132,2026-06-12,6.400,6.450,6.510,6.350,121734.000
300132,2026-06-15,6.450,6.400,6.530,6.340,132718.000
300132,2026-06-16,6.380,6.180,6.460,6.150,167299.000
300132,2026-06-17,6.200,6.060,6.230,6.020,148801.000
300132,2026-06-18,6.080,5.990,6.100,5.930,131578.000
300132,2026-06-22,6.000,6.020,6.040,5.700,172724.000
300132,2026-06-23,5.950,6.110,6.230,5.930,148906.000
300132,2026-06-24,6.100,5.930,6.100,5.870,124915.000
300132,2026-06-25,5.900,5.750,5.920,5.710,125152.000
300132,2026-06-26,5.720,5.540,5.730,5.530,131868.000
300132,2026-06-29,5.560,5.550,5.590,5.380,150385.000
300132,2026-06-30,5.500,5.680,5.720,5.430,142996.000
300132,2026-07-01,5.700,5.810,5.850,5.610,158532.000
300132,2026-07-02,5.820,5.850,5.960,5.740,149057.000
300132,2026-07-03,5.870,6.050,6.080,5.810,168675.000
300132,2026-07-06,6.110,6.020,6.140,5.930,152525.000
300132,2026-07-07,6.010,5.760,6.020,5.730,131642.000
300132,2026-07-08,5.760,5.680,5.830,5.670,104368.000
300132,2026-07-09,5.690,5.620,5.760,5.480,129064.000
300132,2026-07-10,5.600,5.700,5.810,5.510,114612.000
300132,2026-07-13,5.660,5.450,5.690,5.440,109188.000
300132,2026-07-14,5.460,5.660,5.660,5.400,107757.000
300132,2026-07-15,5.620,5.930,6.020,5.580,207175.000
300132,2026-07-16,5.840,5.850,6.000,5.730,182270.000
300132,2026-07-17,5.820,5.540,5.940,5.470,166831.000
300132,2026-07-20,5.600,5.880,5.910,5.600,275033.000
300132,2026-07-21,6.010,6.320,6.380,5.670,453909.000
300132,2026-07-22,6.120,6.270,6.550,6.010,350564.000
300132,2026-07-23,6.210,6.420,6.430,6.160,241852.000
300132,2026-07-24,6.340,6.100,6.410,6.090,200724.000
300132,2026-07-27,6.120,6.200,6.300,6.100,185934.000
300132,2026-07-28,6.150,6.190,6.300,6.090,135204.000
300132,2026-07-29,6.230,6.410,6.420,6.120,218208.000
300132,2026-07-30,6.400,6.210,6.590,6.190,272742.000
300132,2026-07-31,6.150,6.340,6.370,6.130,178985.000
300132,2026-08-03,6.440,6.600,6.690,6.440,228606.000
300132,2026-08-04,6.600,6.640,6.790,6.560,232125.000
300132,2026-08-05,6.600,6.630,6.680,6.500,199165.000
300132,2026-08-06,6.660,6.520,6.680,6.430,162625.000
300132,2026-08-07,6.520,6.510,6.580,6.330,156442.000
300132,2026-08-10,6.480,6.830,6.860,6.470,272288.000
300132,2026-08-11,6.890,6.770,6.970,6.620,228206.000
300132,2026-08-12,6.770,6.810,6.960,6.660,204751.000
300132,2026-08-13,6.840,6.550,6.850,6.550,208808.000
300132,2026-08-14,6.550,6.440,6.590,6.390,124911.000
300132,2026-08-17,6.450,6.460,6.490,6.330,127559.000
300132,2026-08-18,6.450,6.410,6.460,6.320,117114.000
300132,2026-08-19,6.350,6.210,6.400,6.170,130991.000
300132,2026-08-20,6.330,6.400,6.530,6.280,191247.000
300132,2026-08-21,6.260,6.280,6.360,6.140,160465.000
300132,2026-08-24,6.260,6.220,6.340,6.130,100561.000
300132,2026-08-25,6.220,6.370,6.370,6.150,109625.000
300132,2026-08-26,6.350,6.350,6.450,6.300,102591.000
300132,2026-08-27,6.350,6.430,6.480,6.300,96221.000
300132,2026-08-28,6.450,6.420,6.460,6.350,106620.000
300132,2026-08-31,6.330,6.330,6.400,6.290,90258.000
300132,2026-09-01,6.330,6.330,6.420,6.290,122802.000
300132,2026-09-02,6.280,6.360,6.460,6.200,152573.000
300132,2026-09-03,6.380,6.260,6.420,6.230,96421.000
300132,2026-09-04,6.280,6.360,6.440,6.260,140955.000
300750,2026-01-09,360.862,360.922,369.322,358.702,314772.000
300750,2026-01-12,359.692,353.372,359.692,343.352,488307.000
300750,2026-01-13,357.942,350.692,359.462,348.692,296709.000
300750,2026-01-14,351.722,345.672,352.912,343.402,380834.000
300750,2026-01-15,344.442,345.442,349.972,343.492,323709.000
300750,2026-01-16,349.682,344.012,353.412,343.202,319818.000
300750,2026-01-19,343.162,340.592,347.032,337.022,338643.000
300750,2026-01-20,341.692,341.292,348.602,339.592,354406.000
300750,2026-01-21,343.632,341.502,349.382,340.692,393936.000
300750,2026-01-22,342.722,337.492,345.422,331.192,459948.000
300750,2026-01-23,339.702,338.692,341.692,334.942,339761.000
300750,2026-01-26,343.712,333.742,344.242,332.902,332914.000
300750,2026-01-27,336.582,331.092,336.592,325.712,322949.000
300750,2026-01-28,329.572,331.682,335.692,324.702,463082.000
300750,2026-01-29,332.192,333.582,336.852,329.852,338444.000
300750,2026-01-30,340.092,341.692,345.452,335.792,486501.000
300750,2026-02-02,348.692,340.672,349.682,335.822,391917.000
300750,2026-02-03,340.692,339.602,344.492,335.192,265163.000
300750,2026-02-04,342.652,356.722,358.342,339.202,485317.000
300750,2026-02-05,357.462,354.632,358.442,347.712,284272.000
300750,2026-02-06,351.012,360.802,364.572,349.702,393726.000
300750,2026-02-09,362.192,360.512,364.192,354.292,274486.000
300750,2026-02-10,356.862,356.662,362.492,355.692,185635.000
300750,2026-02-11,358.592,359.692,362.682,356.192,196535.000
300750,2026-02-12,361.692,367.562,369.572,359.722,277546.000
300750,2026-02-13,367.302,357.032,368.692,356.702,223145.000
300750,2026-02-24,364.332,353.642,365.192,353.642,226951.000
300750,2026-02-25,355.382,353.872,358.292,351.792,187166.000
300750,2026-02-26,347.742,337.692,349.892,335.192,435414.000
300750,2026-02-27,338.812,333.702,340.632,333.702,254466.000
300750,2026-03-02,332.692,331.912,336.592,328.372,283513.000
300750,2026-03-03,338.022,335.762,346.042,335.722,400075.000
300750,2026-03-04,332.792,330.592,333.712,325.892,250804.000
300750,2026-03-05,336.272,341.942,345.542,334.352,310061.000
300750,2026-03-06,340.692,346.462,348.712,336.352,209631.000
300750,2026-03-09,340.532,349.192,351.542,336.752,317976.000
300750,2026-03-10,366.692,367.992,371.462,358.192,507417.000
300750,2026-03-11,371.272,388.492,395.242,370.672,575987.000
300750,2026-03-12,391.692,387.192,392.592,384.392,291504.000
300750,2026-03-13,385.572,388.692,395.682,385.492,355826.000
300750,2026-03-16,393.462,400.092,404.862,389.692,373521.000
300750,2026-03-17,407.472,396.692,411.692,396.252,359807.000
300750,2026-03-18,397.052,393.712,397.692,388.462,265300.000
300750,2026-03-19,393.632,392.192,405.692,391.692,292866.000
300750,2026-03-20,396.772,404.692,413.772,391.822,537297.000
300750,2026-03-23,409.022,393.682,409.052,390.442,446141.000
300750,2026-03-24,396.692,388.682,403.592,379.692,364105.000
300750,2026-03-25,384.692,389.502,392.192,379.492,267528.000
300750,2026-03-26,385.532,394.192,405.412,383.692,267637.000
300750,2026-03-27,397.812,407.872,410.022,393.422,302580.000
300750,2026-03-30,404.692,404.692,410.542,397.292,253484.000
300750,2026-03-31,404.692,393.392,408.642,393.272,249256.000
300750,2026-04-01,401.422,397.402,401.562,387.692,231701.000
300750,2026-04-02,399.592,392.862,403.682,388.892,223056.000
300750,2026-04-03,391.692,378.152,392.492,376.822,247515.000
300750,2026-04-07,381.672,376.282,384.892,373.182,172576.000
300750,2026-04-08,388.192,382.992,389.342,379.912,364184.000
300750,2026-04-09,385.792,381.682,385.972,378.352,259552.000
300750,2026-04-10,385.692,407.692,410.692,384.372,507887.000
300750,2026-04-13,409.692,418.822,425.022,407.692,412399.000
300750,2026-04-14,413.192,422.482,424.182,406.092,442208.000
300750,2026-04-15,430.572,422.692,431.152,418.762,373536.000
300750,2026-04-16,432.692,445.672,451.692,424.712,635062.000
300750,2026-04-17,447.652,435.892,449.332,432.702,365358.000
300750,2026-04-20,424.692,424.192,429.592,417.702,529278.000
300750,2026-04-21,426.692,439.292,441.822,416.792,577746.000
300750,2026-04-22,439.608,434.948,446.568,431.728,460254.000
300750,2026-04-23,442.098,437.498,442.198,433.598,354310.000
300750,2026-04-24,440.598,443.498,447.048,436.598,395425.000
300750,2026-04-27,443.228,433.478,447.358,432.398,330613.000
300750,2026-04-28,424.788,426.268,431.898,421.598,350121.000
300750,2026-04-29,430.598,443.598,443.748,426.598,376336.000
300750,2026-04-30,445.098,434.598,448.098,434.598,298121.000
300750,2026-05-06,456.098,458.598,464.478,447.228,473727.000
300750,2026-05-07,467.348,450.238,467.348,445.598,386213.000
300750,2026-05-08,447.598,435.598,454.098,434.798,366049.000
300750,2026-05-11,438.598,444.708,449.108,433.698,341901.000
300750,2026-05-12,445.188,429.848,445.448,427.888,341515.000
300750,2026-05-13,429.608,432.648,435.178,425.678,316858.000
300750,2026-05-14,447.978,425.598,449.048,425.598,347046.000
300750,2026-05-15,426.678,422.198,430.098,419.598,297049.000
300750,2026-05-18,419.178,415.828,421.498,412.598,284983.000
300750,2026-05-19,414.458,416.518,418.498,405.398,260877.000
300750,2026-05-20,415.598,413.348,421.588,411.258,281190.000
300750,2026-05-21,418.468,410.228,426.218,410.018,338672.000
300750,2026-05-22,413.298,409.758,415.098,408.598,277884.000
300750,2026-05-25,409.878,401.478,413.098,398.598,381977.000
300750,2026-05-26,404.788,401.098,407.368,398.958,350627.000
300750,2026-05-27,412.518,413.398,427.498,409.888,533729.000
300750,2026-05-28,418.598,414.278,419.178,404.798,327771.000
300750,2026-05-29,421.598,422.598,429.458,415.148,498119.000
300750,2026-06-01,430.698,418.698,436.838,416.778,386005.000
300750,2026-06-02,423.598,432.488,436.348,421.598,387982.000
300750,2026-06-03,435.598,425.018,435.598,418.698,385526.000
300750,2026-06-04,425.018,406.798,425.498,405.778,431155.000
300750,2026-06-05,406.488,401.598,411.248,401.298,287389.000
300750,2026-06-08,394.398,391.618,401.278,389.298,286526.000
300750,2026-06-09,398.588,398.098,400.468,386.598,277351.000
300750,2026-06-10,393.878,387.098,397.598,383.718,244357.000
300750,2026-06-11,385.578,380.798,389.938,378.628,268654.000
300750,2026-06-12,388.588,393.448,398.138,381.898,414208.000
300750,2026-06-15,400.598,396.698,406.498,392.008,340749.000
300750,2026-06-16,407.478,402.128,407.618,397.098,348393.000
300750,2026-06-17,398.598,397.598,401.898,394.178,250093.000
300750,2026-06-18,398.988,390.148,408.488,388.518,385481.000
300750,2026-06-22,391.598,407.578,411.928,384.598,594648.000
300750,2026-06-23,409.598,391.108,412.638,389.328,373741.000
300750,2026-06-24,390.598,393.958,397.868,385.258,344271.000
300750,2026-06-25,398.478,400.498,401.148,391.178,324046.000
300750,2026-06-26,399.598,379.598,408.408,379.598,465253.000
300750,2026-06-29,385.558,390.958,394.598,376.798,425259.000
300750,2026-06-30,391.088,391.608,400.958,388.598,270383.000
300750,2026-07-01,388.598,382.438,389.598,368.598,440886.000
300750,2026-07-02,386.278,380.948,389.588,378.988,340754.000
300750,2026-07-03,380.558,378.598,386.548,377.598,258849.000
300750,2026-07-06,377.828,373.108,380.488,372.648,216480.000
300750,2026-07-07,374.598,371.088,377.478,369.358,208486.000
300750,2026-07-08,372.598,359.598,375.278,359.598,270519.000
300750,2026-07-09,359.598,374.098,375.258,358.668,377942.000
300750,2026-07-10,373.598,347.358,373.798,344.758,556014.000
300750,2026-07-13,347.598,357.658,360.598,346.598,462907.000
300750,2026-07-14,351.198,362.608,363.228,351.088,436316.000
300750,2026-07-15,366.608,371.598,378.588,361.678,358493.000
300750,2026-07-16,368.078,364.798,373.618,363.098,251869.000
300750,2026-07-17,370.898,358.598,373.838,358.598,512453.000
300750,2026-07-20,352.598,375.028,376.198,352.398,447908.000
300750,2026-07-21,371.268,380.798,389.598,371.098,440360.000
300750,2026-07-22,381.448,370.858,383.598,368.468,311938.000
300750,2026-07-23,371.598,384.588,384.598,364.608,359409.000
300750,2026-07-24,381.778,381.608,389.458,381.248,254542.000
300750,2026-07-27,396.608,398.598,402.398,392.598,473272.000
300750,2026-07-28,394.858,389.458,398.588,389.458,371911.000
300750,2026-07-29,388.598,395.438,400.458,379.978,404359.000
300750,2026-07-30,388.598,400.478,402.398,388.398,452390.000
300750,2026-07-31,394.148,393.898,398.798,387.598,394149.000
300750,2026-08-03,391.198,392.998,394.478,388.198,215223.000
300750,2026-08-04,393.598,393.698,396.458,389.818,261654.000
300750,2026-08-05,398.618,403.798,406.498,396.598,300112.000
300750,2026-08-06,408.598,386.598,408.598,382.758,453201.000
300750,2026-08-07,386.588,386.668,387.478,382.618,255193.000
300750,2026-08-10,385.610,393.870,394.620,384.630,231609.000
300750,2026-08-11,395.000,390.400,395.280,389.520,162992.000
300750,2026-08-12,388.430,393.930,395.910,387.520,202364.000
300750,2026-08-13,393.040,396.300,399.390,391.040,244293.000
300750,2026-08-14,395.000,393.930,400.990,393.680,159302.000
300750,2026-08-17,393.930,399.980,400.500,390.500,203998.000
300750,2026-08-18,399.000,396.260,400.750,394.500,169332.000
300750,2026-08-19,394.000,389.000,396.990,388.330,211572.000
300750,2026-08-20,391.510,385.000,392.090,384.000,179096.000
300750,2026-08-21,386.000,391.150,397.830,383.050,204496.000
300750,2026-08-24,391.150,387.890,394.400,386.680,139730.000
300750,2026-08-25,391.000,376.730,391.150,376.060,260646.000
300750,2026-08-26,379.900,379.000,385.500,373.710,207162.000
300750,2026-08-27,376.500,373.000,378.660,370.050,233738.000
300750,2026-08-28,368.000,368.500,371.250,364.130,263770.000
300750,2026-08-31,366.600,363.550,367.330,357.300,262424.000
300750,2026-09-01,362.490,358.100,363.560,358.030,198087.000
300750,2026-09-02,355.980,348.290,356.500,347.550,278067.000
300750,2026-09-03,349.990,349.500,354.800,348.100,262864.000
300750,2026-09-04,351.400,351.000,354.660,349.560,227381.000
002250,2026-01-09,16.070,16.220,16.500,15.680,977682.000
002250,2026-01-12,16.650,17.490,17.860,16.650,753711.000
002250,2026-01-13,17.360,16.860,17.760,16.750,792727.000
002250,2026-01-14,16.800,16.630,17.190,16.300,609587.000
002250,2026-01-15,16.630,17.660,18.300,16.520,642286.000
002250,2026-01-16,17.670,17.290,17.860,16.810,464366.000
002250,2026-01-19,17.030,17.440,17.850,16.830,376242.000
002250,2026-01-20,17.500,17.380,17.680,17.060,248767.000
002250,2026-01-21,17.210,17.640,17.760,16.930,302186.000
002250,2026-01-22,17.820,17.350,17.850,17.200,244756.000
002250,2026-01-23,17.360,17.820,18.000,17.210,358479.000
002250,2026-01-26,17.480,18.550,19.160,17.280,684404.000
002250,2026-01-27,18.350,17.900,18.750,17.400,499980.000
002250,2026-01-28,18.010,17.520,18.020,17.230,372754.000
002250,2026-01-29,17.490,17.340,17.980,17.270,337915.000
002250,2026-01-30,17.130,17.340,17.660,16.600,342962.000
002250,2026-02-02,17.050,16.520,17.200,16.370,361590.000
002250,2026-02-03,16.680,17.130,17.180,16.680,279806.000
002250,2026-02-04,17.050,17.160,17.590,16.940,222916.000
002250,2026-02-05,17.150,16.930,17.500,16.800,179421.000
002250,2026-02-06,16.780,17.400,17.940,16.580,316807.000
002250,2026-02-09,17.590,17.690,17.860,17.160,304361.000
002250,2026-02-10,17.670,17.870,18.780,17.510,452889.000
002250,2026-02-11,18.100,17.900,18.680,17.450,446781.000
002250,2026-02-12,17.760,17.700,18.070,17.540,250415.000
002250,2026-02-13,17.560,17.510,17.970,17.330,172548.000
002250,2026-02-24,17.530,17.350,17.800,17.300,193954.000
002250,2026-02-25,17.280,17.480,17.800,17.280,187002.000
002250,2026-02-26,17.530,17.950,18.190,17.480,256384.000
002250,2026-02-27,17.650,18.640,18.830,17.650,300247.000
002250,2026-03-02,18.400,17.960,18.500,17.300,415685.000
002250,2026-03-03,17.940,16.410,17.940,16.190,566803.000
002250,2026-03-04,16.050,16.580,16.970,16.050,218975.000
002250,2026-03-05,16.870,16.320,16.950,16.150,201026.000
002250,2026-03-06,16.200,17.190,17.220,16.180,259616.000
002250,2026-03-09,16.750,16.500,16.960,15.950,309547.000
002250,2026-03-10,16.540,16.600,16.840,16.350,129768.000
002250,2026-03-11,16.610,16.830,17.280,16.590,184060.000
002250,2026-03-12,16.820,16.360,16.820,16.230,156024.000
002250,2026-03-13,16.340,16.290,16.880,16.170,250340.000
002250,2026-03-16,16.150,15.680,16.350,15.460,290669.000
002250,2026-03-17,15.620,15.320,15.940,15.300,224195.000
002250,2026-03-18,15.310,15.700,15.810,15.130,158012.000
002250,2026-03-19,15.300,14.930,15.510,14.840,190470.000
002250,2026-03-20,14.960,14.890,15.670,14.890,226121.000
002250,2026-03-23,14.650,14.350,14.940,14.300,270264.000
002250,2026-03-24,14.640,14.580,14.690,14.150,172823.000
002250,2026-03-25,14.600,15.060,15.200,14.600,146120.000
002250,2026-03-26,15.010,15.140,15.540,14.970,149966.000
002250,2026-03-27,14.910,15.710,16.040,14.900,212626.000
002250,2026-03-30,15.590,15.810,16.050,15.430,175060.000
002250,2026-03-31,15.730,16.360,16.540,15.730,269136.000
002250,2026-04-01,16.600,16.220,16.700,15.920,233325.000
002250,2026-04-02,16.080,15.950,16.370,15.850,151352.000
002250,2026-04-03,15.960,15.600,15.970,15.470,124180.000
002250,2026-04-07,15.600,15.730,15.990,15.460,135513.000
002250,2026-04-08,16.000,16.050,16.180,15.870,142757.000
002250,2026-04-09,16.010,16.030,16.300,15.960,136486.000
002250,2026-04-10,16.050,16.320,16.600,15.960,160794.000
002250,2026-04-13,16.350,16.460,16.620,15.880,164561.000
002250,2026-04-14,16.460,16.730,16.770,16.350,124187.000
002250,2026-04-15,16.730,16.360,16.790,16.300,120994.000
002250,2026-04-16,16.350,16.400,16.560,16.120,135488.000
002250,2026-04-17,16.350,16.250,16.480,16.050,130179.000
002250,2026-04-20,16.250,16.490,16.540,16.150,124033.000
002250,2026-04-21,16.400,16.470,16.490,16.120,82557.000
002250,2026-04-22,16.350,16.530,16.650,16.260,85981.000
002250,2026-04-23,16.520,16.120,16.530,16.080,127186.000
002250,2026-04-24,16.190,16.610,16.770,15.680,241470.000
002250,2026-04-27,16.630,17.240,17.460,16.550,244078.000
002250,2026-04-28,17.320,16.280,17.320,16.200,365178.000
002250,2026-04-29,16.280,16.310,16.480,16.170,170058.000
002250,2026-04-30,16.260,16.350,16.810,16.160,155378.000
002250,2026-05-06,16.580,16.480,17.000,16.250,232728.000
002250,2026-05-07,16.570,16.320,16.630,16.200,210703.000
002250,2026-05-08,16.310,16.700,16.850,16.260,237839.000
002250,2026-05-11,16.810,16.890,17.060,16.580,185620.000
002250,2026-05-12,16.860,16.000,16.890,15.910,280212.000
002250,2026-05-13,15.930,15.930,16.130,15.430,273074.000
002250,2026-05-14,15.870,15.280,16.000,15.210,232669.000
002250,2026-05-15,15.290,15.230,15.630,15.130,131503.000
002250,2026-05-18,15.280,14.780,15.280,14.670,191856.000
002250,2026-05-19,14.830,15.160,15.200,14.680,139064.000
002250,2026-05-20,15.170,14.860,15.170,14.680,154343.000
002250,2026-05-21,14.920,14.190,15.090,14.160,227456.000
002250,2026-05-22,14.390,14.970,15.000,14.370,211152.000
002250,2026-05-25,14.890,14.770,14.890,14.430,162364.000
002250,2026-05-26,14.750,14.940,15.060,14.510,164635.000
002250,2026-05-27,14.810,14.580,15.050,14.420,129813.000
002250,2026-05-28,14.580,14.320,14.650,14.160,104297.000
002250,2026-05-29,14.320,14.050,14.570,14.020,131581.000
002250,2026-06-01,14.040,14.230,14.550,13.910,139639.000
002250,2026-06-02,14.310,14.000,14.480,13.860,110885.000
002250,2026-06-03,14.000,13.890,14.130,13.800,111888.000
002250,2026-06-04,13.880,13.860,13.990,13.700,111721.000
002250,2026-06-05,13.760,13.850,14.130,13.760,114300.000
002250,2026-06-08,13.620,13.340,13.670,13.050,188431.000
002250,2026-06-09,13.330,13.630,13.710,13.150,131923.000
002250,2026-06-10,13.480,13.660,13.740,13.450,87421.000
002250,2026-06-11,13.640,13.830,14.000,13.550,131152.000
002250,2026-06-12,14.020,14.150,14.250,13.600,189395.000
002250,2026-06-15,14.200,13.940,14.290,13.780,200939.000
002250,2026-06-16,13.850,13.780,13.970,13.560,148685.000
002250,2026-06-17,13.850,13.640,13.940,13.590,103879.000
002250,2026-06-18,13.600,13.720,13.810,13.430,112105.000
002250,2026-06-22,13.720,14.200,14.330,13.450,196010.000
002250,2026-06-23,14.080,14.160,14.780,14.070,161777.000
002250,2026-06-24,14.170,14.570,14.820,14.060,190740.000
002250,2026-06-25,14.600,13.480,14.700,13.110,326900.000
002250,2026-06-26,13.300,13.020,13.470,12.590,242695.000
002250,2026-06-29,12.850,13.760,13.890,12.620,221694.000
002250,2026-06-30,13.780,13.470,13.940,13.350,152047.000
002250,2026-07-01,13.530,13.900,14.120,13.300,172486.000
002250,2026-07-02,14.050,15.310,15.310,13.810,185355.000
002250,2026-07-03,15.310,15.450,15.890,15.150,496755.000
002250,2026-07-06,15.350,15.360,15.730,15.060,291316.000
002250,2026-07-07,15.300,14.720,15.450,14.660,181129.000
002250,2026-07-08,14.610,13.950,14.610,13.850,157277.000
002250,2026-07-09,13.840,14.100,14.450,13.700,155592.000
002250,2026-07-10,14.130,14.340,14.730,13.900,173319.000
002250,2026-07-13,14.250,13.720,14.270,13.660,129121.000
002250,2026-07-14,14.310,15.090,15.090,14.040,235683.000
002250,2026-07-15,15.050,16.260,16.550,14.990,505757.000
002250,2026-07-16,15.790,16.170,16.640,15.700,334034.000
002250,2026-07-17,16.160,15.610,16.460,15.570,262213.000
002250,2026-07-20,15.670,16.500,16.710,15.590,378891.000
002250,2026-07-21,16.270,17.100,17.170,16.070,362891.000
002250,2026-07-22,16.850,16.450,17.170,16.310,261211.000
002250,2026-07-23,16.290,15.920,16.300,15.610,219870.000
002250,2026-07-24,15.850,14.940,15.970,14.940,201522.000
002250,2026-07-27,14.940,15.820,16.140,14.800,243681.000
002250,2026-07-28,15.570,15.520,15.870,15.430,156424.000
002250,2026-07-29,15.550,15.630,15.880,15.110,182978.000
002250,2026-07-30,15.330,15.500,15.810,15.280,120143.000
002250,2026-07-31,15.350,15.080,15.560,14.940,212475.000
002250,2026-08-03,15.050,15.080,15.430,14.910,108218.000
002250,2026-08-04,15.240,15.950,16.120,15.130,240949.000
002250,2026-08-05,15.830,16.300,16.530,15.810,220686.000
002250,2026-08-06,16.250,16.020,16.490,15.820,167922.000
002250,2026-08-07,16.040,16.570,16.660,15.780,240936.000
002250,2026-08-10,16.700,17.540,17.680,16.580,360340.000
002250,2026-08-11,17.300,17.440,17.720,17.230,187405.000
002250,2026-08-12,17.260,17.470,17.590,17.110,153129.000
002250,2026-08-13,17.400,16.370,17.480,16.340,289200.000
002250,2026-08-14,16.410,16.480,16.670,16.010,132667.000
002250,2026-08-17,16.480,16.240,16.600,16.010,140199.000
002250,2026-08-18,16.250,16.120,16.320,16.000,116581.000
002250,2026-08-19,16.000,15.750,16.140,15.630,130561.000
002250,2026-08-20,16.050,16.110,16.580,15.670,229146.000
002250,2026-08-21,15.850,15.750,16.100,15.560,140265.000
002250,2026-08-24,15.760,14.540,15.880,14.380,220281.000
002250,2026-08-25,14.450,15.000,15.120,14.210,149946.000
002250,2026-08-26,15.320,15.670,15.830,15.170,195201.000
002250,2026-08-27,15.520,15.350,15.760,15.150,127791.000
002250,2026-08-28,15.200,15.540,15.570,15.200,84036.000
002250,2026-08-31,15.430,15.010,15.540,14.650,165824.000
002250,2026-09-01,14.990,15.190,15.300,14.920,99072.000
002250,2026-09-02,15.350,15.740,15.930,15.290,262707.000
002250,2026-09-03,15.620,15.470,15.980,15.120,162590.000
002250,2026-09-04,15.470,15.410,15.860,15.340,127541.000
688380,2026-01-09,34.251,34.471,34.521,33.691,7438916.000
688380,2026-01-12,34.471,35.311,35.451,33.821,10932276.000
688380,2026-01-13,35.271,33.681,35.271,33.501,8679563.000
688380,2026-01-14,33.901,33.731,34.561,33.151,9241373.000
688380,2026-01-15,33.601,34.061,34.061,32.941,7349494.000
688380,2026-01-16,34.461,34.911,35.231,33.981,10098603.000
688380,2026-01-19,34.911,34.161,35.641,34.141,7944659.000
688380,2026-01-20,36.701,41.051,41.051,36.701,19838258.000
688380,2026-01-21,42.701,43.901,47.321,40.701,55894402.000
688380,2026-01-22,44.901,43.061,45.691,42.361,35115232.000
688380,2026-01-23,42.201,42.061,42.821,41.481,25939371.000
688380,2026-01-26,43.971,42.681,45.501,42.271,31704337.000
688380,2026-01-27,41.681,45.411,47.701,40.701,36308370.000
688380,2026-01-28,50.791,54.311,54.551,50.501,45374700.000
688380,2026-01-29,52.671,53.441,57.781,52.671,44083580.000
688380,2026-01-30,52.331,57.551,60.691,52.251,39846293.000
688380,2026-02-02,54.701,49.641,55.221,49.601,38650026.000
688380,2026-02-03,51.701,53.281,56.291,51.501,33524633.000
688380,2026-02-04,52.371,51.051,52.771,49.931,22819709.000
688380,2026-02-05,48.701,52.481,53.471,48.061,24358086.000
688380,2026-02-06,51.281,51.241,52.991,50.611,17354718.000
688380,2026-02-09,52.931,51.151,52.981,49.851,18373584.000
688380,2026-02-10,51.641,49.851,51.681,49.501,15695803.000
688380,2026-02-11,49.701,50.131,51.531,49.641,15005133.000
688380,2026-02-12,51.131,50.151,51.291,49.821,12332645.000
688380,2026-02-13,50.101,49.321,50.901,49.281,12139812.000
688380,2026-02-24,50.001,49.791,50.891,48.801,12301189.000
688380,2026-02-25,50.801,50.671,51.381,49.481,17049516.000
688380,2026-02-26,50.231,50.951,51.231,47.961,21220449.000
688380,2026-02-27,50.201,49.871,50.271,48.581,11219324.000
688380,2026-03-02,48.711,48.781,50.161,48.531,11072666.000
688380,2026-03-03,49.011,46.501,49.851,46.101,14639918.000
688380,2026-03-04,46.401,46.991,48.741,46.361,11167213.000
688380,2026-03-05,48.501,48.251,49.901,47.401,12734453.000
688380,2026-03-06,47.701,48.351,48.991,47.651,7871377.000
688380,2026-03-09,47.291,48.001,48.481,45.751,9928038.000
688380,2026-03-10,49.201,49.201,49.771,48.621,9032859.000
688380,2026-03-11,49.201,48.101,49.571,48.011,7764176.000
688380,2026-03-12,47.901,47.681,48.881,47.091,6470889.000
688380,2026-03-13,47.181,47.181,48.481,46.971,6169664.000
688380,2026-03-16,47.611,49.601,49.801,46.581,12985835.000
688380,2026-03-17,49.751,47.581,49.781,47.411,10043095.000
688380,2026-03-18,47.811,51.391,51.521,47.661,22870100.000
688380,2026-03-19,49.831,48.661,50.191,47.521,19092640.000
688380,2026-03-20,48.201,45.061,48.201,44.921,18170041.000
688380,2026-03-23,44.691,43.001,45.081,42.581,12831953.000
688380,2026-03-24,44.201,43.191,44.461,41.591,10930379.000
688380,2026-03-25,43.541,43.851,45.181,43.491,9927999.000
688380,2026-03-26,43.401,41.861,43.401,41.821,8127017.000
688380,2026-03-27,41.021,41.761,42.441,40.511,6432851.000
688380,2026-03-30,40.761,41.821,42.051,40.731,5407913.000
688380,2026-03-31,41.501,40.551,41.981,40.491,5319486.000
688380,2026-04-01,41.961,41.791,42.151,41.251,6274757.000
688380,2026-04-02,41.301,40.471,41.781,40.121,5123205.000
688380,2026-04-03,40.811,40.301,40.981,40.161,4236934.000
688380,2026-04-07,40.631,40.551,41.511,40.501,3997818.000
688380,2026-04-08,42.301,44.371,44.741,41.911,10694207.000
688380,2026-04-09,43.451,43.781,44.581,43.221,7492010.000
688380,2026-04-10,44.681,45.091,46.081,44.611,11579143.000
688380,2026-04-13,44.401,44.851,45.581,44.381,7387150.000
688380,2026-04-14,45.501,47.001,47.091,45.501,11215074.000
688380,2026-04-15,47.401,45.761,47.401,45.681,10097349.000
688380,2026-04-16,46.161,46.541,46.711,45.581,6940767.000
688380,2026-04-17,46.201,46.571,46.991,46.101,6540531.000
688380,2026-04-20,46.401,46.601,46.971,45.881,7785725.000
688380,2026-04-21,46.801,46.121,46.801,45.151,6094756.000
688380,2026-04-22,46.001,47.611,47.681,45.751,9026522.000
688380,2026-04-23,47.831,46.291,48.201,45.681,9479789.000
688380,2026-04-24,45.981,45.611,46.901,45.241,9014810.000
688380,2026-04-27,46.251,47.501,47.881,46.141,12596374.000
688380,2026-04-28,47.501,45.631,47.501,45.251,9984884.000
688380,2026-04-29,45.171,45.611,45.891,44.721,7318129.000
688380,2026-04-30,45.621,47.591,47.861,45.501,12016852.000
688380,2026-05-06,48.701,49.011,50.541,48.391,17929739.000
688380,2026-05-07,49.281,50.251,50.701,49.191,13880572.000
688380,2026-05-08,49.201,49.141,49.551,48.351,11633489.000
688380,2026-05-11,50.301,51.011,51.911,49.891,17302900.000
688380,2026-05-12,50.711,49.501,51.001,48.711,11888615.000
688380,2026-05-13,49.851,52.781,53.231,48.621,19901842.000
688380,2026-05-14,52.701,50.201,52.701,50.201,14373148.000
688380,2026-05-15,50.101,51.111,53.401,48.381,17683773.000
688380,2026-05-18,51.111,50.891,53.381,50.181,14529620.000
688380,2026-05-19,49.801,51.901,51.901,48.751,13494383.000
688380,2026-05-20,50.911,54.991,55.691,50.891,23709030.000
688380,2026-05-21,55.711,50.421,56.071,49.961,22404375.000
688380,2026-05-22,50.791,50.221,51.281,49.311,15426318.000
688380,2026-05-25,50.000,52.490,52.660,48.600,17072051.000
688380,2026-05-26,52.050,48.540,52.070,47.380,16922176.000
688380,2026-05-27,49.300,46.810,49.890,46.810,12101850.000
688380,2026-05-28,46.310,48.480,48.870,46.010,11896532.000
688380,2026-05-29,48.750,46.000,48.860,44.800,13171512.000
688380,2026-06-01,45.920,43.010,45.920,42.900,9070779.000
688380,2026-06-02,43.010,43.060,43.750,41.880,7351726.000
688380,2026-06-03,43.290,45.680,47.380,43.290,14264927.000
688380,2026-06-04,45.180,45.400,46.010,44.760,7639351.000
688380,2026-06-05,44.600,43.520,44.990,43.400,7893808.000
688380,2026-06-08,41.290,40.770,42.620,40.300,7486472.000
688380,2026-06-09,41.800,43.460,43.550,41.070,7447224.000
688380,2026-06-10,42.500,44.050,45.480,42.430,8234997.000
688380,2026-06-11,44.090,48.030,49.500,44.090,18868092.000
688380,2026-06-12,48.510,45.880,49.190,45.200,14769671.000
688380,2026-06-15,46.550,46.920,46.980,45.010,11905765.000
688380,2026-06-16,47.500,47.140,47.950,46.500,11699926.000
688380,2026-06-17,46.800,48.810,49.280,46.600,13130468.000
688380,2026-06-18,48.720,49.680,50.000,48.300,12472983.000
688380,2026-06-22,49.700,49.920,50.650,48.350,14415424.000
688380,2026-06-23,49.000,50.410,51.970,47.880,15997003.000
688380,2026-06-24,50.000,51.450,51.590,49.200,14213094.000
688380,2026-06-25,53.920,61.740,61.740,53.000,24448574.000
688380,2026-06-26,64.480,62.500,66.900,60.940,39608145.000
688380,2026-06-29,61.730,62.190,63.900,57.100,30572908.000
688380,2026-06-30,62.010,65.910,66.030,60.330,27659405.000
688380,2026-07-01,65.670,63.010,66.980,62.010,24315386.000
688380,2026-07-02,59.460,59.400,62.700,58.220,17696192.000
688380,2026-07-03,59.000,57.910,60.200,56.800,16009076.000
688380,2026-07-06,58.500,62.780,64.000,56.500,22996301.000
688380,2026-07-07,61.500,61.360,63.560,60.200,14945295.000
688380,2026-07-08,61.360,59.780,62.760,57.650,14319314.000
688380,2026-07-09,61.000,62.860,62.880,58.580,17305734.000
688380,2026-07-10,63.000,58.030,65.650,58.000,23059840.000
688380,2026-07-13,57.170,56.040,59.850,55.250,16585715.000
688380,2026-07-14,55.860,54.610,56.490,51.350,16033026.000
688380,2026-07-15,55.460,49.840,55.730,49.400,14183228.000
688380,2026-07-16,48.610,45.500,49.800,44.880,12472195.000
688380,2026-07-17,45.300,39.510,45.500,39.400,16137497.000
688380,2026-07-20,40.510,35.920,41.170,34.380,18558872.000
688380,2026-07-21,36.350,38.750,38.850,32.800,23839627.000
688380,2026-07-22,37.960,39.300,41.390,37.880,21188760.000
688380,2026-07-23,41.200,39.200,42.780,39.000,18398797.000
688380,2026-07-24,38.000,38.230,39.320,37.600,13686355.000
688380,2026-07-27,38.380,38.780,38.850,36.180,13247054.000
688380,2026-07-28,37.210,35.950,38.480,35.560,11935753.000
688380,2026-07-29,36.170,36.800,37.100,34.120,12463348.000
688380,2026-07-30,36.120,34.330,36.490,33.710,12047038.000
688380,2026-07-31,37.180,35.270,37.760,35.250,15025230.000
688380,2026-08-03,35.200,34.570,35.630,34.340,8737505.000
688380,2026-08-04,34.990,36.670,37.090,34.680,10238606.000
688380,2026-08-05,36.680,38.840,39.680,36.480,14924387.000
688380,2026-08-06,37.730,39.110,39.580,37.500,13121034.000
688380,2026-08-07,39.000,40.300,40.580,38.330,13349276.000
688380,2026-08-10,40.550,40.100,40.550,39.110,9370002.000
688380,2026-08-11,39.750,39.690,40.670,39.500,8395720.000
688380,2026-08-12,40.160,40.390,40.660,39.810,8018518.000
688380,2026-08-13,41.030,39.340,41.280,39.230,10473209.000
688380,2026-08-14,39.820,40.280,40.370,39.450,8316532.000
688380,2026-08-17,42.030,47.050,47.460,42.030,29575941.000
688380,2026-08-18,46.980,46.750,48.500,45.580,22920213.000
688380,2026-08-19,45.350,43.080,46.750,42.800,17827669.000
688380,2026-08-20,44.200,42.510,44.330,42.050,13470003.000
688380,2026-08-21,42.530,42.080,43.100,41.600,11672105.000
688380,2026-08-24,42.280,41.490,42.930,40.210,13323245.000
688380,2026-08-25,40.700,41.400,42.050,39.580,10752725.000
688380,2026-08-26,41.480,40.460,41.680,39.750,9304658.000
688380,2026-08-27,40.460,41.960,42.160,40.250,12674143.000
688380,2026-08-28,41.450,40.890,41.980,40.870,10060331.000
688380,2026-08-31,39.800,41.280,41.300,39.190,13461956.000
688380,2026-09-01,41.020,40.180,41.200,39.780,9081123.000
688380,2026-09-02,39.580,39.280,39.770,39.050,6195334.000
688380,2026-09-03,39.570,39.360,39.970,38.730,6611538.000
688380,2026-09-04,39.650,38.340,40.110,37.950,8641903.000
601918,2026-01-09,6.770,6.850,6.900,6.760,531979.000
601918,2026-01-12,6.850,6.850,6.930,6.800,446136.000
601918,2026-01-13,6.900,6.920,7.010,6.860,517725.000
601918,2026-01-14,6.930,6.830,6.980,6.750,587224.000
601918,2026-01-15,6.820,6.800,6.910,6.770,347941.000
601918,2026-01-16,6.810,6.670,6.860,6.630,442520.000
601918,2026-01-19,6.660,6.770,6.780,6.650,394998.000
601918,2026-01-20,6.780,6.890,6.900,6.760,520875.000
601918,2026-01-21,6.900,6.820,6.900,6.780,446258.000
601918,2026-01-22,6.810,6.940,6.970,6.790,494639.000
601918,2026-01-23,6.940,6.860,6.960,6.830,456538.000
601918,2026-01-26,6.860,6.960,7.010,6.820,632033.000
601918,2026-01-27,6.950,6.800,6.980,6.750,553864.000
601918,2026-01-28,6.790,7.120,7.170,6.760,952395.000
601918,2026-01-29,7.120,7.140,7.230,7.020,780847.000
601918,2026-01-30,7.140,7.150,7.320,7.070,883603.000
601918,2026-02-02,7.090,6.730,7.110,6.720,863457.000
601918,2026-02-03,6.770,6.810,6.840,6.660,523076.000
601918,2026-02-04,6.830,7.330,7.390,6.830,1615526.000
601918,2026-02-05,7.220,7.080,7.250,7.020,889062.000
601918,2026-02-06,7.010,7.030,7.140,6.940,526437.000
601918,2026-02-09,7.080,6.990,7.120,6.970,508130.000
601918,2026-02-10,6.990,7.220,7.270,6.920,838369.000
601918,2026-02-11,7.170,7.250,7.340,7.130,591271.000
601918,2026-02-12,7.260,7.420,7.520,7.240,739471.000
601918,2026-02-13,7.370,7.280,7.410,7.230,560121.000
601918,2026-02-24,7.320,7.410,7.470,7.320,558666.000
601918,2026-02-25,7.420,7.390,7.540,7.340,539296.000
601918,2026-02-26,7.370,7.410,7.530,7.360,475856.000
601918,2026-02-27,7.400,7.620,7.660,7.380,632451.000
601918,2026-03-02,7.740,7.880,7.880,7.660,1274662.000
601918,2026-03-03,7.870,8.030,8.190,7.790,1530623.000
601918,2026-03-04,7.950,8.040,8.130,7.790,1073356.000
601918,2026-03-05,7.990,7.930,8.030,7.750,910340.000
601918,2026-03-06,7.840,7.870,7.920,7.710,549114.000
601918,2026-03-09,8.200,7.920,8.280,7.860,1195974.000
601918,2026-03-10,7.660,7.720,7.970,7.650,829324.000
601918,2026-03-11,7.720,7.870,7.890,7.590,693924.000
601918,2026-03-12,7.930,8.200,8.230,7.860,1030873.000
601918,2026-03-13,8.220,8.160,8.410,8.120,999342.000
601918,2026-03-16,8.230,7.980,8.330,7.950,649620.000
601918,2026-03-17,7.940,7.760,8.000,7.730,636919.000
601918,2026-03-18,7.720,7.680,7.930,7.550,614476.000
601918,2026-03-19,7.780,7.670,7.860,7.610,674967.000
601918,2026-03-20,7.580,7.650,7.810,7.530,655606.000
601918,2026-03-23,7.770,7.450,7.850,7.420,948231.000
601918,2026-03-24,7.510,7.650,7.690,7.450,616591.000
601918,2026-03-25,7.580,7.740,7.840,7.430,645752.000
601918,2026-03-26,7.750,7.810,7.890,7.660,658533.000
601918,2026-03-27,7.760,7.870,7.910,7.710,560785.000
601918,2026-03-30,7.900,7.740,7.950,7.630,649239.000
601918,2026-03-31,7.710,7.420,7.800,7.380,723990.000
601918,2026-04-01,7.450,7.380,7.520,7.330,428936.000
601918,2026-04-02,7.420,7.480,7.560,7.400,407673.000
601918,2026-04-03,7.490,7.270,7.500,7.200,360302.000
601918,2026-04-07,7.250,7.570,7.610,7.220,616281.000
601918,2026-04-08,7.420,7.390,7.510,7.250,773987.000
601918,2026-04-09,7.390,7.370,7.450,7.300,430773.000
601918,2026-04-10,7.340,7.320,7.460,7.300,406736.000
601918,2026-04-13,7.370,7.370,7.450,7.230,487826.000
601918,2026-04-14,7.350,7.280,7.380,7.210,367681.000
601918,2026-04-15,7.260,7.260,7.330,7.140,430405.000
601918,2026-04-16,7.250,7.470,7.480,7.250,536536.000
601918,2026-04-17,7.450,7.380,7.500,7.320,395429.000
601918,2026-04-20,7.390,7.350,7.450,7.250,400248.000
601918,2026-04-21,7.340,7.530,7.580,7.330,434576.000
601918,2026-04-22,7.530,7.650,7.700,7.500,420604.000
601918,2026-04-23,7.630,8.030,8.060,7.590,838785.000
601918,2026-04-24,7.940,7.990,8.080,7.880,569597.000
601918,2026-04-27,7.960,8.320,8.570,7.960,916441.000
601918,2026-04-28,8.280,8.580,8.640,8.140,787729.000
601918,2026-04-29,8.490,8.880,8.960,8.490,940660.000
601918,2026-04-30,8.870,8.830,8.990,8.730,563687.000
601918,2026-05-06,8.770,8.680,8.790,8.580,904039.000
601918,2026-05-07,8.600,8.340,8.630,8.240,868499.000
601918,2026-05-08,8.290,8.350,8.440,8.290,427561.000
601918,2026-05-11,8.360,8.550,8.770,8.360,524501.000
601918,2026-05-12,8.520,8.640,8.680,8.500,381779.000
601918,2026-05-13,8.610,8.690,8.900,8.580,437915.000
601918,2026-05-14,8.610,8.570,8.860,8.570,347208.000
601918,2026-05-15,8.570,8.720,8.840,8.410,560384.000
601918,2026-05-18,8.730,9.140,9.170,8.630,838373.000
601918,2026-05-19,8.980,9.090,9.180,8.950,419818.000
601918,2026-05-20,9.030,8.810,9.160,8.770,473887.000
601918,2026-05-21,8.760,8.530,8.860,8.510,425849.000
601918,2026-05-22,8.570,8.510,8.660,8.430,323713.000
601918,2026-05-25,8.830,9.040,9.110,8.630,777259.000
601918,2026-05-26,9.020,8.830,9.270,8.780,376196.000
601918,2026-05-27,8.780,8.920,9.130,8.700,471696.000
601918,2026-05-28,8.830,9.430,9.670,8.830,811011.000
601918,2026-05-29,9.360,10.130,10.320,9.330,1078409.000
601918,2026-06-01,10.160,11.160,11.160,9.990,1468578.000
601918,2026-06-02,11.190,10.850,12.040,10.440,1986785.000
601918,2026-06-03,10.380,11.140,11.360,10.180,1576534.000
601918,2026-06-04,10.930,11.100,11.550,10.570,1333478.000
601918,2026-06-05,11.110,10.540,11.140,10.380,1040939.000
601918,2026-06-08,10.370,10.270,10.730,10.070,798196.000
601918,2026-06-09,10.380,9.970,10.380,9.780,876464.000
601918,2026-06-10,9.800,9.560,9.930,9.440,706713.000
601918,2026-06-11,9.490,9.710,9.830,9.410,559221.000
601918,2026-06-12,9.550,9.830,9.870,9.530,859238.000
601918,2026-06-15,9.590,9.120,9.640,8.960,1018704.000
601918,2026-06-16,9.070,9.330,9.400,8.900,732980.000
601918,2026-06-17,9.280,9.270,9.590,9.230,518778.000
601918,2026-06-18,9.260,8.790,9.330,8.780,562782.000
601918,2026-06-22,8.810,8.950,9.060,8.700,547063.000
601918,2026-06-23,8.900,8.890,9.130,8.830,400392.000
601918,2026-06-24,8.950,8.480,8.950,8.380,520780.000
601918,2026-06-25,8.400,8.630,8.720,8.240,574897.000
601918,2026-06-26,8.680,8.530,8.940,8.500,481694.000
601918,2026-06-29,8.570,8.730,8.850,8.290,564514.000
601918,2026-06-30,8.700,8.470,8.950,8.440,456565.000
601918,2026-07-01,8.500,8.780,8.970,8.460,482568.000
601918,2026-07-02,8.760,8.960,9.130,8.700,727118.000
601918,2026-07-03,8.980,9.060,9.140,8.850,468427.000
601918,2026-07-06,9.030,9.880,9.960,8.960,910466.000
601918,2026-07-07,9.840,9.620,9.840,9.280,598380.000
601918,2026-07-08,9.590,9.700,9.960,9.440,477660.000
601918,2026-07-09,9.570,9.290,9.670,9.190,443368.000
601918,2026-07-10,9.200,9.290,9.480,9.050,367912.000
601918,2026-07-13,9.370,9.240,9.530,9.110,345547.000
601918,2026-07-14,9.340,9.580,9.710,9.200,607561.000
601918,2026-07-15,9.460,10.090,10.140,9.380,591307.000
601918,2026-07-16,9.930,9.630,10.040,9.580,415721.000
601918,2026-07-17,9.620,9.740,10.410,9.590,738639.000
601918,2026-07-20,9.770,10.330,10.440,9.660,687980.000
601918,2026-07-21,10.140,10.100,10.270,9.740,585721.000
601918,2026-07-22,10.050,9.740,10.100,9.390,753539.000
601918,2026-07-23,9.600,10.140,10.240,9.560,574183.000
601918,2026-07-24,9.990,9.620,10.130,9.580,495504.000
601918,2026-07-27,9.430,9.800,9.850,9.240,353605.000
601918,2026-07-28,9.700,9.560,9.730,9.310,352068.000
601918,2026-07-29,9.550,9.710,9.850,9.500,329274.000
601918,2026-07-30,9.710,9.670,10.070,9.560,342743.000
601918,2026-07-31,9.480,9.670,9.860,9.460,358411.000
601918,2026-08-03,9.550,9.220,9.920,9.210,415625.000
601918,2026-08-04,9.270,9.210,9.320,8.990,452956.000
601918,2026-08-05,9.120,9.310,9.520,9.110,339024.000
601918,2026-08-06,9.270,9.700,9.900,9.220,839795.000
601918,2026-08-07,9.770,9.820,9.860,9.500,461723.000
601918,2026-08-10,9.750,10.200,10.210,9.750,567920.000
601918,2026-08-11,10.260,9.990,10.290,9.950,366734.000
601918,2026-08-12,9.950,9.890,10.220,9.860,355332.000
601918,2026-08-13,9.850,9.970,10.090,9.730,367376.000
601918,2026-08-14,9.950,9.940,10.040,9.770,293434.000
601918,2026-08-17,9.920,10.040,10.080,9.780,252190.000
601918,2026-08-18,10.060,10.270,10.360,10.030,373515.000
601918,2026-08-19,10.290,10.040,10.420,9.900,360304.000
601918,2026-08-20,9.900,9.930,10.340,9.850,289836.000
601918,2026-08-21,9.910,10.100,10.200,9.830,290785.000
601918,2026-08-24,10.420,10.920,10.980,10.420,933447.000
601918,2026-08-25,10.720,10.470,10.990,10.420,529959.000
601918,2026-08-26,10.300,10.400,10.470,10.230,368683.000
601918,2026-08-27,10.390,10.750,10.830,10.340,409946.000
601918,2026-08-28,10.750,10.880,10.950,10.620,354801.000
601918,2026-08-31,10.910,11.090,11.230,10.780,545541.000
601918,2026-09-01,10.990,10.820,11.370,10.800,627118.000
601918,2026-09-02,10.920,10.550,11.100,10.410,477782.000
601918,2026-09-03,10.460,10.630,10.800,10.460,311838.000
601918,2026-09-04,10.710,10.480,10.740,10.400,312603.000
603317,2026-01-09,12.180,12.360,12.480,12.170,68936.000
603317,2026-01-12,12.350,12.730,12.880,12.290,85781.000
603317,2026-01-13,12.650,12.500,12.740,12.400,67354.000
603317,2026-01-14,12.490,12.160,12.610,12.070,88135.000
603317,2026-01-15,12.090,12.200,12.350,12.040,45884.000
603317,2026-01-16,12.230,12.140,12.310,12.010,45069.000
603317,2026-01-19,12.040,12.610,12.790,12.040,107261.000
603317,2026-01-20,12.660,12.960,13.150,12.530,111869.000
603317,2026-01-21,12.920,12.650,12.970,12.580,62877.000
603317,2026-01-22,12.650,12.670,12.850,12.630,53184.000
603317,2026-01-23,12.730,12.690,12.810,12.530,55388.000
603317,2026-01-26,12.650,12.530,12.700,12.410,63895.000
603317,2026-01-27,12.520,12.010,12.600,11.960,90567.000
603317,2026-01-28,12.030,11.910,12.080,11.860,51964.000
603317,2026-01-29,11.930,12.550,12.560,11.880,115109.000
603317,2026-01-30,12.570,12.680,12.880,12.360,124905.000
603317,2026-02-02,12.560,12.680,13.190,12.540,111000.000
603317,2026-02-03,12.690,12.920,13.100,12.680,100085.000
603317,2026-02-04,12.860,12.970,13.020,12.810,77496.000
603317,2026-02-05,12.970,13.960,14.320,12.910,417100.000
603317,2026-02-06,13.900,13.770,14.360,13.730,398600.000
603317,2026-02-09,13.730,13.750,14.050,13.670,238515.000
603317,2026-02-10,13.810,13.320,13.810,13.060,150254.000
603317,2026-02-11,13.350,13.170,13.410,13.140,92472.000
603317,2026-02-12,13.200,12.900,13.230,12.880,97917.000
603317,2026-02-13,12.900,12.750,13.040,12.720,82126.000
603317,2026-02-24,12.780,12.790,12.880,12.620,75500.000
603317,2026-02-25,12.870,12.680,12.960,12.640,83245.000
603317,2026-02-26,12.670,12.740,12.780,12.650,54051.000
603317,2026-02-27,12.670,12.870,13.010,12.670,59414.000
603317,2026-03-02,12.740,12.670,12.910,12.560,68732.000
603317,2026-03-03,12.680,12.730,12.930,12.650,73392.000
603317,2026-03-04,12.650,12.280,12.730,12.180,86816.000
603317,2026-03-05,12.340,12.290,12.550,12.210,55213.000
603317,2026-03-06,12.290,12.360,12.460,12.050,74721.000
603317,2026-03-09,12.250,12.190,12.440,11.980,101157.000
603317,2026-03-10,12.310,12.340,12.350,12.160,48971.000
603317,2026-03-11,12.330,12.180,12.340,12.020,86296.000
603317,2026-03-12,11.950,11.600,11.980,11.550,170459.000
603317,2026-03-13,11.610,11.800,12.000,11.580,130076.000
603317,2026-03-16,11.910,12.150,12.210,11.860,137318.000
603317,2026-03-17,12.190,12.310,12.550,12.110,117827.000
603317,2026-03-18,12.230,12.290,12.470,12.170,67354.000
603317,2026-03-19,12.310,11.850,12.320,11.820,66735.000
603317,2026-03-20,11.860,11.770,11.980,11.760,50108.000
603317,2026-03-23,11.580,11.340,11.650,11.250,92067.000
603317,2026-03-24,11.460,11.530,11.600,11.270,49533.000
603317,2026-03-25,11.530,11.650,11.660,11.480,46708.000
603317,2026-03-26,11.710,11.710,11.840,11.600,45216.000
603317,2026-03-27,11.650,11.810,11.860,11.590,70223.000
603317,2026-03-30,11.750,11.910,12.020,11.710,50663.000
603317,2026-03-31,11.910,11.730,12.040,11.730,42279.000
603317,2026-04-01,11.860,12.040,12.110,11.750,68583.000
603317,2026-04-02,12.030,12.330,12.460,11.970,98576.000
603317,2026-04-03,12.300,12.050,12.360,12.000,54205.000
603317,2026-04-07,12.060,12.170,12.340,11.960,62404.000
603317,2026-04-08,12.250,12.110,12.270,12.040,76792.000
603317,2026-04-09,12.070,12.630,12.750,12.010,148971.000
603317,2026-04-10,12.700,12.970,13.280,12.580,130593.000
603317,2026-04-13,13.040,12.900,13.220,12.750,89819.000
603317,2026-04-14,12.840,12.630,12.890,12.430,82001.000
603317,2026-04-15,12.550,12.600,12.630,12.440,58825.000
603317,2026-04-16,12.560,12.760,12.860,12.500,100758.000
603317,2026-04-17,12.680,12.510,12.760,12.350,72322.000
603317,2026-04-20,12.510,12.850,12.920,12.510,73584.000
603317,2026-04-21,12.820,13.100,13.150,12.820,72910.000
603317,2026-04-22,13.090,13.000,13.120,12.950,46618.000
603317,2026-04-23,12.980,13.240,13.270,12.870,72361.000
603317,2026-04-24,13.090,13.450,13.550,12.950,82855.000
603317,2026-04-27,13.430,13.730,13.980,13.370,110971.000
603317,2026-04-28,15.160,15.160,15.160,15.150,254626.000
603317,2026-04-29,15.350,16.730,16.730,15.350,513696.000
603317,2026-04-30,16.370,16.580,16.750,15.620,625437.000
603317,2026-05-06,16.580,16.560,16.750,15.960,359636.000
603317,2026-05-07,16.630,16.090,16.700,15.850,325199.000
603317,2026-05-08,16.200,15.740,16.420,15.520,237007.000
603317,2026-05-11,15.700,15.840,15.910,15.250,247620.000
603317,2026-05-12,15.710,16.140,16.310,15.700,214524.000
603317,2026-05-13,15.930,16.230,16.380,15.900,191021.000
603317,2026-05-14,16.200,16.130,16.650,16.040,120852.000
603317,2026-05-15,16.000,15.980,16.180,15.720,118783.000
603317,2026-05-18,15.960,15.870,16.150,15.500,140813.000
603317,2026-05-19,15.870,15.880,16.100,15.650,85070.000
603317,2026-05-20,15.830,16.150,16.450,15.660,103743.000
603317,2026-05-21,16.190,15.760,16.380,15.700,101723.000
603317,2026-05-22,15.770,15.400,15.930,15.380,98942.000
603317,2026-05-25,15.310,15.340,16.000,15.180,102546.000
603317,2026-05-26,15.270,15.030,15.460,14.880,104106.000
603317,2026-05-27,14.980,14.970,15.190,14.580,120441.000
603317,2026-05-28,15.070,14.700,15.070,14.510,88095.000
603317,2026-05-29,14.700,14.810,15.010,14.510,99640.000
603317,2026-06-01,14.710,14.950,15.000,14.510,136717.000
603317,2026-06-02,15.010,14.600,15.200,14.290,116557.000
603317,2026-06-03,14.550,14.120,14.660,14.110,88740.000
603317,2026-06-04,14.100,13.620,14.250,13.480,100317.000
603317,2026-06-05,13.620,13.690,13.840,13.480,102954.000
603317,2026-06-08,13.520,13.110,13.710,12.980,124243.000
603317,2026-06-09,13.150,13.280,13.350,13.000,92714.000
603317,2026-06-10,13.090,13.700,13.840,13.050,113798.000
603317,2026-06-11,13.780,13.560,13.780,13.490,106313.000
603317,2026-06-12,13.500,13.820,13.970,13.420,107663.000
603317,2026-06-15,13.820,13.890,14.220,13.800,112634.000
603317,2026-06-16,13.860,13.670,13.890,13.450,84295.000
603317,2026-06-17,13.860,13.610,13.970,13.450,65719.000
603317,2026-06-18,13.450,13.580,13.700,13.400,63333.000
603317,2026-06-22,13.800,13.420,13.950,13.190,94106.000
603317,2026-06-23,13.500,13.410,13.850,13.280,97431.000
603317,2026-06-24,14.590,14.750,14.750,14.450,58354.000
603317,2026-06-25,14.610,13.290,14.700,13.280,309672.000
603317,2026-06-26,13.250,13.150,14.120,13.140,263398.000
603317,2026-06-29,12.960,13.510,13.600,12.500,241331.000
603317,2026-06-30,13.270,13.010,13.700,12.900,166993.000
603317,2026-07-01,12.970,13.600,13.770,12.610,187313.000
603317,2026-07-02,13.680,13.780,14.350,13.500,137204.000
603317,2026-07-03,13.870,14.040,14.500,13.850,178223.000
603317,2026-07-06,13.970,14.250,14.620,13.900,149177.000
603317,2026-07-07,14.160,14.010,14.520,13.990,124166.000
603317,2026-07-08,13.910,14.150,14.290,13.760,126948.000
603317,2026-07-09,13.870,13.320,14.450,12.970,250529.000
603317,2026-07-10,13.580,13.850,13.950,13.130,219140.000
603317,2026-07-13,13.690,13.430,13.840,13.340,160911.000
603317,2026-07-14,13.250,13.280,13.600,13.250,111798.000
603317,2026-07-15,13.230,13.900,13.950,13.150,153147.000
603317,2026-07-16,13.780,13.750,14.000,13.510,138567.000
603317,2026-07-17,13.830,13.290,14.280,13.270,177944.000
603317,2026-07-20,13.330,13.850,14.120,13.300,184132.000
603317,2026-07-21,13.830,13.810,14.100,13.610,173630.000
603317,2026-07-22,13.700,13.740,13.940,13.490,137485.000
603317,2026-07-23,13.700,14.090,14.130,13.510,142276.000
603317,2026-07-24,14.070,13.590,14.250,13.440,120429.000
603317,2026-07-27,13.500,13.580,13.700,13.390,109522.000
603317,2026-07-28,13.510,13.800,13.950,13.440,140961.000
603317,2026-07-29,13.800,14.660,14.850,13.780,248776.000
603317,2026-07-30,14.560,15.010,15.140,14.530,225376.000
603317,2026-07-31,14.460,15.160,15.240,14.390,217450.000
603317,2026-08-03,15.170,14.810,15.190,14.680,177171.000
603317,2026-08-04,14.770,14.930,15.060,14.700,124486.000
603317,2026-08-05,14.990,14.830,15.110,14.750,124665.000
603317,2026-08-06,14.830,14.270,14.870,14.150,177363.000
603317,2026-08-07,14.270,14.190,14.320,13.930,134959.000
603317,2026-08-10,14.080,14.640,14.890,14.020,187742.000
603317,2026-08-11,14.600,14.510,14.880,14.510,110223.000
603317,2026-08-12,14.520,14.560,14.730,14.300,98631.000
603317,2026-08-13,14.560,14.700,14.960,14.460,133329.000
603317,2026-08-14,14.650,14.280,14.730,14.120,126667.000
603317,2026-08-17,14.200,14.660,14.710,14.000,134407.000
603317,2026-08-18,14.640,14.750,14.880,14.590,96574.000
603317,2026-08-19,14.760,14.500,14.880,14.480,124776.000
603317,2026-08-20,14.580,14.660,14.720,14.320,92778.000
603317,2026-08-21,14.690,13.440,14.710,13.400,207853.000
603317,2026-08-24,13.330,13.430,13.490,13.170,98698.000
603317,2026-08-25,13.420,13.440,13.770,13.330,108874.000
603317,2026-08-26,13.430,13.240,13.430,13.060,119192.000
603317,2026-08-27,13.240,13.400,13.500,13.150,96308.000
603317,2026-08-28,13.400,13.580,13.630,13.340,74901.000
603317,2026-08-31,13.580,13.450,13.600,13.400,78851.000
603317,2026-09-01,13.430,13.280,13.570,13.230,130303.000
603317,2026-09-02,13.210,13.190,13.260,12.970,86755.000
603317,2026-09-03,13.150,13.140,13.330,13.060,67931.000
603317,2026-09-04,13.160,13.550,13.730,13.150,128612.000
605020,2026-01-09,26.550,26.830,26.830,26.340,72145.000
605020,2026-01-12,26.810,26.510,26.880,26.240,88378.000
605020,2026-01-13,26.510,26.050,26.640,25.940,83082.000
605020,2026-01-14,26.040,25.830,26.230,25.550,107057.000
605020,2026-01-15,26.130,26.500,26.740,25.950,174782.000
605020,2026-01-16,26.780,26.410,26.990,26.250,112664.000
605020,2026-01-19,26.430,27.970,28.170,26.420,220828.000
605020,2026-01-20,27.970,27.860,28.250,27.260,153275.000
605020,2026-01-21,27.780,28.180,28.520,27.650,196513.000
605020,2026-01-22,28.140,27.950,28.200,27.580,140264.000
605020,2026-01-23,27.960,28.260,28.270,27.680,157869.000
605020,2026-01-26,28.270,28.510,28.650,27.960,190933.000
605020,2026-01-27,28.500,28.290,29.140,27.930,155133.000
605020,2026-01-28,28.190,29.130,29.410,28.150,208459.000
605020,2026-01-29,29.050,28.410,29.930,28.380,182537.000
605020,2026-01-30,28.210,28.090,28.350,27.230,144477.000
605020,2026-02-02,27.870,26.650,28.150,26.590,156133.000
605020,2026-02-03,27.050,27.350,27.560,26.740,90268.000
605020,2026-02-04,27.360,27.270,27.820,26.960,71224.000
605020,2026-02-05,27.530,26.650,27.650,26.600,104822.000
605020,2026-02-06,26.430,27.040,27.510,26.260,104246.000
605020,2026-02-09,27.550,27.450,27.650,27.160,90205.000
605020,2026-02-10,27.400,27.170,27.430,27.070,57875.000
605020,2026-02-11,27.190,28.010,28.450,27.150,136373.000
605020,2026-02-12,28.010,28.360,28.660,28.000,98581.000
605020,2026-02-13,28.270,27.880,28.440,27.850,81607.000
605020,2026-02-24,28.400,29.000,29.100,28.060,128823.000
605020,2026-02-25,28.970,29.400,29.800,28.940,174603.000
605020,2026-02-26,29.350,29.780,29.910,29.100,127129.000
605020,2026-02-27,29.630,29.690,30.200,29.310,120522.000
605020,2026-03-02,29.350,30.110,30.310,29.350,172163.000
605020,2026-03-03,29.970,28.830,30.510,28.790,173581.000
605020,2026-03-04,28.440,28.500,29.390,28.350,105768.000
605020,2026-03-05,29.000,28.650,29.070,28.510,83696.000
605020,2026-03-06,28.570,29.530,29.650,28.100,115979.000
605020,2026-03-09,29.040,28.340,29.100,27.450,154772.000
605020,2026-03-10,28.650,28.690,29.160,28.520,103939.000
605020,2026-03-11,28.650,29.090,29.190,28.470,91861.000
605020,2026-03-12,29.210,28.450,29.240,28.080,119570.000
605020,2026-03-13,28.380,27.940,29.020,27.860,91544.000
605020,2026-03-16,27.980,27.540,28.060,26.930,110895.000
605020,2026-03-17,27.660,27.130,28.110,27.100,89975.000
605020,2026-03-18,27.150,26.970,27.300,26.490,83636.000
605020,2026-03-19,26.540,25.520,26.540,25.360,118000.000
605020,2026-03-20,25.510,25.050,25.860,25.050,84774.000
605020,2026-03-23,24.560,24.060,24.790,23.650,105826.000
605020,2026-03-24,24.550,24.270,24.620,23.530,97198.000
605020,2026-03-25,24.540,24.590,24.830,24.390,78316.000
605020,2026-03-26,24.550,24.460,24.950,24.260,64783.000
605020,2026-03-27,24.140,24.850,24.990,24.090,59169.000
605020,2026-03-30,24.630,24.530,24.700,24.150,76094.000
605020,2026-03-31,24.550,24.110,24.600,24.010,59414.000
605020,2026-04-01,24.510,24.700,24.790,24.330,72160.000
605020,2026-04-02,24.570,24.250,24.690,23.990,74535.000
605020,2026-04-03,24.040,22.920,24.040,22.820,122407.000
605020,2026-04-07,22.990,23.160,23.520,22.920,83558.000
605020,2026-04-08,23.680,24.000,24.000,23.550,89850.000
605020,2026-04-09,23.850,23.750,23.900,23.680,59594.000
605020,2026-04-10,23.890,24.200,24.440,23.850,72930.000
605020,2026-04-13,24.220,24.440,24.690,24.110,74888.000
605020,2026-04-14,24.580,25.090,25.100,24.380,82900.000
605020,2026-04-15,25.340,24.640,25.380,24.620,78048.000
605020,2026-04-16,24.680,24.870,24.940,24.580,64683.000
605020,2026-04-17,24.770,25.130,25.170,24.550,73374.000
605020,2026-04-20,25.350,25.730,25.960,25.320,114479.000
605020,2026-04-21,26.750,26.500,27.730,26.350,214558.000
605020,2026-04-22,26.580,26.400,26.580,26.050,117238.000
605020,2026-04-23,26.400,25.950,26.500,25.890,85617.000
605020,2026-04-24,26.050,26.350,26.630,25.900,109840.000
605020,2026-04-27,26.560,26.310,26.750,26.050,110790.000
605020,2026-04-28,26.200,26.290,26.620,25.800,108920.000
605020,2026-04-29,26.180,26.620,26.740,26.000,106183.000
605020,2026-04-30,26.450,26.450,26.790,26.360,78664.000
605020,2026-05-06,26.650,26.540,26.700,26.420,132253.000
605020,2026-05-07,26.650,26.480,26.740,26.180,102307.000
605020,2026-05-08,26.540,26.990,28.000,26.540,181769.000
605020,2026-05-11,27.160,27.700,28.320,27.160,202064.000
605020,2026-05-12,27.620,28.020,28.520,27.500,189953.000
605020,2026-05-13,28.020,28.550,28.840,27.940,176993.000
605020,2026-05-14,28.800,31.300,31.450,28.710,561029.000
605020,2026-05-15,32.500,31.150,33.160,30.990,622259.000
605020,2026-05-18,31.790,30.980,32.450,30.250,401290.000
605020,2026-05-19,30.550,31.340,31.640,29.450,397437.000
605020,2026-05-20,31.430,32.890,33.730,31.100,369527.000
605020,2026-05-21,32.880,32.350,33.730,32.280,299723.000
605020,2026-05-22,32.550,33.240,33.980,32.230,301360.000
605020,2026-05-25,33.760,32.600,34.290,31.780,316022.000
605020,2026-05-26,32.550,33.330,33.850,31.630,318113.000
605020,2026-05-27,33.390,33.440,35.080,32.980,288368.000
605020,2026-05-28,33.300,33.970,34.430,32.930,238132.000
605020,2026-05-29,34.010,33.160,34.500,32.900,220560.000
605020,2026-06-01,33.010,35.110,36.180,33.010,357708.000
605020,2026-06-02,34.900,35.600,35.870,34.120,262629.000
605020,2026-06-03,35.240,34.880,36.880,34.300,319856.000
605020,2026-06-04,34.420,34.090,35.200,33.860,221030.000
605020,2026-06-05,33.550,34.460,35.400,32.580,290012.000
605020,2026-06-08,33.150,32.770,34.980,32.480,268356.000
605020,2026-06-09,33.300,31.700,33.480,31.180,344777.000
605020,2026-06-10,31.460,32.900,33.220,30.960,310221.000
605020,2026-06-11,32.680,33.260,33.790,32.050,243119.000
605020,2026-06-12,33.600,33.690,34.440,32.900,220903.000
605020,2026-06-15,35.060,35.420,35.760,32.950,399764.000
605020,2026-06-16,34.700,35.320,36.330,34.010,413687.000
605020,2026-06-17,34.730,37.100,37.100,34.360,382244.000
605020,2026-06-18,37.230,34.170,37.270,33.840,543135.000
605020,2026-06-22,34.160,37.590,37.590,33.400,624696.000
605020,2026-06-23,37.570,35.620,38.290,35.380,423720.000
605020,2026-06-24,35.640,39.180,39.180,34.930,439949.000
605020,2026-06-25,39.860,38.880,41.130,38.300,512817.000
605020,2026-06-26,38.500,41.220,42.000,38.350,471785.000
605020,2026-06-29,42.500,41.670,43.980,39.280,529128.000
605020,2026-06-30,40.880,40.720,42.000,39.300,382562.000
605020,2026-07-01,41.380,43.990,44.790,41.080,586779.000
605020,2026-07-02,42.690,48.390,48.390,41.290,637320.000
605020,2026-07-03,51.000,44.710,51.000,43.650,720209.000
605020,2026-07-06,43.940,41.770,45.500,41.610,462678.000
605020,2026-07-07,40.900,38.920,41.210,38.500,352446.000
605020,2026-07-08,39.300,36.500,39.390,36.500,302403.000
605020,2026-07-09,37.020,37.750,38.300,36.840,275298.000
605020,2026-07-10,37.900,35.370,38.780,35.370,355382.000
605020,2026-07-13,35.000,34.990,36.080,34.200,261311.000
605020,2026-07-14,35.010,36.950,36.980,34.550,252919.000
605020,2026-07-15,36.900,36.760,37.470,36.100,184528.000
605020,2026-07-16,36.370,34.570,36.580,34.200,207867.000
605020,2026-07-17,34.190,33.780,35.680,33.500,231150.000
605020,2026-07-20,34.110,31.540,34.280,30.780,295174.000
605020,2026-07-21,31.710,33.390,33.430,30.500,240574.000
605020,2026-07-22,33.380,33.050,33.930,32.800,148297.000
605020,2026-07-23,32.880,34.090,34.150,32.870,157352.000
605020,2026-07-24,33.500,32.750,34.200,32.650,144292.000
605020,2026-07-27,32.740,33.340,33.460,32.450,107576.000
605020,2026-07-28,32.750,32.120,33.050,31.910,109683.000
605020,2026-07-29,32.010,32.560,33.000,31.020,141488.000
605020,2026-07-30,32.450,31.140,32.550,30.930,136496.000
605020,2026-07-31,32.200,31.430,32.680,31.200,145052.000
605020,2026-08-03,31.470,31.520,31.720,30.950,95532.000
605020,2026-08-04,31.780,32.630,32.750,31.650,126127.000
605020,2026-08-05,32.630,34.580,34.900,32.560,177631.000
605020,2026-08-06,34.470,35.320,35.550,34.070,181262.000
605020,2026-08-07,35.000,35.190,35.460,34.560,157679.000
605020,2026-08-10,35.000,35.900,35.940,35.000,138182.000
605020,2026-08-11,35.700,34.850,36.180,34.850,95011.000
605020,2026-08-12,34.850,34.830,35.300,34.610,83212.000
605020,2026-08-13,34.840,34.830,35.860,34.570,115830.000
605020,2026-08-14,34.800,34.760,35.350,34.420,121418.000
605020,2026-08-17,35.450,35.190,35.490,34.110,138187.000
605020,2026-08-18,35.480,34.690,36.360,34.410,197598.000
605020,2026-08-19,34.000,32.930,34.800,32.750,165207.000
605020,2026-08-20,33.100,32.520,33.460,32.390,105986.000
605020,2026-08-21,32.680,32.330,32.880,32.100,84572.000
605020,2026-08-24,32.350,31.320,32.470,30.910,99652.000
605020,2026-08-25,31.190,30.970,31.300,30.440,85911.000
605020,2026-08-26,30.970,31.470,31.740,30.800,80966.000
605020,2026-08-27,31.310,33.560,33.710,31.310,170106.000
605020,2026-08-28,34.230,34.350,34.680,33.850,207211.000
605020,2026-08-31,33.770,34.550,34.580,33.420,148970.000
605020,2026-09-01,34.380,33.130,34.560,33.130,117785.000
605020,2026-09-02,32.800,32.850,33.260,32.590,84362.000
605020,2026-09-03,33.010,33.320,33.800,32.420,99022.000
605020,2026-09-04,33.320,32.960,34.200,32.800,108909.000
002479,2026-01-09,4.900,4.910,4.920,4.870,99679.000
002479,2026-01-12,4.930,4.940,4.950,4.900,102227.000
002479,2026-01-13,4.950,4.940,4.970,4.910,131727.000
002479,2026-01-14,4.930,4.900,4.970,4.870,135336.000
002479,2026-01-15,4.900,4.930,4.950,4.890,82695.000
002479,2026-01-16,4.950,4.970,5.010,4.930,147637.000
002479,2026-01-19,4.960,5.050,5.050,4.960,102802.000
002479,2026-01-20,5.050,5.100,5.110,5.040,132407.000
002479,2026-01-21,5.100,5.120,5.130,5.050,108129.000
002479,2026-01-22,5.130,5.170,5.170,5.090,123734.000
002479,2026-01-23,5.170,5.190,5.200,5.160,110332.000
002479,2026-01-26,5.280,5.250,5.310,5.210,222088.000
002479,2026-01-27,5.230,5.160,5.240,5.100,179024.000
002479,2026-01-28,5.160,5.320,5.450,5.160,378954.000
002479,2026-01-29,5.420,5.340,5.460,5.270,330890.000
002479,2026-01-30,5.230,5.330,5.420,5.210,236567.000
002479,2026-02-02,5.280,5.160,5.300,5.160,198472.000
002479,2026-02-03,5.220,5.180,5.220,5.120,138683.000
002479,2026-02-04,5.210,5.250,5.260,5.180,136241.000
002479,2026-02-05,5.230,5.140,5.230,5.140,114231.000
002479,2026-02-06,5.120,5.170,5.230,5.110,101970.000
002479,2026-02-09,5.220,5.200,5.270,5.170,148931.000
002479,2026-02-10,5.210,5.150,5.210,5.140,119893.000
002479,2026-02-11,5.170,5.180,5.200,5.130,89161.000
002479,2026-02-12,5.180,5.150,5.210,5.130,116643.000
002479,2026-02-13,5.140,5.110,5.160,5.090,102152.000
002479,2026-02-24,5.170,5.260,5.260,5.170,156304.000
002479,2026-02-25,5.250,5.320,5.340,5.250,137976.000
002479,2026-02-26,5.310,5.370,5.380,5.290,140096.000
002479,2026-02-27,5.360,5.490,5.500,5.350,245046.000
002479,2026-03-02,5.410,5.460,5.580,5.410,217574.000
002479,2026-03-03,5.450,5.320,5.520,5.310,229913.000
002479,2026-03-04,5.300,5.360,5.410,5.280,197429.000
002479,2026-03-05,5.430,5.360,5.460,5.320,170294.000
002479,2026-03-06,5.360,5.500,5.500,5.330,196730.000
002479,2026-03-09,5.500,5.480,5.570,5.460,231329.000
002479,2026-03-10,5.500,5.500,5.530,5.420,168121.000
002479,2026-03-11,5.510,5.540,5.540,5.410,186713.000
002479,2026-03-12,5.540,5.570,5.610,5.520,198553.000
002479,2026-03-13,5.570,5.470,5.570,5.440,187385.000
002479,2026-03-16,5.460,5.380,5.490,5.350,156536.000
002479,2026-03-17,5.410,5.250,5.420,5.230,150786.000
002479,2026-03-18,5.260,5.350,5.350,5.250,157881.000
002479,2026-03-19,5.300,5.310,5.400,5.290,182222.000
002479,2026-03-20,5.300,5.220,5.400,5.190,203408.000
002479,2026-03-23,5.120,4.940,5.180,4.900,268404.000
002479,2026-03-24,5.020,5.280,5.290,5.000,285356.000
002479,2026-03-25,5.270,5.820,5.820,5.220,320831.000
002479,2026-03-26,6.200,5.890,6.290,5.780,1304978.000
002479,2026-03-27,5.870,5.760,5.890,5.650,744102.000
002479,2026-03-30,5.750,5.550,5.820,5.390,583275.000
002479,2026-03-31,5.490,5.920,5.970,5.440,945707.000
002479,2026-04-01,5.780,5.680,5.860,5.610,622712.000
002479,2026-04-02,5.630,5.860,5.900,5.570,652301.000
002479,2026-04-03,5.780,5.480,5.850,5.450,497680.000
002479,2026-04-07,5.300,5.590,5.620,5.040,568508.000
002479,2026-04-08,5.640,5.720,5.760,5.520,434384.000
002479,2026-04-09,5.660,5.660,5.750,5.630,267817.000
002479,2026-04-10,5.730,5.730,5.820,5.660,409901.000
002479,2026-04-13,5.710,5.780,5.810,5.700,285619.000
002479,2026-04-14,5.780,5.800,5.830,5.650,379279.000
002479,2026-04-15,5.730,5.680,5.770,5.570,334557.000
002479,2026-04-16,5.670,5.610,5.670,5.530,285122.000
002479,2026-04-17,5.590,5.480,5.660,5.440,266642.000
002479,2026-04-20,5.480,5.570,5.620,5.450,186332.000
002479,2026-04-21,5.550,5.520,5.600,5.390,224260.000
002479,2026-04-22,5.490,5.570,5.610,5.440,199230.000
002479,2026-04-23,5.610,5.660,5.740,5.470,321088.000
002479,2026-04-24,5.660,5.480,5.660,5.440,256009.000
002479,2026-04-27,5.460,5.410,5.470,5.350,176181.000
002479,2026-04-28,5.390,5.370,5.430,5.300,168385.000
002479,2026-04-29,5.320,5.400,5.450,5.310,142378.000
002479,2026-04-30,5.390,5.420,5.540,5.370,159381.000
002479,2026-05-06,5.420,5.490,5.520,5.410,175748.000
002479,2026-05-07,5.490,5.620,5.640,5.470,245255.000
002479,2026-05-08,5.620,5.580,5.720,5.530,222100.000
002479,2026-05-11,5.600,5.560,5.620,5.500,192239.000
002479,2026-05-12,5.560,5.600,5.670,5.510,240206.000
002479,2026-05-13,5.600,5.730,5.770,5.580,373293.000
002479,2026-05-14,5.740,5.530,5.760,5.500,305386.000
002479,2026-05-15,5.530,5.430,5.540,5.390,250285.000
002479,2026-05-18,5.390,5.470,5.490,5.320,180571.000
002479,2026-05-19,5.460,5.710,5.710,5.420,298375.000
002479,2026-05-20,5.690,5.370,5.710,5.350,356921.000
002479,2026-05-21,5.380,5.140,5.420,5.120,270203.000
002479,2026-05-22,5.170,5.270,5.310,5.150,182521.000
002479,2026-05-25,5.280,5.370,5.380,5.220,175841.000
002479,2026-05-26,5.340,5.250,5.370,5.190,146838.000
002479,2026-05-27,5.220,5.180,5.270,5.130,148737.000
002479,2026-05-28,5.170,5.300,5.370,5.130,234700.000
002479,2026-05-29,5.280,5.340,5.430,5.250,221117.000
002479,2026-06-01,5.390,5.560,5.570,5.230,332765.000
002479,2026-06-02,5.530,5.500,5.540,5.400,219611.000
002479,2026-06-03,5.450,5.450,5.480,5.330,216899.000
002479,2026-06-04,5.410,5.360,5.530,5.300,188606.000
002479,2026-06-05,5.310,5.340,5.600,5.310,252048.000
002479,2026-06-08,5.200,4.980,5.280,4.950,274013.000
002479,2026-06-09,4.980,4.970,5.070,4.870,134572.000
002479,2026-06-10,4.950,4.830,4.950,4.760,150194.000
002479,2026-06-11,4.790,4.720,4.820,4.690,133154.000
002479,2026-06-12,4.790,4.770,4.850,4.660,139396.000
002479,2026-06-15,4.810,4.790,4.910,4.740,144140.000
002479,2026-06-16,4.770,4.830,4.890,4.700,152854.000
002479,2026-06-17,4.800,4.740,4.810,4.700,129310.000
002479,2026-06-18,4.710,4.580,4.730,4.540,172220.000
002479,2026-06-22,4.580,4.640,4.650,4.430,147840.000
002479,2026-06-23,4.620,4.640,4.700,4.600,106969.000
002479,2026-06-24,4.630,4.520,4.640,4.490,100318.000
002479,2026-06-25,4.470,4.410,4.500,4.370,127901.000
002479,2026-06-26,4.400,4.310,4.420,4.310,111486.000
002479,2026-06-29,4.270,4.280,4.330,4.160,115327.000
002479,2026-06-30,4.260,4.210,4.280,4.170,93134.000
002479,2026-07-01,4.200,4.300,4.350,4.180,118048.000
002479,2026-07-02,4.300,4.320,4.400,4.280,107135.000
002479,2026-07-03,4.330,4.440,4.450,4.310,106717.000
002479,2026-07-06,4.420,4.470,4.510,4.400,98240.000
002479,2026-07-07,4.470,4.340,4.480,4.310,95666.000
002479,2026-07-08,4.360,4.500,4.750,4.360,270523.000
002479,2026-07-09,4.360,4.420,4.440,4.290,220713.000
002479,2026-07-10,4.860,4.860,4.860,4.710,253375.000
002479,2026-07-13,4.860,4.880,5.010,4.770,555917.000
002479,2026-07-14,4.870,5.070,5.070,4.800,360328.000
002479,2026-07-15,5.000,5.010,5.050,4.950,261648.000
002479,2026-07-16,4.950,5.010,5.100,4.950,213466.000
002479,2026-07-17,4.950,4.970,5.090,4.910,272194.000
002479,2026-07-20,4.970,5.220,5.230,4.930,464192.000
002479,2026-07-21,5.150,5.040,5.170,4.900,343931.000
002479,2026-07-22,4.980,5.130,5.160,4.970,294413.000
002479,2026-07-23,5.100,5.290,5.300,5.080,230309.000
002479,2026-07-24,5.240,5.130,5.290,5.130,227898.000
002479,2026-07-27,5.110,5.380,5.420,5.110,277129.000
002479,2026-07-28,5.350,5.360,5.400,5.300,175466.000
002479,2026-07-29,5.320,5.390,5.430,5.300,163127.000
002479,2026-07-30,5.360,5.320,5.470,5.300,189175.000
002479,2026-07-31,5.310,5.360,5.390,5.290,172441.000
002479,2026-08-03,5.380,5.550,5.570,5.350,237454.000
002479,2026-08-04,5.590,5.540,5.620,5.490,142939.000
002479,2026-08-05,5.500,5.540,5.600,5.480,136654.000
002479,2026-08-06,5.550,5.590,5.720,5.510,209425.000
002479,2026-08-07,5.580,5.620,5.680,5.520,169706.000
002479,2026-08-10,5.600,5.800,5.810,5.560,222205.000
002479,2026-08-11,5.810,5.730,5.870,5.710,184409.000
002479,2026-08-12,5.730,5.810,5.820,5.650,166483.000
002479,2026-08-13,5.770,5.680,5.850,5.670,145923.000
002479,2026-08-14,5.680,5.640,5.700,5.600,152217.000
002479,2026-08-17,5.670,5.740,5.750,5.590,152019.000
002479,2026-08-18,5.700,5.750,5.780,5.690,131072.000
002479,2026-08-19,5.750,5.610,5.750,5.600,148175.000
002479,2026-08-20,5.750,5.790,5.980,5.750,364888.000
002479,2026-08-21,5.810,5.980,5.990,5.760,371770.000
002479,2026-08-24,5.990,5.800,6.050,5.730,418060.000
002479,2026-08-25,5.730,5.780,5.840,5.700,221731.000
002479,2026-08-26,5.770,5.910,5.940,5.750,201359.000
002479,2026-08-27,5.870,5.820,5.910,5.810,152296.000
002479,2026-08-28,5.800,5.950,5.990,5.780,188541.000
002479,2026-08-31,5.930,6.010,6.030,5.890,238866.000
002479,2026-09-01,6.010,6.150,6.260,5.980,243487.000
002479,2026-09-02,6.140,6.100,6.160,6.040,169720.000
002479,2026-09-03,6.150,6.150,6.220,6.110,164077.000
002479,2026-09-04,6.180,6.050,6.220,6.010,184575.000
600988,2026-01-07,31.720,30.690,31.880,30.570,804609.000
600988,2026-01-08,30.490,30.090,31.000,29.830,668790.000
600988,2026-01-09,30.030,30.710,30.930,29.920,652114.000
600988,2026-01-12,31.480,30.960,31.650,30.790,639742.000
600988,2026-01-13,30.980,31.490,32.110,30.870,836724.000
600988,2026-01-14,31.960,32.000,32.320,31.540,853694.000
600988,2026-01-15,31.920,32.620,33.680,31.390,997063.000
600988,2026-01-16,32.190,31.980,32.840,31.800,568641.000
600988,2026-01-19,32.580,33.060,33.080,32.110,693099.000
600988,2026-01-20,33.060,34.640,35.070,31.740,1230638.000
600988,2026-01-21,35.680,38.070,38.140,35.340,1437008.000
600988,2026-01-22,36.530,37.010,37.550,36.070,1002211.000
600988,2026-01-23,38.360,38.500,39.980,37.850,1157277.000
600988,2026-01-26,40.340,42.370,42.380,40.280,1316862.000
600988,2026-01-27,40.890,42.280,44.130,40.430,1467965.000
600988,2026-01-28,43.640,46.540,46.540,42.790,1396342.000
600988,2026-01-29,49.680,47.680,51.180,45.280,1902540.000
600988,2026-01-30,43.680,42.880,44.680,42.880,940307.000
600988,2026-02-02,38.560,38.560,38.560,38.560,74011.000
600988,2026-02-03,36.180,39.460,40.100,35.830,1992373.000
600988,2026-02-04,40.170,38.210,40.170,37.300,1352170.000
600988,2026-02-05,36.680,36.510,37.930,35.680,1044984.000
600988,2026-02-06,34.680,36.690,37.400,34.680,908960.000
600988,2026-02-09,37.580,36.810,37.600,36.590,696320.000
600988,2026-02-10,36.730,36.460,36.930,36.200,479366.000
600988,2026-02-11,36.390,37.900,38.430,36.390,747292.000
600988,2026-02-12,37.640,37.930,38.560,37.640,555062.000
600988,2026-02-13,36.980,36.980,37.910,36.930,491554.000
600988,2026-02-24,38.680,39.010,39.480,38.230,736570.000
600988,2026-02-25,38.860,38.880,39.280,38.130,688987.000
600988,2026-02-26,38.680,38.450,39.060,38.360,435061.000
600988,2026-02-27,38.300,39.600,39.730,38.240,728830.000
600988,2026-03-02,41.180,43.590,43.590,39.740,1517327.000
600988,2026-03-03,42.360,42.380,45.260,41.500,1354325.000
600988,2026-03-04,39.770,41.260,41.910,39.770,853115.000
600988,2026-03-05,41.540,40.020,41.590,39.550,648175.000
600988,2026-03-06,39.180,39.620,40.780,38.730,486543.000
600988,2026-03-09,38.670,40.230,40.710,37.680,726322.000
600988,2026-03-10,40.510,40.540,41.070,39.890,455495.000
600988,2026-03-11,40.960,41.410,42.130,40.960,567251.000
600988,2026-03-12,40.980,42.030,42.930,40.940,747076.000
600988,2026-03-13,41.500,40.590,42.240,40.550,492387.000
600988,2026-03-16,39.980,39.280,40.140,37.740,729669.000
600988,2026-03-17,39.280,39.690,40.880,39.110,503743.000
600988,2026-03-18,39.590,40.500,40.570,39.230,503180.000
600988,2026-03-23,36.420,36.420,36.420,36.420,62322.000
600988,2026-03-24,35.200,35.800,36.130,32.760,1479153.000
600988,2026-03-25,36.690,38.010,39.280,36.690,1243734.000
600988,2026-03-26,38.000,36.980,38.370,36.610,540408.000
600988,2026-03-27,36.330,39.480,39.810,36.330,709867.000
600988,2026-03-30,39.490,42.620,42.770,39.340,830940.000
600988,2026-03-31,42.680,42.830,43.530,42.480,796004.000
600988,2026-04-01,44.180,45.030,46.010,44.180,824689.000
600988,2026-04-02,44.680,44.680,45.710,42.690,893075.000
600988,2026-04-03,44.610,44.930,44.960,43.740,425046.000
600988,2026-04-07,44.280,43.370,44.970,43.160,526737.000
600988,2026-04-08,45.860,47.040,47.170,45.400,816861.000
600988,2026-04-09,45.180,45.530,46.280,45.170,523779.000
600988,2026-04-10,45.980,44.760,46.080,44.610,383089.000
600988,2026-04-13,44.480,43.860,44.640,43.380,403747.000
600988,2026-04-14,44.620,43.690,44.640,43.280,345388.000
600988,2026-04-15,44.670,42.980,44.880,42.870,370813.000
600988,2026-04-16,43.480,43.780,43.980,42.280,384944.000
600988,2026-04-17,43.040,43.100,43.630,42.830,322408.000
600988,2026-04-20,42.700,43.920,44.300,42.700,402885.000
600988,2026-04-21,43.910,44.010,44.460,42.930,264431.000
600988,2026-04-22,43.640,42.900,43.930,42.730,388593.000
600988,2026-04-23,42.490,40.850,42.570,39.980,595936.000
600988,2026-04-24,40.680,40.370,40.840,39.240,353275.000
600988,2026-04-27,39.680,38.660,40.280,38.500,534300.000
600988,2026-04-28,38.520,37.050,38.900,36.960,442783.000
600988,2026-04-29,36.900,38.560,38.750,36.750,541234.000
600988,2026-04-30,37.990,37.680,38.560,37.290,412085.000
600988,2026-05-06,38.240,40.790,40.960,37.360,883681.000
600988,2026-05-07,41.520,42.040,42.670,41.290,691037.000
600988,2026-05-08,41.530,44.080,44.560,41.320,690784.000
600988,2026-05-11,43.230,41.720,43.230,40.990,791050.000
600988,2026-05-12,42.340,40.630,42.930,40.410,545031.000
600988,2026-05-13,40.600,40.480,41.410,39.940,463057.000
600988,2026-05-14,40.230,39.360,40.640,39.360,431872.000
600988,2026-05-15,38.540,37.320,38.540,36.930,644465.000
600988,2026-05-18,36.340,36.340,36.580,35.640,597063.000
600988,2026-05-19,36.350,35.940,36.860,35.720,368666.000
600988,2026-05-20,35.150,35.360,35.560,34.310,571170.000
600988,2026-05-21,36.250,34.180,36.650,34.150,459372.000
600988,2026-05-22,34.230,34.830,35.250,33.760,347791.000
600988,2026-05-25,35.880,35.710,36.820,35.250,433081.000
600988,2026-05-26,34.940,37.850,38.110,34.510,711693.000
600988,2026-05-27,37.250,35.740,38.000,35.610,454529.000
600988,2026-05-28,35.150,34.000,35.590,33.740,497378.000
600988,2026-05-29,35.000,33.370,35.100,33.230,478838.000
600988,2026-06-01,33.360,33.500,33.970,32.900,337448.000
600988,2026-06-02,33.550,34.150,34.420,32.410,480893.000
600988,2026-06-03,33.300,33.450,33.930,32.810,349435.000
600988,2026-06-04,33.280,32.230,33.400,31.920,419701.000
600988,2026-06-05,32.020,31.360,32.180,31.150,322847.000
600988,2026-06-08,29.750,29.200,30.280,28.900,714710.000
600988,2026-06-09,29.500,29.370,29.660,28.570,416306.000
600988,2026-06-10,28.200,28.170,28.790,27.710,612309.000
600988,2026-06-11,27.610,28.260,28.870,27.510,425502.000
600988,2026-06-12,29.260,30.370,30.930,28.810,954485.000
600988,2026-06-15,32.490,32.630,33.380,31.960,858661.000
600988,2026-06-16,32.600,31.980,32.730,31.650,401603.000
600988,2026-06-17,32.400,32.500,32.520,31.720,373596.000
600988,2026-06-18,31.640,30.590,32.500,30.540,604830.000
600988,2026-06-22,30.330,31.090,31.160,29.300,619449.000
600988,2026-06-23,30.360,27.980,30.660,27.980,680996.000
600988,2026-06-24,27.500,28.190,28.380,27.280,553243.000
600988,2026-06-25,27.180,26.620,27.290,26.530,688607.000
600988,2026-06-26,26.800,25.930,26.900,25.000,600244.000
600988,2026-06-29,25.800,26.680,26.880,25.350,624562.000
600988,2026-06-30,25.700,26.320,26.420,25.680,517739.000
600988,2026-07-01,26.000,25.810,26.390,25.510,490962.000
600988,2026-07-02,26.640,28.390,28.390,26.640,673026.000
600988,2026-07-03,30.370,31.230,31.230,29.860,372467.000
600988,2026-07-06,31.230,31.600,33.590,31.230,1483166.000
600988,2026-07-07,30.310,30.420,31.490,30.230,714000.000
600988,2026-07-08,30.030,31.320,32.050,29.500,903481.000
600988,2026-07-09,29.900,31.350,31.490,29.900,663506.000
600988,2026-07-10,31.810,32.840,33.640,30.450,861807.000
600988,2026-07-13,31.600,32.330,33.130,31.070,648712.000
600988,2026-07-14,31.690,34.950,35.080,30.880,859098.000
600988,2026-07-15,33.940,33.400,35.350,33.390,827023.000
600988,2026-07-16,32.810,34.620,35.610,32.780,636745.000
600988,2026-07-17,34.170,31.740,34.560,31.160,887527.000
600988,2026-07-20,31.250,32.250,33.200,30.930,606365.000
600988,2026-07-21,33.100,35.480,35.480,32.810,811912.000
600988,2026-07-22,36.820,38.220,39.030,36.590,1084722.000
600988,2026-07-23,38.230,38.830,40.780,37.220,1096695.000
600988,2026-07-24,36.350,36.490,37.870,35.000,831977.000
600988,2026-07-27,37.800,38.140,38.560,36.030,749888.000
600988,2026-07-28,37.090,37.290,37.500,36.220,508178.000
600988,2026-07-29,36.700,37.860,38.340,36.570,510380.000
600988,2026-07-30,38.960,37.170,39.990,37.000,777590.000
600988,2026-07-31,37.600,39.560,40.790,37.500,897949.000
600988,2026-08-03,38.200,38.860,39.340,36.890,533706.000
600988,2026-08-04,38.530,37.750,38.850,37.150,635509.000
600988,2026-08-05,38.200,40.840,41.000,37.570,733872.000
600988,2026-08-06,43.530,41.300,43.600,41.080,882901.000
600988,2026-08-07,41.020,42.090,42.090,40.200,774417.000
600988,2026-08-10,41.900,43.730,44.180,40.680,817378.000
600988,2026-08-11,44.800,40.300,45.990,39.800,1220211.000
600988,2026-08-12,40.310,40.980,41.200,39.800,687519.000
600988,2026-08-13,41.000,38.660,41.530,38.600,789240.000
600988,2026-08-14,37.670,39.780,39.990,37.500,558126.000
600988,2026-08-17,40.500,40.780,41.540,40.190,404548.000
600988,2026-08-18,41.050,42.210,42.680,40.790,514787.000
600988,2026-08-19,40.800,42.720,43.700,40.660,611302.000
600988,2026-08-20,45.000,46.100,46.990,44.550,1026165.000
600988,2026-08-21,46.980,49.430,49.880,46.110,1013615.000
600988,2026-08-24,49.600,48.770,51.990,47.490,1175790.000
600988,2026-08-25,49.010,47.660,49.200,46.000,859635.000
600988,2026-08-26,47.470,46.850,48.790,46.780,614209.000
600988,2026-08-27,46.680,48.220,49.460,46.630,721654.000
600988,2026-08-28,47.800,49.090,49.300,46.730,579583.000
600988,2026-08-31,46.000,46.810,46.970,44.400,863877.000
600988,2026-09-01,46.500,46.000,47.450,45.900,462858.000
600988,2026-09-02,45.000,45.770,46.130,43.610,605028.000
600988,2026-09-03,46.630,46.600,47.450,45.880,572217.000
600988,2026-09-04,47.210,45.690,47.630,45.310,539941.000
002054,2026-01-09,7.750,7.710,7.830,7.650,210350.000
002054,2026-01-12,7.710,8.240,8.490,7.620,597863.000
002054,2026-01-13,8.200,7.940,8.340,7.930,482121.000
002054,2026-01-14,7.960,8.740,8.740,7.960,420330.000
002054,2026-01-15,9.000,8.450,9.270,8.430,872576.000
002054,2026-01-16,8.560,8.240,8.580,8.120,459935.000
002054,2026-01-19,8.240,8.360,8.480,8.040,321637.000
002054,2026-01-20,8.340,8.300,8.410,8.200,242793.000
002054,2026-01-21,8.230,8.450,8.500,8.180,284927.000
002054,2026-01-22,8.450,8.520,8.690,8.360,275810.000
002054,2026-01-23,8.590,8.530,8.630,8.480,227554.000
002054,2026-01-26,8.530,8.580,8.660,8.400,299243.000
002054,2026-01-27,8.620,9.430,9.450,8.610,1016561.000
002054,2026-01-28,9.250,9.180,9.580,9.130,671958.000
002054,2026-01-29,9.190,9.210,9.800,9.170,546468.000
002054,2026-01-30,9.150,9.040,9.230,8.760,352973.000
002054,2026-02-02,9.030,8.570,9.040,8.560,298004.000
002054,2026-02-03,8.640,8.940,9.140,8.510,266708.000
002054,2026-02-04,8.830,8.920,9.390,8.780,252289.000
002054,2026-02-05,8.910,9.070,9.290,8.810,328648.000
002054,2026-02-06,8.960,9.980,9.980,8.950,728853.000
002054,2026-02-09,9.750,10.990,10.990,9.540,1065251.000
002054,2026-02-10,10.830,10.590,10.940,10.500,877305.000
002054,2026-02-11,10.590,10.500,11.020,10.380,737707.000
002054,2026-02-12,10.570,10.700,11.310,10.430,887257.000
002054,2026-02-13,10.530,10.530,10.930,10.410,604722.000
002054,2026-02-24,10.430,10.110,10.530,9.970,596167.000
002054,2026-02-25,10.130,10.720,11.080,9.970,659806.000
002054,2026-02-26,10.860,11.460,11.800,10.730,1118665.000
002054,2026-02-27,11.610,11.460,12.020,11.430,852812.000
002054,2026-03-02,11.500,11.410,11.930,10.750,906597.000
002054,2026-03-03,11.500,10.260,11.500,10.260,486708.000
002054,2026-03-04,9.290,9.580,9.740,9.230,630617.000
002054,2026-03-05,9.910,9.870,10.130,9.640,543351.000
002054,2026-03-06,9.820,9.860,9.970,9.640,362775.000
002054,2026-03-09,9.600,9.790,9.910,9.440,303629.000
002054,2026-03-10,9.800,9.780,9.910,9.710,230644.000
002054,2026-03-11,9.720,9.620,9.900,9.510,248852.000
002054,2026-03-12,9.620,9.370,9.670,9.330,211515.000
002054,2026-03-13,9.290,9.270,9.760,9.250,259923.000
002054,2026-03-16,9.270,9.190,9.420,9.060,190348.000
002054,2026-03-17,9.190,8.980,9.290,8.950,173652.000
002054,2026-03-18,8.950,9.080,9.100,8.880,135709.000
002054,2026-03-19,9.000,8.830,9.070,8.780,162860.000
002054,2026-03-20,8.850,8.450,8.900,8.440,180742.000
002054,2026-03-23,8.350,8.050,8.400,7.980,184142.000
002054,2026-03-24,8.260,8.420,8.460,8.080,159970.000
002054,2026-03-25,8.390,8.550,8.670,8.390,118618.000
002054,2026-03-26,8.560,8.440,8.650,8.370,111030.000
002054,2026-03-27,8.400,8.680,8.710,8.330,128813.000
002054,2026-03-30,8.620,8.650,8.690,8.500,123465.000
002054,2026-03-31,8.710,8.500,8.720,8.460,127207.000
002054,2026-04-01,8.620,8.560,8.650,8.500,107733.000
002054,2026-04-02,8.580,8.350,8.580,8.300,106935.000
002054,2026-04-03,8.360,8.140,8.410,8.120,107866.000
002054,2026-04-07,8.140,8.400,8.460,8.090,110605.000
002054,2026-04-08,8.530,8.630,8.630,8.450,107566.000
002054,2026-04-09,8.640,8.530,8.640,8.470,102960.000
002054,2026-04-10,8.580,8.610,8.680,8.510,112146.000
002054,2026-04-13,8.590,8.610,8.630,8.460,116162.000
002054,2026-04-14,8.680,8.610,8.680,8.480,110310.000
002054,2026-04-15,9.110,8.410,9.300,8.380,328388.000
002054,2026-04-16,8.530,8.510,8.590,8.360,214704.000
002054,2026-04-17,8.460,8.380,8.570,8.310,181774.000
002054,2026-04-20,8.330,8.220,8.370,8.190,179636.000
002054,2026-04-21,8.220,8.160,8.220,8.060,101763.000
002054,2026-04-22,8.130,8.120,8.160,8.080,90935.000
002054,2026-04-23,8.190,8.070,8.200,7.990,111859.000
002054,2026-04-24,8.020,8.030,8.090,7.900,118736.000
002054,2026-04-27,8.010,8.100,8.110,7.910,103643.000
002054,2026-04-28,8.060,8.040,8.150,8.000,107538.000
002054,2026-04-29,7.990,8.150,8.170,7.940,122566.000
002054,2026-04-30,8.340,8.630,8.800,8.340,390103.000
002054,2026-05-06,8.680,8.780,8.830,8.610,240281.000
002054,2026-05-07,8.710,8.670,8.840,8.620,183206.000
002054,2026-05-08,8.620,8.630,8.740,8.580,152855.000
002054,2026-05-11,8.850,8.920,8.920,8.730,268590.000
002054,2026-05-12,8.920,8.700,8.930,8.610,173501.000
002054,2026-05-13,8.750,8.770,8.850,8.690,150644.000
002054,2026-05-14,8.840,8.590,8.850,8.590,126191.000
002054,2026-05-15,8.600,8.580,8.750,8.510,124501.000
002054,2026-05-18,8.560,8.420,8.560,8.340,125175.000
002054,2026-05-19,8.450,8.410,8.480,8.300,96012.000
002054,2026-05-20,8.340,8.300,8.350,8.220,83439.000
002054,2026-05-21,8.310,7.860,8.410,7.860,147595.000
002054,2026-05-22,8.130,8.200,8.330,7.990,207271.000
002054,2026-05-25,8.180,8.320,8.360,8.030,190232.000
002054,2026-05-26,8.240,8.000,8.260,7.920,153783.000
002054,2026-05-27,8.000,7.770,8.030,7.730,130181.000
002054,2026-05-28,7.770,7.860,7.930,7.730,96316.000
002054,2026-05-29,7.860,7.700,7.990,7.660,106957.000
002054,2026-06-01,7.670,7.860,7.950,7.610,83419.000
002054,2026-06-02,7.840,7.660,7.890,7.570,92255.000
002054,2026-06-03,7.680,7.840,7.970,7.640,119253.000
002054,2026-06-04,7.760,7.600,7.760,7.500,111792.000
002054,2026-06-05,7.550,7.600,7.730,7.450,91093.000
002054,2026-06-08,7.400,7.330,7.630,7.230,101751.000
002054,2026-06-09,7.340,7.460,7.470,7.320,78835.000
002054,2026-06-10,7.400,7.370,7.440,7.270,75555.000
002054,2026-06-11,7.330,7.380,7.440,7.230,65120.000
002054,2026-06-12,7.380,7.460,7.530,7.240,94962.000
002054,2026-06-15,7.480,7.620,7.660,7.480,90927.000
002054,2026-06-16,7.600,7.600,7.660,7.500,79239.000
002054,2026-06-17,7.580,7.380,7.590,7.350,85041.000
002054,2026-06-18,7.380,7.320,7.490,7.260,88351.000
002054,2026-06-22,7.320,7.470,7.480,7.060,126773.000
002054,2026-06-23,7.480,7.510,7.700,7.470,137351.000
002054,2026-06-24,7.500,7.700,7.870,7.470,200051.000
002054,2026-06-25,7.620,7.050,7.650,6.930,295906.000
002054,2026-06-26,6.990,6.860,7.080,6.840,175269.000
002054,2026-06-29,6.800,6.780,6.980,6.700,124708.000
002054,2026-06-30,6.730,6.650,6.770,6.570,132063.000
002054,2026-07-01,6.680,6.880,6.950,6.590,138290.000
002054,2026-07-02,6.850,6.980,7.130,6.780,134818.000
002054,2026-07-03,6.970,7.020,7.050,6.890,109948.000
002054,2026-07-06,7.000,6.960,7.150,6.920,83277.000
002054,2026-07-07,6.960,6.760,6.970,6.720,78698.000
002054,2026-07-08,6.740,6.630,6.800,6.560,81426.000
002054,2026-07-09,6.950,6.930,7.180,6.760,206878.000
002054,2026-07-10,6.950,7.020,7.160,6.720,193322.000
002054,2026-07-13,6.960,6.660,7.020,6.660,133190.000
002054,2026-07-14,6.650,6.820,6.830,6.590,104182.000
002054,2026-07-15,6.750,6.900,7.020,6.720,108126.000
002054,2026-07-16,6.830,6.930,7.110,6.790,103552.000
002054,2026-07-17,6.930,6.790,7.050,6.700,123707.000
002054,2026-07-20,6.800,6.710,6.930,6.650,117740.000
002054,2026-07-21,6.750,6.650,6.760,6.370,130304.000
002054,2026-07-22,6.600,6.490,6.690,6.470,109983.000
002054,2026-07-23,6.490,6.670,6.680,6.450,126376.000
002054,2026-07-24,6.600,6.440,6.670,6.440,109347.000
002054,2026-07-27,6.410,6.600,6.640,6.400,121114.000
002054,2026-07-28,6.570,6.570,6.670,6.540,86768.000
002054,2026-07-29,6.680,6.900,6.900,6.620,178567.000
002054,2026-07-30,6.850,6.750,7.000,6.650,227080.000
002054,2026-07-31,6.750,6.860,6.890,6.750,131783.000
002054,2026-08-03,6.920,7.150,7.190,6.850,171215.000
002054,2026-08-04,7.120,7.090,7.180,7.040,142544.000
002054,2026-08-05,7.120,7.160,7.180,7.070,115019.000
002054,2026-08-06,7.150,7.210,7.250,7.080,107815.000
002054,2026-08-07,7.260,7.120,7.260,7.050,98409.000
002054,2026-08-10,7.120,7.360,7.400,7.100,127857.000
002054,2026-08-11,7.360,7.230,7.360,7.220,90322.000
002054,2026-08-12,7.240,7.280,7.300,7.210,74733.000
002054,2026-08-13,7.290,7.180,7.290,7.180,78225.000
002054,2026-08-14,7.210,7.190,7.250,7.120,62193.000
002054,2026-08-17,7.200,7.300,7.330,7.160,85108.000
002054,2026-08-18,7.320,7.270,7.350,7.220,78854.000
002054,2026-08-19,7.260,7.170,7.290,7.160,92858.000
002054,2026-08-20,7.220,7.230,7.290,7.150,71228.000
002054,2026-08-21,7.180,7.290,7.310,7.090,89370.000
002054,2026-08-24,7.320,7.160,7.380,7.110,125358.000
002054,2026-08-25,7.110,7.250,7.260,7.050,111533.000
002054,2026-08-26,7.220,7.290,7.320,7.190,110023.000
002054,2026-08-27,7.290,7.330,7.330,7.230,91759.000
002054,2026-08-28,7.330,7.430,7.440,7.280,100400.000
002054,2026-08-31,7.430,7.430,7.450,7.290,106345.000
002054,2026-09-01,7.400,7.490,7.600,7.400,110252.000
002054,2026-09-02,7.500,7.450,7.560,7.400,95899.000
002054,2026-09-03,7.480,7.350,7.570,7.320,109572.000
002054,2026-09-04,7.350,7.290,7.460,7.260,87347.000
002120,2026-01-09,6.681,6.731,6.731,6.651,299783.000
002120,2026-01-12,6.731,6.761,6.771,6.681,362962.000
002120,2026-01-13,6.761,6.691,6.791,6.681,376198.000
002120,2026-01-14,6.781,6.751,6.881,6.711,635171.000
002120,2026-01-15,6.751,6.791,6.871,6.731,366797.000
002120,2026-01-16,6.801,6.711,6.831,6.681,294711.000
002120,2026-01-19,6.671,6.701,6.731,6.651,230953.000
002120,2026-01-20,6.711,6.771,6.791,6.691,315844.000
002120,2026-01-21,6.751,6.761,6.761,6.711,199131.000
002120,2026-01-22,6.751,6.821,6.851,6.731,306490.000
002120,2026-01-23,6.821,6.891,6.901,6.781,333300.000
002120,2026-01-26,6.901,6.861,6.941,6.791,359825.000
002120,2026-01-27,6.841,6.831,6.881,6.761,292107.000
002120,2026-01-28,6.831,6.751,6.851,6.741,244093.000
002120,2026-01-29,6.741,6.781,6.801,6.681,283559.000
002120,2026-01-30,6.791,6.661,6.851,6.631,381584.000
002120,2026-02-02,6.651,6.571,6.681,6.571,327371.000
002120,2026-02-03,6.611,6.631,6.641,6.571,162355.000
002120,2026-02-04,6.631,6.741,6.751,6.601,274206.000
002120,2026-02-05,6.741,6.781,6.821,6.701,377728.000
002120,2026-02-06,6.751,6.721,6.771,6.701,210356.000
002120,2026-02-09,6.761,6.771,6.781,6.731,222229.000
002120,2026-02-10,6.771,6.711,6.781,6.711,194864.000
002120,2026-02-11,6.721,6.761,6.771,6.701,167333.000
002120,2026-02-12,6.761,6.681,6.791,6.671,219118.000
002120,2026-02-13,6.691,6.601,6.701,6.601,228189.000
002120,2026-02-24,6.671,6.641,6.671,6.621,211968.000
002120,2026-02-25,6.651,6.671,6.731,6.641,247969.000
002120,2026-02-26,6.671,6.741,6.781,6.621,413669.000
002120,2026-02-27,6.791,6.921,7.011,6.761,679936.000
002120,2026-03-02,6.801,6.771,6.821,6.721,427991.000
002120,2026-03-03,6.781,6.671,6.841,6.661,369025.000
002120,2026-03-04,6.601,6.501,6.641,6.491,460361.000
002120,2026-03-05,6.551,6.521,6.581,6.491,237851.000
002120,2026-03-06,6.501,6.641,6.641,6.481,287660.000
002120,2026-03-09,6.571,6.571,6.591,6.521,298354.000
002120,2026-03-10,6.601,6.721,6.741,6.601,326476.000
002120,2026-03-11,6.701,6.751,6.761,6.641,253899.000
002120,2026-03-12,6.721,6.751,6.761,6.701,208974.000
002120,2026-03-13,6.741,6.801,6.901,6.721,394355.000
002120,2026-03-16,6.781,6.771,6.821,6.731,222888.000
002120,2026-03-17,6.781,6.701,6.821,6.691,207553.000
002120,2026-03-18,6.701,6.671,6.731,6.621,192818.000
002120,2026-03-19,6.621,6.591,6.681,6.571,210978.000
002120,2026-03-20,6.581,6.521,6.651,6.521,230072.000
002120,2026-03-23,6.451,6.151,6.451,6.121,479631.000
002120,2026-03-24,6.231,6.241,6.251,6.151,188973.000
002120,2026-03-25,6.261,6.441,6.521,6.241,290770.000
002120,2026-03-26,6.441,6.491,6.541,6.411,235811.000
002120,2026-03-27,6.441,6.581,6.631,6.431,243394.000
002120,2026-03-30,6.521,6.571,6.601,6.491,170189.000
002120,2026-03-31,6.561,6.561,6.661,6.541,180235.000
002120,2026-04-01,6.631,6.591,6.651,6.551,138491.000
002120,2026-04-02,6.571,6.551,6.581,6.511,159087.000
002120,2026-04-03,6.521,6.451,6.561,6.441,116768.000
002120,2026-04-07,6.471,6.441,6.471,6.381,105237.000
002120,2026-04-08,6.511,6.571,6.581,6.511,186101.000
002120,2026-04-09,6.571,6.461,6.581,6.461,158347.000
002120,2026-04-10,6.501,6.521,6.601,6.481,191001.000
002120,2026-04-13,6.501,6.421,6.511,6.401,169895.000
002120,2026-04-14,6.441,6.381,6.451,6.321,199302.000
002120,2026-04-15,6.811,6.701,6.881,6.581,693078.000
002120,2026-04-16,6.701,6.761,6.861,6.651,470997.000
002120,2026-04-17,6.711,6.621,6.741,6.591,321996.000
002120,2026-04-20,6.661,7.081,7.091,6.661,1089372.000
002120,2026-04-21,7.051,7.011,7.161,7.001,501321.000
002120,2026-04-22,7.001,7.141,7.161,6.961,458375.000
002120,2026-04-23,7.281,7.221,7.421,7.141,607442.000
002120,2026-04-24,7.201,7.191,7.291,7.151,391974.000
002120,2026-04-27,7.801,7.931,7.931,7.701,1261110.000
002120,2026-04-28,8.011,7.711,8.141,7.671,2059230.000
002120,2026-04-29,7.691,7.671,7.771,7.611,903117.000
002120,2026-04-30,7.661,7.661,7.701,7.581,620288.000
002120,2026-05-06,7.661,7.731,7.751,7.581,613428.000
002120,2026-05-07,7.731,7.771,7.931,7.731,518339.000
002120,2026-05-08,7.741,7.691,7.901,7.691,423534.000
002120,2026-05-11,7.681,7.711,7.791,7.611,447202.000
002120,2026-05-12,7.691,7.601,7.721,7.601,332049.000
002120,2026-05-13,7.581,7.501,7.621,7.461,416988.000
002120,2026-05-14,7.501,7.371,7.571,7.371,330758.000
002120,2026-05-15,7.371,7.301,7.431,7.231,376903.000
002120,2026-05-18,7.301,7.261,7.311,7.161,364944.000
002120,2026-05-19,7.281,7.271,7.361,7.201,288043.000
002120,2026-05-20,7.241,7.201,7.271,7.111,265201.000
002120,2026-05-21,7.231,7.021,7.281,7.011,330852.000
002120,2026-05-22,7.051,6.971,7.081,6.951,282290.000
002120,2026-05-25,6.971,6.871,6.981,6.831,329816.000
002120,2026-05-26,6.831,6.831,6.871,6.751,273878.000
002120,2026-05-27,6.811,6.721,6.891,6.701,286789.000
002120,2026-05-28,6.731,6.711,6.821,6.661,272785.000
002120,2026-05-29,6.711,6.701,6.821,6.691,336602.000
002120,2026-06-01,6.741,6.781,6.791,6.671,377520.000
002120,2026-06-02,6.761,6.671,6.821,6.661,349651.000
002120,2026-06-03,6.661,6.561,6.671,6.551,300516.000
002120,2026-06-04,6.541,6.471,6.581,6.421,255922.000
002120,2026-06-05,6.471,6.541,6.601,6.461,288101.000
002120,2026-06-08,6.461,6.361,6.511,6.291,321985.000
002120,2026-06-09,6.361,6.321,6.391,6.271,219662.000
002120,2026-06-10,6.301,6.371,6.401,6.281,272643.000
002120,2026-06-11,6.351,6.321,6.381,6.221,212188.000
002120,2026-06-12,6.351,6.441,6.481,6.281,337477.000
002120,2026-06-15,6.591,6.511,6.631,6.471,347735.000
002120,2026-06-16,6.511,6.311,6.511,6.301,356672.000
002120,2026-06-17,6.320,6.410,6.460,6.250,355229.000
002120,2026-06-18,6.380,6.290,6.390,6.230,261489.000
002120,2026-06-22,6.260,6.260,6.280,6.070,301443.000
002120,2026-06-23,6.240,6.310,6.470,6.220,341861.000
002120,2026-06-24,6.340,6.300,6.430,6.210,239420.000
002120,2026-06-25,6.300,6.360,6.470,6.270,285646.000
002120,2026-06-26,6.320,6.210,6.330,6.200,263263.000
002120,2026-06-29,6.180,6.280,6.310,6.050,303566.000
002120,2026-06-30,6.240,6.360,6.370,6.180,336953.000
002120,2026-07-01,6.990,6.880,7.000,6.590,1027175.000
002120,2026-07-02,6.840,6.930,7.020,6.760,787928.000
002120,2026-07-03,6.900,6.810,7.090,6.750,529860.000
002120,2026-07-06,6.830,6.940,7.010,6.770,373553.000
002120,2026-07-07,6.910,6.880,7.000,6.830,297039.000
002120,2026-07-08,6.870,6.750,6.880,6.690,316820.000
002120,2026-07-09,6.710,6.660,6.750,6.580,280279.000
002120,2026-07-10,6.660,6.720,6.790,6.580,337035.000
002120,2026-07-13,6.680,6.730,6.760,6.640,313981.000
002120,2026-07-14,6.690,6.820,6.830,6.670,321190.000
002120,2026-07-15,6.790,6.810,6.820,6.470,640957.000
002120,2026-07-16,6.700,6.790,6.850,6.690,383213.000
002120,2026-07-17,6.750,6.550,6.830,6.510,422530.000
002120,2026-07-20,6.580,6.630,6.720,6.550,435111.000
002120,2026-07-21,6.620,6.680,6.800,6.620,421392.000
002120,2026-07-22,6.650,6.680,6.710,6.580,357397.000
002120,2026-07-23,6.680,6.710,6.710,6.600,254833.000
002120,2026-07-24,6.660,6.580,6.680,6.570,232473.000
002120,2026-07-27,6.550,6.720,6.720,6.540,326206.000
002120,2026-07-28,6.700,6.760,6.780,6.640,336303.000
002120,2026-07-29,6.750,6.830,6.870,6.710,372887.000
002120,2026-07-30,6.820,6.890,6.940,6.800,344140.000
002120,2026-07-31,6.850,6.920,6.940,6.810,326945.000
002120,2026-08-03,6.930,6.970,7.020,6.910,378128.000
002120,2026-08-04,7.000,6.850,7.020,6.840,325544.000
002120,2026-08-05,6.820,6.810,6.860,6.760,305179.000
002120,2026-08-06,6.800,6.710,6.820,6.670,360010.000
002120,2026-08-07,6.680,6.710,6.720,6.610,334568.000
002120,2026-08-10,6.700,6.800,6.800,6.680,302931.000
002120,2026-08-11,6.780,6.780,6.850,6.740,269006.000
002120,2026-08-12,6.760,6.780,6.820,6.740,171698.000
002120,2026-08-13,6.780,6.690,6.780,6.680,214721.000
002120,2026-08-14,6.710,6.700,6.760,6.640,241006.000
002120,2026-08-17,6.710,6.740,6.740,6.650,193675.000
002120,2026-08-18,6.720,6.720,6.790,6.710,216961.000
002120,2026-08-19,6.700,6.630,6.750,6.590,253587.000
002120,2026-08-20,6.750,6.670,6.800,6.640,308873.000
002120,2026-08-21,6.640,6.600,6.700,6.590,251842.000
002120,2026-08-24,6.610,6.620,6.670,6.570,240187.000
002120,2026-08-25,6.600,6.610,6.630,6.570,246772.000
002120,2026-08-26,6.640,6.680,6.720,6.620,355274.000
002120,2026-08-27,6.690,6.690,6.730,6.620,315751.000
002120,2026-08-28,6.690,6.750,6.760,6.650,319314.000
002120,2026-08-31,6.750,6.780,6.800,6.700,326295.000
002120,2026-09-01,6.780,6.910,6.990,6.760,509117.000
002120,2026-09-02,6.880,6.820,6.910,6.800,309121.000
002120,2026-09-03,6.830,6.810,6.880,6.750,284401.000
002120,2026-09-04,6.810,6.870,6.940,6.800,317873.000
002772,2026-01-09,15.657,16.037,16.337,15.407,173100.000
002772,2026-01-12,15.637,14.387,15.877,14.387,337661.000
002772,2026-01-13,14.437,15.177,15.537,14.237,279472.000
002772,2026-01-14,15.067,14.797,15.377,14.537,163881.000
002772,2026-01-15,14.797,14.567,15.067,14.467,85598.000
002772,2026-01-16,14.767,14.387,15.007,14.287,105514.000
002772,2026-01-19,14.407,14.757,14.757,14.287,97246.000
002772,2026-01-20,14.707,14.997,15.007,14.447,99358.000
002772,2026-01-21,14.977,14.727,15.137,14.497,93995.000
002772,2026-01-22,14.757,15.527,15.757,14.637,167037.000
002772,2026-01-23,15.517,15.207,15.517,14.857,149824.000
002772,2026-01-26,15.167,15.287,15.487,15.037,103397.000
002772,2026-01-27,15.057,15.727,16.657,13.857,337638.000
002772,2026-01-28,15.717,16.147,16.367,14.827,277177.000
002772,2026-01-29,16.047,15.297,16.217,15.247,165541.000
002772,2026-01-30,15.517,15.967,16.327,15.337,238714.000
002772,2026-02-02,15.767,16.657,17.147,15.357,328990.000
002772,2026-02-03,16.660,16.680,16.820,16.180,212836.000
002772,2026-02-04,16.680,16.680,17.290,16.520,163447.000
002772,2026-02-05,16.550,16.420,16.990,16.100,119198.000
002772,2026-02-06,16.310,18.090,18.090,16.220,235935.000
002772,2026-02-09,17.900,17.700,18.230,17.460,272713.000
002772,2026-02-10,17.740,17.300,18.000,17.020,202059.000
002772,2026-02-11,17.500,16.980,17.780,16.780,165419.000
002772,2026-02-12,16.980,16.410,17.060,16.280,167162.000
002772,2026-02-13,16.410,16.060,16.680,16.060,105909.000
002772,2026-02-24,16.160,17.260,17.630,16.150,195128.000
002772,2026-02-25,17.210,17.570,18.080,17.150,138052.000
002772,2026-02-26,17.400,17.480,17.740,16.960,136142.000
002772,2026-02-27,17.340,18.070,18.290,17.140,131829.000
002772,2026-03-02,17.580,17.810,18.380,17.580,123446.000
002772,2026-03-03,17.980,17.840,18.600,17.750,184027.000
002772,2026-03-04,17.590,17.820,18.170,17.500,120239.000
002772,2026-03-05,18.100,17.620,18.240,17.380,112740.000
002772,2026-03-06,17.620,17.930,18.280,17.470,116721.000
002772,2026-03-09,17.930,17.320,17.930,16.370,197770.000
002772,2026-03-10,17.360,17.740,17.960,17.200,123258.000
002772,2026-03-11,17.730,18.230,18.250,17.680,109416.000
002772,2026-03-12,18.180,19.270,19.430,17.910,162502.000
002772,2026-03-13,19.260,18.120,19.360,18.060,146852.000
002772,2026-03-16,18.120,18.020,18.420,17.750,127806.000
002772,2026-03-17,18.050,17.650,18.500,17.590,92068.000
002772,2026-03-18,17.600,18.050,18.190,17.310,101225.000
002772,2026-03-19,18.020,17.980,18.480,17.750,111628.000
002772,2026-03-20,18.170,18.950,19.200,18.160,208303.000
002772,2026-03-23,18.030,17.030,18.150,17.030,259054.000
002772,2026-03-24,17.380,16.400,17.420,15.700,228542.000
002772,2026-03-25,16.400,16.270,16.970,16.150,171918.000
002772,2026-03-26,16.300,15.510,16.440,15.380,160492.000
002772,2026-03-27,15.360,15.420,15.630,15.240,110300.000
002772,2026-03-30,15.440,16.040,16.120,15.180,142352.000
002772,2026-03-31,16.140,15.640,16.720,15.530,98564.000
002772,2026-04-01,15.900,16.200,16.220,15.580,101979.000
002772,2026-04-02,16.020,16.450,16.760,16.020,96139.000
002772,2026-04-03,16.450,16.340,16.990,16.170,107278.000
002772,2026-04-07,16.340,16.200,16.560,16.100,85186.000
002772,2026-04-08,16.380,17.040,17.190,16.370,118492.000
002772,2026-04-09,16.950,17.240,17.500,16.790,99496.000
002772,2026-04-10,17.410,17.060,17.430,16.700,110797.000
002772,2026-04-13,17.050,16.320,17.300,16.240,116803.000
002772,2026-04-14,16.320,16.580,16.650,15.500,153561.000
002772,2026-04-15,16.550,17.630,17.680,16.210,173963.000
002772,2026-04-16,17.550,17.880,18.120,17.440,126159.000
002772,2026-04-17,17.860,18.190,18.600,17.430,116303.000
002772,2026-04-20,18.700,18.700,19.020,18.430,154986.000
002772,2026-04-21,19.000,18.490,19.000,18.150,90165.000
002772,2026-04-22,18.320,17.760,18.320,17.000,254069.000
002772,2026-04-23,17.580,18.170,18.900,17.500,192549.000
002772,2026-04-24,17.920,17.450,18.490,17.420,129685.000
002772,2026-04-27,17.510,17.190,17.540,16.700,122407.000
002772,2026-04-28,17.010,17.080,17.120,16.650,94242.000
002772,2026-04-29,17.020,17.030,17.670,16.900,105012.000
002772,2026-04-30,16.880,16.940,17.150,16.650,81325.000
002772,2026-05-06,16.970,16.260,16.970,16.190,177033.000
002772,2026-05-07,16.260,16.110,16.430,15.880,126086.000
002772,2026-05-08,16.080,16.740,16.800,16.080,128685.000
002772,2026-05-11,16.650,16.120,16.680,16.040,128428.000
002772,2026-05-12,16.120,15.710,16.280,15.680,95894.000
002772,2026-05-13,15.630,15.800,16.010,15.600,89963.000
002772,2026-05-14,15.700,15.360,15.790,15.300,78762.000
002772,2026-05-15,15.350,15.330,15.520,15.160,62267.000
002772,2026-05-18,15.360,15.060,15.380,14.820,80067.000
002772,2026-05-19,15.220,15.160,15.250,14.960,51424.000
002772,2026-05-20,15.050,14.950,15.100,14.660,70977.000
002772,2026-05-21,14.950,14.640,15.210,14.600,77664.000
002772,2026-05-22,14.870,14.630,14.870,14.510,57339.000
002772,2026-05-25,14.700,14.380,14.860,14.340,74915.000
002772,2026-05-26,14.350,14.070,14.380,13.660,100799.000
002772,2026-05-27,14.060,13.830,14.090,13.690,56785.000
002772,2026-05-28,13.820,13.750,13.980,13.590,59806.000
002772,2026-05-29,13.750,13.440,13.930,13.390,86616.000
002772,2026-06-01,13.420,13.660,13.730,13.350,109509.000
002772,2026-06-02,13.680,13.110,13.760,13.040,103324.000
002772,2026-06-03,13.130,12.900,13.170,12.760,104802.000
002772,2026-06-04,12.860,12.610,12.920,12.400,65214.000
002772,2026-06-05,12.680,12.600,12.860,12.410,81862.000
002772,2026-06-08,12.380,12.160,12.700,11.960,95437.000
002772,2026-06-09,12.290,12.990,13.090,12.190,167976.000
002772,2026-06-10,12.900,13.190,13.560,12.800,139918.000
002772,2026-06-11,13.040,12.740,13.220,12.540,92436.000
002772,2026-06-12,12.820,12.970,12.980,12.460,83603.000
002772,2026-06-15,13.080,13.150,13.230,12.920,80620.000
002772,2026-06-16,13.000,12.960,13.100,12.850,64948.000
002772,2026-06-17,12.880,12.690,12.910,12.590,64106.000
002772,2026-06-18,12.590,12.610,12.840,12.460,66337.000
002772,2026-06-22,12.480,12.440,12.560,11.980,95620.000
002772,2026-06-23,12.390,12.480,12.680,12.320,67437.000
002772,2026-06-24,12.400,12.270,12.460,12.180,53439.000
002772,2026-06-25,12.370,11.970,12.370,11.870,60229.000
002772,2026-06-26,11.980,11.600,12.050,11.530,75572.000
002772,2026-06-29,11.450,11.840,11.970,11.100,107500.000
002772,2026-06-30,11.690,11.360,11.740,11.280,71514.000
002772,2026-07-01,11.400,11.980,12.170,11.310,117403.000
002772,2026-07-02,11.910,12.800,13.070,11.910,195479.000
002772,2026-07-03,12.610,13.880,14.060,12.470,333266.000
002772,2026-07-06,13.580,13.110,13.800,12.730,260159.000
002772,2026-07-07,13.100,12.640,13.440,12.590,135496.000
002772,2026-07-08,12.600,12.990,13.310,12.280,179198.000
002772,2026-07-09,12.800,12.600,12.850,12.170,149718.000
002772,2026-07-10,12.450,12.720,13.050,12.200,115953.000
002772,2026-07-13,12.800,13.130,13.180,12.620,143026.000
002772,2026-07-14,12.860,13.090,13.190,12.560,142510.000
002772,2026-07-15,11.890,11.780,12.300,11.780,183106.000
002772,2026-07-16,11.200,10.600,11.250,10.600,277270.000
002772,2026-07-17,10.420,10.190,10.740,10.050,204977.000
002772,2026-07-20,10.190,9.720,10.300,9.500,225309.000
002772,2026-07-21,9.720,9.570,9.750,9.200,210577.000
002772,2026-07-22,9.460,9.340,9.640,9.280,186307.000
002772,2026-07-23,9.320,9.670,9.690,9.270,171536.000
002772,2026-07-24,9.540,9.300,9.630,9.290,123027.000
002772,2026-07-27,9.320,9.680,9.740,9.260,137319.000
002772,2026-07-28,9.570,9.820,9.890,9.570,109484.000
002772,2026-07-29,9.870,10.170,10.250,9.850,166134.000
002772,2026-07-30,10.130,9.920,10.390,9.900,177967.000
002772,2026-07-31,9.930,10.240,10.270,9.930,113355.000
002772,2026-08-03,10.240,10.410,10.480,10.170,111899.000
002772,2026-08-04,10.430,10.420,10.470,10.340,86014.000
002772,2026-08-05,10.370,10.500,10.540,10.370,94768.000
002772,2026-08-06,10.480,10.650,10.680,10.410,95678.000
002772,2026-08-07,10.640,10.700,10.740,10.510,87306.000
002772,2026-08-10,10.740,10.930,10.960,10.670,88029.000
002772,2026-08-11,10.930,10.640,10.980,10.620,93024.000
002772,2026-08-12,10.600,10.710,10.770,10.580,76395.000
002772,2026-08-13,10.720,10.570,10.740,10.560,86587.000
002772,2026-08-14,10.560,10.480,10.590,10.330,80250.000
002772,2026-08-17,10.650,10.770,10.840,10.510,142452.000
002772,2026-08-18,10.810,11.570,11.660,10.750,318551.000
002772,2026-08-19,11.270,10.660,11.270,10.620,282330.000
002772,2026-08-20,10.940,10.740,11.000,10.620,183158.000
002772,2026-08-21,10.650,10.430,10.650,10.340,127291.000
002772,2026-08-24,10.410,10.280,10.470,10.100,119402.000
002772,2026-08-25,10.200,10.740,10.840,10.160,154992.000
002772,2026-08-26,10.580,10.760,10.950,10.570,107122.000
002772,2026-08-27,10.730,11.130,11.210,10.730,164909.000
002772,2026-08-28,11.140,11.870,12.060,11.080,303471.000
002772,2026-08-31,11.760,11.800,12.490,11.480,372676.000
002772,2026-09-01,11.650,12.010,12.440,11.590,338629.000
002772,2026-09-02,11.690,11.240,11.720,11.210,275295.000
002772,2026-09-03,11.340,11.430,11.520,11.110,181562.000
002772,2026-09-04,11.320,11.600,11.820,11.220,198663.000
002111,2026-01-09,10.460,10.510,10.600,10.360,140669.000
002111,2026-01-12,10.620,10.720,10.750,10.440,149177.000
002111,2026-01-13,10.680,10.380,10.700,10.360,150252.000
002111,2026-01-14,10.380,10.290,10.520,10.150,124029.000
002111,2026-01-15,10.240,10.290,10.340,10.190,68370.000
002111,2026-01-16,10.330,10.280,10.360,10.170,63759.000
002111,2026-01-19,10.240,10.540,10.550,10.190,94129.000
002111,2026-01-20,10.540,10.570,10.640,10.470,98711.000
002111,2026-01-21,10.510,10.530,10.580,10.450,62371.000
002111,2026-01-22,10.530,10.800,10.890,10.480,131137.000
002111,2026-01-23,10.810,10.830,10.850,10.670,91532.000
002111,2026-01-26,10.820,10.640,10.820,10.580,96154.000
002111,2026-01-27,10.640,10.640,10.700,10.350,88769.000
002111,2026-01-28,10.580,10.470,10.640,10.430,51559.000
002111,2026-01-29,10.460,10.260,10.530,10.160,142567.000
002111,2026-01-30,10.220,10.260,10.340,10.090,94397.000
002111,2026-02-02,10.240,10.110,10.340,10.090,76657.000
002111,2026-02-03,10.250,10.480,10.560,10.170,98637.000
002111,2026-02-04,10.420,10.860,11.060,10.390,174817.000
002111,2026-02-05,10.860,10.860,10.990,10.740,86285.000
002111,2026-02-06,10.830,10.740,10.890,10.730,77297.000
002111,2026-02-09,10.840,10.810,10.980,10.660,88331.000
002111,2026-02-10,10.870,10.940,11.040,10.810,101446.000
002111,2026-02-11,10.960,10.930,11.070,10.900,85670.000
002111,2026-02-12,10.880,10.920,11.030,10.820,59301.000
002111,2026-02-13,10.890,10.990,11.120,10.870,87631.000
002111,2026-02-24,11.070,11.190,11.200,10.990,100736.000
002111,2026-02-25,11.150,10.960,11.210,10.920,119102.000
002111,2026-02-26,10.960,11.070,11.090,10.910,81432.000
002111,2026-02-27,10.990,10.980,11.090,10.880,64035.000
002111,2026-03-02,10.930,10.740,10.980,10.730,112366.000
002111,2026-03-03,10.840,10.290,10.840,10.290,129735.000
002111,2026-03-04,10.180,10.290,10.340,10.070,103484.000
002111,2026-03-05,10.420,10.350,10.470,10.280,78790.000
002111,2026-03-06,10.340,10.650,10.790,10.280,103261.000
002111,2026-03-09,10.570,10.450,10.590,10.290,105015.000
002111,2026-03-10,10.500,10.690,10.780,10.460,79042.000
002111,2026-03-11,10.750,10.620,10.790,10.570,63361.000
002111,2026-03-12,10.650,10.350,10.650,10.320,78825.000
002111,2026-03-13,10.360,10.280,10.440,10.260,75608.000
002111,2026-03-16,10.280,10.410,10.420,10.210,71199.000
002111,2026-03-17,10.410,10.310,10.680,10.310,80154.000
002111,2026-03-18,10.320,10.400,10.440,10.230,61870.000
002111,2026-03-19,10.300,9.980,10.330,9.960,70393.000
002111,2026-03-20,10.100,9.670,10.110,9.650,66188.000
002111,2026-03-23,9.580,8.940,9.610,8.800,127034.000
002111,2026-03-24,9.060,9.070,9.100,8.840,101805.000
002111,2026-03-25,9.100,9.300,9.330,9.020,83493.000
002111,2026-03-26,9.310,9.130,9.370,9.090,76686.000
002111,2026-03-27,9.060,9.240,9.260,9.010,50872.000
002111,2026-03-30,9.080,9.430,9.460,9.050,80027.000
002111,2026-03-31,9.450,9.530,9.740,9.430,75943.000
002111,2026-04-01,9.650,9.800,9.860,9.580,98473.000
002111,2026-04-02,9.770,9.460,9.800,9.400,81190.000
002111,2026-04-03,9.510,9.160,9.540,9.160,59335.000
002111,2026-04-07,9.160,9.260,9.330,9.080,41412.000
002111,2026-04-08,9.490,9.620,9.630,9.430,56278.000
002111,2026-04-09,9.560,9.510,9.600,9.380,51926.000
002111,2026-04-10,9.600,9.700,9.930,9.560,80376.000
002111,2026-04-13,9.670,9.790,9.900,9.640,63180.000
002111,2026-04-14,9.790,9.920,9.950,9.690,66515.000
002111,2026-04-15,9.930,9.880,10.010,9.860,61039.000
002111,2026-04-16,9.860,9.810,9.900,9.770,48331.000
002111,2026-04-17,9.820,9.730,9.820,9.690,50293.000
002111,2026-04-20,9.760,9.790,9.820,9.660,50487.000
002111,2026-04-21,9.760,9.740,9.860,9.680,48769.000
002111,2026-04-22,9.700,9.810,9.820,9.660,39157.000
002111,2026-04-23,9.800,9.650,9.840,9.640,52735.000
002111,2026-04-24,9.620,9.640,9.700,9.500,41587.000
002111,2026-04-27,9.680,9.660,9.700,9.500,54200.000
002111,2026-04-28,9.570,9.340,9.590,9.150,100892.000
002111,2026-04-29,10.230,10.300,10.300,10.190,194449.000
002111,2026-04-30,10.460,10.780,11.010,10.440,533063.000
002111,2026-05-06,11.010,11.200,11.270,10.880,390472.000
002111,2026-05-07,11.110,11.070,11.340,10.940,207697.000
002111,2026-05-08,11.050,11.400,11.430,10.960,211883.000
002111,2026-05-11,11.390,11.290,11.410,11.090,156496.000
002111,2026-05-12,11.290,11.160,11.290,11.050,118724.000
002111,2026-05-13,11.060,11.390,11.450,10.990,125593.000
002111,2026-05-14,11.360,11.140,11.420,11.140,87866.000
002111,2026-05-15,11.180,11.150,11.270,11.050,96060.000
002111,2026-05-18,11.060,11.010,11.150,10.850,103713.000
002111,2026-05-19,11.000,11.150,11.160,10.910,92740.000
002111,2026-05-20,11.150,10.930,11.160,10.810,92308.000
002111,2026-05-21,10.980,10.630,11.060,10.560,100685.000
002111,2026-05-22,10.680,10.810,10.820,10.610,82610.000
002111,2026-05-25,10.810,10.750,10.920,10.590,88178.000
002111,2026-05-26,10.670,10.520,10.740,10.370,87080.000
002111,2026-05-27,10.600,10.260,10.600,10.170,93348.000
002111,2026-05-28,10.220,10.360,10.440,10.120,67269.000
002111,2026-05-29,10.360,9.940,10.510,9.890,84051.000
002111,2026-06-01,9.900,10.100,10.210,9.850,104011.000
002111,2026-06-02,10.120,9.910,10.190,9.840,79525.000
002111,2026-06-03,9.890,9.840,10.010,9.740,63569.000
002111,2026-06-04,9.740,9.670,9.850,9.610,51546.000
002111,2026-06-05,9.710,9.780,9.890,9.590,66783.000
002111,2026-06-08,9.540,9.350,9.750,9.210,97043.000
002111,2026-06-09,9.420,9.350,9.480,9.230,63003.000
002111,2026-06-10,9.260,9.310,9.370,9.140,62555.000
002111,2026-06-11,9.160,9.060,9.270,8.970,65628.000
002111,2026-06-12,9.170,9.350,9.500,9.060,119460.000
002111,2026-06-15,9.340,9.420,9.560,9.280,93312.000
002111,2026-06-16,9.410,9.420,9.460,9.200,89830.000
002111,2026-06-17,9.360,9.360,9.430,9.260,73681.000
002111,2026-06-18,9.270,9.300,9.500,9.190,77551.000
002111,2026-06-22,9.210,9.180,9.280,8.860,109910.000
002111,2026-06-23,9.100,9.160,9.330,9.080,82846.000
002111,2026-06-24,9.160,8.940,9.210,8.860,80751.000
002111,2026-06-25,8.880,8.800,9.000,8.750,87109.000
002111,2026-06-26,8.810,8.660,8.840,8.580,85125.000
002111,2026-06-29,8.620,8.570,8.680,8.270,109144.000
002111,2026-06-30,8.520,8.760,8.790,8.510,84463.000
002111,2026-07-01,8.780,8.910,9.080,8.720,95954.000
002111,2026-07-02,8.900,8.810,9.090,8.780,83815.000
002111,2026-07-03,8.940,9.150,9.240,8.830,90642.000
002111,2026-07-06,9.170,9.060,9.270,9.040,80767.000
002111,2026-07-07,9.010,8.900,9.110,8.830,63902.000
002111,2026-07-08,8.910,8.740,8.920,8.660,68906.000
002111,2026-07-09,8.740,8.740,8.860,8.560,80840.000
002111,2026-07-10,8.710,9.020,9.220,8.650,89487.000
002111,2026-07-13,8.930,8.650,9.010,8.560,106260.000
002111,2026-07-14,8.650,8.970,9.010,8.570,89093.000
002111,2026-07-15,9.350,9.210,9.360,9.040,125347.000
002111,2026-07-16,9.210,9.290,9.420,9.110,89214.000
002111,2026-07-17,9.280,9.010,9.450,8.940,103725.000
002111,2026-07-20,9.100,9.170,9.200,8.960,117929.000
002111,2026-07-21,9.170,9.220,9.250,8.950,114342.000
002111,2026-07-22,9.200,9.160,9.200,9.030,94481.000
002111,2026-07-23,9.150,9.270,9.270,9.050,79681.000
002111,2026-07-24,9.270,9.160,9.320,9.100,68466.000
002111,2026-07-27,9.080,9.330,9.380,8.990,84675.000
002111,2026-07-28,9.270,9.340,9.370,9.220,65972.000
002111,2026-07-29,9.280,9.500,9.530,9.280,76296.000
002111,2026-07-30,9.430,9.480,9.590,9.330,83591.000
002111,2026-07-31,9.520,9.550,9.610,9.460,79060.000
002111,2026-08-03,9.560,9.700,9.720,9.530,89787.000
002111,2026-08-04,9.720,9.600,9.770,9.560,87172.000
002111,2026-08-05,9.590,9.610,9.750,9.550,64280.000
002111,2026-08-06,9.570,9.550,9.670,9.440,63804.000
002111,2026-08-07,9.530,9.590,9.600,9.410,65795.000
002111,2026-08-10,9.560,9.670,9.670,9.470,78545.000
002111,2026-08-11,9.640,9.570,9.680,9.500,61732.000
002111,2026-08-12,9.530,9.590,9.590,9.500,46158.000
002111,2026-08-13,9.600,9.440,9.600,9.430,69010.000
002111,2026-08-14,9.440,9.620,9.670,9.390,91063.000
002111,2026-08-17,9.600,9.700,9.710,9.490,75116.000
002111,2026-08-18,9.700,9.600,9.710,9.530,67533.000
002111,2026-08-19,9.560,9.320,9.570,9.260,88721.000
002111,2026-08-20,9.370,9.420,9.460,9.320,42503.000
002111,2026-08-21,9.380,9.500,9.530,9.310,65680.000
002111,2026-08-24,9.470,9.440,9.570,9.310,63359.000
002111,2026-08-25,9.350,9.540,9.550,9.350,64232.000
002111,2026-08-26,9.550,9.580,9.640,9.500,88983.000
002111,2026-08-27,9.530,9.410,9.540,9.110,126123.000
002111,2026-08-28,9.530,9.750,9.940,9.510,156314.000
002111,2026-08-31,9.720,9.850,9.900,9.670,161652.000
002111,2026-09-01,9.810,9.820,9.910,9.720,117127.000
002111,2026-09-02,9.760,9.750,9.860,9.700,91709.000
002111,2026-09-03,9.760,9.810,9.930,9.760,117868.000
002111,2026-09-04,9.920,10.040,10.120,9.850,126511.000
600872,2026-01-09,17.560,17.570,17.680,17.460,77583.000
600872,2026-01-12,17.560,17.640,17.680,17.500,101384.000
600872,2026-01-13,17.630,17.480,17.630,17.470,84575.000
600872,2026-01-14,17.490,17.400,17.720,17.340,118598.000
600872,2026-01-15,17.460,17.700,17.780,17.390,123946.000
600872,2026-01-16,17.760,17.620,17.780,17.500,77784.000
600872,2026-01-19,17.540,17.680,17.820,17.530,80004.000
600872,2026-01-20,17.710,17.660,17.740,17.590,66815.000
600872,2026-01-21,17.630,17.360,17.630,17.290,102048.000
600872,2026-01-22,17.380,17.540,17.650,17.380,105724.000
600872,2026-01-23,17.470,17.530,17.640,17.460,72289.000
600872,2026-01-26,17.480,17.400,17.550,17.310,122706.000
600872,2026-01-27,17.400,17.130,17.460,17.000,99486.000
600872,2026-01-28,17.260,17.250,17.430,17.140,97676.000
600872,2026-01-29,17.240,17.720,17.720,17.140,152086.000
600872,2026-01-30,17.720,17.410,17.720,17.310,115356.000
600872,2026-02-02,17.390,17.310,17.700,17.270,89606.000
600872,2026-02-03,17.310,17.450,17.550,17.290,64847.000
600872,2026-02-04,17.510,17.870,18.050,17.470,164777.000
600872,2026-02-05,17.870,18.400,18.720,17.830,264829.000
600872,2026-02-06,18.310,18.000,18.380,18.000,134139.000
600872,2026-02-09,18.020,18.290,18.300,17.920,100123.000
600872,2026-02-10,18.310,18.050,18.310,18.010,67936.000
600872,2026-02-11,18.030,18.150,18.200,17.970,62334.000
600872,2026-02-12,18.430,18.260,18.550,18.050,126958.000
600872,2026-02-13,18.290,18.290,18.820,18.250,138750.000
600872,2026-02-24,18.430,18.460,18.660,18.260,110284.000
600872,2026-02-25,18.440,18.530,18.770,18.360,96039.000
600872,2026-02-26,18.560,18.440,18.750,18.330,86234.000
600872,2026-02-27,18.390,18.290,18.510,18.270,71623.000
600872,2026-03-02,18.120,18.180,18.420,18.040,81560.000
600872,2026-03-03,18.230,18.100,18.380,18.010,103493.000
600872,2026-03-04,18.020,17.860,18.150,17.750,94976.000
600872,2026-03-05,17.940,17.620,17.990,17.510,96255.000
600872,2026-03-06,17.590,18.410,18.480,17.550,122692.000
600872,2026-03-09,18.340,18.150,18.710,18.100,195012.000
600872,2026-03-10,18.210,18.050,18.350,17.950,95010.000
600872,2026-03-11,18.080,17.960,18.100,17.900,60472.000
600872,2026-03-12,17.920,17.790,17.950,17.650,68408.000
600872,2026-03-13,17.840,18.100,18.410,17.710,117138.000
600872,2026-03-16,18.100,18.610,18.710,18.070,188635.000
600872,2026-03-17,18.560,18.700,19.020,18.560,231533.000
600872,2026-03-18,18.690,18.580,18.760,18.450,127687.000
600872,2026-03-19,18.530,18.240,18.560,18.130,97960.000
600872,2026-03-20,18.250,18.090,18.440,18.060,83820.000
600872,2026-03-23,17.840,17.300,17.930,17.210,163723.000
600872,2026-03-24,17.510,17.540,17.640,17.250,71412.000
600872,2026-03-25,17.560,17.850,17.890,17.470,65172.000
600872,2026-03-26,17.830,17.730,18.110,17.670,51761.000
600872,2026-03-27,17.550,18.420,18.600,17.500,155408.000
600872,2026-03-30,18.260,18.700,18.850,18.210,134394.000
600872,2026-03-31,18.670,18.620,18.930,18.610,92110.000
600872,2026-04-01,18.720,19.040,19.110,18.650,151017.000
600872,2026-04-02,18.960,18.920,19.160,18.860,113964.000
600872,2026-04-03,18.950,18.610,18.990,18.550,85388.000
600872,2026-04-07,18.600,18.660,18.870,18.560,60461.000
600872,2026-04-08,18.850,18.940,19.060,18.730,115868.000
600872,2026-04-09,18.920,18.870,19.180,18.790,77343.000
600872,2026-04-10,19.060,19.150,19.360,18.890,124200.000
600872,2026-04-13,19.090,19.220,19.340,19.020,77883.000
600872,2026-04-14,19.210,18.950,19.270,18.710,148908.000
600872,2026-04-15,19.030,19.130,19.200,18.850,86457.000
600872,2026-04-16,19.130,19.380,19.410,19.130,95277.000
600872,2026-04-17,19.510,19.080,19.510,18.980,94845.000
600872,2026-04-20,20.400,21.030,21.030,19.970,726640.000
600872,2026-04-21,21.160,21.290,21.770,21.040,735083.000
600872,2026-04-22,21.240,20.710,21.440,20.600,383091.000
600872,2026-04-23,20.700,20.760,21.040,20.550,263429.000
600872,2026-04-24,20.560,20.340,20.760,20.190,245295.000
600872,2026-04-27,20.320,20.490,20.680,20.060,236853.000
600872,2026-04-28,20.480,20.380,20.680,20.240,206444.000
600872,2026-04-29,20.380,20.900,21.220,20.310,279342.000
600872,2026-04-30,20.710,20.340,21.050,20.310,255272.000
600872,2026-05-06,20.360,20.510,20.690,19.980,205128.000
600872,2026-05-07,20.460,20.310,20.790,20.240,143789.000
600872,2026-05-08,20.290,20.240,20.730,20.110,184170.000
600872,2026-05-11,20.230,20.290,20.440,20.030,161122.000
600872,2026-05-12,20.230,20.390,20.430,19.780,233844.000
600872,2026-05-13,20.310,20.540,20.710,20.150,197810.000
600872,2026-05-14,20.710,20.260,20.760,20.220,180226.000
600872,2026-05-15,20.170,19.990,20.230,19.780,155498.000
600872,2026-05-18,19.860,19.620,19.970,19.540,110503.000
600872,2026-05-19,19.550,19.560,19.810,19.430,81696.000
600872,2026-05-20,19.670,19.780,20.060,19.540,130748.000
600872,2026-05-21,19.780,19.380,19.970,19.310,117593.000
600872,2026-05-22,19.460,19.150,19.490,18.930,111586.000
600872,2026-05-25,19.060,18.710,19.350,18.530,235594.000
600872,2026-05-26,18.780,18.560,18.830,18.460,136047.000
600872,2026-05-27,18.560,18.920,19.280,18.310,192335.000
600872,2026-05-28,19.030,18.760,19.210,18.610,122636.000
600872,2026-05-29,18.690,19.190,19.460,18.660,168653.000
600872,2026-06-01,19.200,19.170,19.250,18.860,113371.000
600872,2026-06-02,19.070,18.530,19.240,18.510,107886.000
600872,2026-06-03,18.530,18.320,18.560,18.100,131645.000
600872,2026-06-04,18.370,17.900,18.490,17.830,113498.000
600872,2026-06-05,17.960,17.530,18.160,17.360,182309.000
600872,2026-06-08,17.350,17.060,17.640,16.740,183382.000
600872,2026-06-09,17.080,17.240,17.300,16.920,105792.000
600872,2026-06-10,17.180,17.440,17.560,17.120,95736.000
600872,2026-06-11,17.500,17.080,17.500,16.960,87156.000
600872,2026-06-12,17.120,17.380,17.480,17.090,95969.000
600872,2026-06-15,17.510,17.420,17.550,17.310,126538.000
600872,2026-06-16,17.340,17.270,17.380,16.970,131109.000
600872,2026-06-17,17.250,16.990,17.250,16.830,86938.000
600872,2026-06-18,16.990,17.010,17.170,16.670,89291.000
600872,2026-06-22,16.960,16.990,17.120,16.610,130001.000
600872,2026-06-23,16.990,16.880,17.380,16.800,164001.000
600872,2026-06-24,16.930,17.200,17.750,16.710,180343.000
600872,2026-06-25,17.070,17.130,17.450,17.040,118867.000
600872,2026-06-26,17.060,16.600,17.200,16.590,115761.000
600872,2026-06-29,16.570,16.900,17.300,16.130,186263.000
600872,2026-06-30,16.900,16.920,17.100,16.500,153416.000
600872,2026-07-01,17.220,17.220,17.660,17.090,356454.000
600872,2026-07-02,17.210,18.470,18.620,17.210,462455.000
600872,2026-07-03,18.470,18.360,18.700,18.170,252497.000
600872,2026-07-06,18.390,18.520,18.670,18.190,206902.000
600872,2026-07-07,18.460,18.430,18.590,18.180,149172.000
600872,2026-07-08,18.380,18.080,18.500,17.970,126376.000
600872,2026-07-09,18.060,17.550,18.150,17.440,178189.000
600872,2026-07-10,17.390,17.800,17.910,17.220,166495.000
600872,2026-07-13,17.700,18.070,18.330,17.490,205020.000
600872,2026-07-14,18.070,17.990,18.260,17.880,156755.000
600872,2026-07-15,17.860,18.740,18.880,17.800,239469.000
600872,2026-07-16,18.680,18.730,18.880,18.380,172078.000
600872,2026-07-17,18.770,18.400,19.170,18.310,212693.000
600872,2026-07-20,18.400,18.740,18.990,18.350,216023.000
600872,2026-07-21,18.820,19.050,19.180,18.710,264612.000
600872,2026-07-22,18.900,18.840,19.010,18.410,195335.000
600872,2026-07-23,18.700,18.720,18.830,18.360,121498.000
600872,2026-07-24,18.600,18.370,18.850,18.340,93033.000
600872,2026-07-27,18.200,18.600,18.670,18.200,107542.000
600872,2026-07-28,18.510,19.110,19.170,18.470,169981.000
600872,2026-07-29,19.110,19.700,19.810,19.100,197575.000
600872,2026-07-30,19.640,19.880,20.350,19.530,255537.000
600872,2026-07-31,19.400,20.310,20.380,19.400,228284.000
600872,2026-08-03,20.350,20.190,20.630,20.100,141667.000
600872,2026-08-04,20.140,19.830,20.290,19.750,143643.000
600872,2026-08-05,19.870,19.720,19.930,19.570,119199.000
600872,2026-08-06,19.660,19.260,19.670,19.160,145896.000
600872,2026-08-07,19.330,19.250,19.540,18.880,190659.000
600872,2026-08-10,19.300,19.560,19.860,19.140,140945.000
600872,2026-08-11,19.560,19.350,19.780,19.320,98158.000
600872,2026-08-12,19.450,19.250,19.570,19.030,131844.000
600872,2026-08-13,19.060,18.980,19.260,18.950,101606.000
600872,2026-08-14,19.020,18.770,19.060,18.650,112355.000
600872,2026-08-17,18.670,18.870,18.910,18.490,101746.000
600872,2026-08-18,18.820,18.850,19.080,18.730,89416.000
600872,2026-08-19,18.780,18.610,19.000,18.510,116247.000
600872,2026-08-20,19.020,18.730,19.200,18.580,148791.000
600872,2026-08-21,18.710,18.370,18.730,18.300,105478.000
600872,2026-08-24,18.350,18.180,18.400,18.040,85724.000
600872,2026-08-25,18.260,18.480,18.550,18.160,98473.000
600872,2026-08-26,18.490,18.460,18.630,18.450,69547.000
600872,2026-08-27,18.410,18.310,18.540,18.210,79126.000
600872,2026-08-28,18.310,18.510,18.570,18.210,87823.000
600872,2026-08-31,18.530,18.320,18.630,18.300,96597.000
600872,2026-09-01,18.370,18.540,18.620,18.230,108671.000
600872,2026-09-02,18.540,18.360,18.580,18.280,77652.000
600872,2026-09-03,18.360,18.110,18.520,18.110,79995.000
600872,2026-09-04,18.110,18.510,18.670,18.100,107277.000
601339,2026-01-09,5.430,5.540,5.580,5.390,132452.000
601339,2026-01-12,5.530,5.840,5.920,5.510,286048.000
601339,2026-01-13,5.780,5.620,5.830,5.600,242483.000
601339,2026-01-14,5.630,5.490,5.660,5.440,198383.000
601339,2026-01-15,5.450,5.600,5.660,5.420,174800.000
601339,2026-01-16,5.600,5.740,5.800,5.570,213951.000
601339,2026-01-19,5.720,5.740,5.810,5.660,189355.000
601339,2026-01-20,5.750,6.000,6.010,5.670,249070.000
601339,2026-01-21,5.950,5.970,6.030,5.850,191691.000
601339,2026-01-22,5.960,6.290,6.310,5.910,250119.000
601339,2026-01-23,6.320,6.280,6.320,6.170,165844.000
601339,2026-01-26,6.300,6.520,6.540,6.250,289064.000
601339,2026-01-27,6.470,6.610,6.650,6.370,218854.000
601339,2026-01-28,6.600,6.730,6.890,6.570,195518.000
601339,2026-01-29,6.690,6.580,6.810,6.550,190198.000
601339,2026-01-30,6.490,6.660,6.770,6.490,189110.000
601339,2026-02-02,6.640,6.260,6.720,6.190,304548.000
601339,2026-02-03,6.330,6.290,6.460,6.210,149086.000
601339,2026-02-04,6.290,6.400,6.510,6.290,138990.000
601339,2026-02-05,6.510,6.810,7.080,6.410,476634.000
601339,2026-02-06,6.750,6.720,6.950,6.660,366176.000
601339,2026-02-09,6.880,6.720,7.090,6.690,184183.000
601339,2026-02-10,6.820,6.690,6.840,6.610,118678.000
601339,2026-02-11,6.700,6.610,6.710,6.560,96890.000
601339,2026-02-12,6.590,6.470,6.640,6.450,117271.000
601339,2026-02-13,6.470,6.430,6.550,6.430,82072.000
601339,2026-02-24,6.460,6.730,6.740,6.440,133373.000
601339,2026-02-25,6.730,6.640,6.780,6.620,112887.000
601339,2026-02-26,6.670,6.680,6.730,6.530,99627.000
601339,2026-02-27,6.700,6.710,6.800,6.610,110620.000
601339,2026-03-02,6.630,6.720,6.740,6.470,184213.000
601339,2026-03-03,6.760,6.930,7.260,6.730,281599.000
601339,2026-03-04,6.820,6.660,6.900,6.570,195108.000
601339,2026-03-05,6.680,6.570,6.830,6.500,129681.000
601339,2026-03-06,6.580,6.590,6.620,6.480,95662.000
601339,2026-03-09,6.560,6.880,6.920,6.350,270652.000
601339,2026-03-10,6.860,6.830,6.870,6.700,121014.000
601339,2026-03-11,6.850,7.200,7.260,6.750,220182.000
601339,2026-03-12,7.190,7.250,7.350,7.060,159154.000
601339,2026-03-13,7.200,7.110,7.380,7.070,146073.000
601339,2026-03-16,7.110,6.880,7.160,6.860,117534.000
601339,2026-03-17,6.890,6.750,6.940,6.700,92791.000
601339,2026-03-18,6.780,6.980,7.050,6.690,137484.000
601339,2026-03-19,6.890,6.690,6.990,6.630,112393.000
601339,2026-03-20,6.700,6.630,7.020,6.590,123827.000
601339,2026-03-23,6.530,6.210,6.530,6.150,128434.000
601339,2026-03-24,6.370,6.420,6.420,6.240,63399.000
601339,2026-03-25,6.440,6.530,6.550,6.380,63623.000
601339,2026-03-26,6.480,6.400,6.600,6.400,50165.000
601339,2026-03-27,6.370,6.520,6.530,6.370,61134.000
601339,2026-03-30,6.460,6.780,6.780,6.450,92038.000
601339,2026-03-31,6.780,6.730,6.850,6.570,112690.000
601339,2026-04-01,6.750,6.830,6.960,6.690,88531.000
601339,2026-04-02,6.830,6.850,6.850,6.710,61387.000
601339,2026-04-03,6.820,6.940,6.950,6.730,81555.000
601339,2026-04-07,6.970,6.760,6.990,6.670,130522.000
601339,2026-04-08,6.800,6.940,7.040,6.770,115373.000
601339,2026-04-09,6.870,7.090,7.140,6.850,100826.000
601339,2026-04-10,7.120,7.110,7.320,7.050,126439.000
601339,2026-04-13,7.070,7.340,7.460,7.040,164083.000
601339,2026-04-14,7.330,7.630,8.050,7.210,268881.000
601339,2026-04-15,7.630,7.310,7.630,6.990,318145.000
601339,2026-04-16,7.340,7.620,7.850,7.240,235068.000
601339,2026-04-17,7.660,7.540,7.920,7.450,176991.000
601339,2026-04-20,7.610,7.640,7.820,7.550,130122.000
601339,2026-04-21,7.640,7.870,7.900,7.550,127503.000
601339,2026-04-22,7.800,8.070,8.160,7.670,155464.000
601339,2026-04-23,7.970,7.820,7.990,7.690,135174.000
601339,2026-04-24,7.780,8.090,8.150,7.740,167752.000
601339,2026-04-27,7.960,8.050,8.160,7.870,100216.000
601339,2026-04-28,8.110,8.020,8.410,7.950,162992.000
601339,2026-04-29,8.020,8.360,8.410,7.970,188566.000
601339,2026-04-30,8.390,8.860,8.890,8.280,163277.000
601339,2026-05-06,9.050,8.690,9.060,8.630,181558.000
601339,2026-05-07,8.680,9.010,9.070,8.650,136739.000
601339,2026-05-08,8.750,8.180,8.850,8.070,282530.000
601339,2026-05-11,8.110,8.200,8.370,8.000,186835.000
601339,2026-05-12,8.150,8.610,8.770,8.090,213496.000
601339,2026-05-13,8.610,8.250,8.660,8.070,200760.000
601339,2026-05-14,8.250,8.120,8.250,8.020,76572.000
601339,2026-05-15,8.070,8.040,8.400,8.000,144703.000
601339,2026-05-18,7.890,7.680,7.980,7.570,219779.000
601339,2026-05-19,7.640,7.540,7.780,7.440,183486.000
601339,2026-05-20,7.580,7.630,7.720,7.370,136687.000
601339,2026-05-21,7.550,7.440,7.750,7.380,116229.000
601339,2026-05-22,7.580,7.460,7.730,7.340,134433.000
601339,2026-05-25,7.470,7.440,7.540,7.290,93819.000
601339,2026-05-26,7.420,7.420,7.440,7.200,115804.000
601339,2026-05-27,7.350,6.960,7.380,6.870,197126.000
601339,2026-05-28,6.960,6.790,7.060,6.710,158364.000
601339,2026-05-29,6.780,7.010,7.180,6.780,195072.000
601339,2026-06-01,7.010,7.240,7.310,6.890,162342.000
601339,2026-06-02,7.220,6.770,7.320,6.680,236086.000
601339,2026-06-03,6.770,6.850,6.850,6.720,98551.000
601339,2026-06-04,6.840,6.700,6.880,6.630,69772.000
601339,2026-06-05,6.750,6.750,6.870,6.690,80918.000
601339,2026-06-08,6.800,6.650,6.810,6.560,84218.000
601339,2026-06-09,6.690,6.730,6.780,6.580,71927.000
601339,2026-06-10,6.620,6.770,6.840,6.610,93829.000
601339,2026-06-11,6.790,6.770,6.970,6.720,150356.000
601339,2026-06-12,6.770,6.900,6.970,6.610,131989.000
601339,2026-06-15,6.870,6.950,7.020,6.770,156144.000
601339,2026-06-16,6.970,6.820,7.160,6.710,142919.000
601339,2026-06-17,6.820,6.750,6.850,6.650,86870.000
601339,2026-06-18,6.890,6.730,6.890,6.690,89756.000
601339,2026-06-22,6.770,6.560,6.860,6.470,147057.000
601339,2026-06-23,6.610,7.060,7.150,6.510,201775.000
601339,2026-06-24,7.060,6.810,7.070,6.740,132633.000
601339,2026-06-25,6.870,6.950,7.060,6.720,129693.000
601339,2026-06-26,6.950,6.750,7.010,6.740,97551.000
601339,2026-06-29,6.710,7.110,7.200,6.600,130817.000
601339,2026-06-30,7.040,6.590,7.090,6.520,165972.000
601339,2026-07-01,6.590,6.700,6.790,6.500,96313.000
601339,2026-07-02,6.710,7.220,7.280,6.710,191085.000
601339,2026-07-03,7.310,7.060,7.340,6.970,136006.000
601339,2026-07-06,7.060,7.180,7.320,6.800,160757.000
601339,2026-07-07,7.130,6.830,7.200,6.750,138120.000
601339,2026-07-08,7.170,7.170,7.320,6.920,203668.000
601339,2026-07-09,7.140,7.060,7.160,6.850,148384.000
601339,2026-07-10,7.040,7.080,7.150,6.920,135382.000
601339,2026-07-13,7.050,7.240,7.480,7.030,180239.000
601339,2026-07-14,7.240,7.610,7.620,7.160,197406.000
601339,2026-07-15,7.510,8.110,8.170,7.360,235035.000
601339,2026-07-16,8.030,7.800,8.080,7.710,136982.000
601339,2026-07-17,7.960,7.720,8.020,7.620,142481.000
601339,2026-07-20,7.640,7.470,7.830,7.300,171463.000
601339,2026-07-21,7.490,7.660,7.660,7.290,136657.000
601339,2026-07-22,7.580,7.470,7.620,7.110,158249.000
601339,2026-07-23,7.350,7.480,7.480,7.260,96931.000
601339,2026-07-24,7.360,7.850,7.860,7.360,167887.000
601339,2026-07-27,7.770,7.910,8.090,7.620,168709.000
601339,2026-07-28,7.910,7.830,8.140,7.810,130550.000
601339,2026-07-29,7.820,7.860,8.070,7.800,124310.000
601339,2026-07-30,7.780,7.970,8.000,7.680,120402.000
601339,2026-07-31,7.900,7.810,7.990,7.750,121681.000
601339,2026-08-03,7.820,8.010,8.030,7.680,137362.000
601339,2026-08-04,8.000,7.990,8.130,7.920,102219.000
601339,2026-08-05,7.940,8.250,8.330,7.900,142791.000
601339,2026-08-06,8.210,7.970,8.220,7.860,144082.000
601339,2026-08-07,7.970,7.900,8.060,7.810,162734.000
601339,2026-08-10,8.000,7.820,8.230,7.790,220100.000
601339,2026-08-11,7.880,7.680,7.880,7.650,152416.000
601339,2026-08-12,7.650,7.860,7.960,7.630,112400.000
601339,2026-08-13,7.880,7.670,7.920,7.650,87550.000
601339,2026-08-14,7.670,7.530,7.700,7.440,99154.000
601339,2026-08-17,7.620,7.650,7.680,7.430,109466.000
601339,2026-08-18,7.650,7.720,7.790,7.590,86307.000
601339,2026-08-19,7.740,7.660,7.910,7.620,103027.000
601339,2026-08-20,7.720,7.790,7.900,7.680,80034.000
601339,2026-08-21,7.720,7.700,7.780,7.590,54771.000
601339,2026-08-24,7.700,7.570,7.740,7.540,70050.000
601339,2026-08-25,7.570,7.550,7.600,7.490,69084.000
601339,2026-08-26,7.530,7.560,7.600,7.470,60456.000
601339,2026-08-27,7.530,7.550,7.620,7.410,78729.000
601339,2026-08-28,7.570,7.660,7.680,7.490,82022.000
601339,2026-08-31,7.710,7.860,7.940,7.520,139077.000
601339,2026-09-01,7.860,8.050,8.090,7.840,139389.000
601339,2026-09-02,8.030,7.590,8.040,7.500,155546.000
601339,2026-09-03,7.650,7.570,7.680,7.550,68712.000
601339,2026-09-04,7.600,7.520,7.660,7.510,103710.000
600884,2026-01-09,14.150,13.860,14.150,13.690,842820.000
600884,2026-01-12,13.820,13.330,13.850,13.250,1384067.000
600884,2026-01-13,13.340,13.220,13.440,13.020,816285.000
600884,2026-01-14,13.180,13.330,13.620,13.110,1020941.000
600884,2026-01-15,13.300,13.650,13.650,13.250,821077.000
600884,2026-01-16,13.780,14.020,14.690,13.700,1502396.000
600884,2026-01-19,14.020,14.200,14.340,13.850,762747.000
600884,2026-01-20,14.200,13.480,14.400,13.100,1399564.000
600884,2026-01-21,13.450,13.900,14.200,13.360,1123303.000
600884,2026-01-22,14.050,13.570,14.100,13.420,1020282.000
600884,2026-01-23,13.570,14.050,14.080,13.540,1291476.000
600884,2026-01-26,14.060,13.920,14.190,13.850,735630.000
600884,2026-01-27,13.880,13.510,14.020,13.210,1156766.000
600884,2026-01-28,13.290,13.310,13.410,13.150,622185.000
600884,2026-01-29,13.250,13.160,13.350,13.120,506721.000
600884,2026-01-30,13.100,12.870,13.110,12.660,580220.000
600884,2026-02-02,13.180,12.840,13.230,12.810,502558.000
600884,2026-02-03,12.850,12.990,13.040,12.820,356922.000
600884,2026-02-04,12.930,13.140,13.170,12.810,370744.000
600884,2026-02-05,13.010,13.060,13.260,12.930,295781.000
600884,2026-02-06,12.970,14.370,14.370,12.940,1806112.000
600884,2026-02-09,15.810,15.810,15.810,15.810,200462.000
600884,2026-02-10,16.000,15.120,16.280,15.050,3910529.000
600884,2026-02-11,15.120,15.180,15.760,15.060,2097068.000
600884,2026-02-12,15.060,14.400,15.160,14.290,2095201.000
600884,2026-02-13,14.350,13.830,14.380,13.820,1345895.000
600884,2026-02-24,14.090,13.750,14.180,13.680,1068548.000
600884,2026-02-25,13.740,15.130,15.130,13.650,2447647.000
600884,2026-02-26,15.130,15.000,15.350,14.820,1925317.000
600884,2026-02-27,15.020,15.090,15.130,14.760,1225665.000
600884,2026-03-02,14.910,15.140,15.340,14.860,1321105.000
600884,2026-03-03,15.140,14.300,15.210,14.160,1530785.000
600884,2026-03-04,13.980,13.920,14.380,13.850,940730.000
600884,2026-03-05,14.200,14.270,14.470,14.180,849676.000
600884,2026-03-06,14.450,14.210,14.560,13.980,777064.000
600884,2026-03-09,13.850,14.060,14.090,13.520,907495.000
600884,2026-03-10,14.150,14.200,14.440,14.120,742754.000
600884,2026-03-11,14.200,14.360,14.540,14.110,1056342.000
600884,2026-03-12,14.270,14.270,14.490,14.120,731924.000
600884,2026-03-13,14.260,14.550,14.980,14.260,1450671.000
600884,2026-03-16,14.740,14.480,14.870,14.360,1105553.000
600884,2026-03-17,14.480,13.910,14.630,13.900,923642.000
600884,2026-03-18,13.890,13.830,13.950,13.620,636640.000
600884,2026-03-19,13.600,13.420,13.720,13.350,726515.000
600884,2026-03-20,13.500,13.510,13.920,13.420,869736.000
600884,2026-03-23,13.330,12.930,13.570,12.850,886718.000
600884,2026-03-24,13.150,13.170,13.290,12.720,647497.000
600884,2026-03-25,13.200,13.370,13.460,13.100,676571.000
600884,2026-03-26,13.290,13.280,13.670,13.200,685084.000
600884,2026-03-27,13.080,13.640,13.720,13.030,902714.000
600884,2026-03-30,13.500,13.720,13.850,13.450,666219.000
600884,2026-03-31,13.650,13.270,13.670,13.230,595223.000
600884,2026-04-01,13.480,13.410,13.580,13.210,438776.000
600884,2026-04-02,13.340,13.140,13.440,13.080,479224.000
600884,2026-04-03,13.190,13.010,13.300,12.840,419200.000
600884,2026-04-07,13.050,13.040,13.160,12.920,310517.000
600884,2026-04-08,13.300,13.670,13.680,13.220,796237.000
600884,2026-04-09,13.510,14.000,14.330,13.420,946027.000
600884,2026-04-10,14.020,14.810,15.090,14.020,1549645.000
600884,2026-04-13,14.800,15.170,15.250,14.660,1313237.000
600884,2026-04-14,15.240,15.430,15.500,15.100,1357534.000
600884,2026-04-15,15.410,15.240,15.650,15.050,1201934.000
600884,2026-04-16,15.090,14.750,15.180,14.140,1770109.000
600884,2026-04-17,14.750,14.700,15.580,14.630,1286335.000
600884,2026-04-20,14.750,14.460,14.910,14.370,891755.000
600884,2026-04-21,14.480,14.800,15.030,14.120,1279486.000
600884,2026-04-22,15.050,15.160,15.740,15.050,1506499.000
600884,2026-04-23,15.500,14.960,15.500,14.660,1200304.000
600884,2026-04-24,14.960,15.120,15.280,14.720,987542.000
600884,2026-04-27,15.130,15.940,16.580,15.090,1899037.000
600884,2026-04-28,15.940,15.760,16.120,15.600,1138286.000
600884,2026-04-29,15.530,16.900,17.040,15.420,2097027.000
600884,2026-04-30,17.180,16.650,17.530,16.500,2224901.000
600884,2026-05-06,16.810,17.690,18.070,16.800,2322867.000
600884,2026-05-07,17.600,16.990,17.600,16.890,2186830.000
600884,2026-05-08,16.800,16.690,17.700,16.570,2112444.000
600884,2026-05-11,16.690,16.520,17.040,16.380,1429601.000
600884,2026-05-12,16.570,16.120,16.640,15.910,1243877.000
600884,2026-05-13,16.120,16.160,16.290,15.950,974534.000
600884,2026-05-14,16.100,15.400,16.140,15.390,1162456.000
600884,2026-05-15,15.500,15.290,15.700,15.180,996997.000
600884,2026-05-18,15.120,15.190,15.350,14.780,747231.000
600884,2026-05-19,15.140,14.970,15.350,14.770,876362.000
600884,2026-05-20,14.830,15.270,15.450,14.680,1005520.000
600884,2026-05-21,15.300,14.460,15.650,14.440,1120752.000
600884,2026-05-22,14.500,14.880,14.950,14.290,801404.000
600884,2026-05-25,14.880,14.490,14.950,14.340,734132.000
600884,2026-05-26,14.500,14.700,14.790,14.160,763401.000
600884,2026-05-27,14.670,14.870,15.100,14.620,955653.000
600884,2026-05-28,14.770,15.250,15.300,14.650,1046160.000
600884,2026-05-29,15.400,14.650,15.430,14.620,917092.000
600884,2026-06-01,14.520,14.230,14.880,14.180,791311.000
600884,2026-06-02,14.150,14.080,14.290,13.590,796138.000
600884,2026-06-03,14.000,13.890,14.220,13.690,683801.000
600884,2026-06-04,13.760,13.580,13.780,13.470,614560.000
600884,2026-06-05,13.580,13.690,14.080,13.410,715077.000
600884,2026-06-08,13.280,13.080,13.650,12.930,746225.000
600884,2026-06-09,13.280,13.400,13.490,12.990,568745.000
600884,2026-06-10,13.250,13.080,13.380,12.970,457721.000
600884,2026-06-11,13.000,13.100,13.330,12.900,500628.000
600884,2026-06-12,13.280,13.620,13.840,13.180,855136.000
600884,2026-06-15,13.780,13.710,13.970,13.550,640737.000
600884,2026-06-16,13.740,14.070,14.250,13.580,820823.000
600884,2026-06-17,14.120,14.200,14.370,14.000,722529.000
600884,2026-06-18,14.130,13.850,14.260,13.780,716386.000
600884,2026-06-22,13.660,14.450,14.450,13.440,972740.000
600884,2026-06-23,14.490,14.550,14.900,14.320,885552.000
600884,2026-06-24,14.410,14.590,14.740,14.150,690666.000
600884,2026-06-25,14.480,14.060,14.510,13.970,755606.000
600884,2026-06-26,13.980,13.170,14.090,13.160,772367.000
600884,2026-06-29,13.180,13.190,13.350,12.980,585922.000
600884,2026-06-30,13.100,13.550,13.670,13.000,620830.000
600884,2026-07-01,13.700,13.550,13.800,13.230,710359.000
600884,2026-07-02,13.380,13.210,13.640,13.200,533417.000
600884,2026-07-03,13.220,13.070,13.350,13.050,573765.000
600884,2026-07-06,13.050,13.140,13.460,12.920,589849.000
600884,2026-07-07,13.180,13.370,13.550,13.090,621793.000
600884,2026-07-08,13.210,12.510,13.230,12.500,761897.000
600884,2026-07-09,12.360,11.940,12.450,11.490,901890.000
600884,2026-07-10,12.000,11.760,12.070,11.600,636934.000
600884,2026-07-13,12.100,12.010,12.390,11.940,820418.000
600884,2026-07-14,12.050,12.180,12.200,11.780,526697.000
600884,2026-07-15,12.100,12.140,12.450,12.060,439510.000
600884,2026-07-16,12.070,12.100,12.250,11.910,417852.000
600884,2026-07-17,12.130,11.770,12.210,11.640,519372.000
600884,2026-07-20,11.720,11.320,11.850,11.110,594999.000
600884,2026-07-21,11.580,12.450,12.450,11.410,980020.000
600884,2026-07-22,12.300,12.530,12.840,12.210,898618.000
600884,2026-07-23,12.480,12.750,12.770,12.400,686056.000
600884,2026-07-24,12.510,12.310,12.850,12.300,565164.000
600884,2026-07-27,12.350,12.690,12.820,12.320,611432.000
600884,2026-07-28,12.530,12.610,12.850,12.510,513190.000
600884,2026-07-29,12.610,13.070,13.130,12.330,818405.000
600884,2026-07-30,12.900,12.780,13.070,12.720,633111.000
600884,2026-07-31,12.840,12.730,13.000,12.680,593838.000
600884,2026-08-03,12.630,12.620,12.720,12.460,405530.000
600884,2026-08-04,12.610,12.680,12.790,12.580,446150.000
600884,2026-08-05,12.610,12.820,12.850,12.590,537333.000
600884,2026-08-06,12.730,12.570,12.770,12.450,585875.000
600884,2026-08-07,12.310,12.420,12.540,11.980,789705.000
600884,2026-08-10,12.200,12.070,12.290,11.910,858974.000
600884,2026-08-11,12.130,12.130,12.400,12.120,618180.000
600884,2026-08-12,12.030,12.170,12.470,12.000,571339.000
600884,2026-08-13,12.240,11.990,12.250,11.980,460434.000
600884,2026-08-14,11.970,12.110,12.450,11.960,530790.000
600884,2026-08-17,12.100,12.170,12.180,11.910,468222.000
600884,2026-08-18,12.170,11.990,12.280,11.960,470121.000
600884,2026-08-19,11.880,11.680,12.010,11.670,443690.000
600884,2026-08-20,11.760,11.650,11.780,11.590,297544.000
600884,2026-08-21,11.530,11.930,11.940,11.510,425026.000
600884,2026-08-24,11.890,12.100,12.210,11.880,518766.000
600884,2026-08-25,12.020,12.040,12.080,11.860,301513.000
600884,2026-08-26,11.970,12.180,12.280,11.970,432784.000
600884,2026-08-27,12.120,12.150,12.180,11.930,445753.000
600884,2026-08-28,12.200,12.040,12.240,11.990,401534.000
600884,2026-08-31,12.010,11.920,12.010,11.800,333494.000
600884,2026-09-01,11.900,11.900,11.970,11.860,284410.000
600884,2026-09-02,11.820,11.680,11.830,11.640,296834.000
600884,2026-09-03,11.680,11.670,11.780,11.620,196947.000
600884,2026-09-04,11.720,11.550,11.760,11.510,301270.000
000601,2026-01-09,4.750,4.740,4.790,4.720,155942.000
000601,2026-01-12,4.760,4.850,4.850,4.740,255288.000
000601,2026-01-13,4.860,4.830,4.890,4.800,189509.000
000601,2026-01-14,4.830,4.810,4.860,4.760,212905.000
000601,2026-01-15,4.810,4.930,4.960,4.790,335842.000
000601,2026-01-16,5.030,5.110,5.320,5.020,729539.000
000601,2026-01-19,5.060,5.080,5.160,5.000,405328.000
000601,2026-01-20,5.070,5.120,5.150,5.020,310544.000
000601,2026-01-21,5.110,5.100,5.130,5.030,211985.000
000601,2026-01-22,5.100,5.160,5.180,5.090,217715.000
000601,2026-01-23,5.160,5.130,5.170,5.080,234041.000
000601,2026-01-26,5.130,5.130,5.150,5.090,202156.000
000601,2026-01-27,5.120,5.130,5.130,4.980,200107.000
000601,2026-01-28,5.110,5.070,5.120,5.040,181865.000
000601,2026-01-29,5.060,5.020,5.080,4.990,169931.000
000601,2026-01-30,5.010,5.080,5.120,4.970,207399.000
000601,2026-02-02,5.080,5.050,5.170,5.030,214440.000
000601,2026-02-03,5.070,5.060,5.120,5.030,143037.000
000601,2026-02-04,5.060,5.150,5.150,5.050,223228.000
000601,2026-02-05,5.120,5.090,5.140,5.070,140111.000
000601,2026-02-06,5.090,5.120,5.180,5.060,219458.000
000601,2026-02-09,5.150,5.150,5.180,5.110,185086.000
000601,2026-02-10,5.150,5.050,5.150,5.040,199695.000
000601,2026-02-11,5.050,5.120,5.150,5.050,166522.000
000601,2026-02-12,5.160,5.220,5.250,5.090,379286.000
000601,2026-02-13,5.160,5.090,5.190,5.070,283301.000
000601,2026-02-24,5.160,5.280,5.300,5.130,425303.000
000601,2026-02-25,5.310,5.340,5.400,5.270,373946.000
000601,2026-02-26,5.350,5.390,5.480,5.320,490265.000
000601,2026-02-27,5.370,5.610,5.730,5.360,906756.000
000601,2026-03-02,5.510,5.540,5.740,5.460,755472.000
000601,2026-03-03,5.500,5.500,5.730,5.470,862005.000
000601,2026-03-04,5.210,5.450,5.510,5.210,748586.000
000601,2026-03-05,5.510,5.530,5.650,5.480,553375.000
000601,2026-03-06,5.520,6.090,6.090,5.470,570187.000
000601,2026-03-09,6.090,6.700,6.700,5.950,2235549.000
000601,2026-03-10,6.550,6.460,6.700,6.370,2359482.000
000601,2026-03-11,6.500,6.940,7.010,6.310,2522785.000
000601,2026-03-12,6.650,6.960,7.330,6.610,2303823.000
000601,2026-03-13,6.830,6.410,6.850,6.370,1635974.000
000601,2026-03-16,6.460,6.250,6.520,6.140,1264790.000
000601,2026-03-17,6.140,6.070,6.360,6.060,973123.000
000601,2026-03-18,6.680,6.680,6.680,6.680,312919.000
000601,2026-03-19,7.350,7.350,7.350,7.350,322833.000
000601,2026-03-20,8.080,8.090,8.090,7.950,1254237.000
000601,2026-03-23,8.070,7.280,8.450,7.280,3098802.000
000601,2026-03-24,7.450,8.010,8.010,7.280,2858645.000
000601,2026-03-25,8.550,8.820,8.820,8.460,2335394.000
000601,2026-03-26,8.840,8.020,8.950,8.020,3487608.000
000601,2026-03-27,8.270,7.750,8.400,7.630,2544071.000
000601,2026-03-30,7.650,7.290,7.740,6.970,2412681.000
000601,2026-03-31,7.280,6.800,7.310,6.750,1856013.000
000601,2026-04-01,6.880,6.810,7.000,6.680,1376957.000
000601,2026-04-02,6.800,6.550,6.910,6.440,1317132.000
000601,2026-04-03,6.570,6.260,6.610,6.230,1042626.000
000601,2026-04-07,6.310,6.410,6.480,6.220,802176.000
000601,2026-04-08,6.500,6.550,6.550,6.420,939361.000
000601,2026-04-09,6.440,6.350,6.440,6.290,670670.000
000601,2026-04-10,6.450,6.330,6.480,6.300,566796.000
000601,2026-04-13,6.280,6.580,6.610,6.280,1135178.000
000601,2026-04-14,6.550,6.560,6.700,6.470,864793.000
000601,2026-04-15,6.570,6.520,6.600,6.380,751302.000
000601,2026-04-16,6.520,6.590,6.600,6.380,681749.000
000601,2026-04-17,6.580,6.580,6.770,6.490,613789.000
000601,2026-04-20,6.560,6.790,6.830,6.540,1075948.000
000601,2026-04-21,6.810,7.060,7.380,6.550,1979527.000
000601,2026-04-22,7.060,7.090,7.270,6.950,1512783.000
000601,2026-04-23,7.110,7.460,7.580,6.790,2064037.000
000601,2026-04-24,7.190,6.810,7.230,6.750,1640861.000
000601,2026-04-27,6.750,6.870,7.000,6.580,1027583.000
000601,2026-04-28,6.790,6.730,6.930,6.650,962529.000
000601,2026-04-29,6.690,6.670,6.830,6.550,780076.000
000601,2026-04-30,6.740,6.520,6.750,6.480,767836.000
000601,2026-05-06,6.610,6.910,6.920,6.610,966377.000
000601,2026-05-07,6.950,7.140,7.330,6.950,1008343.000
000601,2026-05-08,7.110,7.210,7.430,7.100,1162975.000
000601,2026-05-11,7.280,7.300,7.380,7.200,964810.000
000601,2026-05-12,7.310,8.040,8.040,7.300,723741.000
000601,2026-05-13,8.740,8.850,8.850,8.560,747050.000
000601,2026-05-14,9.740,8.180,9.740,8.100,3628496.000
000601,2026-05-15,8.120,7.830,8.560,7.440,2734675.000
000601,2026-05-18,7.550,7.780,7.980,7.550,1635672.000
000601,2026-05-19,7.630,7.920,8.020,7.460,1576637.000
000601,2026-05-20,7.910,7.190,7.920,7.150,1511866.000
000601,2026-05-21,7.230,7.210,7.780,7.150,1190168.000
000601,2026-05-22,7.150,7.280,7.400,6.970,915571.000
000601,2026-05-25,7.400,7.510,7.570,7.290,967338.000
000601,2026-05-26,7.380,7.260,7.470,7.160,878864.000
000601,2026-05-27,7.230,7.990,7.990,7.180,1960350.000
000601,2026-05-28,8.060,7.970,8.290,7.700,2424943.000
000601,2026-05-29,7.970,8.410,8.580,7.810,2131473.000
000601,2026-06-01,8.420,8.120,8.440,7.560,1724840.000
000601,2026-06-02,7.970,8.940,8.940,7.690,1647231.000
000601,2026-06-03,8.720,9.250,9.840,8.600,3192424.000
000601,2026-06-04,8.800,8.550,9.110,8.500,2210719.000
000601,2026-06-05,8.560,7.920,8.930,7.830,1758943.000
000601,2026-06-08,7.600,7.510,8.020,7.430,1089436.000
000601,2026-06-09,7.550,7.590,7.660,7.180,995579.000
000601,2026-06-10,7.440,7.030,7.440,6.960,958074.000
000601,2026-06-11,6.970,6.850,7.060,6.790,683146.000
000601,2026-06-12,6.940,6.690,6.990,6.630,709977.000
000601,2026-06-15,6.760,7.000,7.010,6.680,627850.000
000601,2026-06-16,6.960,6.990,7.160,6.920,632280.000
000601,2026-06-17,7.020,7.030,7.190,6.780,785654.000
000601,2026-06-18,6.950,6.560,7.020,6.510,921454.000
000601,2026-06-22,6.560,6.690,6.700,6.440,610499.000
000601,2026-06-23,6.650,6.370,6.680,6.310,639280.000
000601,2026-06-24,6.350,6.210,6.430,6.120,553218.000
000601,2026-06-25,6.200,6.080,6.240,6.020,528206.000
000601,2026-06-26,6.090,5.860,6.220,5.860,656598.000
000601,2026-06-29,5.820,5.890,5.970,5.700,510977.000
000601,2026-06-30,5.850,5.800,5.870,5.710,367999.000
000601,2026-07-01,6.390,6.390,6.390,6.390,109161.000
000601,2026-07-02,6.870,7.030,7.030,6.730,723811.000
000601,2026-07-03,6.840,6.550,6.840,6.430,1492012.000
000601,2026-07-06,6.610,7.140,7.210,6.490,1754629.000
000601,2026-07-07,6.850,6.540,6.950,6.470,1144053.000
000601,2026-07-08,6.400,6.080,6.470,6.060,899804.000
000601,2026-07-09,6.100,6.160,6.210,5.970,638269.000
000601,2026-07-10,6.200,6.380,6.600,6.110,860545.000
000601,2026-07-13,6.380,6.260,6.530,6.180,652488.000
000601,2026-07-14,6.240,6.190,6.260,6.030,504989.000
000601,2026-07-15,6.200,6.270,6.360,6.090,507374.000
000601,2026-07-16,6.270,6.090,6.330,6.040,529169.000
000601,2026-07-17,6.020,6.430,6.610,5.990,1233777.000
000601,2026-07-20,6.440,7.000,7.020,6.350,1517304.000
000601,2026-07-21,6.740,6.730,6.830,6.350,1315175.000
000601,2026-07-22,6.510,6.950,7.040,6.460,1285596.000
000601,2026-07-23,6.850,6.860,7.070,6.610,1278051.000
000601,2026-07-24,6.660,6.190,6.780,6.170,1073497.000
000601,2026-07-27,6.140,6.420,6.430,6.060,677505.000
000601,2026-07-28,6.360,6.310,6.490,6.280,467234.000
000601,2026-07-29,6.310,6.360,6.420,6.140,495657.000
000601,2026-07-30,6.360,6.180,6.480,6.170,491869.000
000601,2026-07-31,6.230,6.360,6.390,6.180,515441.000
000601,2026-08-03,6.350,6.490,6.510,6.310,474027.000
000601,2026-08-04,6.500,6.590,6.630,6.490,555848.000
000601,2026-08-05,6.580,6.640,6.650,6.470,595721.000
000601,2026-08-06,6.650,6.590,6.650,6.470,506408.000
000601,2026-08-07,6.550,6.570,6.580,6.440,395728.000
000601,2026-08-10,6.610,6.650,6.670,6.520,509205.000
000601,2026-08-11,6.600,6.620,6.680,6.550,377562.000
000601,2026-08-12,6.670,6.630,6.750,6.530,413172.000
000601,2026-08-13,6.620,6.740,6.770,6.560,881842.000
000601,2026-08-14,6.680,6.370,6.680,6.330,751999.000
000601,2026-08-17,6.340,6.410,6.410,6.270,400958.000
000601,2026-08-18,6.410,6.330,6.430,6.310,287503.000
000601,2026-08-19,6.280,6.030,6.320,5.990,438728.000
000601,2026-08-20,6.030,6.080,6.120,6.030,232196.000
000601,2026-08-21,6.060,6.200,6.220,5.970,259747.000
000601,2026-08-24,6.430,6.160,6.470,6.130,534312.000
000601,2026-08-25,6.060,6.140,6.200,6.000,312275.000
000601,2026-08-26,6.100,6.200,6.210,6.070,322075.000
000601,2026-08-27,6.170,6.260,6.340,6.120,318684.000
000601,2026-08-28,6.210,6.180,6.240,6.160,251948.000
000601,2026-08-31,6.170,6.120,6.180,6.080,208265.000
000601,2026-09-01,6.120,6.180,6.220,6.110,216228.000
000601,2026-09-02,6.120,6.080,6.160,6.070,204203.000
000601,2026-09-03,6.100,6.160,6.190,6.090,244067.000
000601,2026-09-04,6.180,6.170,6.310,6.140,326985.000
002345,2026-01-09,11.790,12.260,12.330,11.750,219091.000
002345,2026-01-12,12.340,12.130,12.500,12.060,201547.000
002345,2026-01-13,12.750,12.630,12.950,12.520,443009.000
002345,2026-01-14,12.740,13.010,13.380,12.620,434909.000
002345,2026-01-15,13.000,12.500,13.000,12.460,238370.000
002345,2026-01-16,12.600,12.410,12.640,12.260,189931.000
002345,2026-01-19,12.450,12.900,12.950,12.360,241034.000
002345,2026-01-20,12.900,13.210,13.450,12.840,212206.000
002345,2026-01-21,13.190,13.190,13.430,13.090,230533.000
002345,2026-01-22,13.060,12.990,13.250,12.910,130593.000
002345,2026-01-23,13.110,13.980,14.090,13.070,342051.000
002345,2026-01-26,14.300,14.400,15.150,14.130,464672.000
002345,2026-01-27,14.250,13.680,14.430,13.630,286665.000
002345,2026-01-28,13.930,14.460,14.650,13.680,470083.000
002345,2026-01-29,14.630,13.010,14.640,12.980,576651.000
002345,2026-01-30,12.400,12.440,13.090,12.250,371047.000
002345,2026-02-02,11.800,11.810,12.140,11.790,317903.000
002345,2026-02-03,12.030,12.350,12.430,11.960,214574.000
002345,2026-02-04,12.540,12.240,12.600,12.060,169513.000
002345,2026-02-05,12.100,11.980,12.190,11.930,110619.000
002345,2026-02-06,11.910,13.210,13.210,11.830,407883.000
002345,2026-02-09,13.200,13.680,13.900,13.070,540322.000
002345,2026-02-10,13.670,13.510,13.710,13.440,201583.000
002345,2026-02-11,13.410,13.550,13.700,13.410,158488.000
002345,2026-02-12,13.550,13.590,13.670,13.480,121752.000
002345,2026-02-13,13.460,13.300,13.730,13.250,139666.000
002345,2026-02-24,13.600,12.130,13.690,12.120,456660.000
002345,2026-02-25,12.170,12.060,12.270,11.970,319309.000
002345,2026-02-26,12.100,11.410,12.140,11.270,502719.000
002345,2026-02-27,11.400,11.430,11.460,11.190,274279.000
002345,2026-03-02,11.580,11.060,11.630,10.870,457852.000
002345,2026-03-03,10.970,10.690,11.100,10.680,243454.000
002345,2026-03-04,10.420,10.410,10.670,10.330,191761.000
002345,2026-03-05,10.580,10.400,10.610,10.330,156032.000
002345,2026-03-06,10.330,10.530,10.570,10.250,142673.000
002345,2026-03-09,10.430,10.230,10.430,10.030,213912.000
002345,2026-03-10,10.270,10.440,10.450,10.260,130654.000
002345,2026-03-11,10.460,10.180,10.480,10.170,164000.000
002345,2026-03-12,10.160,10.140,10.260,10.090,102379.000
002345,2026-03-13,10.100,9.950,10.170,9.900,147381.000
002345,2026-03-16,9.890,10.020,10.050,9.830,151626.000
002345,2026-03-17,10.020,9.880,10.050,9.860,123043.000
002345,2026-03-18,9.880,10.150,10.250,9.870,241711.000
002345,2026-03-19,10.050,9.870,10.150,9.770,223808.000
002345,2026-03-20,9.900,9.720,10.000,9.720,137676.000
002345,2026-03-23,9.590,9.120,9.590,9.050,239070.000
002345,2026-03-24,9.320,9.940,9.990,9.260,335745.000
002345,2026-03-25,9.940,10.020,10.190,9.850,196972.000
002345,2026-03-26,10.000,9.910,10.140,9.850,128776.000
002345,2026-03-27,9.800,10.100,10.170,9.770,127050.000
002345,2026-03-30,10.190,9.950,10.190,9.670,277330.000
002345,2026-03-31,10.030,9.950,10.100,9.910,174125.000
002345,2026-04-01,10.110,10.370,10.410,10.070,249159.000
002345,2026-04-02,10.310,10.200,10.310,10.090,153825.000
002345,2026-04-03,10.230,10.050,10.260,9.960,100883.000
002345,2026-04-07,10.130,10.260,10.390,10.000,169264.000
002345,2026-04-08,10.440,10.430,10.610,10.370,218864.000
002345,2026-04-09,10.210,10.290,10.340,10.190,129434.000
002345,2026-04-10,10.400,10.370,10.500,10.290,156737.000
002345,2026-04-13,10.290,10.160,10.350,10.150,129572.000
002345,2026-04-14,10.230,10.210,10.250,10.010,139143.000
002345,2026-04-15,10.250,10.300,10.390,10.210,132564.000
002345,2026-04-16,10.300,10.470,10.550,10.260,164179.000
002345,2026-04-17,10.420,10.440,10.490,10.280,141101.000
002345,2026-04-20,10.470,10.670,10.730,10.410,159885.000
002345,2026-04-21,10.750,10.890,10.950,10.590,203747.000
002345,2026-04-22,10.920,10.670,10.920,10.550,197666.000
002345,2026-04-23,10.600,10.510,10.720,10.470,114170.000
002345,2026-04-24,10.430,10.510,10.590,10.320,103271.000
002345,2026-04-27,10.510,10.370,10.540,10.270,105140.000
002345,2026-04-28,10.350,10.380,10.530,10.330,83342.000
002345,2026-04-29,10.350,10.900,11.010,10.310,252961.000
002345,2026-04-30,10.900,10.220,11.310,10.210,434293.000
002345,2026-05-06,10.290,10.110,10.340,10.030,280771.000
002345,2026-05-07,10.290,10.210,10.500,10.120,241685.000
002345,2026-05-08,10.260,10.140,10.400,10.070,217535.000
002345,2026-05-11,10.130,9.850,10.140,9.750,239598.000
002345,2026-05-12,9.850,9.700,9.990,9.620,166939.000
002345,2026-05-13,9.700,9.780,9.920,9.640,134414.000
002345,2026-05-14,9.750,9.580,9.790,9.570,135866.000
002345,2026-05-15,9.540,9.370,9.620,9.250,158290.000
002345,2026-05-18,9.300,9.180,9.350,9.090,158329.000
002345,2026-05-19,9.230,9.540,9.550,9.200,165539.000
002345,2026-05-20,9.550,9.460,9.560,9.350,125504.000
002345,2026-05-21,9.560,9.210,9.600,9.210,146481.000
002345,2026-05-22,9.250,9.230,9.320,9.200,108116.000
002345,2026-05-25,9.240,9.200,9.380,9.130,105770.000
002345,2026-05-26,9.210,9.340,9.350,9.150,130708.000
002345,2026-05-27,9.240,9.000,9.270,8.910,172580.000
002345,2026-05-28,8.920,8.930,9.000,8.790,109356.000
002345,2026-05-29,8.970,9.210,9.280,8.950,184965.000
002345,2026-06-01,9.130,9.450,9.490,9.040,220032.000
002345,2026-06-02,9.390,9.180,9.480,9.150,161138.000
002345,2026-06-03,9.180,9.200,9.250,8.960,136171.000
002345,2026-06-04,9.110,9.050,9.230,9.010,112123.000
002345,2026-06-05,9.070,8.960,9.200,8.940,107722.000
002345,2026-06-08,9.200,8.560,9.200,8.440,191848.000
002345,2026-06-09,8.560,8.710,8.810,8.510,155793.000
002345,2026-06-10,8.600,8.650,8.730,8.570,91746.000
002345,2026-06-11,8.550,8.870,9.000,8.370,230801.000
002345,2026-06-12,8.870,9.760,9.760,8.820,338966.000
002345,2026-06-15,9.770,9.990,10.170,9.680,495137.000
002345,2026-06-16,9.910,10.220,10.270,9.840,407138.000
002345,2026-06-17,10.170,9.830,10.190,9.750,228782.000
002345,2026-06-18,9.780,9.630,9.800,9.550,150214.000
002345,2026-06-22,9.580,9.760,9.800,9.510,233647.000
002345,2026-06-23,9.670,9.180,9.710,9.150,204746.000
002345,2026-06-24,9.130,8.980,9.280,8.940,159595.000
002345,2026-06-25,8.910,9.150,9.330,8.740,198403.000
002345,2026-06-26,9.090,8.710,9.100,8.680,169175.000
002345,2026-06-29,8.630,9.270,9.350,8.540,225151.000
002345,2026-06-30,9.150,9.170,9.240,9.000,150772.000
002345,2026-07-01,9.230,9.390,9.490,8.980,257098.000
002345,2026-07-02,9.400,9.950,10.080,9.350,347510.000
002345,2026-07-03,9.910,10.520,10.650,9.850,499022.000
002345,2026-07-06,10.400,10.610,10.820,10.320,327886.000
002345,2026-07-07,10.490,10.430,10.580,10.290,225962.000
002345,2026-07-08,10.400,10.110,10.700,10.090,209684.000
002345,2026-07-09,10.000,9.930,10.120,9.800,173088.000
002345,2026-07-10,9.970,10.060,10.250,9.600,223742.000
002345,2026-07-13,9.960,9.490,10.120,9.460,169185.000
002345,2026-07-14,9.450,9.700,9.770,9.330,179206.000
002345,2026-07-15,9.760,10.290,10.370,9.610,273349.000
002345,2026-07-16,10.190,10.330,10.530,10.160,221288.000
002345,2026-07-17,10.200,9.840,10.310,9.780,203021.000
002345,2026-07-20,9.840,9.960,10.280,9.790,270164.000
002345,2026-07-21,10.000,9.910,10.380,9.820,236968.000
002345,2026-07-22,9.830,10.380,10.400,9.710,365062.000
002345,2026-07-23,10.250,10.300,10.440,9.950,238779.000
002345,2026-07-24,10.140,9.880,10.160,9.780,165862.000
002345,2026-07-27,9.920,10.390,10.590,9.900,284992.000
002345,2026-07-28,10.300,10.410,10.520,9.990,271983.000
002345,2026-07-29,10.340,10.660,10.790,10.330,272794.000
002345,2026-07-30,10.670,10.700,11.080,10.530,302152.000
002345,2026-07-31,10.490,10.890,10.950,10.490,251666.000
002345,2026-08-03,10.840,10.220,10.900,10.120,328307.000
002345,2026-08-04,10.220,10.070,10.370,10.030,229631.000
002345,2026-08-05,10.070,10.650,10.770,10.030,364368.000
002345,2026-08-06,11.030,10.690,11.200,10.630,344911.000
002345,2026-08-07,10.690,10.590,10.770,10.360,205684.000
002345,2026-08-10,10.800,11.650,11.650,10.660,346944.000
002345,2026-08-11,11.540,11.010,11.950,10.950,653718.000
002345,2026-08-12,10.930,11.150,11.340,10.770,354939.000
002345,2026-08-13,11.150,10.630,11.630,10.590,327606.000
002345,2026-08-14,10.560,10.250,10.610,10.170,257028.000
002345,2026-08-17,10.310,10.300,10.440,10.120,195025.000
002345,2026-08-18,10.280,10.250,10.370,10.110,178763.000
002345,2026-08-19,10.100,9.560,10.100,9.530,288813.000
002345,2026-08-20,10.140,10.170,10.480,9.980,414633.000
002345,2026-08-21,10.180,9.970,10.270,9.930,270418.000
002345,2026-08-24,10.110,9.630,10.170,9.540,249561.000
002345,2026-08-25,9.650,9.550,9.860,9.530,193898.000
002345,2026-08-26,9.410,9.610,9.750,9.350,197702.000
002345,2026-08-27,9.560,9.950,10.350,9.490,337446.000
002345,2026-08-28,9.950,10.400,10.420,9.830,311450.000
002345,2026-08-31,10.100,9.730,10.160,9.430,345560.000
002345,2026-09-01,9.700,9.900,10.080,9.660,213776.000
002345,2026-09-02,9.730,9.400,9.810,9.270,287667.000
002345,2026-09-03,9.450,9.460,9.640,9.450,164085.000
002345,2026-09-04,9.600,9.670,9.860,9.500,207217.000
600323,2026-01-07,27.600,27.760,27.840,27.260,64013.000
600323,2026-01-08,27.760,27.480,27.900,27.410,44286.000
600323,2026-01-09,27.480,27.330,27.500,27.210,63424.000
600323,2026-01-12,27.260,27.460,27.550,27.150,52793.000
600323,2026-01-13,27.480,27.500,27.760,27.320,49243.000
600323,2026-01-14,27.570,28.160,28.380,27.330,98331.000
600323,2026-01-15,28.160,28.450,28.770,28.000,42303.000
600323,2026-01-16,28.570,27.800,28.600,27.700,53503.000
600323,2026-01-19,27.700,27.810,28.250,27.620,36557.000
600323,2026-01-20,27.860,28.450,28.510,27.660,49038.000
600323,2026-01-21,28.440,28.230,28.630,28.070,45460.000
600323,2026-01-22,28.230,28.230,28.450,28.080,31526.000
600323,2026-01-23,28.310,28.190,28.440,28.120,43681.000
600323,2026-01-26,28.200,28.270,28.490,27.530,70916.000
600323,2026-01-27,28.270,27.820,28.520,27.760,54507.000
600323,2026-01-28,27.900,27.500,27.910,27.300,77030.000
600323,2026-01-29,27.520,27.790,27.880,27.320,57671.000
600323,2026-01-30,27.830,28.740,28.860,27.650,78195.000
600323,2026-02-02,28.490,27.790,28.620,27.750,57855.000
600323,2026-02-03,27.880,27.750,27.950,27.470,50151.000
600323,2026-02-04,27.780,28.130,28.370,27.590,50279.000
600323,2026-02-05,28.290,28.700,28.830,28.040,50366.000
600323,2026-02-06,28.510,28.510,29.120,28.310,39660.000
600323,2026-02-09,28.700,28.380,28.700,28.160,32956.000
600323,2026-02-10,28.380,28.090,28.420,27.950,35334.000
600323,2026-02-11,28.150,28.360,28.470,28.000,26907.000
600323,2026-02-12,28.360,27.950,28.360,27.730,41009.000
600323,2026-02-13,27.950,27.330,28.030,27.300,45679.000
600323,2026-02-24,27.700,26.910,27.700,26.880,77639.000
600323,2026-02-25,27.010,26.820,27.200,26.630,106314.000
600323,2026-02-26,26.890,27.000,27.180,26.700,49505.000
600323,2026-02-27,27.120,27.730,28.160,27.100,83884.000
600323,2026-03-02,27.500,28.310,28.640,27.480,99742.000
600323,2026-03-03,28.360,27.730,28.370,27.550,88520.000
600323,2026-03-04,27.680,27.410,28.070,27.380,58576.000
600323,2026-03-05,27.420,27.480,27.670,27.130,58029.000
600323,2026-03-06,27.410,28.290,28.470,27.280,67166.000
600323,2026-03-09,28.620,28.400,28.830,28.080,73374.000
600323,2026-03-10,28.470,28.880,29.050,28.180,49789.000
600323,2026-03-11,28.990,28.900,29.000,28.360,33238.000
600323,2026-03-12,28.860,29.390,29.580,28.730,54698.000
600323,2026-03-13,29.350,29.980,30.580,29.350,92521.000
600323,2026-03-16,29.900,29.390,30.070,29.230,52981.000
600323,2026-03-17,29.770,28.710,29.770,28.650,60768.000
600323,2026-03-18,28.450,28.430,28.970,28.230,54119.000
600323,2026-03-19,28.200,28.710,29.110,28.110,67079.000
600323,2026-03-20,28.590,29.590,29.850,28.560,83541.000
600323,2026-03-23,29.140,27.980,29.140,27.800,90007.000
600323,2026-03-24,28.370,28.540,28.750,27.810,47429.000
600323,2026-03-25,28.570,30.080,30.180,28.240,81148.000
600323,2026-03-26,30.080,30.010,30.230,29.710,63111.000
600323,2026-03-27,29.720,30.300,31.000,29.630,58638.000
600323,2026-03-30,30.080,29.130,30.200,28.950,59375.000
600323,2026-03-31,29.090,28.540,29.370,28.540,44796.000
600323,2026-04-01,28.890,28.700,28.990,28.380,51065.000
600323,2026-04-02,28.610,28.750,28.920,28.360,37837.000
600323,2026-04-03,28.740,29.180,29.580,28.640,57857.000
600323,2026-04-07,29.100,28.350,29.290,28.210,59375.000
600323,2026-04-08,28.690,28.780,28.850,28.380,46952.000
600323,2026-04-09,28.610,28.650,29.000,28.460,45462.000
600323,2026-04-10,28.650,28.490,28.990,28.200,43955.000
600323,2026-04-13,28.210,27.950,28.410,27.680,46221.000
600323,2026-04-14,28.020,27.730,28.070,27.570,42676.000
600323,2026-04-15,27.910,28.180,28.450,27.520,82257.000
600323,2026-04-16,28.120,27.770,28.380,27.670,45486.000
600323,2026-04-17,27.700,27.700,27.790,27.520,29687.000
600323,2026-04-20,27.680,28.190,28.350,27.580,54995.000
600323,2026-04-21,28.000,28.590,28.670,28.000,30568.000
600323,2026-04-24,28.860,29.390,29.770,28.720,159278.000
600323,2026-04-27,28.940,30.020,31.140,28.930,122544.000
600323,2026-04-28,29.750,30.530,30.720,29.710,78726.000
600323,2026-04-29,30.990,31.670,32.190,30.610,134709.000
600323,2026-04-30,31.530,31.210,31.530,30.880,69362.000
600323,2026-05-06,31.380,31.160,31.620,30.780,92505.000
600323,2026-05-07,31.290,30.950,31.460,30.540,53235.000
600323,2026-05-08,30.950,30.630,31.480,30.330,66008.000
600323,2026-05-11,30.530,29.570,30.600,29.400,114438.000
600323,2026-05-12,29.570,30.770,30.800,29.500,77216.000
600323,2026-05-13,30.600,30.170,31.030,29.800,67692.000
600323,2026-05-14,30.170,30.350,30.520,29.850,67132.000
600323,2026-05-15,30.210,29.660,30.320,29.440,71844.000
600323,2026-05-18,29.720,29.730,30.490,29.560,57426.000
600323,2026-05-19,29.730,30.070,30.290,29.510,40253.000
600323,2026-05-20,29.720,29.690,30.000,29.320,46392.000
600323,2026-05-21,29.610,29.750,30.350,29.460,52339.000
600323,2026-05-22,29.830,29.680,29.910,29.420,38231.000
600323,2026-05-25,29.750,29.190,29.800,29.110,71980.000
600323,2026-05-26,29.140,29.690,29.850,28.920,59830.000
600323,2026-05-27,29.700,29.880,30.200,29.310,59932.000
600323,2026-05-28,29.810,28.900,29.880,28.710,80948.000
600323,2026-05-29,28.910,29.850,30.020,28.650,71490.000
600323,2026-06-01,30.080,30.620,30.700,29.780,99336.000
600323,2026-06-02,30.330,30.200,31.090,29.960,82769.000
600323,2026-06-03,30.200,29.930,30.580,29.350,72748.000
600323,2026-06-04,29.870,29.650,30.120,29.540,57111.000
600323,2026-06-05,29.870,29.110,30.070,29.010,69184.000
600323,2026-06-08,28.930,29.330,29.430,28.800,67467.000
600323,2026-06-09,29.120,29.040,29.330,28.850,50418.000
600323,2026-06-10,28.870,29.460,29.560,28.580,65547.000
600323,2026-06-11,29.470,29.380,29.900,28.900,46800.000
600323,2026-06-12,29.380,29.680,29.980,28.960,65183.000
600323,2026-06-15,29.750,29.550,30.050,29.300,57137.000
600323,2026-06-16,29.540,28.090,29.540,27.610,147568.000
600323,2026-06-17,27.900,28.050,28.400,27.660,65987.000
600323,2026-06-18,28.100,28.120,28.180,27.100,58503.000
600323,2026-06-22,27.600,27.240,27.640,26.730,69986.000
600323,2026-06-23,27.020,27.250,27.850,26.820,45497.000
600323,2026-06-24,27.790,26.670,28.110,26.640,52798.000
600323,2026-06-25,26.550,26.540,26.900,25.960,82517.000
600323,2026-06-26,26.350,26.750,27.030,26.300,60821.000
600323,2026-06-29,26.550,27.410,27.780,26.140,75678.000
600323,2026-06-30,27.410,26.660,27.850,26.400,72302.000
600323,2026-07-01,26.320,26.800,27.020,26.250,51420.000
600323,2026-07-02,26.950,27.350,27.480,26.840,46822.000
600323,2026-07-03,27.540,27.510,27.980,27.340,53971.000
600323,2026-07-06,27.550,28.200,28.480,27.130,59155.000
600323,2026-07-07,28.270,28.200,28.650,27.760,50163.000
600323,2026-07-08,28.300,28.300,28.870,27.880,50112.000
600323,2026-07-09,28.240,27.730,28.510,27.700,42129.000
600323,2026-07-10,27.740,27.100,28.000,26.970,56149.000
600323,2026-07-13,27.300,28.030,28.090,27.010,79368.000
600323,2026-07-14,28.010,29.190,29.310,27.980,103438.000
600323,2026-07-15,28.980,29.500,29.550,28.800,55515.000
600323,2026-07-16,29.680,29.350,29.740,28.900,50567.000
600323,2026-07-17,29.520,29.260,29.920,29.180,69572.000
600323,2026-07-20,29.260,30.600,31.120,29.210,133184.000
600323,2026-07-21,30.800,30.190,31.300,30.070,97263.000
600323,2026-07-22,30.090,30.170,30.440,29.510,76363.000
600323,2026-07-23,30.080,30.200,30.270,29.720,40407.000
600323,2026-07-24,30.240,30.070,30.370,29.840,39726.000
600323,2026-07-27,29.850,29.860,30.520,29.810,49986.000
600323,2026-07-28,29.930,29.770,29.930,29.450,52034.000
600323,2026-07-29,29.780,31.200,31.330,29.480,96749.000
600323,2026-07-30,31.210,31.580,31.850,30.900,69371.000
600323,2026-07-31,31.280,30.960,31.500,30.220,75593.000
600323,2026-08-03,30.710,31.200,31.500,30.710,56084.000
600323,2026-08-04,31.010,30.720,31.180,30.500,75308.000
600323,2026-08-05,30.510,30.340,30.800,30.000,58082.000
600323,2026-08-06,30.310,30.210,30.500,29.880,56888.000
600323,2026-08-07,30.260,29.420,30.260,29.390,94075.000
600323,2026-08-10,29.520,29.980,30.270,29.220,77955.000
600323,2026-08-11,29.930,29.820,30.420,29.760,42641.000
600323,2026-08-12,29.810,29.600,29.850,29.380,40941.000
600323,2026-08-13,29.690,29.610,29.780,29.320,47590.000
600323,2026-08-14,29.770,29.440,29.770,29.400,27908.000
600323,2026-08-17,29.590,29.420,29.590,29.240,47343.000
600323,2026-08-18,29.430,29.210,29.610,29.130,48305.000
600323,2026-08-19,29.300,29.940,30.020,29.300,83123.000
600323,2026-08-20,29.940,29.600,30.470,29.600,45541.000
600323,2026-08-21,29.610,29.260,29.830,29.240,33270.000
600323,2026-08-24,29.270,29.600,29.910,29.230,45023.000
600323,2026-08-25,29.790,29.730,30.100,29.570,37906.000
600323,2026-08-26,29.870,30.100,30.280,29.680,37329.000
600323,2026-08-27,30.150,29.990,30.210,29.740,39153.000
600323,2026-08-28,30.000,30.230,30.230,29.660,27445.000
600323,2026-08-31,30.290,30.440,30.890,30.130,62804.000
600323,2026-09-01,30.350,30.710,30.840,30.150,55175.000
600323,2026-09-02,30.570,30.180,30.640,29.900,52552.000
600323,2026-09-03,30.200,30.000,30.580,29.960,41155.000
600323,2026-09-04,30.140,29.990,30.270,29.870,42140.000
300861,2026-01-09,15.151,15.561,15.931,15.061,161878.000
300861,2026-01-12,15.551,15.911,15.911,15.391,139872.000
300861,2026-01-13,16.061,15.531,16.081,15.431,96974.000
300861,2026-01-14,15.511,15.401,15.721,15.171,111722.000
300861,2026-01-15,15.211,15.341,15.461,15.211,64470.000
300861,2026-01-16,15.421,15.561,15.641,15.351,68813.000
300861,2026-01-19,15.451,15.781,15.821,15.421,74996.000
300861,2026-01-20,15.751,15.591,15.881,15.491,68966.000
300861,2026-01-21,15.491,15.771,15.871,15.491,79957.000
300861,2026-01-22,15.761,15.901,16.021,15.741,74168.000
300861,2026-01-23,15.921,19.121,19.121,15.921,590580.000
300861,2026-01-26,18.771,17.831,18.771,17.621,593767.000
300861,2026-01-27,17.831,17.821,17.891,17.191,302911.000
300861,2026-01-28,17.641,17.361,17.791,17.261,228362.000
300861,2026-01-29,17.221,17.111,17.661,17.021,230384.000
300861,2026-01-30,17.031,16.741,17.171,16.271,204282.000
300861,2026-02-02,16.631,16.401,16.911,16.321,154004.000
300861,2026-02-03,16.551,17.091,17.171,16.521,216453.000
300861,2026-02-04,17.071,18.551,19.061,16.971,505216.000
300861,2026-02-05,18.011,17.721,18.241,17.691,270358.000
300861,2026-02-06,17.521,17.481,17.801,17.271,191649.000
300861,2026-02-09,17.751,19.601,19.771,17.731,473919.000
300861,2026-02-10,19.321,18.951,19.481,18.771,276785.000
300861,2026-02-11,19.331,19.311,20.011,19.151,329484.000
300861,2026-02-12,19.381,19.131,19.631,18.981,185735.000
300861,2026-02-13,19.111,18.451,19.111,18.421,167889.000
300861,2026-02-24,18.741,18.821,18.961,18.481,158017.000
300861,2026-02-25,18.721,18.691,19.011,18.641,157622.000
300861,2026-02-26,18.691,18.761,18.961,18.451,126490.000
300861,2026-02-27,18.621,18.841,18.951,18.491,166863.000
300861,2026-03-02,18.421,18.301,19.201,18.241,206495.000
300861,2026-03-03,18.451,17.941,19.171,17.871,205054.000
300861,2026-03-04,17.481,17.701,18.311,17.321,178435.000
300861,2026-03-05,18.221,17.671,18.231,17.411,135702.000
300861,2026-03-06,17.501,17.501,17.621,17.231,102314.000
300861,2026-03-09,17.201,17.341,17.411,16.761,112375.000
300861,2026-03-10,17.351,17.681,17.781,17.281,106527.000
300861,2026-03-11,17.731,17.571,17.951,17.481,127545.000
300861,2026-03-12,17.491,17.401,17.671,17.221,114470.000
300861,2026-03-13,17.461,17.441,17.891,17.351,134212.000
300861,2026-03-16,17.471,17.421,17.571,17.181,111317.000
300861,2026-03-17,17.451,17.161,17.801,17.161,117976.000
300861,2026-03-18,17.231,17.141,17.411,16.961,81720.000
300861,2026-03-19,16.921,16.751,17.131,16.681,82455.000
300861,2026-03-20,16.771,16.791,17.491,16.581,159485.000
300861,2026-03-23,16.531,15.951,16.791,15.771,148902.000
300861,2026-03-24,16.271,16.031,16.331,15.441,128513.000
300861,2026-03-25,16.021,16.041,16.351,15.921,103046.000
300861,2026-03-26,16.051,15.681,16.161,15.601,93241.000
300861,2026-03-27,15.551,16.041,16.181,15.471,79212.000
300861,2026-03-30,15.831,15.811,15.941,15.471,84929.000
300861,2026-03-31,15.711,15.451,15.941,15.441,70855.000
300861,2026-04-01,15.731,15.871,15.901,15.551,86298.000
300861,2026-04-02,15.821,15.521,15.841,15.411,69505.000
300861,2026-04-03,15.531,15.241,15.591,15.231,49720.000
300861,2026-04-07,15.271,15.241,15.471,15.121,54921.000
300861,2026-04-08,15.571,15.921,15.921,15.521,84611.000
300861,2026-04-09,15.841,15.581,15.841,15.561,70750.000
300861,2026-04-10,15.801,15.941,16.141,15.741,80981.000
300861,2026-04-13,15.861,16.111,16.211,15.781,67991.000
300861,2026-04-14,16.201,16.261,16.341,16.091,64586.000
300861,2026-04-15,16.471,16.281,16.471,16.221,73375.000
300861,2026-04-16,16.281,16.701,16.811,16.221,86265.000
300861,2026-04-17,16.661,17.081,17.211,16.621,91628.000
300861,2026-04-20,17.061,17.101,17.531,16.951,122228.000
300861,2026-04-21,17.041,16.921,17.191,16.821,78900.000
300861,2026-04-22,16.831,16.911,17.001,16.651,66691.000
300861,2026-04-23,16.851,16.621,16.991,16.481,69868.000
300861,2026-04-24,16.521,16.951,17.311,16.521,127082.000
300861,2026-04-27,16.881,17.451,17.571,16.871,118008.000
300861,2026-04-28,17.541,17.661,18.461,17.451,223219.000
300861,2026-04-29,17.751,18.801,19.181,17.681,403747.000
300861,2026-04-30,18.831,19.611,19.821,18.731,398136.000
300861,2026-05-06,19.811,20.081,20.401,19.721,349354.000
300861,2026-05-07,20.101,19.811,20.321,19.671,254538.000
300861,2026-05-08,19.751,20.091,20.501,19.621,221264.000
300861,2026-05-11,20.491,20.851,21.421,20.441,264759.000
300861,2026-05-12,20.771,20.521,21.081,20.331,189115.000
300861,2026-05-13,20.401,20.761,20.921,20.071,182449.000
300861,2026-05-14,20.671,21.021,21.481,20.621,243593.000
300861,2026-05-15,21.001,20.411,21.101,20.261,193654.000
300861,2026-05-18,20.221,20.531,21.181,20.171,212816.000
300861,2026-05-19,20.541,20.221,20.821,19.971,168957.000
300861,2026-05-20,19.931,20.641,20.901,19.931,166934.000
300861,2026-05-21,20.721,20.111,21.321,20.081,186444.000
300861,2026-05-22,20.031,21.421,21.631,19.981,245841.000
300861,2026-05-25,21.851,21.241,22.381,20.921,228507.000
300861,2026-05-26,20.911,20.851,21.091,20.321,191825.000
300861,2026-05-27,20.741,20.801,21.521,20.521,183214.000
300861,2026-05-28,20.601,21.811,21.861,20.361,308470.000
300861,2026-05-29,21.661,19.731,21.661,19.561,416002.000
300861,2026-06-01,19.671,19.011,20.001,19.001,260079.000
300861,2026-06-02,19.001,18.581,19.121,18.131,185207.000
300861,2026-06-03,18.581,18.591,19.301,18.411,164850.000
300861,2026-06-04,18.391,18.301,18.821,17.811,191703.000
300861,2026-06-05,18.221,18.271,19.001,17.471,189691.000
300861,2026-06-08,17.621,17.341,18.191,17.051,186658.000
300861,2026-06-09,17.521,18.421,18.451,17.231,200756.000
300861,2026-06-10,18.151,18.231,18.601,17.811,142094.000
300861,2026-06-11,18.101,18.281,18.521,17.851,162072.000
300861,2026-06-12,18.571,18.451,19.771,18.361,248459.000
300861,2026-06-15,18.821,19.561,19.661,18.611,224124.000
300861,2026-06-16,19.491,20.231,20.481,19.331,198911.000
300861,2026-06-17,20.051,20.091,20.171,19.781,153004.000
300861,2026-06-18,20.091,24.141,24.141,19.961,447007.000
300861,2026-06-22,26.831,25.221,27.801,23.511,886056.000
300861,2026-06-23,24.811,23.771,25.061,23.481,473617.000
300861,2026-06-24,23.561,24.981,25.491,23.261,474759.000
300861,2026-06-25,25.371,24.751,26.291,24.061,378032.000
300861,2026-06-26,24.781,24.501,25.301,24.131,329395.000
300861,2026-06-29,24.621,23.281,24.961,22.791,356669.000
300861,2026-06-30,23.061,25.011,25.311,22.871,343874.000
300861,2026-07-01,25.421,24.851,25.941,24.191,496470.000
300861,2026-07-02,23.621,23.971,25.191,23.171,404898.000
300861,2026-07-03,23.821,22.651,24.001,22.621,338967.000
300861,2026-07-06,22.841,21.981,23.441,21.921,252865.000
300861,2026-07-07,21.810,21.760,22.420,21.330,189929.000
300861,2026-07-08,21.710,20.080,21.870,20.040,250606.000
300861,2026-07-09,20.170,20.790,21.190,19.280,261660.000
300861,2026-07-10,21.420,21.950,24.950,21.200,844707.000
300861,2026-07-13,21.510,19.690,22.000,19.530,469811.000
300861,2026-07-14,19.810,19.340,20.180,18.570,314932.000
300861,2026-07-15,19.590,18.630,19.850,18.540,239755.000
300861,2026-07-16,18.470,17.520,18.510,17.420,237735.000
300861,2026-07-17,17.510,16.140,17.530,16.070,246784.000
300861,2026-07-20,16.380,15.130,16.490,14.800,266442.000
300861,2026-07-21,15.180,15.950,15.960,14.270,286128.000
300861,2026-07-22,15.600,15.610,16.060,15.510,210021.000
300861,2026-07-23,15.610,15.820,15.840,15.460,148110.000
300861,2026-07-24,15.520,15.250,15.710,15.130,136029.000
300861,2026-07-27,15.320,15.950,15.950,15.000,139433.000
300861,2026-07-28,15.600,15.480,15.950,15.400,127231.000
300861,2026-07-29,15.570,15.900,15.930,15.110,171423.000
300861,2026-07-30,15.750,15.570,15.950,15.330,161377.000
300861,2026-07-31,16.040,15.800,16.410,15.750,217761.000
300861,2026-08-03,15.670,16.020,16.040,15.670,143815.000
300861,2026-08-04,16.080,16.450,16.510,15.970,159231.000
300861,2026-08-05,16.300,16.900,17.020,16.260,187281.000
300861,2026-08-06,16.800,17.200,17.340,16.720,185078.000
300861,2026-08-07,17.100,17.330,17.370,16.810,166479.000
300861,2026-08-10,17.330,17.370,17.680,17.030,128988.000
300861,2026-08-11,17.300,17.300,17.530,17.150,115751.000
300861,2026-08-12,17.300,17.540,17.650,17.280,113416.000
300861,2026-08-13,17.690,17.070,17.690,17.070,129904.000
300861,2026-08-14,17.100,17.260,17.320,16.930,107979.000
300861,2026-08-17,17.380,17.860,17.900,17.270,128005.000
300861,2026-08-18,17.800,17.780,18.040,17.460,117404.000
300861,2026-08-19,17.450,16.720,17.490,16.600,152752.000
300861,2026-08-20,16.850,16.850,17.150,16.740,87360.000
300861,2026-08-21,16.690,16.800,16.950,16.470,81294.000
300861,2026-08-24,16.800,16.630,17.080,16.310,85116.000
300861,2026-08-25,16.400,16.590,16.600,15.820,126642.000
300861,2026-08-26,16.700,16.460,16.700,16.160,119143.000
300861,2026-08-27,16.450,16.930,16.950,16.410,118234.000
300861,2026-08-28,16.890,16.790,17.060,16.730,89000.000
300861,2026-08-31,16.570,16.750,16.870,16.430,95438.000
300861,2026-09-01,16.780,16.580,16.800,16.500,80081.000
300861,2026-09-02,16.420,16.290,16.490,16.120,75450.000
300861,2026-09-03,16.500,16.380,16.550,16.180,72829.000
300861,2026-09-04,16.410,16.170,16.730,16.040,111100.000
300127,2026-01-09,32.050,33.370,33.600,32.000,203501.000
300127,2026-01-12,33.170,33.890,34.110,32.600,203987.000
300127,2026-01-13,33.700,32.320,33.710,32.250,132662.000
300127,2026-01-14,32.400,33.080,34.050,31.730,165793.000
300127,2026-01-15,32.760,33.370,33.900,32.650,138989.000
300127,2026-01-16,33.160,34.330,34.400,32.870,192409.000
300127,2026-01-19,33.990,34.090,34.830,33.770,145466.000
300127,2026-01-20,33.820,33.300,34.290,33.010,103680.000
300127,2026-01-21,32.990,33.060,33.800,32.810,87335.000
300127,2026-01-22,33.150,33.400,33.890,33.010,78665.000
300127,2026-01-23,33.420,34.120,34.250,33.100,121324.000
300127,2026-01-26,34.310,34.030,34.500,33.700,119103.000
300127,2026-01-27,33.830,33.600,34.450,33.200,102093.000
300127,2026-01-28,33.550,36.280,36.290,32.880,307492.000
300127,2026-01-29,36.310,37.990,41.600,34.810,421765.000
300127,2026-01-30,36.320,35.040,36.540,33.870,244134.000
300127,2026-02-02,33.640,33.360,34.950,33.180,165358.000
300127,2026-02-03,34.400,35.190,35.500,33.700,156042.000
300127,2026-02-04,35.110,34.530,35.500,34.200,103895.000
300127,2026-02-05,34.170,33.120,34.450,32.760,105660.000
300127,2026-02-06,32.540,33.340,34.060,32.490,86131.000
300127,2026-02-09,33.950,34.690,35.290,33.700,117528.000
300127,2026-02-10,34.460,35.360,35.730,34.460,117918.000
300127,2026-02-11,35.020,36.600,38.400,34.950,211701.000
300127,2026-02-12,36.360,36.890,37.280,35.950,157027.000
300127,2026-02-13,36.600,36.240,37.090,36.180,101616.000
300127,2026-02-24,36.520,36.360,36.980,36.200,98087.000
300127,2026-02-25,36.700,37.780,38.400,36.430,206616.000
300127,2026-02-26,37.020,37.450,37.520,36.680,128779.000
300127,2026-02-27,37.230,38.410,38.680,37.110,153232.000
300127,2026-03-02,38.380,37.610,39.170,36.790,135946.000
300127,2026-03-03,37.410,35.700,37.670,35.530,128580.000
300127,2026-03-04,35.080,36.000,37.090,35.080,86007.000
300127,2026-03-05,36.500,35.750,36.930,35.410,79831.000
300127,2026-03-06,35.550,35.540,36.370,35.210,62940.000
300127,2026-03-09,34.930,34.790,35.280,33.340,91423.000
300127,2026-03-10,35.110,35.570,35.580,34.860,59923.000
300127,2026-03-11,35.430,34.640,36.000,34.560,67824.000
300127,2026-03-12,34.600,34.400,34.950,33.610,64092.000
300127,2026-03-13,33.640,32.760,33.800,32.650,88235.000
300127,2026-03-16,32.820,32.550,32.950,31.710,52534.000
300127,2026-03-17,32.590,31.580,32.850,31.580,47516.000
300127,2026-03-18,31.780,31.930,32.050,31.320,40359.000
300127,2026-03-19,31.530,30.880,31.670,30.670,42309.000
300127,2026-03-20,31.300,30.180,31.440,30.160,42925.000
300127,2026-03-23,29.800,28.660,30.180,28.490,66062.000
300127,2026-03-24,29.280,29.200,29.280,28.240,54710.000
300127,2026-03-25,29.590,29.760,30.010,29.350,52285.000
300127,2026-03-26,29.750,29.160,29.820,29.030,39888.000
300127,2026-03-27,28.610,29.780,29.850,28.610,45403.000
300127,2026-03-30,29.390,28.680,29.690,28.300,87612.000
300127,2026-03-31,28.610,28.060,28.870,28.060,47002.000
300127,2026-04-01,28.600,28.840,28.970,28.470,53061.000
300127,2026-04-02,28.610,28.010,28.630,27.750,37218.000
300127,2026-04-03,28.300,27.600,28.300,27.500,27199.000
300127,2026-04-07,27.610,28.350,28.670,27.560,42692.000
300127,2026-04-08,29.020,29.590,29.600,28.600,65293.000
300127,2026-04-09,29.370,29.690,30.260,29.160,90315.000
300127,2026-04-10,29.730,29.640,30.030,29.550,58043.000
300127,2026-04-13,30.000,29.840,30.190,29.520,65223.000
300127,2026-04-14,30.070,29.920,30.090,29.580,56312.000
300127,2026-04-15,30.040,29.720,30.680,29.630,55144.000
300127,2026-04-16,29.670,30.200,30.300,29.560,51126.000
300127,2026-04-17,29.400,30.030,30.330,29.350,61467.000
300127,2026-04-20,30.090,30.650,30.840,30.060,64286.000
300127,2026-04-21,30.700,30.840,31.140,30.430,63966.000
300127,2026-04-22,30.690,30.480,30.690,30.130,51135.000
300127,2026-04-23,30.490,29.200,30.580,29.100,61401.000
300127,2026-04-24,29.300,28.690,29.350,28.390,40199.000
300127,2026-04-27,29.270,29.800,30.200,29.100,73025.000
300127,2026-04-28,29.580,29.650,30.020,29.280,44510.000
300127,2026-04-29,29.490,30.900,31.050,29.480,101656.000
300127,2026-04-30,30.630,30.950,31.060,30.390,72479.000
300127,2026-05-06,31.150,31.940,32.030,30.770,102493.000
300127,2026-05-07,32.020,31.630,32.020,31.500,66974.000
300127,2026-05-08,31.380,31.660,31.810,31.360,58205.000
300127,2026-05-11,31.850,32.790,32.930,31.680,113237.000
300127,2026-05-12,32.810,31.770,32.880,31.600,83606.000
300127,2026-05-13,31.930,32.080,32.370,31.700,64928.000
300127,2026-05-14,31.910,31.190,32.010,31.110,60406.000
300127,2026-05-15,31.300,31.780,32.530,31.200,85452.000
300127,2026-05-18,31.390,31.350,31.620,30.690,56461.000
300127,2026-05-19,31.200,31.050,31.380,30.480,47085.000
300127,2026-05-20,30.930,31.030,31.420,30.270,55505.000
300127,2026-05-21,31.150,30.130,31.640,30.110,63456.000
300127,2026-05-22,30.310,31.030,31.280,29.990,54753.000
300127,2026-05-25,31.150,31.110,31.350,30.400,48987.000
300127,2026-05-26,30.900,30.870,30.970,30.330,44582.000
300127,2026-05-27,30.730,29.600,31.030,29.400,53939.000
300127,2026-05-28,29.650,30.280,30.580,29.330,52567.000
300127,2026-05-29,30.390,28.050,30.490,27.910,70610.000
300127,2026-06-01,28.200,27.830,28.710,27.780,46660.000
300127,2026-06-02,27.820,27.480,27.990,26.880,55501.000
300127,2026-06-03,27.350,27.380,28.040,27.120,55958.000
300127,2026-06-04,27.100,27.270,27.530,26.210,51857.000
300127,2026-06-05,27.210,28.570,29.560,26.820,104820.000
300127,2026-06-08,28.100,27.180,28.940,26.710,74195.000
300127,2026-06-09,27.520,27.910,28.230,27.080,67769.000
300127,2026-06-10,27.640,27.930,28.690,27.530,64856.000
300127,2026-06-11,27.780,27.520,27.950,27.010,53247.000
300127,2026-06-12,27.820,28.260,29.250,27.820,79279.000
300127,2026-06-15,28.410,28.790,29.060,28.180,66877.000
300127,2026-06-16,28.580,29.920,30.390,28.450,112379.000
300127,2026-06-17,29.340,29.230,29.810,28.900,71722.000
300127,2026-06-18,29.030,30.160,30.580,28.860,102008.000
300127,2026-06-22,30.300,30.820,30.850,29.800,109083.000
300127,2026-06-23,30.500,29.510,30.870,29.300,83616.000
300127,2026-06-24,29.500,28.760,29.720,28.470,65659.000
300127,2026-06-25,28.520,29.460,30.190,28.000,97878.000
300127,2026-06-26,29.170,27.700,29.170,27.550,72831.000
300127,2026-06-29,27.520,26.970,28.210,26.340,63997.000
300127,2026-06-30,26.980,27.950,28.170,26.460,58749.000
300127,2026-07-01,27.800,28.580,29.470,27.800,79049.000
300127,2026-07-02,28.380,29.640,31.170,27.930,135263.000
300127,2026-07-03,29.540,29.740,30.350,29.040,97479.000
300127,2026-07-06,29.600,28.140,30.150,28.110,69973.000
300127,2026-07-07,28.000,27.600,29.190,27.460,56750.000
300127,2026-07-08,27.510,26.400,27.900,26.100,66446.000
300127,2026-07-09,26.100,25.390,26.500,24.460,67758.000
300127,2026-07-10,25.400,25.610,26.620,25.260,61079.000
300127,2026-07-13,25.610,23.880,25.880,23.780,60322.000
300127,2026-07-14,23.880,24.580,24.580,23.720,48141.000
300127,2026-07-15,24.430,23.920,24.990,23.800,37515.000
300127,2026-07-16,23.820,23.470,23.990,23.420,33671.000
300127,2026-07-17,23.470,22.370,23.550,22.220,44617.000
300127,2026-07-20,22.600,22.000,22.880,21.500,48694.000
300127,2026-07-21,22.020,22.720,22.750,21.420,51596.000
300127,2026-07-22,22.570,22.360,22.990,22.240,41277.000
300127,2026-07-23,22.320,22.850,22.880,22.180,32446.000
300127,2026-07-24,22.520,22.100,22.560,22.000,28172.000
300127,2026-07-27,22.250,22.680,22.720,22.030,26648.000
300127,2026-07-28,22.430,22.700,22.830,22.380,29314.000
300127,2026-07-29,22.710,23.360,23.560,22.380,45483.000
300127,2026-07-30,23.300,23.090,23.570,22.880,36688.000
300127,2026-07-31,23.410,23.320,23.970,23.320,38803.000
300127,2026-08-03,23.340,23.710,23.880,23.250,34361.000
300127,2026-08-04,23.790,23.940,24.050,23.710,31422.000
300127,2026-08-05,24.500,24.710,25.180,24.400,75014.000
300127,2026-08-06,25.270,26.800,28.880,24.860,160254.000
300127,2026-08-07,26.100,27.020,28.500,25.780,176870.000
300127,2026-08-10,26.940,26.230,27.000,25.900,121370.000
300127,2026-08-11,25.850,25.440,25.980,25.390,77913.000
300127,2026-08-12,25.380,25.580,25.650,25.230,48659.000
300127,2026-08-13,25.660,25.000,26.060,25.000,57795.000
300127,2026-08-14,25.000,25.450,25.900,24.930,55418.000
300127,2026-08-17,25.390,25.760,25.790,25.050,49421.000
300127,2026-08-18,25.520,25.780,26.000,25.410,42611.000
300127,2026-08-19,25.530,24.710,25.530,24.580,43192.000
300127,2026-08-20,25.070,24.750,25.290,24.610,36296.000
300127,2026-08-21,24.590,24.710,24.820,24.180,31816.000
300127,2026-08-24,25.400,25.050,25.930,24.610,62367.000
300127,2026-08-25,24.950,25.210,25.980,24.590,69934.000
300127,2026-08-26,24.850,24.920,25.450,24.710,50278.000
300127,2026-08-27,24.790,25.380,25.450,24.710,51123.000
300127,2026-08-28,25.370,25.070,25.490,25.030,37672.000
300127,2026-08-31,24.720,25.010,25.040,24.320,38146.000
300127,2026-09-01,25.010,24.680,25.020,24.590,29065.000
300127,2026-09-02,24.400,24.260,24.480,23.940,33941.000
300127,2026-09-03,24.500,24.680,25.080,24.310,49924.000
300127,2026-09-04,24.780,24.260,24.990,24.130,50029.000
600801,2026-01-09,24.620,24.370,24.630,24.090,88798.000
600801,2026-01-12,24.110,23.320,24.510,22.750,245654.000
600801,2026-01-13,23.390,23.370,23.770,23.110,127542.000
600801,2026-01-14,23.420,23.450,23.590,22.840,130736.000
600801,2026-01-15,23.370,23.690,23.790,23.280,75868.000
600801,2026-01-16,23.750,23.880,24.270,23.660,82075.000
600801,2026-01-19,23.950,24.440,24.750,23.660,103287.000
600801,2026-01-20,24.590,24.890,24.980,24.280,98833.000
600801,2026-01-21,24.780,25.070,25.100,24.460,74164.000
600801,2026-01-22,25.190,25.640,25.750,25.010,89068.000
600801,2026-01-23,25.690,25.880,26.210,24.920,126640.000
600801,2026-01-26,25.700,25.930,26.230,25.610,101542.000
600801,2026-01-27,25.850,25.480,26.080,25.320,87528.000
600801,2026-01-28,25.420,25.770,26.020,25.110,102807.000
600801,2026-01-29,25.560,25.330,25.680,24.050,360204.000
600801,2026-01-30,25.230,24.790,25.620,23.850,234481.000
600801,2026-02-02,24.290,22.810,24.520,22.560,293187.000
600801,2026-02-03,23.270,23.480,23.630,23.000,143398.000
600801,2026-02-04,23.630,24.100,24.240,23.390,143762.000
600801,2026-02-05,24.160,23.770,24.450,23.690,80528.000
600801,2026-02-06,23.770,23.200,23.940,23.190,95804.000
600801,2026-02-09,23.530,23.150,23.530,22.980,108921.000
600801,2026-02-10,23.160,22.780,23.180,22.690,110309.000
600801,2026-02-11,22.770,23.190,23.520,22.630,86516.000
600801,2026-02-12,23.120,23.020,23.440,22.950,58994.000
600801,2026-02-13,23.020,22.530,23.170,22.400,94244.000
600801,2026-02-24,22.540,22.380,22.640,22.300,79547.000
600801,2026-02-25,22.510,23.410,23.940,22.500,148915.000
600801,2026-02-26,23.300,23.390,23.460,22.620,160128.000
600801,2026-02-27,23.280,23.090,23.490,22.900,66569.000
600801,2026-03-02,22.740,23.740,24.020,22.610,141043.000
600801,2026-03-03,23.730,23.490,24.040,23.260,116199.000
600801,2026-03-04,23.190,22.870,23.870,22.850,101605.000
600801,2026-03-05,22.980,22.790,23.180,22.610,90419.000
600801,2026-03-06,22.690,23.150,23.390,22.390,90232.000
600801,2026-03-09,22.790,22.490,22.980,22.310,108015.000
600801,2026-03-10,22.590,22.820,22.970,22.450,87077.000
600801,2026-03-11,22.840,22.890,23.060,22.730,74866.000
600801,2026-03-12,22.980,22.610,23.010,22.390,81700.000
600801,2026-03-13,22.620,22.750,23.340,22.620,79865.000
600801,2026-03-16,22.750,21.290,22.830,21.090,198453.000
600801,2026-03-17,21.460,21.250,21.830,21.250,104565.000
600801,2026-03-18,21.490,21.300,21.590,20.980,95371.000
600801,2026-03-19,21.040,20.440,21.290,20.310,123001.000
600801,2026-03-20,20.430,20.160,20.660,20.130,98170.000
600801,2026-03-23,19.920,19.290,20.070,19.150,161222.000
600801,2026-03-24,19.590,19.680,19.770,19.200,97583.000
600801,2026-03-25,19.900,20.230,20.370,19.820,89729.000
600801,2026-03-26,20.370,19.760,20.370,19.720,70650.000
600801,2026-03-27,19.740,20.190,20.690,19.290,133384.000
600801,2026-03-30,19.840,20.870,21.200,19.600,166011.000
600801,2026-03-31,21.010,20.990,21.290,20.820,133464.000
600801,2026-04-01,22.820,22.550,23.110,21.850,372670.000
600801,2026-04-02,22.320,22.690,22.920,22.090,225624.000
600801,2026-04-03,22.720,22.820,23.190,22.330,152179.000
600801,2026-04-07,22.720,23.150,23.590,22.720,134584.000
600801,2026-04-08,23.340,23.370,23.680,23.030,178844.000
600801,2026-04-09,23.200,23.450,23.530,23.080,120045.000
600801,2026-04-10,23.450,22.980,23.670,22.930,112680.000
600801,2026-04-13,22.980,22.890,23.390,22.650,138206.000
600801,2026-04-14,22.850,22.360,22.990,22.240,172977.000
600801,2026-04-15,22.490,22.590,22.820,22.400,111201.000
600801,2026-04-16,22.610,22.930,23.040,22.370,90664.000
600801,2026-04-17,22.750,22.800,22.980,22.640,76405.000
600801,2026-04-20,22.700,22.520,22.950,22.430,86399.000
600801,2026-04-21,22.590,22.770,23.050,22.350,75839.000
600801,2026-04-22,22.610,22.530,22.750,22.400,57378.000
600801,2026-04-23,22.440,22.790,23.040,22.350,87262.000
600801,2026-04-24,22.670,22.890,23.170,22.640,91689.000
600801,2026-04-27,22.900,22.370,23.060,22.330,84155.000
600801,2026-04-28,22.390,22.170,22.620,22.010,94332.000
600801,2026-04-29,22.550,22.320,22.670,22.070,105535.000
600801,2026-04-30,22.410,21.300,22.410,20.790,235059.000
600801,2026-05-06,21.310,21.200,21.470,20.800,254244.000
600801,2026-05-07,21.280,21.280,21.670,21.110,164209.000
600801,2026-05-08,21.140,20.750,21.190,20.590,175301.000
600801,2026-05-11,20.790,20.480,20.920,20.390,160262.000
600801,2026-05-12,20.540,21.170,21.220,20.450,198532.000
600801,2026-05-13,20.980,20.910,21.130,20.750,130611.000
600801,2026-05-14,21.090,20.260,21.100,20.220,110579.000
600801,2026-05-15,20.400,19.790,20.400,19.660,104867.000
600801,2026-05-18,19.670,18.980,19.880,18.740,154352.000
600801,2026-05-19,19.090,18.750,19.120,18.650,79811.000
600801,2026-05-20,18.690,18.750,18.890,18.420,79033.000
600801,2026-05-21,18.850,18.420,19.050,18.420,104510.000
600801,2026-05-22,18.420,18.420,18.860,18.170,114953.000
600801,2026-05-25,18.430,18.340,18.640,18.090,87507.000
600801,2026-05-26,18.470,19.040,19.200,18.260,175635.000
600801,2026-05-27,18.860,18.750,19.250,18.340,154743.000
600801,2026-05-28,18.790,18.300,18.790,18.040,118240.000
600801,2026-05-29,18.610,18.430,18.740,18.390,105238.000
600801,2026-06-01,18.560,18.640,18.850,18.420,136523.000
600801,2026-06-02,18.640,18.710,19.040,18.570,150558.000
600801,2026-06-03,18.660,18.830,19.320,18.130,162025.000
600801,2026-06-04,18.700,18.740,18.920,18.440,98173.000
600801,2026-06-05,18.790,19.500,19.850,18.740,194210.000
600801,2026-06-08,19.540,18.240,19.550,17.920,241538.000
600801,2026-06-09,19.110,18.100,19.110,17.750,223497.000
600801,2026-06-10,17.930,18.140,18.210,17.840,107409.000
600801,2026-06-11,17.920,18.560,18.690,17.890,141450.000
600801,2026-06-12,18.430,18.820,19.090,18.150,138434.000
600801,2026-06-15,18.940,19.110,19.170,18.440,129837.000
600801,2026-06-16,19.150,19.060,19.320,18.760,103338.000
600801,2026-06-17,19.050,19.000,19.540,18.630,197487.000
600801,2026-06-18,18.860,18.610,19.280,18.430,139390.000
600801,2026-06-22,18.450,18.910,18.940,18.130,121330.000
600801,2026-06-23,18.820,17.390,18.880,17.350,164371.000
600801,2026-06-24,17.470,17.500,17.670,17.220,114800.000
600801,2026-06-25,17.400,17.290,17.730,17.180,139011.000
600801,2026-06-26,17.120,16.980,17.560,16.870,122078.000
600801,2026-06-29,16.980,16.870,17.110,16.600,130016.000
600801,2026-06-30,16.660,15.600,16.990,15.310,344657.000
600801,2026-07-01,15.440,16.740,17.050,14.880,383461.000
600801,2026-07-02,16.830,16.460,17.170,16.350,223455.000
600801,2026-07-03,16.480,18.110,18.110,16.400,176367.000
600801,2026-07-06,17.650,17.950,18.600,17.650,410462.000
600801,2026-07-07,18.120,17.750,18.170,17.160,255319.000
600801,2026-07-08,17.920,17.210,18.100,17.130,196618.000
600801,2026-07-09,17.090,16.900,17.450,16.620,133143.000
600801,2026-07-10,17.030,17.200,17.290,16.540,162350.000
600801,2026-07-13,17.750,18.890,18.900,17.600,413790.000
600801,2026-07-14,18.500,18.980,19.020,18.300,258930.000
600801,2026-07-15,18.790,19.310,19.810,18.610,192795.000
600801,2026-07-16,19.310,18.960,19.680,18.890,132042.000
600801,2026-07-17,18.950,19.960,20.180,18.890,277798.000
600801,2026-07-20,19.690,21.000,21.940,19.440,351151.000
600801,2026-07-21,20.510,20.600,20.790,19.990,240549.000
600801,2026-07-22,20.540,20.770,21.210,20.170,176761.000
600801,2026-07-23,20.620,21.660,21.780,20.280,180722.000
600801,2026-07-24,21.380,21.200,21.730,21.000,127829.000
600801,2026-07-27,20.920,20.850,21.170,20.390,122879.000
600801,2026-07-28,20.840,21.300,21.420,20.650,121504.000
600801,2026-07-29,21.260,22.600,22.780,21.050,247609.000
600801,2026-07-30,22.610,22.470,22.900,22.200,139839.000
600801,2026-07-31,21.900,22.300,22.520,21.550,135885.000
600801,2026-08-03,22.200,21.200,23.130,21.060,313668.000
600801,2026-08-04,21.220,21.460,21.500,20.510,166222.000
600801,2026-08-05,21.400,21.930,22.000,21.000,139928.000
600801,2026-08-06,21.930,23.010,23.120,21.810,238448.000
600801,2026-08-07,22.910,22.850,23.600,22.650,146033.000
600801,2026-08-10,22.800,24.020,24.100,22.500,181981.000
600801,2026-08-11,23.810,24.380,24.550,23.630,147490.000
600801,2026-08-12,24.140,23.280,24.180,23.140,138375.000
600801,2026-08-13,23.410,22.800,23.500,22.800,117021.000
600801,2026-08-14,22.920,22.860,23.060,22.460,73999.000
600801,2026-08-17,23.100,22.870,23.210,22.550,76191.000
600801,2026-08-18,22.760,22.780,23.000,22.410,69977.000
600801,2026-08-19,22.760,22.980,23.280,22.600,86928.000
600801,2026-08-20,22.950,22.770,23.750,22.550,121619.000
600801,2026-08-21,22.720,23.180,23.220,22.320,98033.000
600801,2026-08-24,23.000,23.590,24.060,23.000,128964.000
600801,2026-08-25,23.250,23.300,23.800,23.020,68407.000
600801,2026-08-26,23.400,23.880,24.430,23.100,93629.000
600801,2026-08-27,23.860,23.940,23.970,23.600,46152.000
600801,2026-08-28,24.060,23.970,24.330,23.720,59931.000
600801,2026-08-31,24.180,23.350,24.180,22.930,158917.000
600801,2026-09-01,23.460,24.060,24.450,23.350,125912.000
600801,2026-09-02,23.750,23.360,24.210,22.910,103997.000
600801,2026-09-03,23.330,23.890,24.210,23.210,75667.000
600801,2026-09-04,24.070,24.800,24.970,23.820,152791.000
000049,2026-01-09,26.890,27.100,27.260,26.750,93424.000
000049,2026-01-12,26.960,26.910,27.030,26.400,143454.000
000049,2026-01-13,26.920,26.430,27.070,26.370,105303.000
000049,2026-01-14,26.400,26.540,26.890,26.270,121669.000
000049,2026-01-15,26.270,26.660,26.850,26.270,67546.000
000049,2026-01-16,26.730,26.750,26.850,26.480,77428.000
000049,2026-01-19,26.710,27.060,27.120,26.620,95961.000
000049,2026-01-20,27.060,26.500,27.170,26.350,101948.000
000049,2026-01-21,26.350,26.580,26.840,26.170,70278.000
000049,2026-01-22,26.560,26.500,26.820,26.330,60025.000
000049,2026-01-23,26.470,27.000,27.130,26.440,122932.000
000049,2026-01-26,27.070,26.460,27.130,26.270,102140.000
000049,2026-01-27,26.260,26.030,26.370,25.310,99990.000
000049,2026-01-28,25.960,25.730,26.020,25.700,47023.000
000049,2026-01-29,25.670,25.580,25.860,25.350,52782.000
000049,2026-01-30,25.570,25.820,25.860,25.110,60553.000
000049,2026-02-02,25.750,25.190,25.790,25.170,54468.000
000049,2026-02-03,25.320,25.550,25.570,25.180,31886.000
000049,2026-02-04,25.490,25.840,25.840,25.350,42180.000
000049,2026-02-05,25.760,25.560,25.760,25.400,34144.000
000049,2026-02-06,25.350,25.780,26.020,25.180,51581.000
000049,2026-02-09,25.920,26.070,26.110,25.890,43501.000
000049,2026-02-10,26.050,25.930,26.190,25.920,37274.000
000049,2026-02-11,25.930,26.080,26.170,25.850,25828.000
000049,2026-02-12,26.150,26.470,27.070,26.080,84937.000
000049,2026-02-13,26.380,26.190,26.640,26.190,53032.000
000049,2026-02-24,26.400,26.430,26.560,26.200,38586.000
000049,2026-02-25,26.430,26.570,26.730,26.430,51248.000
000049,2026-02-26,26.740,26.430,26.740,26.370,49983.000
000049,2026-02-27,26.320,26.300,26.490,26.160,46223.000
000049,2026-03-02,26.020,25.530,26.110,25.290,70223.000
000049,2026-03-03,25.630,25.240,26.030,25.180,70736.000
000049,2026-03-04,24.770,24.900,25.380,24.770,47250.000
000049,2026-03-05,25.330,25.050,25.450,24.960,41165.000
000049,2026-03-06,25.090,25.170,25.330,24.970,31854.000
000049,2026-03-09,24.820,25.310,25.410,24.380,68858.000
000049,2026-03-10,25.450,25.590,25.640,25.420,43037.000
000049,2026-03-11,25.550,26.360,26.820,25.470,128616.000
000049,2026-03-12,26.400,26.570,26.590,26.150,83441.000
000049,2026-03-13,26.430,26.860,27.570,26.380,153630.000
000049,2026-03-16,26.890,27.140,27.320,26.400,117808.000
000049,2026-03-17,27.240,26.650,27.770,26.620,90527.000
000049,2026-03-18,26.670,26.560,26.760,26.130,63596.000
000049,2026-03-19,26.280,26.600,26.740,26.090,75053.000
000049,2026-03-20,26.600,27.520,27.950,26.560,238194.000
000049,2026-03-23,27.150,26.380,27.470,26.310,174591.000
000049,2026-03-24,26.910,28.210,28.270,26.480,282056.000
000049,2026-03-25,28.000,27.760,28.310,27.580,212972.000
000049,2026-03-26,27.550,27.300,27.930,27.140,152473.000
000049,2026-03-27,26.850,27.190,27.400,26.670,143782.000
000049,2026-03-30,26.910,27.070,27.270,26.390,129382.000
000049,2026-03-31,26.920,25.810,27.010,25.780,147800.000
000049,2026-04-01,26.250,26.020,26.510,25.750,106217.000
000049,2026-04-02,25.770,25.440,26.160,25.090,96538.000
000049,2026-04-03,25.550,24.330,25.550,24.300,99762.000
000049,2026-04-07,24.440,24.650,25.060,24.220,64373.000
000049,2026-04-08,25.040,25.030,25.160,24.770,116173.000
000049,2026-04-09,24.770,25.210,25.440,24.440,99875.000
000049,2026-04-10,25.400,26.630,27.370,25.390,271581.000
000049,2026-04-13,26.270,26.980,27.070,26.270,154334.000
000049,2026-04-14,27.070,27.340,27.370,26.840,124324.000
000049,2026-04-15,27.370,26.940,27.380,26.870,85369.000
000049,2026-04-16,27.010,27.070,27.440,26.810,83758.000
000049,2026-04-17,27.010,27.590,27.770,26.920,126114.000
000049,2026-04-20,27.590,27.410,27.670,27.310,77938.000
000049,2026-04-21,27.400,29.410,29.550,27.140,323771.000
000049,2026-04-22,29.190,29.940,31.270,29.190,410285.000
000049,2026-04-23,29.570,28.540,29.770,27.740,292989.000
000049,2026-04-24,28.370,28.690,29.170,28.150,246197.000
000049,2026-04-27,28.640,28.410,29.050,28.170,158761.000
000049,2026-04-28,28.240,28.060,28.550,27.810,124890.000
000049,2026-04-29,27.890,29.500,29.950,27.740,279977.000
000049,2026-04-30,29.360,28.810,29.830,28.700,176803.000
000049,2026-05-06,28.970,29.160,29.230,28.820,183607.000
000049,2026-05-07,29.160,28.640,29.170,28.520,164977.000
000049,2026-05-08,28.650,28.360,29.170,28.270,144696.000
000049,2026-05-11,28.270,28.430,28.770,28.270,134122.000
000049,2026-05-12,28.560,27.710,28.560,27.440,145010.000
000049,2026-05-13,27.850,27.990,28.120,27.740,101365.000
000049,2026-05-14,28.330,27.260,28.570,27.260,128280.000
000049,2026-05-15,27.270,26.800,27.610,26.670,130258.000
000049,2026-05-18,26.670,26.890,27.020,26.000,88604.000
000049,2026-05-19,26.960,26.210,26.960,25.690,113129.000
000049,2026-05-20,26.110,26.830,27.170,25.610,122256.000
000049,2026-05-21,26.830,26.190,27.410,26.080,125897.000
000049,2026-05-22,26.190,27.190,27.570,25.960,115938.000
000049,2026-05-25,27.160,26.660,27.230,26.350,97257.000
000049,2026-05-26,26.600,26.330,26.740,25.970,79789.000
000049,2026-05-27,26.230,26.130,26.820,25.910,98278.000
000049,2026-05-28,26.200,26.290,26.420,25.770,70318.000
000049,2026-05-29,26.360,25.320,26.500,25.250,98944.000
000049,2026-06-01,25.330,25.520,25.950,25.330,70977.000
000049,2026-06-02,25.400,25.370,25.700,24.910,70432.000
000049,2026-06-03,25.300,25.260,25.670,24.910,66554.000
000049,2026-06-04,25.050,24.610,25.140,24.410,84139.000
000049,2026-06-05,24.650,24.460,24.890,23.930,82445.000
000049,2026-06-08,23.710,23.430,23.970,23.080,91196.000
000049,2026-06-09,23.610,23.420,23.660,23.050,70855.000
000049,2026-06-10,23.100,23.070,23.320,22.710,63094.000
000049,2026-06-11,22.950,22.410,23.070,22.350,74149.000
000049,2026-06-12,22.630,22.880,23.050,22.300,73226.000
000049,2026-06-15,23.090,23.550,23.670,22.960,69246.000
000049,2026-06-16,23.700,24.470,24.560,23.650,95470.000
000049,2026-06-17,24.250,24.380,24.540,24.020,58573.000
000049,2026-06-18,24.250,24.050,24.700,24.010,59354.000
000049,2026-06-22,23.910,23.910,23.970,23.060,81785.000
000049,2026-06-23,23.800,23.720,24.550,23.500,72794.000
000049,2026-06-24,23.780,24.130,24.200,23.450,77216.000
000049,2026-06-25,24.130,24.780,25.260,24.010,130542.000
000049,2026-06-26,24.640,23.100,24.640,23.070,102693.000
000049,2026-06-29,22.900,22.820,23.120,22.350,77897.000
000049,2026-06-30,22.820,23.370,23.490,22.650,69172.000
000049,2026-07-01,23.600,23.760,23.960,23.100,73451.000
000049,2026-07-02,23.560,23.950,24.660,23.320,90841.000
000049,2026-07-03,24.270,24.970,25.360,24.090,127702.000
000049,2026-07-06,24.980,25.210,25.490,24.800,94046.000
000049,2026-07-07,25.050,24.610,25.350,24.550,71344.000
000049,2026-07-08,24.560,23.970,24.710,23.730,64158.000
000049,2026-07-09,23.760,24.040,24.280,23.310,70323.000
000049,2026-07-10,24.010,23.880,24.420,23.820,59741.000
000049,2026-07-13,23.660,23.280,24.050,23.260,59040.000
000049,2026-07-14,24.320,24.820,24.860,23.870,141919.000
000049,2026-07-15,25.000,24.470,25.040,24.330,88541.000
000049,2026-07-16,24.380,24.510,25.150,24.300,99373.000
000049,2026-07-17,24.330,23.450,24.760,23.400,97516.000
000049,2026-07-20,23.220,23.760,23.840,22.840,98339.000
000049,2026-07-21,23.580,24.220,24.350,23.570,95440.000
000049,2026-07-22,24.200,23.730,24.300,23.520,75141.000
000049,2026-07-23,23.730,24.290,24.350,23.550,75233.000
000049,2026-07-24,24.020,23.630,24.280,23.420,62370.000
000049,2026-07-27,23.950,24.680,24.780,23.910,119538.000
000049,2026-07-28,24.400,24.490,24.700,24.180,77182.000
000049,2026-07-29,24.410,24.810,24.960,24.300,103221.000
000049,2026-07-30,24.580,24.340,24.850,23.810,112529.000
000049,2026-07-31,24.200,24.400,24.640,24.160,80354.000
000049,2026-08-03,24.380,24.790,24.810,24.210,69314.000
000049,2026-08-04,24.920,24.820,25.150,24.620,68810.000
000049,2026-08-05,24.720,25.080,25.190,24.720,93051.000
000049,2026-08-06,25.050,24.700,25.070,24.520,78081.000
000049,2026-08-07,24.580,24.660,24.770,24.280,72734.000
000049,2026-08-10,24.660,24.880,24.880,24.450,69220.000
000049,2026-08-11,24.880,24.780,25.220,24.700,67160.000
000049,2026-08-12,24.780,24.900,25.150,24.740,59483.000
000049,2026-08-13,24.810,24.510,24.930,24.510,67872.000
000049,2026-08-14,24.570,24.800,25.110,24.560,70286.000
000049,2026-08-17,24.940,25.720,25.850,24.360,143501.000
000049,2026-08-18,25.330,24.600,25.460,24.420,198168.000
000049,2026-08-19,24.240,23.540,24.770,23.420,115286.000
000049,2026-08-20,23.670,23.530,23.750,23.390,71483.000
000049,2026-08-21,23.340,23.730,23.900,23.050,68863.000
000049,2026-08-24,23.640,23.440,24.070,23.310,77373.000
000049,2026-08-25,23.290,23.380,23.490,23.130,57610.000
000049,2026-08-26,23.320,23.580,23.680,23.310,54312.000
000049,2026-08-27,23.440,23.590,23.590,23.180,53869.000
000049,2026-08-28,23.590,23.530,23.680,23.400,51518.000
000049,2026-08-31,23.440,23.460,23.480,23.090,59359.000
000049,2026-09-01,23.430,23.350,23.480,23.290,47172.000
000049,2026-09-02,23.280,23.130,23.280,23.050,47968.000
000049,2026-09-03,23.160,23.040,23.280,22.980,39397.000
000049,2026-09-04,23.150,23.130,23.550,23.090,54801.000
301607,2026-01-09,31.668,31.268,32.025,31.075,38582.000
301607,2026-01-12,31.289,31.132,31.475,30.225,42097.000
301607,2026-01-13,31.132,30.296,31.175,30.154,40478.000
301607,2026-01-14,30.482,31.296,31.668,30.111,55657.000
301607,2026-01-15,30.946,31.404,31.868,30.675,40697.000
301607,2026-01-16,34.889,33.918,35.589,33.675,145630.000
301607,2026-01-19,35.032,34.382,35.125,33.125,102959.000
301607,2026-01-20,34.596,33.861,34.875,33.561,53260.000
301607,2026-01-21,34.318,36.454,37.096,33.904,90723.000
301607,2026-01-22,36.468,35.632,36.804,35.432,57314.000
301607,2026-01-23,35.475,35.032,35.532,34.489,50438.000
301607,2026-01-26,35.075,35.782,36.154,34.754,65430.000
301607,2026-01-27,35.404,36.068,36.089,34.532,50434.000
301607,2026-01-28,35.882,34.704,35.961,34.654,41516.000
301607,2026-01-29,34.618,33.575,35.211,33.361,51824.000
301607,2026-01-30,33.511,33.946,34.146,32.861,35884.000
301607,2026-02-02,34.154,33.818,34.868,33.482,43859.000
301607,2026-02-03,34.175,35.061,35.282,34.168,49536.000
301607,2026-02-04,35.246,36.532,38.054,35.125,70440.000
301607,2026-02-05,36.854,35.475,37.025,34.804,52920.000
301607,2026-02-06,35.625,36.654,37.246,35.061,46396.000
301607,2026-02-09,36.454,35.496,37.082,35.318,56401.000
301607,2026-02-10,35.139,34.989,35.575,34.589,36427.000
301607,2026-02-11,35.211,35.246,35.939,34.961,28935.000
301607,2026-02-12,35.425,36.804,37.011,35.254,55518.000
301607,2026-02-13,36.561,35.568,36.789,35.461,29592.000
301607,2026-02-24,35.911,35.361,35.954,34.968,28810.000
301607,2026-02-25,35.325,34.846,35.396,34.154,41418.000
301607,2026-02-26,34.818,35.125,35.461,34.561,36857.000
301607,2026-02-27,35.096,35.146,35.989,34.675,30149.000
301607,2026-03-02,34.661,34.246,35.689,34.175,44127.000
301607,2026-03-03,34.639,33.468,35.375,33.404,46635.000
301607,2026-03-04,33.111,32.925,34.054,32.818,35454.000
301607,2026-03-05,33.475,33.754,34.318,33.225,30943.000
301607,2026-03-06,34.082,32.639,34.146,31.946,50371.000
301607,2026-03-09,32.154,32.904,33.232,31.396,49748.000
301607,2026-03-10,33.382,37.318,38.025,33.375,97817.000
301607,2026-03-11,36.711,36.225,37.104,35.989,70720.000
301607,2026-03-12,36.339,35.211,36.461,34.968,37003.000
301607,2026-03-13,34.961,34.132,35.211,33.982,42359.000
301607,2026-03-16,34.032,35.582,35.811,33.032,72453.000
301607,2026-03-17,35.582,34.496,36.504,34.411,49149.000
301607,2026-03-18,34.782,35.104,35.311,34.339,33029.000
301607,2026-03-19,34.161,34.711,35.361,34.032,35519.000
301607,2026-03-20,35.054,31.768,35.261,31.725,82547.000
301607,2026-03-23,31.054,30.225,32.389,29.854,68957.000
301607,2026-03-24,30.804,31.282,31.654,29.539,46874.000
301607,2026-03-25,31.532,31.454,32.304,31.175,34477.000
301607,2026-03-26,31.446,31.375,32.018,31.118,23710.000
301607,2026-03-27,30.996,32.711,33.032,30.911,40641.000
301607,2026-03-30,32.332,32.325,32.846,31.889,25599.000
301607,2026-03-31,32.325,31.425,32.811,31.425,26938.000
301607,2026-04-01,32.104,32.604,33.161,32.039,36319.000
301607,2026-04-02,32.446,32.454,32.875,31.575,30487.000
301607,2026-04-03,32.518,32.854,33.168,31.896,33695.000
301607,2026-04-07,32.961,32.325,33.089,31.961,38382.000
301607,2026-04-08,33.111,33.782,33.854,32.789,43691.000
301607,2026-04-09,33.611,34.361,34.961,33.246,35493.000
301607,2026-04-10,34.946,35.096,35.389,34.404,33874.000
301607,2026-04-13,34.604,34.725,35.604,34.532,34700.000
301607,2026-04-14,34.961,34.654,35.032,34.418,24779.000
301607,2026-04-15,34.661,33.889,34.746,33.825,23602.000
301607,2026-04-16,34.046,34.618,34.804,33.818,29243.000
301607,2026-04-17,34.532,34.868,35.096,34.318,24704.000
301607,2026-04-20,34.868,33.996,35.032,33.618,30236.000
301607,2026-04-21,33.961,33.968,34.318,33.182,37595.000
301607,2026-04-22,33.989,39.396,40.782,33.725,164656.000
301607,2026-04-23,39.211,37.996,39.389,37.961,96412.000
301607,2026-04-24,38.425,39.346,39.861,37.404,86983.000
301607,2026-04-27,39.532,37.682,39.661,36.396,132491.000
301607,2026-04-28,37.232,36.232,37.654,35.711,79731.000
301607,2026-04-29,36.246,37.318,38.068,35.175,102302.000
301607,2026-04-30,36.446,35.982,36.832,35.489,65587.000
301607,2026-05-06,36.468,36.446,37.182,36.104,73627.000
301607,2026-05-07,36.882,36.925,37.146,36.175,49588.000
301607,2026-05-08,36.782,36.839,37.411,36.296,57253.000
301607,2026-05-11,37.204,38.461,38.739,36.632,90954.000
301607,2026-05-12,38.604,38.289,38.732,37.504,76334.000
301607,2026-05-13,37.904,39.396,39.639,37.318,76812.000
301607,2026-05-14,39.854,37.461,39.968,37.461,77963.000
301607,2026-05-15,37.468,36.368,37.604,36.011,75695.000
301607,2026-05-18,36.311,38.018,38.211,35.782,68220.000
301607,2026-05-19,38.461,38.854,39.282,37.646,69396.000
301607,2026-05-20,39.289,40.382,40.804,38.561,99152.000
301607,2026-05-21,40.968,38.982,41.389,38.696,82977.000
301607,2026-05-22,39.596,40.146,40.618,39.168,65145.000
301607,2026-05-25,38.896,39.625,39.675,37.725,88795.000
301607,2026-05-26,39.189,37.554,39.475,37.068,67922.000
301607,2026-05-27,37.654,36.875,38.525,36.668,49768.000
301607,2026-05-28,37.754,38.425,38.532,37.082,64917.000
301607,2026-05-29,38.818,38.104,41.011,37.761,80824.000
301607,2026-06-01,38.068,37.768,40.118,37.404,63993.000
301607,2026-06-02,38.104,39.361,40.296,37.046,75275.000
301607,2026-06-03,39.154,42.375,43.932,39.154,136007.000
301607,2026-06-04,41.700,42.440,42.840,40.750,123584.000
301607,2026-06-05,42.210,42.560,43.330,41.080,118223.000
301607,2026-06-08,40.850,41.130,42.830,40.300,108136.000
301607,2026-06-09,42.000,46.240,46.690,41.800,185120.000
301607,2026-06-10,44.510,41.220,45.800,39.800,211500.000
301607,2026-06-11,40.500,40.100,42.150,39.410,135894.000
301607,2026-06-12,40.360,37.830,40.600,37.500,137448.000
301607,2026-06-15,37.580,39.250,40.150,37.540,111804.000
301607,2026-06-16,39.180,38.040,39.300,37.780,100607.000
301607,2026-06-17,37.700,42.860,43.580,37.060,193568.000
301607,2026-06-18,42.000,41.050,43.130,40.280,126699.000
301607,2026-06-22,41.050,44.470,45.300,40.620,174272.000
301607,2026-06-23,45.110,44.990,47.190,43.820,146715.000
301607,2026-06-24,45.600,47.550,48.180,45.000,174140.000
301607,2026-06-25,46.510,44.340,47.440,43.700,153308.000
301607,2026-06-26,43.920,42.260,45.170,42.210,93955.000
301607,2026-06-29,42.640,43.540,47.490,41.600,189435.000
301607,2026-06-30,43.580,52.250,52.250,43.540,253729.000
301607,2026-07-01,52.250,51.590,52.250,50.000,184850.000
301607,2026-07-02,50.660,52.220,53.200,49.500,180224.000
301607,2026-07-03,53.560,52.000,54.200,50.330,154034.000
301607,2026-07-06,55.000,54.520,60.030,54.280,243200.000
301607,2026-07-07,54.160,53.300,55.790,52.800,140384.000
301607,2026-07-08,52.750,47.810,53.870,47.790,158674.000
301607,2026-07-09,48.250,57.370,57.370,47.110,201043.000
301607,2026-07-10,60.810,55.560,62.600,55.200,226882.000
301607,2026-07-13,55.650,54.000,58.690,53.300,159058.000
301607,2026-07-14,54.780,53.900,55.100,51.010,134508.000
301607,2026-07-15,54.780,50.160,55.360,49.810,142434.000
301607,2026-07-16,49.000,47.260,49.480,46.760,128799.000
301607,2026-07-17,46.590,40.350,47.220,40.000,143494.000
301607,2026-07-20,42.170,37.960,42.490,36.530,145272.000
301607,2026-07-21,38.330,39.790,40.150,34.300,170416.000
301607,2026-07-22,39.450,37.640,41.100,37.300,143237.000
301607,2026-07-23,37.670,36.620,38.200,36.360,97528.000
301607,2026-07-24,35.910,36.150,37.680,35.550,87094.000
301607,2026-07-27,35.890,36.930,37.090,34.870,90401.000
301607,2026-07-28,36.310,34.050,36.850,33.800,100471.000
301607,2026-07-29,34.490,34.590,34.950,32.630,107456.000
301607,2026-07-30,34.280,31.010,34.680,30.760,144499.000
301607,2026-07-31,33.970,32.280,34.390,32.250,156878.000
301607,2026-08-03,32.480,31.350,32.970,31.040,86818.000
301607,2026-08-04,31.910,34.210,34.770,31.660,145375.000
301607,2026-08-05,33.360,36.360,36.920,33.360,121422.000
301607,2026-08-06,36.010,37.170,38.190,35.770,109681.000
301607,2026-08-07,37.000,37.990,38.700,36.200,107418.000
301607,2026-08-10,38.370,40.110,40.260,38.370,128562.000
301607,2026-08-11,40.170,40.690,41.480,39.360,122656.000
301607,2026-08-12,40.880,41.090,41.990,40.600,96484.000
301607,2026-08-13,41.260,43.140,45.530,41.260,138686.000
301607,2026-08-14,43.710,44.860,45.000,42.000,106153.000
301607,2026-08-17,44.850,45.370,45.410,44.150,89415.000
301607,2026-08-18,45.380,46.680,46.900,44.950,101063.000
301607,2026-08-19,45.670,43.080,46.290,42.570,126549.000
301607,2026-08-20,43.700,43.500,44.700,43.020,89349.000
301607,2026-08-21,43.300,44.860,44.870,42.660,93555.000
301607,2026-08-24,44.520,42.260,44.850,41.160,125596.000
301607,2026-08-25,41.940,41.900,42.400,40.380,73214.000
301607,2026-08-26,42.150,42.300,43.600,41.360,87392.000
301607,2026-08-27,42.570,43.450,43.580,41.650,92560.000
301607,2026-08-28,43.450,42.690,46.980,42.210,189237.000
301607,2026-08-31,41.530,41.950,43.670,40.800,115338.000
301607,2026-09-01,42.040,40.040,43.740,39.960,113184.000
301607,2026-09-02,39.340,38.270,39.570,38.020,125738.000
301607,2026-09-03,38.780,42.830,43.350,38.480,159042.000
301607,2026-09-04,44.100,42.030,44.280,41.650,108565.000
000421,2026-01-09,6.890,6.910,6.940,6.850,133342.000
000421,2026-01-12,6.900,6.880,6.910,6.810,179002.000
000421,2026-01-13,6.890,6.890,6.980,6.860,171427.000
000421,2026-01-14,6.900,6.900,6.980,6.820,185828.000
000421,2026-01-15,6.900,6.960,7.020,6.840,153939.000
000421,2026-01-16,6.980,7.090,7.160,6.950,227580.000
000421,2026-01-19,7.200,7.220,7.340,7.090,282613.000
000421,2026-01-20,7.300,7.240,7.420,7.130,298721.000
000421,2026-01-21,7.230,7.330,7.390,7.170,271428.000
000421,2026-01-22,7.340,7.400,7.480,7.230,247035.000
000421,2026-01-23,7.350,7.220,7.370,7.180,255257.000
000421,2026-01-26,7.230,7.330,7.410,7.180,225856.000
000421,2026-01-27,7.290,7.190,7.290,7.100,154685.000
000421,2026-01-28,7.160,7.210,7.240,7.120,127285.000
000421,2026-01-29,7.140,7.110,7.240,7.070,144710.000
000421,2026-01-30,7.040,7.120,7.170,6.980,126720.000
000421,2026-02-02,7.040,6.990,7.180,6.980,132359.000
000421,2026-02-03,7.030,6.930,7.090,6.890,117372.000
000421,2026-02-04,6.940,7.060,7.070,6.900,128849.000
000421,2026-02-05,7.060,7.010,7.080,6.980,90524.000
000421,2026-02-06,6.980,7.020,7.090,6.930,88103.000
000421,2026-02-09,7.020,7.020,7.080,7.000,113678.000
000421,2026-02-10,7.040,7.010,7.050,6.970,89266.000
000421,2026-02-11,6.980,6.970,7.040,6.960,66713.000
000421,2026-02-12,6.990,6.860,7.000,6.840,94701.000
000421,2026-02-13,6.860,6.820,6.890,6.800,63939.000
000421,2026-02-24,6.820,7.010,7.030,6.820,155206.000
000421,2026-02-25,7.020,6.990,7.070,6.950,100308.000
000421,2026-02-26,7.000,6.920,7.000,6.890,86107.000
000421,2026-02-27,6.950,7.030,7.030,6.910,88874.000
000421,2026-03-02,7.020,6.970,7.110,6.900,132484.000
000421,2026-03-03,7.060,7.670,7.670,7.060,617459.000
000421,2026-03-04,7.660,7.130,7.670,7.020,619176.000
000421,2026-03-05,7.060,6.900,7.120,6.800,439217.000
000421,2026-03-06,6.820,6.970,7.000,6.700,288913.000
000421,2026-03-09,7.140,7.010,7.350,6.980,351760.000
000421,2026-03-10,6.950,7.010,7.070,6.850,248471.000
000421,2026-03-11,7.010,6.900,7.020,6.870,173571.000
000421,2026-03-12,6.970,6.980,7.030,6.900,170479.000
000421,2026-03-13,6.940,6.950,7.090,6.940,163460.000
000421,2026-03-16,6.930,6.880,7.000,6.850,128467.000
000421,2026-03-17,6.860,6.750,6.930,6.740,107054.000
000421,2026-03-18,6.740,6.760,6.780,6.670,75768.000
000421,2026-03-19,6.820,6.750,6.860,6.740,132854.000
000421,2026-03-20,6.660,6.650,6.760,6.560,132570.000
000421,2026-03-23,6.590,6.290,6.600,6.250,150315.000
000421,2026-03-24,6.440,6.660,6.680,6.340,181692.000
000421,2026-03-25,6.650,6.760,6.780,6.580,108658.000
000421,2026-03-26,6.760,6.760,6.840,6.680,105632.000
000421,2026-03-27,6.720,6.840,6.860,6.700,103921.000
000421,2026-03-30,6.820,6.770,6.870,6.650,104953.000
000421,2026-03-31,6.740,6.630,6.820,6.630,74127.000
000421,2026-04-01,6.700,6.630,6.730,6.600,79326.000
000421,2026-04-02,6.620,6.560,6.660,6.500,91781.000
000421,2026-04-03,6.540,6.230,6.560,6.220,100017.000
000421,2026-04-07,6.300,6.430,6.490,6.240,85942.000
000421,2026-04-08,6.460,6.480,6.480,6.380,108183.000
000421,2026-04-09,6.440,6.320,6.480,6.310,84678.000
000421,2026-04-10,6.340,6.390,6.420,6.320,78478.000
000421,2026-04-13,6.360,6.180,6.370,6.080,215624.000
000421,2026-04-14,6.150,6.020,6.170,5.960,167279.000
000421,2026-04-15,6.030,5.990,6.030,5.960,80524.000
000421,2026-04-16,5.980,6.020,6.020,5.970,83895.000
000421,2026-04-17,6.010,5.950,6.020,5.920,77814.000
000421,2026-04-20,5.950,5.970,5.980,5.940,56590.000
000421,2026-04-21,5.970,5.960,5.970,5.920,50010.000
000421,2026-04-22,5.940,5.920,5.950,5.900,56122.000
000421,2026-04-23,5.900,5.930,5.950,5.820,86237.000
000421,2026-04-24,5.910,5.900,5.930,5.820,79901.000
000421,2026-04-27,5.890,5.950,5.970,5.820,92628.000
000421,2026-04-28,6.130,6.280,6.420,6.130,305867.000
000421,2026-04-29,6.230,6.340,6.370,6.190,185983.000
000421,2026-04-30,6.320,6.270,6.370,6.250,98130.000
000421,2026-05-06,6.300,6.280,6.340,6.200,103177.000
000421,2026-05-07,6.300,6.200,6.310,6.150,102440.000
000421,2026-05-08,6.190,6.250,6.260,6.190,74817.000
000421,2026-05-11,6.250,6.210,6.260,6.180,80834.000
000421,2026-05-12,6.210,6.140,6.240,6.120,80024.000
000421,2026-05-13,6.130,6.190,6.210,6.130,72047.000
000421,2026-05-14,6.180,6.180,6.240,6.140,79290.000
000421,2026-05-15,6.180,6.140,6.220,6.070,87356.000
000421,2026-05-18,6.130,6.150,6.160,6.010,79547.000
000421,2026-05-19,6.150,6.250,6.260,6.120,87688.000
000421,2026-05-20,6.240,6.130,6.260,6.100,79509.000
000421,2026-05-21,6.130,5.940,6.180,5.910,104054.000
000421,2026-05-22,5.970,6.010,6.020,5.880,63167.000
000421,2026-05-25,6.010,5.910,6.060,5.880,65175.000
000421,2026-05-26,5.880,5.850,5.910,5.770,70538.000
000421,2026-05-27,5.820,5.740,5.870,5.690,58535.000
000421,2026-05-28,5.740,5.720,5.810,5.650,57303.000
000421,2026-05-29,5.750,5.710,5.810,5.700,86751.000
000421,2026-06-01,5.700,5.970,6.020,5.650,112673.000
000421,2026-06-02,6.000,5.870,6.020,5.820,82416.000
000421,2026-06-03,5.860,5.810,5.880,5.720,74093.000
000421,2026-06-04,5.790,5.670,5.830,5.640,61685.000
000421,2026-06-05,5.690,5.700,5.770,5.640,57537.000
000421,2026-06-08,5.610,5.570,5.690,5.500,66723.000
000421,2026-06-09,5.630,5.530,5.630,5.460,54710.000
000421,2026-06-10,5.520,5.490,5.550,5.410,48383.000
000421,2026-06-11,5.470,5.420,5.510,5.340,58055.000
000421,2026-06-12,5.420,5.510,5.570,5.370,65984.000
000421,2026-06-15,5.490,5.500,5.620,5.430,58867.000
000421,2026-06-16,5.510,5.440,5.510,5.390,46004.000
000421,2026-06-17,5.410,5.380,5.430,5.290,56145.000
000421,2026-06-18,5.350,5.260,5.360,5.250,59537.000
000421,2026-06-22,5.300,5.300,5.310,5.080,64641.000
000421,2026-06-23,5.290,5.380,5.450,5.260,68319.000
000421,2026-06-24,5.380,5.250,5.400,5.180,52800.000
000421,2026-06-25,5.220,5.160,5.270,5.120,52287.000
000421,2026-06-26,5.160,5.050,5.170,5.040,54242.000
000421,2026-06-29,5.050,5.030,5.080,4.870,74462.000
000421,2026-06-30,5.030,4.960,5.090,4.890,68651.000
000421,2026-07-01,4.960,5.100,5.170,4.930,86218.000
000421,2026-07-02,5.100,5.140,5.220,5.070,75674.000
000421,2026-07-03,5.180,5.330,5.350,5.150,76210.000
000421,2026-07-06,5.320,5.350,5.410,5.260,60258.000
000421,2026-07-07,5.350,5.190,5.350,5.160,53216.000
000421,2026-07-08,5.180,5.160,5.230,5.090,54274.000
000421,2026-07-09,5.150,5.100,5.210,5.030,57718.000
000421,2026-07-10,5.090,5.180,5.250,5.040,71536.000
000421,2026-07-13,5.150,5.150,5.230,5.110,50161.000
000421,2026-07-14,5.090,5.300,5.320,5.090,81171.000
000421,2026-07-15,5.310,5.350,5.390,5.250,60959.000
000421,2026-07-16,5.350,5.440,5.450,5.300,69247.000
000421,2026-07-17,5.390,5.380,5.550,5.320,95503.000
000421,2026-07-20,5.380,5.320,5.540,5.260,113362.000
000421,2026-07-21,5.300,5.190,5.330,5.160,107080.000
000421,2026-07-22,5.190,5.140,5.260,5.080,82046.000
000421,2026-07-23,5.140,5.320,5.330,5.100,77913.000
000421,2026-07-24,5.290,5.160,5.350,5.130,70862.000
000421,2026-07-27,5.110,5.240,5.260,5.100,55218.000
000421,2026-07-28,5.200,5.260,5.310,5.190,43389.000
000421,2026-07-29,5.260,5.370,5.400,5.240,73282.000
000421,2026-07-30,5.360,5.360,5.460,5.310,66940.000
000421,2026-07-31,5.380,5.380,5.400,5.320,67917.000
000421,2026-08-03,5.380,5.490,5.510,5.360,77021.000
000421,2026-08-04,5.490,5.420,5.520,5.400,85076.000
000421,2026-08-05,5.430,5.420,5.460,5.360,76323.000
000421,2026-08-06,5.420,5.400,5.440,5.330,71312.000
000421,2026-08-07,5.380,5.330,5.390,5.260,74766.000
000421,2026-08-10,5.290,5.470,5.480,5.280,104135.000
000421,2026-08-11,5.450,5.460,5.500,5.410,66930.000
000421,2026-08-12,5.460,5.510,5.530,5.410,67461.000
000421,2026-08-13,5.520,5.470,5.520,5.410,75985.000
000421,2026-08-14,5.450,5.440,5.500,5.400,53031.000
000421,2026-08-17,5.430,5.530,5.550,5.400,66880.000
000421,2026-08-18,5.510,5.570,5.580,5.490,57523.000
000421,2026-08-19,5.530,5.570,5.630,5.510,92058.000
000421,2026-08-20,5.780,5.880,6.130,5.590,423059.000
000421,2026-08-21,5.740,5.640,5.860,5.640,339517.000
000421,2026-08-24,5.600,5.520,5.730,5.480,201862.000
000421,2026-08-25,5.500,5.660,5.710,5.480,181239.000
000421,2026-08-26,5.620,5.670,5.700,5.610,142559.000
000421,2026-08-27,5.640,5.710,5.710,5.620,99143.000
000421,2026-08-28,5.710,5.780,5.790,5.670,96625.000
000421,2026-08-31,5.800,5.820,5.880,5.780,111190.000
000421,2026-09-01,5.780,5.850,5.870,5.760,102074.000
000421,2026-09-02,5.880,5.910,5.940,5.800,127413.000
000421,2026-09-03,5.900,5.770,5.960,5.760,121670.000
000421,2026-09-04,5.800,5.820,5.870,5.760,84336.000
