security_code,security_name,fundamental_acceleration_score,new_profit_pool_score,cycle_inflection_score,capital_event_score,model_scoring_status,top100_selected,announcement_review_status,peer_comparison_status,final20_selected,research_updated_at_utc
000001,平安银行,47.029035504946606,35.54214828880081,44.9587445674983,18.960114400305436,completed,False,not_required,not_required,False,2026-09-02T03:27:07Z
000002,万科A,14.739040182406118,26.1111485864635,19.8430899393785,18.450570218717175,completed,False,not_required,not_required,False,2026-09-02T03:27:07Z
000006,深振业A,16.651118826225957,28.664411410305753,10.801454506966287,17.00488411855479,completed,False,not_required,not_required,False,2026-09-02T03:27:07Z
000007,全新好,8.263233667132766,19.96855544433486,17.852401374260474,12.513155321406787,completed,False,not_required,not_required,False,2026-09-02T03:27:07Z
000008,神州高铁,43.30014052589045,43.810944347564586,49.97166709410709,66.61747019251611,completed,False,not_required,not_required,False,2026-09-02T03:27:07Z
000009,中国宝安,14.305152076261663,26.275701562893808,7.622016378393082,12.925713981768679,completed,False,not_required,not_required,False,2026-09-02T03:27:07Z
000010,*ST美丽,3.853530442220915,16.761974027723543,19.398426930955033,10.04030219991791,completed,False,not_required,not_required,False,2026-09-02T03:27:07Z
000011,深物业A,24.320259086910077,34.97598722335393,16.707053508983826,16.714953428827478,completed,False,not_required,not_required,False,2026-09-02T03:27:07Z
000012,南玻A,22.757353575379092,35.09140160343601,24.51665505072151,33.55957619648204,completed,False,not_required,not_required,False,2026-09-02T03:27:07Z
000014,沙河股份,15.276153895110614,18.50130482050431,20.24216188377495,61.82589738414175,completed,False,not_required,not_required,False,2026-09-02T03:27:07Z
000016,*ST康佳A,38.08901859386149,39.10342323331862,58.42824186689369,14.078084220100287,completed,False,not_required,not_required,False,2026-09-02T03:27:07Z
000017,深中华A,28.740132136117673,35.18273398603071,22.060899769856576,25.620995726483244,completed,False,not_required,not_required,False,2026-09-02T03:27:07Z
000019,深粮控股,39.26164374277011,41.17634592958461,29.883191876264675,24.986695000136844,completed,False,not_required,not_required,False,2026-09-02T03:27:07Z
000020,深华发A,28.20654865564436,33.101089788932576,31.058982020559142,22.779316126830725,completed,False,not_required,not_required,False,2026-09-02T03:27:07Z
000021,深科技,49.95353865756112,45.543110572667985,43.72844895232243,32.33916833317745,completed,False,not_required,not_required,False,2026-09-02T03:27:07Z
000025,特力A,54.56990253834172,42.35452593921244,59.747262452711524,47.33756750696759,completed,False,not_required,not_required,False,2026-09-02T03:27:07Z
000026,飞亚达,47.37259304112945,38.76249756543923,43.445169873836996,46.564745065734286,completed,False,not_required,not_required,False,2026-09-02T03:27:07Z
000027,深圳能源,63.96012046744281,54.931822671743404,61.36424378878609,33.92957208817754,completed,False,not_required,not_required,False,2026-09-02T03:27:07Z
000028,国药一致,39.400493758420794,38.52602030117978,42.611933798813446,26.63819469275854,completed,False,not_required,not_required,False,2026-09-02T03:27:07Z
000029,深深房A,0.10436068852398606,17.686925094982662,6.51224818669758,6.503853561534806,completed,False,not_required,not_required,False,2026-09-02T03:27:07Z
000030,富奥股份,27.270420147551505,31.779300919795325,37.54589264279299,36.860718016994895,completed,False,not_required,not_required,False,2026-09-02T03:27:07Z
000031,大悦城,5.404180594693299,18.582062263064277,8.872352762396183,27.563638189004692,completed,False,not_required,not_required,False,2026-09-02T03:27:07Z
000032,深桑达A,33.119005690098405,33.02399878463106,33.89885797901629,26.293979065266832,completed,False,not_required,not_required,False,2026-09-02T03:27:07Z
000034,神州数码,49.548485362097665,43.95779162229148,42.61212436231236,49.98560383904958,completed,False,not_required,not_required,False,2026-09-02T03:27:07Z
000035,中国天楹,55.3867085579363,57.61836313719997,48.622809599507306,43.79874225400093,completed,False,not_required,not_required,False,2026-09-02T03:27:07Z
000036,华联控股,56.35543759428862,43.422829464235626,67.4330311916618,74.56330733357422,completed,False,not_required,not_required,False,2026-09-02T03:27:07Z
000037,深南电A,52.985781984329506,54.00798608952607,71.09218821832481,52.18217713399638,completed,False,not_required,not_required,False,2026-09-02T03:27:07Z
000039,中集集团,43.90923853787002,44.39039952997375,33.76917023540246,28.948875415750422,completed,False,not_required,not_required,False,2026-09-02T03:27:07Z
000042,中洲控股,78.54712927561322,60.07889735457411,55.66029269522958,51.75309781381614,completed,False,not_required,not_required,False,2026-09-02T03:27:07Z
000045,深纺织A,60.638848381580544,53.190352086688186,60.761753440712695,43.67506049873125,completed,False,not_required,not_required,False,2026-09-02T03:27:07Z
000048,京基智农,11.117056716364907,25.958101092462766,13.835879898385402,21.12430058095243,completed,False,not_required,not_required,False,2026-09-02T03:27:07Z
000049,德赛电池,62.9278709280656,47.79795611229333,58.884596712696954,34.740216924359835,completed,False,not_required,not_required,False,2026-09-02T03:27:07Z
000050,深天马A,13.178614488472313,29.8569743886153,17.632453467577477,25.60529139650145,completed,False,not_required,not_required,False,2026-09-02T03:27:07Z
000055,方大集团,58.068864463218986,52.37782873370859,65.74192094299136,39.9015498264224,completed,False,not_required,not_required,False,2026-09-02T03:27:07Z
000056,*ST皇庭,0.0,9.152970350589804,8.160430638522337,0.0,completed,False,not_required,not_required,False,2026-09-02T03:27:07Z
000058,深赛格,46.2900268905451,46.80305099941232,38.84930370800017,41.29540452678022,completed,False,not_required,not_required,False,2026-09-02T03:27:07Z
000059,华锦股份,56.00333159841625,48.436586700783785,65.31984478713396,31.837738425629652,completed,False,not_required,not_required,False,2026-09-02T03:27:07Z
000060,中金岭南,69.3200078561446,52.23007607226005,51.44924742305091,35.09016892994521,completed,False,not_required,not_required,False,2026-09-02T03:27:07Z
000061,农产品,48.829831387626065,46.681309591654866,50.54521059647414,46.71951843696125,completed,False,not_required,not_required,False,2026-09-02T03:27:07Z
000062,深圳华强,54.31310323795338,39.61439873964262,36.98629349414768,29.12918524385949,completed,False,not_required,not_required,False,2026-09-02T03:27:07Z
000063,中兴通讯,40.053503883560275,37.563091200653055,27.308594018570943,39.74370196354333,completed,False,not_required,not_required,False,2026-09-02T03:27:07Z
000065,北方国际,66.01246491373489,59.58138285509346,66.8503282117277,39.393015957049414,completed,False,not_required,not_required,False,2026-09-02T03:27:07Z
000066,中国长城,50.12688646663234,46.48405451694884,35.673798206844744,26.348758598652058,completed,False,not_required,not_required,False,2026-09-02T03:27:07Z
000068,华控赛格,34.85849884419957,41.58267403591945,50.480699450700016,17.9736857484325,completed,False,not_required,not_required,False,2026-09-02T03:27:07Z
000069,华侨城A,34.61297710540148,41.58990261665103,28.440230850184975,24.92455492725164,completed,False,not_required,not_required,False,2026-09-02T03:27:07Z
000070,特发信息,75.69040259177171,58.537967199771266,56.03944812320082,35.12065798516761,completed,False,not_required,not_required,False,2026-09-02T03:27:07Z
000078,ST海王,0.0,16.585452024793547,12.134014015352948,1.4328170061576984,completed,False,not_required,not_required,False,2026-09-02T03:27:07Z
000088,盐田港,51.763421529926276,44.21042684991779,50.8883258894575,38.91642216686858,completed,False,not_required,not_required,False,2026-09-02T03:27:07Z
000089,深圳机场,67.99694648959503,51.661399953655184,63.34465274304695,40.964718646240875,completed,False,not_required,not_required,False,2026-09-02T03:27:07Z
000090,天健集团,8.323308636705281,16.85356349831656,11.647212551927117,17.865216295614573,completed,False,not_required,not_required,False,2026-09-02T03:27:07Z
000096,广聚能源,66.1742978334631,52.87702160235358,71.1242698121654,37.76141565006138,completed,False,not_required,not_required,False,2026-09-02T03:27:07Z
000099,中信海直,35.75736759355663,38.939672777261215,38.501531544884706,34.862889045602245,completed,False,not_required,not_required,False,2026-09-02T03:27:07Z
000100,TCL科技,65.52389946773191,49.89012830949729,59.62599079470029,68.64284556986033,completed,False,not_required,not_required,False,2026-09-02T03:27:07Z
000151,中成股份,75.70157823580222,55.61738602465193,71.56415769314972,81.70499389440192,completed,False,not_required,not_required,False,2026-09-02T03:27:07Z
000153,丰原药业,45.45851864395309,48.22109614120188,48.113249430581156,68.45033002871754,completed,False,not_required,not_required,False,2026-09-02T03:27:07Z
000155,川能动力,80.31667908805993,67.68698219924255,64.77383826035827,40.400175148740004,completed,True,completed_or_best_effort,completed,False,2026-09-02T03:27:07Z
000156,华数传媒,33.875621525924515,40.41981598745275,36.67933582528228,21.268348013476174,completed,False,not_required,not_required,False,2026-09-02T03:27:07Z
000157,中联重科,48.28835138008198,45.38489818724422,43.41155840258341,31.69114653358952,completed,False,not_required,not_required,False,2026-09-02T03:27:07Z
000158,常山北明,23.389797818695246,26.04110238533209,20.678895931308155,20.870979643657314,completed,False,not_required,not_required,False,2026-09-02T03:27:07Z
000159,国际实业,24.925454808461932,34.66359076415698,32.65289111879452,33.96116539620713,completed,False,not_required,not_required,False,2026-09-02T03:27:07Z
000166,申万宏源,48.92559062302934,38.14014247404018,39.23943890199177,27.10805640612163,completed,False,not_required,not_required,False,2026-09-02T03:27:07Z
000301,东方盛虹,82.98484932557928,60.32060074926445,61.867741288257385,51.190061524561834,completed,False,not_required,not_required,False,2026-09-02T03:27:07Z
000333,美的集团,56.46751530750678,45.28504841977169,47.98842446388658,74.61823016694417,completed,False,not_required,not_required,False,2026-09-02T03:27:07Z
000338,潍柴动力,63.021920838561684,47.003861677081034,52.49658285035432,67.08867932686334,completed,False,not_required,not_required,False,2026-09-02T03:27:07Z
000400,许继电气,32.70718265107992,41.79677054931081,32.369625435609514,49.93111416224862,completed,False,not_required,not_required,False,2026-09-02T03:27:07Z
000401,金隅冀东,18.20153431168119,32.12654104840601,22.301727731534385,47.59494065071287,completed,False,not_required,not_required,False,2026-09-02T03:27:07Z
000402,金融街,27.925896340744977,31.53707836889098,36.5224677630708,25.227932860671274,completed,False,not_required,not_required,False,2026-09-02T03:27:07Z
000403,派林生物,20.698898372013808,32.252379104169165,28.53924854755929,42.78910401136829,completed,False,not_required,not_required,False,2026-09-02T03:27:07Z
000404,长虹华意,49.53555298133624,43.90802622000547,50.072089005222985,37.988702515116934,completed,False,not_required,not_required,False,2026-09-02T03:27:07Z
000407,胜利股份,46.75329170516102,40.204662428581656,43.191343580819,41.49833284776689,completed,False,not_required,not_required,False,2026-09-02T03:27:07Z
000408,藏格矿业,66.99224346141351,47.746233813924285,59.66484204237119,58.7282498847369,completed,False,not_required,not_required,False,2026-09-02T03:27:07Z
000409,云鼎科技,43.60352406367213,47.72980767974503,43.84768780135464,69.42660709642563,completed,False,not_required,not_required,False,2026-09-02T03:27:07Z
000410,沈阳机床,41.48907354579678,40.887523113637776,32.68113503485678,61.03227873000615,completed,False,not_required,not_required,False,2026-09-02T03:27:07Z
000411,英特集团,39.66220157642563,38.07723504515395,39.841469394869605,52.477676367180635,completed,False,not_required,not_required,False,2026-09-02T03:27:07Z
000415,渤海租赁,81.04969264584955,64.1062517379574,75.53689317541217,46.433782745518144,completed,False,not_required,not_required,False,2026-09-02T03:27:07Z
000417,合百集团,25.006047097728782,33.50470702311386,25.30367195453344,30.88010899127171,completed,False,not_required,not_required,False,2026-09-02T03:27:07Z
000419,通程控股,43.00654590717765,40.87239257761489,46.42357066946299,37.90979046938595,completed,False,not_required,not_required,False,2026-09-02T03:27:07Z
000420,吉林化纤,26.516890814666944,32.00211239588215,19.22492846336175,53.0671379635915,completed,False,not_required,not_required,False,2026-09-02T03:27:07Z
000421,南京公用,75.55144343900058,55.88355338386515,72.00917023076234,44.60639539009305,completed,False,not_required,not_required,False,2026-09-02T03:27:07Z
000422,湖北宜化,44.85248370139034,34.654259575299314,35.64524579507351,69.9819328503772,completed,False,not_required,not_required,False,2026-09-02T03:27:07Z
000423,东阿阿胶,53.5013817710696,46.29355819290939,51.7548171683488,56.252319240619954,completed,False,not_required,not_required,False,2026-09-02T03:27:07Z
000425,徐工机械,49.74620112252081,44.22737994610771,41.105830094272974,74.08880730301931,completed,False,not_required,not_required,False,2026-09-02T03:27:07Z
000426,兴业银锡,68.03617385425792,45.203787203002655,55.51958261907733,71.2796820494237,completed,False,not_required,not_required,False,2026-09-02T03:27:07Z
000428,华天酒店,17.998279416439143,29.918539350902076,18.519021610623184,51.81503141973785,completed,False,not_required,not_required,False,2026-09-02T03:27:07Z
000429,粤高速A,53.27545842466523,48.884231082170146,48.18789239492007,45.22084298421786,completed,False,not_required,not_required,False,2026-09-02T03:27:07Z
000430,张家界,61.57650026988163,48.14028399477106,64.52642905697809,32.73992576439116,completed,False,not_required,not_required,False,2026-09-02T03:27:07Z
000488,ST晨鸣,33.301203617846454,31.604272726659975,42.070846428350414,10.493102641121645,completed,False,not_required,not_required,False,2026-09-02T03:27:07Z
000498,山东路桥,35.72028908534959,48.146216711620454,44.10411349679694,41.31075589581077,completed,False,not_required,not_required,False,2026-09-02T03:27:07Z
000501,武商集团,42.33948193208394,41.64006842083499,37.06636535316933,32.12783194744553,completed,False,not_required,not_required,False,2026-09-02T03:27:07Z
000503,国新健康,36.19647338114223,43.554146153124584,42.599401674206334,35.914341661674705,completed,False,not_required,not_required,False,2026-09-02T03:27:07Z
000504,南华生物,24.03454637239261,16.48488270133553,11.31468212447322,10.747648157469804,completed,False,not_required,not_required,False,2026-09-02T03:27:07Z
000505,京粮控股,29.274190439880755,28.818577240112184,31.563803572651615,27.567602994193926,completed,False,not_required,not_required,False,2026-09-02T03:27:07Z
000506,招金黄金,57.75417598615501,45.73457412245064,35.06644720762594,34.84018015547765,completed,False,not_required,not_required,False,2026-09-02T03:27:07Z
000507,珠海港,51.63514898141089,46.680326432071496,49.26905630889668,38.90382213913656,completed,False,not_required,not_required,False,2026-09-02T03:27:07Z
000509,华塑控股,27.792466922428595,40.913573687016694,27.418768094255945,15.820598604153155,completed,False,not_required,not_required,False,2026-09-02T03:27:07Z
000510,新金路,39.517763144679,42.36291599035547,38.52811761797241,13.930579006725404,completed,False,not_required,not_required,False,2026-09-02T03:27:07Z
000513,丽珠集团,36.06749238930826,37.33627531139065,38.423603878512395,52.81366859127402,completed,False,not_required,not_required,False,2026-09-02T03:27:07Z
000514,渝开发,21.855285413810975,32.97866884168375,16.420557785072262,23.677732426549078,completed,False,not_required,not_required,False,2026-09-02T03:27:07Z
000516,国际医学,42.32003029623876,45.205962600543636,48.967758645419444,20.756511731973852,completed,False,not_required,not_required,False,2026-09-02T03:27:07Z
000517,荣安地产,6.357756231612072,27.478370113318952,8.31128751263422,19.807348956711216,completed,False,not_required,not_required,False,2026-09-02T03:27:07Z
000518,四环生物,0.0,13.900328721188886,10.321780156778985,9.514864886596365,completed,False,not_required,not_required,False,2026-09-02T03:27:07Z
000519,中兵红箭,15.068917869566004,29.4658021347204,16.26313274558245,26.603789261924913,completed,False,not_required,not_required,False,2026-09-02T03:27:07Z
000520,凤凰航运,81.31984220517415,63.78117609288959,61.9233119133797,36.37301550876884,completed,True,completed_or_best_effort,completed,False,2026-09-02T03:27:07Z
000521,长虹美菱,30.489179109050834,27.08841881460075,34.63211640496852,47.004648372255325,completed,False,not_required,not_required,False,2026-09-02T03:27:07Z
000523,红棉股份,51.79937668982563,37.6686714395268,43.98923439006139,47.00316745761971,completed,False,not_required,not_required,False,2026-09-02T03:27:07Z
000524,岭南控股,50.38062710408047,41.27582321839347,44.2141950063064,40.20141489733927,completed,False,not_required,not_required,False,2026-09-02T03:27:07Z
000525,红太阳,80.54360509647569,65.97313584703608,74.40940513305257,72.77632765757832,completed,True,completed_or_best_effort,completed,False,2026-09-02T03:27:07Z
000526,学大教育,67.02242038825877,48.630527948630444,52.845867010753835,62.045881304488894,completed,False,not_required,not_required,False,2026-09-02T03:27:07Z
000528,柳工,46.56532105972801,38.75001712995701,37.82751372761142,47.37784986673788,completed,False,not_required,not_required,False,2026-09-02T03:27:07Z
000529,广弘控股,28.64311169348568,35.79713650993698,31.62003895158125,26.9407213982912,completed,False,not_required,not_required,False,2026-09-02T03:27:07Z
000530,冰山冷热,28.547327967750604,35.99883332037944,27.000184472279283,31.415924948960395,completed,False,not_required,not_required,False,2026-09-02T03:27:07Z
000531,穗恒运A,37.30325467649273,36.86578999541005,31.11582285677662,43.481142629664774,completed,False,not_required,not_required,False,2026-09-02T03:27:07Z
000532,华金资本,66.29923696437304,53.6604989699422,73.44482099283887,34.10517501235174,completed,False,not_required,not_required,False,2026-09-02T03:27:07Z
000533,顺钠股份,56.0215621303818,46.17966145030577,36.94102047637815,20.246093989356133,completed,False,not_required,not_required,False,2026-09-02T03:27:07Z
000534,万泽股份,44.647418381136355,43.982120163627705,31.67093351056471,42.25182741881127,completed,False,not_required,not_required,False,2026-09-02T03:27:07Z
000536,华映科技,29.09202056855083,38.080303451533325,38.40003630778989,18.517562808549506,completed,False,not_required,not_required,False,2026-09-02T03:27:07Z
000537,绿发电力,42.65993827663294,41.32449772909904,36.912244826486216,34.99403829971578,completed,False,not_required,not_required,False,2026-09-02T03:27:07Z
000538,云南白药,49.78504875006129,38.16648993363968,48.727375646329904,39.30332940457856,completed,False,not_required,not_required,False,2026-09-02T03:27:07Z
000539,粤电力A,14.456789233231838,26.05551760866406,11.977433280539234,12.67410669972155,completed,False,not_required,not_required,False,2026-09-02T03:27:07Z
000541,佛山照明,24.335873068933154,33.343860229108095,28.86840287093377,24.294753301834717,completed,False,not_required,not_required,False,2026-09-02T03:27:07Z
000543,皖能电力,39.7769159541864,35.309710019335164,41.664761903007665,43.38036292321075,completed,False,not_required,not_required,False,2026-09-02T03:27:07Z
000544,中原环保,41.59763490973988,44.59878519484269,47.81448238864518,51.28293618373467,completed,False,not_required,not_required,False,2026-09-02T03:27:07Z
000545,金浦钛业,67.34675699001194,56.540471690534766,69.02311381973615,20.323995127159705,completed,False,not_required,not_required,False,2026-09-02T03:27:07Z
000546,金圆股份,38.56845971352815,34.809022800954246,43.284620580021155,18.268143019760508,completed,False,not_required,not_required,False,2026-09-02T03:27:07Z
000547,航天发展,41.86133321311998,42.016268602539974,49.23870749893936,31.99631322822787,completed,False,not_required,not_required,False,2026-09-02T03:27:07Z
000548,湖南投资,30.8702869798812,39.68494740008651,39.27446244667679,35.221326483010586,completed,False,not_required,not_required,False,2026-09-02T03:27:07Z
000550,江铃汽车,47.40413212309298,35.90263281089252,43.66129366986407,46.04597490988106,completed,False,not_required,not_required,False,2026-09-02T03:27:07Z
000551,创元科技,50.59489515064821,48.49170045787815,41.00267920400608,45.15940288282651,completed,False,not_required,not_required,False,2026-09-02T03:27:07Z
000552,甘肃能化,68.22766492215447,64.04538117354144,72.57785507343326,48.018128834714666,completed,False,not_required,not_required,False,2026-09-02T03:27:07Z
000553,安道麦A,46.5445091168223,38.82163664966412,46.012086668265006,24.29369198187315,completed,False,not_required,not_required,False,2026-09-02T03:27:07Z
000554,泰山石油,54.32267932011099,39.997712128574356,52.874192750499304,65.38826449244753,completed,False,not_required,not_required,False,2026-09-02T03:27:07Z
000555,神州信息,30.14601809632299,34.13760257924118,26.5543691052355,17.47264505766084,completed,False,not_required,not_required,False,2026-09-02T03:27:07Z
000557,西部创业,38.707350185029675,34.291161253837984,40.59435223790479,32.31398335449575,completed,False,not_required,not_required,False,2026-09-02T03:27:07Z
000558,天府文旅,31.09854718164052,45.53759567915537,25.863488234200492,32.61423520774129,completed,False,not_required,not_required,False,2026-09-02T03:27:07Z
000559,万向钱潮,58.72231808696736,55.485198326809005,48.34365574820132,79.3787021307894,completed,False,not_required,not_required,False,2026-09-02T03:27:07Z
000560,我爱我家,67.62734849907321,56.47322111759979,65.54471733045847,34.21790250175415,completed,False,not_required,not_required,False,2026-09-02T03:27:07Z
000561,烽火电子,13.691158673628898,23.15082009586466,15.199411353342123,28.470680351577947,completed,False,not_required,not_required,False,2026-09-02T03:27:07Z
000563,陕国投A,61.98913152622865,50.528936072821296,50.92450707761954,41.72682627465878,completed,False,not_required,not_required,False,2026-09-02T03:27:07Z
000564,供销大集,55.7433007450578,57.83569149495755,46.03360824293449,38.15471835632265,completed,False,not_required,not_required,False,2026-09-02T03:27:07Z
000565,渝三峡A,24.46988397657766,27.624346840087814,23.24960591537771,29.01513462905194,completed,False,not_required,not_required,False,2026-09-02T03:27:07Z
000566,海南海药,11.600875131671543,25.177237619831356,13.193503218868086,11.754534130015543,completed,False,not_required,not_required,False,2026-09-02T03:27:07Z
000567,海德股份,71.00212092193789,51.06447869521653,48.737457240802065,24.554238974405113,completed,False,not_required,not_required,False,2026-09-02T03:27:07Z
000568,泸州老窖,30.534381907240782,32.76145056364513,32.46606415065676,52.21656825659807,completed,False,not_required,not_required,False,2026-09-02T03:27:07Z
000570,苏常柴A,42.54421439786537,39.37132648833606,40.301630059657484,33.1639480939978,completed,False,not_required,not_required,False,2026-09-02T03:27:07Z
000571,新大洲A,39.12781527390277,34.42814478201453,32.420353291368706,26.991429039812644,completed,False,not_required,not_required,False,2026-09-02T03:27:07Z
000572,海马汽车,22.439732591791806,33.25758815152168,32.4908391819685,29.690177930592256,completed,False,not_required,not_required,False,2026-09-02T03:27:07Z
000573,粤宏远A,55.869196513835426,42.74993998414327,61.38251463587827,37.07153773421928,completed,False,not_required,not_required,False,2026-09-02T03:27:07Z
000576,甘化科工,49.508648776210386,43.440158305196576,38.227701527735924,20.911639692265105,completed,False,not_required,not_required,False,2026-09-02T03:27:07Z
000581,威孚高科,62.55425497067599,53.76172682206002,57.09158129271048,46.37963698686502,completed,False,not_required,not_required,False,2026-09-02T03:27:07Z
000582,北部湾港,50.369374988603745,41.960505960181244,50.167403317032345,35.80202475146519,completed,False,not_required,not_required,False,2026-09-02T03:27:07Z
000586,汇源通信,19.731499044279396,24.271049655764628,21.639162605951714,50.63695991906781,completed,False,not_required,not_required,False,2026-09-02T03:27:07Z
000589,贵州轮胎,55.13686464344628,47.728852312401585,50.69124142342074,52.834840707035255,completed,False,not_required,not_required,False,2026-09-02T03:27:07Z
000590,古汉医药,14.710135648325966,23.56339480915927,19.501194310266,39.098818050438354,completed,False,not_required,not_required,False,2026-09-02T03:27:07Z
000591,太阳能,45.39873950776941,47.73190338504639,45.945212856099914,39.84850269525731,completed,False,not_required,not_required,False,2026-09-02T03:27:07Z
000592,平潭发展,6.570830648316118,24.186700925346884,15.83794924959162,18.653749440208315,completed,False,not_required,not_required,False,2026-09-02T03:27:07Z
000593,德龙汇能,48.84326180202149,41.41906119369324,37.70819530427233,61.29590543249706,completed,False,not_required,not_required,False,2026-09-02T03:27:07Z
000595,新能股份,39.30080675588627,33.563709997168,31.52279124809085,19.07418944403894,completed,False,not_required,not_required,False,2026-09-02T03:27:07Z
000596,古井贡酒,36.906197934826196,38.27193472848444,39.13669963915275,36.4495764403389,completed,False,not_required,not_required,False,2026-09-02T03:27:07Z
000597,东北制药,24.418185308773232,28.35135459177522,30.511972475570758,39.54762823701573,completed,False,not_required,not_required,False,2026-09-02T03:27:07Z
000598,兴蓉环境,52.940241125357126,48.95532679967615,50.98975113454763,63.059012077898494,completed,False,not_required,not_required,False,2026-09-02T03:27:07Z
000599,青岛双星,68.02188441125558,55.88503877607476,70.20816350465971,63.4210213062207,completed,False,not_required,not_required,False,2026-09-02T03:27:07Z
000600,建投能源,41.353654276742546,38.57475763033232,42.00807421962367,34.60168961829046,completed,False,not_required,not_required,False,2026-09-02T03:27:07Z
000601,韶能股份,66.53021598885513,54.795685671064284,60.5503508021786,73.38903133979856,completed,False,not_required,not_required,False,2026-09-02T03:27:07Z
000603,盛达资源,73.43461025389401,54.95849315220301,54.447995261508254,79.39521215568143,completed,True,completed_or_best_effort,completed,False,2026-09-02T03:27:07Z
000605,渤海股份,42.251494472294695,38.62459710001608,41.4246137130862,32.155006425840156,completed,False,not_required,not_required,False,2026-09-02T03:27:07Z
000607,华媒控股,47.752297740689635,46.25956410556455,63.87115900717884,27.637070944340735,completed,False,not_required,not_required,False,2026-09-02T03:27:07Z
000608,阳光股份,32.80125518221953,40.92354692192585,37.30546445340421,23.15121277402367,completed,False,not_required,not_required,False,2026-09-02T03:27:07Z
000609,*ST中迪,12.105335483499744,25.81573738878178,25.745469850292913,3.1566435211721036,completed,False,not_required,not_required,False,2026-09-02T03:27:07Z
000610,*ST西旅,14.046678241708982,21.569282145478386,13.110533149291838,2.1875370496367488,completed,False,not_required,not_required,False,2026-09-02T03:27:07Z
000612,焦作万方,70.49997302047022,46.727148163871774,63.95393629132242,86.81406524186671,completed,True,completed_or_best_effort,completed,True,2026-09-02T03:27:07Z
000615,*ST美谷,39.657254244869605,43.27670426359939,60.58151900003559,19.737630131831338,completed,False,not_required,not_required,False,2026-09-02T03:27:07Z
000617,中油资本,44.935395605712536,43.895526877328535,45.684880978866815,53.21446124719942,completed,False,not_required,not_required,False,2026-09-02T03:27:07Z
000619,海螺新材,36.4516436887934,36.74460306818806,39.33185994371805,31.100681664055458,completed,False,not_required,not_required,False,2026-09-02T03:27:07Z
000620,盈新发展,66.3617107920627,52.92921645769256,52.707249179475156,36.15733588850802,completed,False,not_required,not_required,False,2026-09-02T03:27:07Z
000623,吉林敖东,53.26603199423147,48.04610305355183,51.132703764056856,39.67258207099512,completed,False,not_required,not_required,False,2026-09-02T03:27:07Z
000625,长安汽车,30.38771761432971,39.48177524468714,36.8455765339384,63.42904530300753,completed,False,not_required,not_required,False,2026-09-02T03:27:07Z
000626,远大控股,56.46817229155247,40.99758130564098,51.47346042093034,43.23803726527681,completed,False,not_required,not_required,False,2026-09-02T03:27:07Z
000628,高新发展,46.24068756136052,45.73227490265022,44.45358117281358,32.0122825558904,completed,False,not_required,not_required,False,2026-09-02T03:27:07Z
000629,钒钛股份,72.43663441778722,54.59704876474362,78.98006895837995,37.87991591125825,completed,True,completed_or_best_effort,completed,False,2026-09-02T03:27:07Z
000630,铜陵有色,71.46007929024536,50.0149217988288,59.39451057137282,39.6748337066317,completed,False,not_required,not_required,False,2026-09-02T03:27:07Z
000631,顺发恒能,43.87639042875624,47.69072601008034,36.816022519126754,64.74731419256943,completed,False,not_required,not_required,False,2026-09-02T03:27:07Z
000632,ST三木,9.643817109471495,23.945313674970034,13.073674462430107,10.276932434645513,completed,False,not_required,not_required,False,2026-09-02T03:27:07Z
000633,合金投资,24.59556469220922,27.83349972161757,17.04649941518447,29.911325405662275,completed,False,not_required,not_required,False,2026-09-02T03:27:07Z
000635,英力特,24.11934066426717,29.974852563157977,26.41439162404733,47.76853088888327,completed,False,not_required,not_required,False,2026-09-02T03:27:07Z
000636,风华高科,64.98721021648926,51.67798754227459,52.04965951046104,54.209788909089916,completed,False,not_required,not_required,False,2026-09-02T03:27:07Z
000637,茂化实华,58.555852045347734,47.77036336955432,52.37930281701213,25.648238785949324,completed,False,not_required,not_required,False,2026-09-02T03:27:07Z
000639,ST西王,45.07820686805289,35.001448277619865,59.75925288450297,21.581576622908422,completed,False,not_required,not_required,False,2026-09-02T03:27:07Z
000650,仁和药业,55.39094152506657,41.457401067021394,59.861252422164746,72.03878332532743,completed,False,not_required,not_required,False,2026-09-02T03:27:07Z
000651,格力电器,46.197692904651205,38.73162790221905,47.546806546586836,65.97503461183614,completed,False,not_required,not_required,False,2026-09-02T03:27:07Z
000652,泰达股份,35.016018327890464,43.73844153802186,38.07920439655974,63.7589749368876,completed,False,not_required,not_required,False,2026-09-02T03:27:07Z
000655,金岭矿业,53.15354372488714,40.377353378814654,47.51199877248508,35.18679047751158,completed,False,not_required,not_required,False,2026-09-02T03:27:07Z
000656,金科股份,44.14756514513384,47.279678320990136,63.947776022161676,18.833792991629963,completed,False,not_required,not_required,False,2026-09-02T03:27:07Z
000657,中钨高新,66.49260257404967,50.22651320554374,46.81201827860377,50.46365168657598,completed,False,not_required,not_required,False,2026-09-02T03:27:07Z
000659,珠海中富,12.931027575054536,27.13561538728577,22.79154889367387,44.11782852002988,completed,False,not_required,not_required,False,2026-09-02T03:27:07Z
000661,长春高新,35.26045796167401,36.54549615718387,32.457113685159044,56.68195067936258,completed,False,not_required,not_required,False,2026-09-02T03:27:07Z
000663,永安林业,27.973400479025976,38.40897318807683,27.02086717740599,27.036831656449564,completed,False,not_required,not_required,False,2026-09-02T03:27:07Z
000665,湖北广电,34.47295322048562,46.17353541505959,40.376854239319876,29.716721457090564,completed,False,not_required,not_required,False,2026-09-02T03:27:07Z
000668,荣丰控股,41.43445639317475,39.679808997027024,30.902763211278817,16.46513843327957,completed,False,not_required,not_required,False,2026-09-02T03:27:07Z
000669,ST金鸿,60.30757305550213,44.98643248173236,64.15300364903479,47.5187226890307,completed,False,not_required,not_required,False,2026-09-02T03:27:07Z
000670,盈方微,55.042800946971354,41.473743116929484,53.26867782174411,62.18979410919254,completed,False,not_required,not_required,False,2026-09-02T03:27:07Z
000672,上峰材料,62.43008613497169,52.71695833805345,54.32633846135633,28.87656819386411,completed,False,not_required,not_required,False,2026-09-02T03:27:07Z
000676,智度股份,65.71991635330762,52.01516406425062,62.584046977290875,42.89764303198069,completed,False,not_required,not_required,False,2026-09-02T03:27:07Z
000677,ST海龙,27.472223125208508,28.612981536384517,22.59839029632041,13.028984879693112,completed,False,not_required,not_required,False,2026-09-02T03:27:07Z
000678,襄阳轴承,40.81069314481757,47.25129996130864,47.6132562412542,30.395989959523867,completed,False,not_required,not_required,False,2026-09-02T03:27:07Z
000679,大连友谊,34.654903758284746,36.78261270477236,40.96906850805245,30.45306952696329,completed,False,not_required,not_required,False,2026-09-02T03:27:07Z
000680,山推股份,56.78389781440178,44.58597573416579,49.1159847876166,51.39959258055858,completed,False,not_required,not_required,False,2026-09-02T03:27:07Z
000681,视觉中国,28.51816836839584,30.33219666276315,24.26038923943354,24.49455474921486,completed,False,not_required,not_required,False,2026-09-02T03:27:07Z
000682,东方电子,40.32829788639693,35.7436045354844,27.575831403769143,30.03550863345503,completed,False,not_required,not_required,False,2026-09-02T03:27:07Z
000683,博源化工,55.35111394722521,43.819708218897304,41.17675197510105,47.98663460808189,completed,False,not_required,not_required,False,2026-09-02T03:27:07Z
000685,中山公用,63.101200720095505,56.57717790598491,64.96069210513012,44.76203978927753,completed,False,not_required,not_required,False,2026-09-02T03:27:07Z
000686,东北证券,53.76348047947762,33.526196313889315,45.51327756800983,43.081373114214884,completed,False,not_required,not_required,False,2026-09-02T03:27:07Z
000688,国城矿业,80.61093235160754,61.3862624276014,62.88664979398539,46.6005440846841,completed,False,not_required,not_required,False,2026-09-02T03:27:07Z
000690,宝新能源,58.553936385755875,47.679775378178434,64.25748167545012,31.46477110368297,completed,False,not_required,not_required,False,2026-09-02T03:27:07Z
000691,亚太实业,40.620025591192956,28.614444464903954,50.428687634308574,24.05136452319853,completed,False,not_required,not_required,False,2026-09-02T03:27:07Z
000692,惠天热电,45.18288374456853,43.99985305720887,35.507922561854706,21.89205762637744,completed,False,not_required,not_required,False,2026-09-02T03:27:07Z
000695,滨海能源,53.02359661025437,45.43085947917549,51.836595245803856,65.40038585167146,completed,False,not_required,not_required,False,2026-09-02T03:27:07Z
000697,炼石航空,35.03033661138308,37.278221146127194,37.39587480718081,22.726077365223645,completed,False,not_required,not_required,False,2026-09-02T03:27:07Z
000698,ST沈化,61.48725913992665,41.415857402484946,52.98024803362778,28.812356465463182,completed,False,not_required,not_required,False,2026-09-02T03:27:07Z
000700,模塑科技,53.901077558780116,46.50274352216829,50.54700403746367,27.742138377636245,completed,False,not_required,not_required,False,2026-09-02T03:27:07Z
000701,厦门信达,51.94547108144265,40.57621029494888,55.726216638688214,36.86778789709044,completed,False,not_required,not_required,False,2026-09-02T03:27:07Z
000702,正虹科技,22.070192916730658,23.857791885159298,25.29497074406464,25.95708007691932,completed,False,not_required,not_required,False,2026-09-02T03:27:07Z
000703,恒逸石化,68.01298644838376,50.58166683297579,46.7958533979534,66.451964393616,completed,False,not_required,not_required,False,2026-09-02T03:27:07Z
000705,浙江震元,21.911972607281463,38.847366788636805,26.188226776610996,16.045093815823975,completed,False,not_required,not_required,False,2026-09-02T03:27:07Z
000707,双环科技,20.829492893663662,30.82958876708682,26.271168415275767,15.604546447354119,completed,False,not_required,not_required,False,2026-09-02T03:27:07Z
000708,中信特钢,54.153423969702395,42.7857866952143,50.014457682289816,35.244216172384846,completed,False,not_required,not_required,False,2026-09-02T03:27:07Z
000709,河钢股份,51.02957155025681,44.34696953191741,45.34877447221191,38.969351728445304,completed,False,not_required,not_required,False,2026-09-02T03:27:07Z
000710,贝瑞基因,42.10224019265218,46.74249577159664,47.28739837656728,37.83895859716874,completed,False,not_required,not_required,False,2026-09-02T03:27:07Z
000711,京蓝科技,71.71343763338973,61.48632348832152,63.37334843826724,31.87683051423401,completed,False,not_required,not_required,False,2026-09-02T03:27:07Z
000712,锦龙股份,26.17018406978312,26.159293594555102,26.396075638503277,48.26581141697144,completed,False,not_required,not_required,False,2026-09-02T03:27:07Z
000713,国投丰乐,53.44992997530324,49.33842480879275,53.529689775266164,40.85876023483516,completed,False,not_required,not_required,False,2026-09-02T03:27:07Z
000715,中兴商业,47.41136284240935,41.338757873513835,47.4526850887444,37.701792751371734,completed,False,not_required,not_required,False,2026-09-02T03:27:07Z
000716,黑芝麻,41.27607325915931,30.967198044615245,36.684868826222136,37.46206144448528,completed,False,not_required,not_required,False,2026-09-02T03:27:07Z
000717,中南股份,18.656343067249388,32.87926358638638,24.14567180412451,29.104273278282548,completed,False,not_required,not_required,False,2026-09-02T03:27:07Z
000718,苏宁环球,32.643164767607594,31.540584503252862,32.860913675741315,27.33791326395328,completed,False,not_required,not_required,False,2026-09-02T03:27:07Z
000719,中原传媒,49.815298549734806,44.99381532834263,56.00417345077267,40.556218624631875,completed,False,not_required,not_required,False,2026-09-02T03:27:07Z
000720,新能泰山,21.167778119412148,31.64030443785323,23.462915601924514,14.459911529530794,completed,False,not_required,not_required,False,2026-09-02T03:27:07Z
000721,西安饮食,30.063887306335104,37.42514080854909,38.8076270291334,18.62207609963265,completed,False,not_required,not_required,False,2026-09-02T03:27:07Z
000722,湖南发展,69.58605806200217,54.947866671803325,56.8421913450389,59.52615804430287,completed,False,not_required,not_required,False,2026-09-02T03:27:07Z
000723,美锦能源,35.2851477783887,38.91513771924874,41.876692861162375,15.745671704557287,completed,False,not_required,not_required,False,2026-09-02T03:27:07Z
000725,京东方A,66.76933686824569,54.733886637800836,60.94957307801479,78.08387042393605,completed,False,not_required,not_required,False,2026-09-02T03:27:07Z
000726,鲁泰A,45.210161342013905,43.83951251106454,47.4013097117713,44.182793219726996,completed,False,not_required,not_required,False,2026-09-02T03:27:07Z
000727,冠捷科技,45.44911923511474,41.78753550507274,47.754095975385916,36.92567500988734,completed,False,not_required,not_required,False,2026-09-02T03:27:07Z
000728,国元证券,61.343699435482634,46.7850222544351,49.49003440329028,32.60746043161744,completed,False,not_required,not_required,False,2026-09-02T03:27:07Z
000729,燕京啤酒,60.25810692706338,46.44134239076338,55.63943810860865,46.900375543567286,completed,False,not_required,not_required,False,2026-09-02T03:27:07Z
000731,四川美丰,30.58717469392974,29.334480726257983,32.41151331868752,44.7602520493572,completed,False,not_required,not_required,False,2026-09-02T03:27:07Z
000733,振华科技,47.592407820065034,49.25179779486915,52.563104669754715,39.70855609682074,completed,False,not_required,not_required,False,2026-09-02T03:27:07Z
000735,罗牛山,25.06130683164858,36.08333522445795,26.732901697761985,17.593994955748094,completed,False,not_required,not_required,False,2026-09-02T03:27:07Z
000736,中交发展,49.27821495413937,61.36216458175953,63.62147543678651,24.02386928335578,completed,False,not_required,not_required,False,2026-09-02T03:27:07Z
000737,北方铜业,82.67113506887263,61.4771533817495,60.82919195614338,35.564399583419224,completed,True,completed_or_best_effort,completed,True,2026-09-02T03:27:07Z
000738,航发控制,38.815848684710204,39.34300975228325,36.25468179682272,46.70596884266739,completed,False,not_required,not_required,False,2026-09-02T03:27:07Z
000739,普洛药业,48.37758056593049,52.14314506906753,44.782582870908456,81.3319596258872,completed,False,not_required,not_required,False,2026-09-02T03:27:07Z
000750,国海证券,67.8523440041417,48.49341089204592,51.69216599379269,39.86587036341566,completed,False,not_required,not_required,False,2026-09-02T03:27:07Z
000751,锌业股份,25.409786939251187,26.80933702446078,18.888985262476506,24.938095869155767,completed,False,not_required,not_required,False,2026-09-02T03:27:07Z
000752,*ST西发,36.126764722529906,33.12582743037018,40.249192274719995,23.053874234771524,completed,False,not_required,not_required,False,2026-09-02T03:27:07Z
000753,漳州发展,36.832507576761905,42.19096364627861,41.00359632734764,28.919426798197765,completed,False,not_required,not_required,False,2026-09-02T03:27:07Z
000755,山西高速,52.70064695592246,39.41249886970448,49.58407288353016,43.04398180840667,completed,False,not_required,not_required,False,2026-09-02T03:27:07Z
000756,新华制药,39.670831357505115,40.889141270718824,40.20080307794844,35.98258971123801,completed,False,not_required,not_required,False,2026-09-02T03:27:07Z
000757,浩物股份,41.43889950441275,39.767054756549584,45.198085783124284,57.07484728398352,completed,False,not_required,not_required,False,2026-09-02T03:27:07Z
000758,中色股份,61.14563897905395,46.17160243485944,48.14004733024977,63.623916232868716,completed,False,not_required,not_required,False,2026-09-02T03:27:07Z
000759,中百集团,20.467564030659055,31.648743543548886,26.320374006761995,34.4039691073542,completed,False,not_required,not_required,False,2026-09-02T03:27:07Z
000761,本钢板材,25.962563101335398,36.64371000929175,27.485672938422276,15.890417996020606,completed,False,not_required,not_required,False,2026-09-02T03:27:07Z
000762,西藏矿业,81.93461105382141,62.22625220610205,75.46383124557244,45.84242515138431,completed,False,not_required,not_required,False,2026-09-02T03:27:07Z
000766,通化金马,26.239738900399523,33.55220444243687,27.145061179429504,49.642496178953174,completed,False,not_required,not_required,False,2026-09-02T03:27:07Z
000767,晋控电力,39.716865302394865,38.237511631887685,39.87936112785608,24.161814724016757,completed,False,not_required,not_required,False,2026-09-02T03:27:07Z
000768,中航西飞,25.41110768136741,34.54335819633781,26.660405078434813,40.27750006525679,completed,False,not_required,not_required,False,2026-09-02T03:27:07Z
000776,广发证券,64.06302890349278,44.808070482863215,49.66570689723954,37.9387203145583,completed,False,not_required,not_required,False,2026-09-02T03:27:07Z
000777,中核科技,42.77768119619644,55.033028832942506,45.36667454473775,65.34492812418405,completed,False,not_required,not_required,False,2026-09-02T03:27:07Z
000778,新兴铸管,46.255516614377726,36.58280183745537,41.65047189461658,34.89557931134508,completed,False,not_required,not_required,False,2026-09-02T03:27:07Z
000779,甘咨询,25.350817023247313,28.791584532911422,33.854670332402726,27.83672854421132,completed,False,not_required,not_required,False,2026-09-02T03:27:07Z
000782,恒申新材,51.022859237603775,50.49736083821048,46.335270445505415,28.981663635570357,completed,False,not_required,not_required,False,2026-09-02T03:27:07Z
000783,长江证券,71.3191678869175,48.181806095365275,53.44183295802817,51.38939469702025,completed,False,not_required,not_required,False,2026-09-02T03:27:07Z
000785,居然智家,56.04778337014227,50.91879657758921,51.77767436851662,73.78783398178315,completed,False,not_required,not_required,False,2026-09-02T03:27:07Z
000786,北新建材,36.98819646291292,34.83489437136819,42.66190887815066,46.3166172220691,completed,False,not_required,not_required,False,2026-09-02T03:27:07Z
000788,北大医药,48.17868184144571,52.60755337747399,52.44149589908255,40.69246212779602,completed,False,not_required,not_required,False,2026-09-02T03:27:07Z
000789,万年青,18.20487208780533,29.80883811981325,26.85088817179292,24.726749109740055,completed,False,not_required,not_required,False,2026-09-02T03:27:07Z
000790,华神科技,36.1447340746329,39.20353181472512,50.90598410092762,27.329681343665015,completed,False,not_required,not_required,False,2026-09-02T03:27:07Z
000791,甘肃能源,56.496091512891525,49.99987022909272,56.243044865656266,36.64111837607796,completed,False,not_required,not_required,False,2026-09-02T03:27:07Z
000792,盐湖股份,69.98416321654575,45.669190774843486,64.4707567542776,60.473234332808005,completed,False,not_required,not_required,False,2026-09-02T03:27:07Z
000793,ST华闻,57.49487725142045,41.27930629912985,63.17924756655654,18.338523810568,completed,False,not_required,not_required,False,2026-09-02T03:27:07Z
000795,英洛华,43.98231221772627,40.0950887017575,30.101702168881715,39.96796442742744,completed,False,not_required,not_required,False,2026-09-02T03:27:07Z
000796,凯撒旅业,43.15856021880024,33.764451160187406,39.698395875217905,48.2136733330978,completed,False,not_required,not_required,False,2026-09-02T03:27:07Z
000797,中国武夷,29.63475154453471,38.623224892728174,25.563519612730186,28.038964502696764,completed,False,not_required,not_required,False,2026-09-02T03:27:07Z
000798,中水渔业,64.791331310374,53.44451977673832,41.33158632482146,30.868878427276236,completed,False,not_required,not_required,False,2026-09-02T03:27:07Z
000799,酒鬼酒,35.783891942396735,43.75572858949429,36.6268584500055,25.97711700580685,completed,False,not_required,not_required,False,2026-09-02T03:27:07Z
000800,一汽解放,72.09059851112295,52.18334384291046,71.43997450258368,45.332022661422045,completed,False,not_required,not_required,False,2026-09-02T03:27:07Z
000801,四川九洲,45.95871713312443,41.198553349071524,36.308623401901514,58.7129872349807,completed,False,not_required,not_required,False,2026-09-02T03:27:07Z
000802,北京文化,28.16694206291909,39.216598742597355,28.32256275179944,16.948448119211967,completed,False,not_required,not_required,False,2026-09-02T03:27:07Z
000803,山高环能,67.08643183441446,63.76445061841618,56.0304778559804,52.73460933169047,completed,False,not_required,not_required,False,2026-09-02T03:27:07Z
000807,云铝股份,70.99761680055101,47.78887488845672,63.186959048000624,49.10033834366517,completed,False,not_required,not_required,False,2026-09-02T03:27:07Z
000809,和展能源,64.49677718140076,52.816116121072085,74.8679685912101,55.69022328740899,completed,False,not_required,not_required,False,2026-09-02T03:27:07Z
000810,创维数字,41.18551876450365,34.74746196567775,34.32675590315881,39.30847491661392,completed,False,not_required,not_required,False,2026-09-02T03:27:07Z
000811,冰轮环境,44.25221123374082,36.3395913854586,32.164549131676836,43.40344422658042,completed,False,not_required,not_required,False,2026-09-02T03:27:07Z
000812,陕西金叶,45.15200116726965,45.917979188339686,37.04037693109107,23.89874358466065,completed,False,not_required,not_required,False,2026-09-02T03:27:07Z
000813,德展健康,18.136459291564382,30.50905587403505,32.00695579605119,24.931746175866238,completed,False,not_required,not_required,False,2026-09-02T03:27:07Z
000815,美利云,29.888370775071145,37.10171085922856,26.29931197699228,26.3297614756148,completed,False,not_required,not_required,False,2026-09-02T03:27:07Z
000816,智慧农业,53.47594334639429,50.017375449782264,56.11162513831626,35.41021618193052,completed,False,not_required,not_required,False,2026-09-02T03:27:07Z
000818,航锦科技,55.7748683629245,39.83340645463927,49.99711345669336,26.761847690668173,completed,False,not_required,not_required,False,2026-09-02T03:27:07Z
000819,岳阳兴长,64.6934250554904,53.82242752280051,62.99688394224026,43.23856286585542,completed,False,not_required,not_required,False,2026-09-02T03:27:07Z
000820,神雾节能,32.20265652800045,29.88546824165156,24.846695940203603,10.85331262185374,completed,False,not_required,not_required,False,2026-09-02T03:27:07Z
000821,ST京机,20.61257848544421,40.4590372911486,30.970505343750972,13.672682419584177,completed,False,not_required,not_required,False,2026-09-02T03:27:07Z
000822,山东海化,39.72839422743412,34.9569461877976,47.15689434876369,34.41424975565027,completed,False,not_required,not_required,False,2026-09-02T03:27:07Z
000823,超声电子,55.951727435735854,50.947017978202325,50.233047950083574,47.24847609443985,completed,False,not_required,not_required,False,2026-09-02T03:27:07Z
000825,太钢不锈,54.76996639196911,47.039451052642676,44.90236387683366,38.38707497806351,completed,False,not_required,not_required,False,2026-09-02T03:27:07Z
000826,*ST启环,22.87684912839009,34.20341434696084,42.088961427101076,4.281139120426666,completed,False,not_required,not_required,False,2026-09-02T03:27:07Z
000828,东莞控股,46.43605579758226,42.132276511471325,47.353516930298696,45.875096735777724,completed,False,not_required,not_required,False,2026-09-02T03:27:07Z
000829,天音控股,52.120401511352796,42.7811474677726,57.170645127311246,24.68427662568282,completed,False,not_required,not_required,False,2026-09-02T03:27:07Z
000830,鲁西化工,68.96858411513564,53.12944770648447,60.49223385888578,39.662295715007495,completed,False,not_required,not_required,False,2026-09-02T03:27:07Z
000831,中国稀土,49.73897089715793,38.28862202120485,45.300069913329345,38.85598298439189,completed,False,not_required,not_required,False,2026-09-02T03:27:07Z
000833,粤桂股份,78.73128072472836,64.79590820661605,58.87842759901447,40.66518082524981,completed,True,completed_or_best_effort,completed,True,2026-09-02T03:27:07Z
000837,秦川机床,55.918914608520275,47.25190177218458,46.57629871211451,39.34485122338604,completed,False,not_required,not_required,False,2026-09-02T03:27:07Z
000838,*ST发展,5.241098227542643,22.085903702811915,9.411890437977087,0.0,completed,False,not_required,not_required,False,2026-09-02T03:27:07Z
000839,国安股份,25.040530035080955,33.278547591309035,20.49889679526796,22.479971661394302,completed,False,not_required,not_required,False,2026-09-02T03:27:07Z
000848,承德露露,51.72022116969484,42.146323955552255,52.08565192120634,53.49699612799772,completed,False,not_required,not_required,False,2026-09-02T03:27:07Z
000850,华茂股份,55.70679747726109,48.64904110156916,58.577753888143036,29.710471561666502,completed,False,not_required,not_required,False,2026-09-02T03:27:07Z
000852,石化机械,24.137906276806454,30.205329295034097,24.507277049771407,11.106022013897325,completed,False,not_required,not_required,False,2026-09-02T03:27:07Z
000856,冀东装备,51.133991942481224,45.51505728500058,52.69227483411443,31.43779166205064,completed,False,not_required,not_required,False,2026-09-02T03:27:07Z
000858,五粮液,58.83352550046117,48.57332798142465,56.88019649131658,52.20736167561897,completed,False,not_required,not_required,False,2026-09-02T03:27:07Z
000859,国风新材,43.89414993450445,45.04901301454123,48.752681947215,37.38321728059606,completed,False,not_required,not_required,False,2026-09-02T03:27:07Z
000860,顺鑫农业,45.67478482209996,48.5018926521567,45.870640046671184,22.086298695864873,completed,False,not_required,not_required,False,2026-09-02T03:27:07Z
000862,银星能源,36.19070252845387,37.03883955971084,36.00880434742275,36.01329157804463,completed,False,not_required,not_required,False,2026-09-02T03:27:07Z
000863,三湘印象,31.31806996879878,35.18170747453167,21.41967139591334,26.68334682651163,completed,False,not_required,not_required,False,2026-09-02T03:27:07Z
000868,安凯客车,24.29682151149757,30.1416798907906,20.669683146777537,24.50964325562061,completed,False,not_required,not_required,False,2026-09-02T03:27:07Z
000869,张裕A,35.58914485127707,30.702346628071346,29.0584314696292,65.04854520383134,completed,False,not_required,not_required,False,2026-09-02T03:27:07Z
000875,电投绿能,54.8203600408246,50.496238251170546,51.15836643484778,33.678612623510816,completed,False,not_required,not_required,False,2026-09-02T03:27:07Z
000876,新希望,14.76296140283478,23.731317745577634,17.25224092065338,11.889254394170985,completed,False,not_required,not_required,False,2026-09-02T03:27:07Z
000877,天山股份,12.42523617080279,26.244718004662342,16.51410747367014,19.05459619462988,completed,False,not_required,not_required,False,2026-09-02T03:27:07Z
000878,云南铜业,55.99356322897022,37.970950676253835,46.7858809755681,73.1636360646888,completed,False,not_required,not_required,False,2026-09-02T03:27:07Z
000880,潍柴重机,56.33260289693448,34.30543137582197,40.05365233995606,45.722587594482185,completed,False,not_required,not_required,False,2026-09-02T03:27:07Z
000881,中广核技,14.148600912368948,24.59411360818011,20.801142953190475,12.328353698801758,completed,False,not_required,not_required,False,2026-09-02T03:27:07Z
000882,华联股份,21.316953831850945,37.77460842197257,22.69383202948484,31.139215620591713,completed,False,not_required,not_required,False,2026-09-02T03:27:07Z
000883,湖北能源,53.29858970699433,47.8886166806896,56.358100558393275,42.48479313210103,completed,False,not_required,not_required,False,2026-09-02T03:27:07Z
000885,城发环境,46.28721232167127,41.189568134953305,48.09639690499567,30.559313533600108,completed,False,not_required,not_required,False,2026-09-02T03:27:07Z
000886,海南高速,61.533244951539345,57.82515014371765,69.67643104840212,80.6983861691095,completed,True,completed_or_best_effort,completed,False,2026-09-02T03:27:07Z
000887,中鼎股份,55.63472666577226,50.70983844298546,48.36721960603152,38.85177857159928,completed,False,not_required,not_required,False,2026-09-02T03:27:07Z
000888,峨眉山A,53.16168784538393,46.97254837227361,53.057087395707214,47.52223746574772,completed,False,not_required,not_required,False,2026-09-02T03:27:07Z
000889,中嘉博创,59.94501194570488,47.91813544739376,63.390570612682524,38.73154852798064,completed,False,not_required,not_required,False,2026-09-02T03:27:07Z
000890,法尔胜,36.24357168928567,43.87000174052402,38.56712921747026,37.67571329767093,completed,False,not_required,not_required,False,2026-09-02T03:27:07Z
000892,欢瑞世纪,32.42242521011163,38.146127039528054,21.578726561933244,14.792801066825943,completed,False,not_required,not_required,False,2026-09-02T03:27:07Z
000893,亚钾国际,77.0163433185048,60.034215458924976,61.49166525266438,36.088353226941514,completed,False,not_required,not_required,False,2026-09-02T03:27:07Z
000895,双汇发展,50.758112975429995,40.56962117755289,45.85659458188706,35.50480652588125,completed,False,not_required,not_required,False,2026-09-02T03:27:07Z
000897,津滨发展,45.73695155245892,48.154789687893796,57.16298120319786,28.16813681369515,completed,False,not_required,not_required,False,2026-09-02T03:27:07Z
000898,鞍钢股份,32.33361346011281,40.47413685811588,35.4311495381805,26.15957496000656,completed,False,not_required,not_required,False,2026-09-02T03:27:07Z
000899,赣能股份,43.11511992225461,31.010726720762925,38.509065013111595,32.980727576256946,completed,False,not_required,not_required,False,2026-09-02T03:27:07Z
000900,现代投资,44.531057946591204,31.625977060628408,40.73098244330988,36.34031417959876,completed,False,not_required,not_required,False,2026-09-02T03:27:07Z
000901,航天科技,27.641374539309474,38.19373472819778,25.54529237449385,25.010092858576563,completed,False,not_required,not_required,False,2026-09-02T03:27:07Z
000902,新洋丰,58.13997668151438,47.47301756291699,49.96123849543802,42.87264985711565,completed,False,not_required,not_required,False,2026-09-02T03:27:07Z
000903,ST云动,19.605126781827586,30.37014164593374,29.745774780161767,25.88665503359171,completed,False,not_required,not_required,False,2026-09-02T03:27:07Z
000905,厦门港务,45.734712448243755,37.13437729387053,45.363796545359605,50.574175533029205,completed,False,not_required,not_required,False,2026-09-02T03:27:07Z
000906,浙商中拓,59.17168353537076,48.163345082034816,52.92868724010034,32.26595498816254,completed,False,not_required,not_required,False,2026-09-02T03:27:07Z
000908,石药景峰,49.82641833461464,50.049971448593574,58.86455648509369,22.632839816091153,completed,False,not_required,not_required,False,2026-09-02T03:27:07Z
000909,*ST数源,18.575263030818867,30.356252168213256,36.79153927194277,4.590941267086389,completed,False,not_required,not_required,False,2026-09-02T03:27:07Z
000910,大亚圣象,17.494207642791782,24.844866645131997,18.429831000408413,19.651852621822663,completed,False,not_required,not_required,False,2026-09-02T03:27:07Z
000911,*ST广糖,46.56086240532399,39.74286167040029,50.65095934342506,11.012774493402738,completed,False,not_required,not_required,False,2026-09-02T03:27:07Z
000912,泸天化,71.32414308326226,60.63713175875777,64.61636851420343,29.909240961858686,completed,False,not_required,not_required,False,2026-09-02T03:27:07Z
000913,钱江摩托,49.32126507212441,47.333081615934745,45.64525508283015,46.97665414529398,completed,False,not_required,not_required,False,2026-09-02T03:27:07Z
000915,华特达因,42.52653633468098,40.216962779110446,45.033954790645666,34.38794034312419,completed,False,not_required,not_required,False,2026-09-02T03:27:07Z
000917,电广传媒,33.912783535201896,37.741072728465426,39.30819745040212,24.217455350721792,completed,False,not_required,not_required,False,2026-09-02T03:27:07Z
000919,金陵药业,54.43589204374801,45.89138744392878,53.41478607759015,42.529192951741834,completed,False,not_required,not_required,False,2026-09-02T03:27:07Z
000920,沃顿科技,57.64240103151715,48.9727615631015,53.73464898182859,44.28394989634642,completed,False,not_required,not_required,False,2026-09-02T03:27:07Z
000921,海信家电,48.16907743218418,39.970246122221816,42.724733482344575,38.655336882869314,completed,False,not_required,not_required,False,2026-09-02T03:27:07Z
000922,佳电股份,47.374078276905955,46.19452821345645,43.8808503352673,41.75260337581214,completed,False,not_required,not_required,False,2026-09-02T03:27:07Z
000923,河钢资源,16.762397000510564,27.44934270121659,27.03231217755362,32.89685809347897,completed,False,not_required,not_required,False,2026-09-02T03:27:07Z
000925,众合科技,56.56823555206674,55.70202269466006,69.97689221218118,49.81568459554435,completed,False,not_required,not_required,False,2026-09-02T03:27:07Z
000926,福星股份,5.990999113406936,17.869303690954727,11.488888775274768,25.865153727409435,completed,False,not_required,not_required,False,2026-09-02T03:27:07Z
000927,中国铁物,61.61446024174225,51.063642237932285,57.964054907821435,45.93273571006649,completed,False,not_required,not_required,False,2026-09-02T03:27:07Z
000928,中钢国际,49.912175865773364,44.4667342477712,42.65052923626813,34.01624258497547,completed,False,not_required,not_required,False,2026-09-02T03:27:07Z
000929,兰州黄河,52.32550003329078,52.631651157907775,51.6199515485437,20.08187641003346,completed,False,not_required,not_required,False,2026-09-02T03:27:07Z
000930,中粮科技,33.51004437563418,43.57639268068953,32.057660352998205,39.87255582671156,completed,False,not_required,not_required,False,2026-09-02T03:27:07Z
000931,中关村,7.9517136140313305,31.648968702818685,12.711562273199668,10.03171937614133,completed,False,not_required,not_required,False,2026-09-02T03:27:07Z
000932,华菱钢铁,39.52255023380174,36.07846364312101,40.79602129447991,44.930598271223914,completed,False,not_required,not_required,False,2026-09-02T03:27:07Z
000933,神火股份,65.9964931795639,41.35102770991651,60.352400959981075,52.69090440952841,completed,False,not_required,not_required,False,2026-09-02T03:27:07Z
000935,四川双马,17.44669424528572,35.690568624990675,27.00997910004348,13.909149225186885,completed,False,not_required,not_required,False,2026-09-02T03:27:07Z
000936,华西股份,22.801187660559254,28.47884127582653,27.32130105176784,27.916025127414322,completed,False,not_required,not_required,False,2026-09-02T03:27:07Z
000937,冀中能源,72.04157636427556,61.49126448113221,65.75375959375958,40.1194051645274,completed,False,not_required,not_required,False,2026-09-02T03:27:07Z
000938,紫光股份,47.58631265078377,33.89827236616222,29.680871917219445,20.762034145770542,completed,False,not_required,not_required,False,2026-09-02T03:27:07Z
000948,南天信息,43.86967376433218,46.03669152896019,36.4281249693306,29.414576891709757,completed,False,not_required,not_required,False,2026-09-02T03:27:07Z
000949,新乡化纤,76.96774805068173,61.06503807950131,65.0610902752765,43.90872514777551,completed,True,completed_or_best_effort,completed,False,2026-09-02T03:27:07Z
000950,重药控股,27.47232642532488,30.14626249693761,28.948630525591092,51.30762723235388,completed,False,not_required,not_required,False,2026-09-02T03:27:07Z
000951,中国重汽,62.14346563477034,39.10013041855057,53.200896875136564,41.72691323022664,completed,False,not_required,not_required,False,2026-09-02T03:27:07Z
000952,广济药业,27.371869793074744,37.31200114845029,30.08134479690937,58.92112057121428,completed,False,not_required,not_required,False,2026-09-02T03:27:07Z
000953,中哲精化,30.693942662463165,29.81370066245045,23.21645763181823,58.27352096015695,completed,False,not_required,not_required,False,2026-09-02T03:27:07Z
000955,欣龙控股,19.136290821826115,20.66911346387831,23.671426488084094,15.367057264757454,completed,False,not_required,not_required,False,2026-09-02T03:27:07Z
000957,中通客车,65.39223369199497,45.85176714970443,61.17323941115947,44.89885618456971,completed,False,not_required,not_required,False,2026-09-02T03:27:07Z
000958,电投产融,33.73174664860225,37.312199915562694,32.79075597765544,70.48516479791643,completed,False,not_required,not_required,False,2026-09-02T03:27:07Z
000959,首钢股份,55.60666848316021,47.70927854887105,53.711147162454665,64.2028015069512,completed,False,not_required,not_required,False,2026-09-02T03:27:07Z
000960,锡业股份,57.0139023093403,32.170861560397476,42.884634650579216,27.53477627192396,completed,False,not_required,not_required,False,2026-09-02T03:27:07Z
000962,东方钽业,35.02719957253823,36.55421441354342,27.951767987424404,47.98123077964199,completed,False,not_required,not_required,False,2026-09-02T03:27:07Z
000963,华东医药,49.72996965814446,39.51310497539622,48.11400237467504,47.63347872949973,completed,False,not_required,not_required,False,2026-09-02T03:27:07Z
000965,天保基建,34.146407382090665,32.73474213193494,31.73895556819362,44.07835694023354,completed,False,not_required,not_required,False,2026-09-02T03:27:07Z
000966,长源电力,41.23393120835007,36.08904884275487,38.19273296640096,39.50104254095563,completed,False,not_required,not_required,False,2026-09-02T03:27:07Z
000967,盈峰环境,59.45177411976235,47.079526974406484,53.52663058585567,28.915444284785263,completed,False,not_required,not_required,False,2026-09-02T03:27:07Z
000968,蓝焰控股,53.182214738970615,50.82947153031873,56.9284325676181,33.46275400072984,completed,False,not_required,not_required,False,2026-09-02T03:27:07Z
000969,安泰科技,53.45626827176601,43.94113190769392,40.054305411481536,45.997906234433856,completed,False,not_required,not_required,False,2026-09-02T03:27:07Z
000970,中科三环,54.603015009793,48.31873945269267,44.10576633586623,42.56125934078254,completed,False,not_required,not_required,False,2026-09-02T03:27:07Z
000972,中基健康,23.34478250068402,36.16029292151012,29.084796928507863,6.354045782648203,completed,False,not_required,not_required,False,2026-09-02T03:27:07Z
000973,佛塑科技,69.80813308114658,55.110129843184076,50.048223106817844,69.68022981346785,completed,False,not_required,not_required,False,2026-09-02T03:27:07Z
000975,山金国际,54.02139100376916,41.86910614948826,54.773288936794394,71.00610558529914,completed,False,not_required,not_required,False,2026-09-02T03:27:07Z
000977,浪潮信息,71.76704845225986,56.950171325740826,51.07521070529679,35.46048584187159,completed,False,not_required,not_required,False,2026-09-02T03:27:07Z
000978,桂林旅游,29.523073531750327,36.37550885029395,34.485282556231546,33.92069137764102,completed,False,not_required,not_required,False,2026-09-02T03:27:07Z
000980,众泰汽车,46.9617966949695,43.83692465870483,51.21376468930874,18.819148163461573,completed,False,not_required,not_required,False,2026-09-02T03:27:07Z
000981,山子高科,26.236838762717877,38.277987714381496,23.915515365796548,28.16989308059575,completed,False,not_required,not_required,False,2026-09-02T03:27:07Z
000983,山西焦煤,57.68316610740387,45.02338577996026,51.20956114992813,26.121642221198186,completed,False,not_required,not_required,False,2026-09-02T03:27:07Z
000985,大庆华科,41.25917495725111,31.349377183172997,32.33857292482874,32.532332494374735,completed,False,not_required,not_required,False,2026-09-02T03:27:07Z
000987,越秀资本,50.28703236186176,42.63458993003933,39.90608197845389,36.55151339044556,completed,False,not_required,not_required,False,2026-09-02T03:27:07Z
000988,华工科技,36.68140440920398,33.62969064118655,31.54653827304444,35.0522696204189,completed,False,not_required,not_required,False,2026-09-02T03:27:07Z
000989,九芝堂,74.50331527537134,56.585065398245526,60.68050392965305,36.81520657826584,completed,False,not_required,not_required,False,2026-09-02T03:27:07Z
000990,诚志股份,73.6077048004689,58.7800185052227,79.38236883144842,40.40882141976081,completed,True,completed_or_best_effort,completed,False,2026-09-02T03:27:07Z
000993,闽东电力,48.07237914157253,48.52726661624357,43.02348557688866,25.723175490669746,completed,False,not_required,not_required,False,2026-09-02T03:27:07Z
000995,皇台酒业,29.111989961648597,39.16240344828286,29.196667256670807,24.024418588650285,completed,False,not_required,not_required,False,2026-09-02T03:27:07Z
000997,新大陆,53.8057910645421,40.21190460336917,39.850888881872244,35.126990030928894,completed,False,not_required,not_required,False,2026-09-02T03:27:07Z
000998,隆平高科,49.770311658031495,55.110144033765145,51.385981173744405,46.70649289057774,completed,False,not_required,not_required,False,2026-09-02T03:27:07Z
000999,华润三九,52.18300449047957,45.40882978324423,58.529427590605884,42.4855083210493,completed,False,not_required,not_required,False,2026-09-02T03:27:07Z
001201,东瑞股份,17.824766601881855,34.43721631313625,24.262992344812,17.56642937789765,completed,False,not_required,not_required,False,2026-09-02T03:27:07Z
001202,炬申股份,43.03245133372724,38.17940362043634,35.72158592728292,46.829463046012854,completed,False,not_required,not_required,False,2026-09-02T03:27:07Z
001203,大中矿业,51.99165959565741,51.15009776150965,42.11374234296124,48.39116338688054,completed,False,not_required,not_required,False,2026-09-02T03:27:07Z
001205,盛航股份,70.44950768137201,56.29813498360265,63.67461629814933,54.25178579370243,completed,False,not_required,not_required,False,2026-09-02T03:27:07Z
001206,依依股份,46.36512132399696,43.83664594305725,43.43983122019225,29.698216341955586,completed,False,not_required,not_required,False,2026-09-02T03:27:07Z
001207,联科科技,64.69723092708219,50.81214425705829,59.38779921035393,71.09731481148847,completed,False,not_required,not_required,False,2026-09-02T03:27:07Z
001208,华菱线缆,36.82012862149433,43.44013810891823,29.029330718680598,32.24532679610142,completed,False,not_required,not_required,False,2026-09-02T03:27:07Z
001209,洪兴股份,42.92562120879721,42.991393221547995,46.35312205040349,21.32735757104808,completed,False,not_required,not_required,False,2026-09-02T03:27:07Z
001210,金房能源,50.28158306715496,44.974046149673434,36.118265660145504,33.18362446420689,completed,False,not_required,not_required,False,2026-09-02T03:27:07Z
001211,双枪科技,45.06824108049525,45.82087223267311,43.39141339956754,18.127604674749215,completed,False,not_required,not_required,False,2026-09-02T03:27:07Z
001212,中旗新材,0.5030386717281985,18.87668757485301,12.432612120900513,10.285582877503133,completed,False,not_required,not_required,False,2026-09-02T03:27:07Z
001213,中铁特货,42.422216154981854,35.870736291700965,46.390098341765295,34.62213379164012,completed,False,not_required,not_required,False,2026-09-02T03:27:07Z
001215,千味央厨,47.56330276638261,38.85192219224163,45.5767131148548,64.16620671967837,completed,False,not_required,not_required,False,2026-09-02T03:27:07Z
001216,华瓷股份,42.68028676654226,45.51146666726809,48.64679579510482,50.05826548774193,completed,False,not_required,not_required,False,2026-09-02T03:27:07Z
001217,华尔泰,65.47252914916339,51.953366114472225,61.8284882358452,43.161005963873585,completed,False,not_required,not_required,False,2026-09-02T03:27:07Z
001218,丽臣实业,62.61416177792253,46.60035541406567,58.319627533997895,48.09942691663994,completed,False,not_required,not_required,False,2026-09-02T03:27:07Z
001219,青岛食品,51.18031431266575,41.43187334322311,53.28565330602064,47.57579569444141,completed,False,not_required,not_required,False,2026-09-02T03:27:07Z
001220,世盟股份,49.16817514504473,51.240486456886124,55.35561454717446,37.796414678647544,completed,False,not_required,not_required,False,2026-09-02T03:27:07Z
001221,悍高集团,57.004339548289686,48.85105860476383,48.41809543723656,35.35957369005067,completed,False,not_required,not_required,False,2026-09-02T03:27:07Z
001222,源飞宠物,37.44601068886056,37.71139946448466,41.574957755418765,36.51439831779981,completed,False,not_required,not_required,False,2026-09-02T03:27:07Z
001223,欧克科技,16.880233762922963,22.96015337286648,19.073597396750333,38.887929256386464,completed,False,not_required,not_required,False,2026-09-02T03:27:07Z
001225,和泰机电,42.24483803059167,40.963840895196284,36.69880428459792,41.53331014698305,completed,False,not_required,not_required,False,2026-09-02T03:27:07Z
001226,拓山重工,65.93721996196984,63.03305333137483,50.625455318643965,26.96864024867327,completed,False,not_required,not_required,False,2026-09-02T03:27:07Z
001227,兰州银行,48.47951154296023,38.08777120003427,40.71940684273092,19.47505327351161,completed,False,not_required,not_required,False,2026-09-02T03:27:07Z
001228,永泰运,61.303784580735,46.40864224290396,47.87294549594386,30.28660782047937,completed,False,not_required,not_required,False,2026-09-02T03:27:07Z
001229,魅视科技,47.192776508362094,46.03522333230519,38.958995590513126,28.13652940896166,completed,False,not_required,not_required,False,2026-09-02T03:27:07Z
001230,劲旅环境,49.276303179235185,43.53262128584909,45.53980337799926,45.446832695833855,completed,False,not_required,not_required,False,2026-09-02T03:27:07Z
001231,农心科技,48.323756618844165,46.8784559539789,44.74095009016223,50.07229114573421,completed,False,not_required,not_required,False,2026-09-02T03:27:07Z
001232,嘉立创,73.88286764268096,53.83550964476769,53.157915892550044,46.71987271692042,completed,False,not_required,not_required,False,2026-09-02T03:27:07Z
001233,海安集团,43.210909529708644,43.28375661915927,43.71942681450614,44.29232774480443,completed,False,not_required,not_required,False,2026-09-02T03:27:07Z
001234,泰慕士,54.25056665889829,44.8413020134807,49.01408099811215,75.01712044187397,completed,False,not_required,not_required,False,2026-09-02T03:27:07Z
001235,里得电科,32.065757092114204,39.76366395880991,36.804250976584115,47.06072753804909,completed,False,not_required,not_required,False,2026-09-02T03:27:07Z
001236,弘业期货,32.39671523580492,25.828433314961416,34.05305595331602,16.559024066939934,completed,False,not_required,not_required,False,2026-09-02T03:27:07Z
001237,惠康科技,51.113335243108004,45.78784924376147,42.47070745173341,64.7374825303999,completed,False,not_required,not_required,False,2026-09-02T03:27:07Z
001238,浙江正特,48.46738893599157,35.84059473663163,34.392692555807294,48.4368381533995,completed,False,not_required,not_required,False,2026-09-02T03:27:07Z
001239,永达股份,34.22554603229321,39.62944700931429,27.996237497072542,33.824320578189436,completed,False,not_required,not_required,False,2026-09-02T03:27:07Z
001248,华润新能源,42.84536488175335,41.49520084853236,42.11597585597247,35.98081248596789,completed,False,not_required,not_required,False,2026-09-02T03:27:07Z
001255,博菲电气,27.699443015228013,32.16956933186617,25.431519899389535,22.48225850533812,completed,False,not_required,not_required,False,2026-09-02T03:27:07Z
001256,炜冈科技,70.73371862715496,54.298592188015625,60.095780979342095,36.744131977643185,completed,False,not_required,not_required,False,2026-09-02T03:27:07Z
001257,盛龙股份,69.39806788872718,55.53766129365171,57.431207404895936,41.255295174356064,completed,False,not_required,not_required,False,2026-09-02T03:27:07Z
001258,立新能源,62.620902592768466,52.21945493271139,43.102654789077256,27.118685274469712,completed,False,not_required,not_required,False,2026-09-02T03:27:07Z
001259,利仁科技,41.37418272849452,35.0793000944558,36.18912168271002,28.45244307285213,completed,False,not_required,not_required,False,2026-09-02T03:27:07Z
001260,坤泰股份,28.670858101533533,32.043719225356845,35.809197393327196,24.171633521039332,completed,False,not_required,not_required,False,2026-09-02T03:27:07Z
001266,宏英智能,27.458668519051372,25.337117812129826,16.064007801860864,65.64074555619912,completed,False,not_required,not_required,False,2026-09-02T03:27:07Z
001267,汇绿生态,38.83593939051752,45.344824522251734,19.933812583860878,65.70283175409034,completed,False,not_required,not_required,False,2026-09-02T03:27:07Z
001268,联合精密,16.09026524495706,26.314099722678545,19.698769039524247,12.713114828397297,completed,False,not_required,not_required,False,2026-09-02T03:27:07Z
001269,欧晶科技,48.26448474163634,56.09973359367808,49.9299262583778,17.75320844896553,completed,False,not_required,not_required,False,2026-09-02T03:27:07Z
001270,铖昌科技,50.86553677090772,45.99396353940529,47.09018341936254,31.372237969692396,completed,False,not_required,not_required,False,2026-09-02T03:27:07Z
001277,速达股份,35.41520040191295,32.87134465311375,42.030768172138814,23.455794257580273,completed,False,not_required,not_required,False,2026-09-02T03:27:07Z
001278,一彬科技,28.906694425269748,41.3522854512475,24.84717263697604,34.37093489941457,completed,False,not_required,not_required,False,2026-09-02T03:27:07Z
001279,强邦新材,39.96329729404543,41.5123544098525,27.076242041090122,24.948515699794196,completed,False,not_required,not_required,False,2026-09-02T03:27:07Z
001280,中国铀业,52.52830391167489,45.46495252900687,39.16956516496916,34.68422744467101,completed,False,not_required,not_required,False,2026-09-02T03:27:07Z
001282,三联锻造,33.57734749634626,37.26326271891853,31.310795009544297,35.30316567022688,completed,False,not_required,not_required,False,2026-09-02T03:27:07Z
001283,豪鹏科技,49.40355577755345,47.068852021505336,44.65765158700424,36.09068659954596,completed,False,not_required,not_required,False,2026-09-02T03:27:07Z
001285,瑞立科密,57.72481025634555,53.48861986635299,50.993326426495436,78.07638890288561,completed,False,not_required,not_required,False,2026-09-02T03:27:07Z
001286,陕西能源,52.729717579930956,43.921024766916894,50.289596781603976,29.61988668672747,completed,False,not_required,not_required,False,2026-09-02T03:27:07Z
001287,中电港,61.23054031223161,47.277625618930074,42.7900328194156,16.88232946512923,completed,False,not_required,not_required,False,2026-09-02T03:27:07Z
001288,运机集团,12.71829060029107,36.46849274282321,18.39342267189157,58.78031215249847,completed,False,not_required,not_required,False,2026-09-02T03:27:07Z
001289,龙源电力,42.40616004152077,38.27334291736771,38.660141149225346,34.429381881696564,completed,False,not_required,not_required,False,2026-09-02T03:27:07Z
001296,长江材料,47.56047184491371,45.836434283946524,41.98273061042868,31.135354572634977,completed,False,not_required,not_required,False,2026-09-02T03:27:07Z
001298,好上好,68.18115741095735,51.63536225237194,49.701398303932486,65.23004602010906,completed,False,not_required,not_required,False,2026-09-02T03:27:07Z
001299,美能能源,43.77307082336182,41.52494018781391,42.7702113927117,42.20952258975461,completed,False,not_required,not_required,False,2026-09-02T03:27:07Z
001300,三柏硕,15.218383697426283,22.711218917253266,20.21665779902807,16.897376875493435,completed,False,not_required,not_required,False,2026-09-02T03:27:07Z
001301,尚太科技,39.20774883927099,37.131605775588255,30.52801832407075,63.58387381691273,completed,False,not_required,not_required,False,2026-09-02T03:27:07Z
001306,夏厦精密,19.89094124647044,32.596013034749305,14.344574588684209,35.552740220623235,completed,False,not_required,not_required,False,2026-09-02T03:27:07Z
001308,康冠科技,39.568620367923266,40.95291259592154,41.4416045162772,29.742225901297225,completed,False,not_required,not_required,False,2026-09-02T03:27:07Z
001309,德明利,55.98132082938036,35.65668107501112,47.97236603323922,70.11829738405716,completed,False,not_required,not_required,False,2026-09-02T03:27:07Z
001311,多利科技,65.13772722172935,56.02022305580775,53.765144438708134,28.647377710480605,completed,False,not_required,not_required,False,2026-09-02T03:27:07Z
001312,福恩股份,50.754823520588566,44.82619298883556,47.40830673616457,38.30311325397371,completed,False,not_required,not_required,False,2026-09-02T03:27:07Z
001313,粤海饲料,42.54136621949349,35.549409961675295,37.108837140196215,19.726660374608436,completed,False,not_required,not_required,False,2026-09-02T03:27:07Z
001314,亿道信息,50.93086712040903,32.85818170353652,36.04227194684772,71.744386567083,completed,False,not_required,not_required,False,2026-09-02T03:27:07Z
001316,润贝航科,57.024824560835455,38.37262868725339,51.2480850558312,40.584948759783565,completed,False,not_required,not_required,False,2026-09-02T03:27:07Z
001317,三羊马,43.928801963867535,47.97377502120081,62.89683291407398,22.141732598298717,completed,False,not_required,not_required,False,2026-09-02T03:27:07Z
001318,阳光乳业,42.69625069272946,38.298090379508714,44.19354396663846,30.856861644075035,completed,False,not_required,not_required,False,2026-09-02T03:27:07Z
001319,铭科精技,52.2267411279866,46.36022679208119,40.534026653047995,60.824077717008585,completed,False,not_required,not_required,False,2026-09-02T03:27:07Z
001322,箭牌家居,27.216636918124507,32.28065741288975,29.63181452354862,62.043495704751074,completed,False,not_required,not_required,False,2026-09-02T03:27:07Z
001323,慕思股份,40.794279863997794,38.590070448386996,42.14753775064868,29.20252551364059,completed,False,not_required,not_required,False,2026-09-02T03:27:07Z
001324,长青科技,28.4120784839918,29.268682538030944,29.902842859393115,26.95602264482578,completed,False,not_required,not_required,False,2026-09-02T03:27:07Z
001325,元创股份,40.72212411888951,36.885379527208734,43.08733152360731,35.08742205345294,completed,False,not_required,not_required,False,2026-09-02T03:27:07Z
001326,联域股份,47.48752976975739,41.063674576055504,45.192808439281066,67.57345925495386,completed,False,not_required,not_required,False,2026-09-02T03:27:07Z
001328,登康口腔,58.9379637428822,42.99698033884969,51.00132949727124,35.651816936458644,completed,False,not_required,not_required,False,2026-09-02T03:27:07Z
001330,博纳影业,33.21993080094938,41.01355676694553,28.41383222362232,27.14466382128694,completed,False,not_required,not_required,False,2026-09-02T03:27:07Z
001331,胜通能源,28.373965572047688,28.342564725368504,28.96000573155498,69.49539709180797,completed,False,not_required,not_required,False,2026-09-02T03:27:07Z
001332,锡装股份,20.064237169572163,27.887649774898275,29.57314112782815,59.047348903485606,completed,False,not_required,not_required,False,2026-09-02T03:27:07Z
001333,光华股份,48.03725118780682,45.196011650335286,42.33135450938845,37.62701497688952,completed,False,not_required,not_required,False,2026-09-02T03:27:07Z
001335,信凯科技,55.86995761015265,49.918585034084906,44.722533455853785,34.377613403764116,completed,False,not_required,not_required,False,2026-09-02T03:27:07Z
001336,楚环科技,30.876391569873483,31.70110038612971,31.23209747677579,20.391911137415704,completed,False,not_required,not_required,False,2026-09-02T03:27:07Z
001337,四川黄金,64.05795548606034,42.247632778687674,50.34837949181047,34.20060827567201,completed,False,not_required,not_required,False,2026-09-02T03:27:07Z
001338,永顺泰,33.316533496671546,32.60668971148511,39.47351497699438,45.72228477197157,completed,False,not_required,not_required,False,2026-09-02T03:27:07Z
001339,智微智能,80.8629375067255,58.19960766710918,56.73471419660232,43.820730660736714,completed,True,completed_or_best_effort,completed,False,2026-09-02T03:27:07Z
001356,富岭股份,47.20900118042482,50.12640410238536,37.83233055233182,20.902823025027118,completed,False,not_required,not_required,False,2026-09-02T03:27:07Z
001358,兴欣新材,49.44982066766093,44.35989120904737,48.78016024767909,49.506967118879544,completed,False,not_required,not_required,False,2026-09-02T03:27:07Z
001359,平安电工,48.37439481425368,41.17596027363825,36.00252346722409,50.60206385469027,completed,False,not_required,not_required,False,2026-09-02T03:27:07Z
001360,南矿集团,40.27171229805784,39.58938273234535,33.928032596022675,29.064841181394225,completed,False,not_required,not_required,False,2026-09-02T03:27:07Z
001365,天海电子,50.73391476923971,42.348018171764124,36.92198649208894,47.840596309052955,completed,False,not_required,not_required,False,2026-09-02T03:27:07Z
001366,播恩集团,48.2214186328695,45.82380312532841,61.07392253491265,28.26520777404985,completed,False,not_required,not_required,False,2026-09-02T03:27:07Z
001367,海森药业,63.98488930515431,56.1492836498465,58.97136576215436,39.07885235904822,completed,False,not_required,not_required,False,2026-09-02T03:27:07Z
001368,通达创智,50.37684948777774,44.83550126642017,49.763451459871426,49.140715321045036,completed,False,not_required,not_required,False,2026-09-02T03:27:07Z
001369,双欣材料,52.412720049451046,45.29309659249014,45.811963769850315,34.23014875888611,completed,False,not_required,not_required,False,2026-09-02T03:27:07Z
001373,翔腾新材,42.44037693759055,44.01953878557278,44.988311667729626,23.97980116405489,completed,False,not_required,not_required,False,2026-09-02T03:27:07Z
001376,百通能源,60.4105169342684,49.61800688198373,50.339194978965786,42.999284747134574,completed,False,not_required,not_required,False,2026-09-02T03:27:07Z
001378,德冠新材,71.12294580317217,57.917102283472985,64.81917391687246,52.88756003967857,completed,False,not_required,not_required,False,2026-09-02T03:27:07Z
001379,腾达科技,36.38447114726116,29.036458285660377,32.81900509184558,34.139090586941066,completed,False,not_required,not_required,False,2026-09-02T03:27:07Z
001380,华纬科技,64.63833604635147,60.27984984048022,60.32674219023375,38.26618132431618,completed,False,not_required,not_required,False,2026-09-02T03:27:07Z
001382,新亚电缆,30.387840256992973,32.39377146051834,33.94466167296968,35.13191660717083,completed,False,not_required,not_required,False,2026-09-02T03:27:07Z
001386,马可波罗,37.12736299312019,38.65341280074787,37.73353916579927,34.825269422139584,completed,False,not_required,not_required,False,2026-09-02T03:27:07Z
001387,雪祺电气,39.49128770322609,31.63356202539144,36.99109132123741,49.6967215226982,completed,False,not_required,not_required,False,2026-09-02T03:27:07Z
001388,信通电子,33.752567628872676,42.740472652568485,33.650660333078655,43.48775761580572,completed,False,not_required,not_required,False,2026-09-02T03:27:07Z
001389,广合科技,74.09523975708979,59.726155584294084,56.27219382723992,80.53507263693808,completed,False,not_required,not_required,False,2026-09-02T03:27:07Z
001390,古麒绒材,38.61225617204565,36.53703381428927,38.76319876878239,46.837459749436015,completed,False,not_required,not_required,False,2026-09-02T03:27:07Z
001391,国货航,51.557899692154265,43.46986272702763,44.77194065807488,28.600042384785567,completed,False,not_required,not_required,False,2026-09-02T03:27:07Z
001393,维通利,55.34022824424647,49.304711816710835,47.42294232110195,46.17916218351798,completed,False,not_required,not_required,False,2026-09-02T03:27:07Z
001395,亚联机械,77.68445030359428,61.804709819129954,60.61651775679656,37.83188046234566,completed,False,not_required,not_required,False,2026-09-02T03:27:07Z
001396,誉帆科技,18.384705409996474,25.355682945926592,28.329281948204205,22.63201515088409,completed,False,not_required,not_required,False,2026-09-02T03:27:07Z
001399,惠科股份,50.26927755643001,43.76541233757024,35.07123699800631,50.39600250538856,completed,False,not_required,not_required,False,2026-09-02T03:27:07Z
001400,江顺科技,55.11828281300074,48.46718730673211,42.02514875934388,36.30707773624994,completed,False,not_required,not_required,False,2026-09-02T03:27:07Z
001696,宗申动力,54.96061910365182,45.77488196293945,47.22465468751217,28.06274130536185,completed,False,not_required,not_required,False,2026-09-02T03:27:07Z
001872,招商港口,58.01427707874988,47.6358297542144,57.11287700616312,39.50478804747378,completed,False,not_required,not_required,False,2026-09-02T03:27:07Z
001896,豫能控股,44.99542596978707,43.52558293169549,36.19334608005949,31.907061960444192,completed,False,not_required,not_required,False,2026-09-02T03:27:07Z
001914,招商积余,40.9169012021144,34.345106112864784,40.899750721438416,33.14926156893962,completed,False,not_required,not_required,False,2026-09-02T03:27:07Z
001965,招商公路,54.00309502219341,43.23844994664565,47.16977512213442,36.53312882055331,completed,False,not_required,not_required,False,2026-09-02T03:27:07Z
001979,招商蛇口,44.31248868336516,40.10204687705314,37.54555450075526,34.54110358139213,completed,False,not_required,not_required,False,2026-09-02T03:27:07Z
002001,新和成,60.6126293174495,48.30556991676355,52.51924199184776,44.009947160602806,completed,False,not_required,not_required,False,2026-09-02T03:27:07Z
002003,伟星股份,62.76557005596437,50.68261632678546,50.61732097206172,67.31628052623506,completed,False,not_required,not_required,False,2026-09-02T03:27:07Z
002004,华邦健康,49.87413390411256,44.98280071073742,51.55465660461391,29.88661622507149,completed,False,not_required,not_required,False,2026-09-02T03:27:07Z
002005,德豪润达,32.90479717316173,30.243768749237873,27.538786279744826,21.25860244274064,completed,False,not_required,not_required,False,2026-09-02T03:27:07Z
002006,精工科技,44.90013339148721,44.169773540096436,44.8477858102125,57.194474160291506,completed,False,not_required,not_required,False,2026-09-02T03:27:07Z
002007,华兰生物,36.10637120457525,38.11663294825727,36.71864928794821,57.423496125323446,completed,False,not_required,not_required,False,2026-09-02T03:27:07Z
002008,大族激光,62.9108916590896,50.71646408799419,49.61286075434515,28.328039081304848,completed,False,not_required,not_required,False,2026-09-02T03:27:07Z
002009,天奇股份,62.574101223968036,53.67701069012488,52.11785049831864,29.201303185314963,completed,False,not_required,not_required,False,2026-09-02T03:27:07Z
002010,传化智联,33.644232108223754,40.21542349895381,41.44002490205104,40.65155134405022,completed,False,not_required,not_required,False,2026-09-02T03:27:07Z
002011,盾安环境,53.00561710172394,44.751888030541494,46.78675484594688,52.21467925769212,completed,False,not_required,not_required,False,2026-09-02T03:27:07Z
002012,凯恩股份,45.18345197870636,43.92117012260315,41.65461673532626,32.541452927044816,completed,False,not_required,not_required,False,2026-09-02T03:27:07Z
002014,永新股份,53.65016017435592,45.81351237377314,46.47763899268061,36.5283502573981,completed,False,not_required,not_required,False,2026-09-02T03:27:07Z
002015,协鑫能科,58.74275558030562,55.416530880705295,50.17682898695449,42.093425315193365,completed,False,not_required,not_required,False,2026-09-02T03:27:07Z
002016,世荣兆业,52.85590334677571,52.321538703178895,62.38922213726433,43.61806173614882,completed,False,not_required,not_required,False,2026-09-02T03:27:07Z
002017,东信和平,49.631997908138956,42.71660946142504,39.745422108893436,33.3884929096099,completed,False,not_required,not_required,False,2026-09-02T03:27:07Z
002019,亿帆医药,42.055943622508664,47.90268269966817,42.51919311893965,45.116599840291315,completed,False,not_required,not_required,False,2026-09-02T03:27:07Z
002020,京新药业,50.27281798807542,51.00428264515667,49.41447522800342,60.705437491712466,completed,False,not_required,not_required,False,2026-09-02T03:27:07Z
002021,中捷资源,32.01952092359796,39.260889667595265,35.789135633141655,19.924441999563243,completed,False,not_required,not_required,False,2026-09-02T03:27:07Z
002022,科华生物,40.44823653775406,50.6760972164387,46.6087301111507,41.02079688417729,completed,False,not_required,not_required,False,2026-09-02T03:27:07Z
002023,海特高新,24.16282820147177,31.614402876707523,25.071892171357753,37.06839809597806,completed,False,not_required,not_required,False,2026-09-02T03:27:07Z
002024,ST易购,44.05856709383781,35.56748917243255,46.22155790466138,18.88921524451319,completed,False,not_required,not_required,False,2026-09-02T03:27:07Z
002025,航天电器,52.170784120219125,48.763089397657374,42.04696246732403,65.35232073044381,completed,False,not_required,not_required,False,2026-09-02T03:27:07Z
002026,山东威达,44.42266637193793,41.441919673073016,39.04198062334043,48.69311221502134,completed,False,not_required,not_required,False,2026-09-02T03:27:07Z
002027,分众传媒,52.509820419537654,41.827414000520356,48.575285610788804,65.61172687500222,completed,False,not_required,not_required,False,2026-09-02T03:27:07Z
002028,思源电气,47.4925618974029,37.8070510052824,37.00922263247385,40.54836140215897,completed,False,not_required,not_required,False,2026-09-02T03:27:07Z
002029,七匹狼,12.061639748785282,22.32285206237748,22.018048274861727,17.54044189719611,completed,False,not_required,not_required,False,2026-09-02T03:27:07Z
002030,达安基因,48.457469005979846,59.237175412862584,58.721883726884776,34.73126401901903,completed,False,not_required,not_required,False,2026-09-02T03:27:07Z
002031,巨轮智能,19.202757890803543,28.5480616358433,23.184903133020107,19.733496335019055,completed,False,not_required,not_required,False,2026-09-02T03:27:07Z
002032,苏泊尔,48.78096041499128,40.52332552567132,43.04024804487707,48.12039700264708,completed,False,not_required,not_required,False,2026-09-02T03:27:07Z
002033,丽江股份,54.65279361846736,46.02601759955856,58.147376179151735,48.47105898727857,completed,False,not_required,not_required,False,2026-09-02T03:27:07Z
002034,旺能环境,61.548293495255145,60.68821455126064,63.214161722403986,61.487279127277475,completed,False,not_required,not_required,False,2026-09-02T03:27:07Z
002035,华帝股份,29.096771212163993,34.65259178782752,36.561660749078186,26.326197380866898,completed,False,not_required,not_required,False,2026-09-02T03:27:07Z
002036,联创电子,14.43810726903384,34.81773267821397,16.263823858062608,57.21686544464254,completed,False,not_required,not_required,False,2026-09-02T03:27:07Z
002037,保利联合,11.710707350005592,30.741298535224008,15.464456882578089,24.180194449641917,completed,False,not_required,not_required,False,2026-09-02T03:27:07Z
002038,双鹭药业,11.111140194561191,34.99700967174813,22.135773477431222,23.761328991420015,completed,False,not_required,not_required,False,2026-09-02T03:27:07Z
002039,黔源电力,74.81305409834414,57.68643809874396,67.11236756125658,42.862230093472256,completed,False,not_required,not_required,False,2026-09-02T03:27:07Z
002040,南京港,52.01271244313733,42.31894794003607,56.21810536437019,48.15285064165493,completed,False,not_required,not_required,False,2026-09-02T03:27:07Z
002041,登海种业,43.20055082512306,42.43657126416929,45.6190328418743,39.48376278398003,completed,False,not_required,not_required,False,2026-09-02T03:27:07Z
002042,华孚时尚,66.54432554292204,55.08444577076654,60.45381737745641,75.75953541787793,completed,True,completed_or_best_effort,completed,False,2026-09-02T03:27:07Z
002043,兔宝宝,43.55285118888148,31.799966565414582,39.05249919020738,30.736012900240194,completed,False,not_required,not_required,False,2026-09-02T03:27:07Z
002044,美年健康,46.90821114964389,45.45166648965713,50.877076623755556,72.15960601471443,completed,False,not_required,not_required,False,2026-09-02T03:27:07Z
002045,国光电器,8.030747893294933,23.666063129363565,15.658132165105613,25.8040089407623,completed,False,not_required,not_required,False,2026-09-02T03:27:07Z
002046,国机精工,35.85052929251592,49.061472667891714,34.87067096754165,24.390039106658577,completed,False,not_required,not_required,False,2026-09-02T03:27:07Z
002047,宝鹰股份,20.640918942192634,31.921547325412792,30.905643988541883,11.526027100415789,completed,False,not_required,not_required,False,2026-09-02T03:27:07Z
002048,宁波华翔,63.85002533478392,53.865751427917765,73.9599368173487,75.61689888668667,completed,True,completed_or_best_effort,completed,True,2026-09-02T03:27:07Z
002049,紫光国微,36.36280377853393,29.441568171309374,33.72333984540722,45.28268229312868,completed,False,not_required,not_required,False,2026-09-02T03:27:07Z
002050,三花智控,50.83434783740361,46.89408269468082,44.21102668486614,49.493781617287844,completed,False,not_required,not_required,False,2026-09-02T03:27:07Z
002051,中工国际,41.66965636749365,48.259933979830954,44.21156584900689,39.79097917171757,completed,False,not_required,not_required,False,2026-09-02T03:27:07Z
002052,同洲电子,18.823632508249887,30.537522626009824,17.361826420832166,15.284360578892311,completed,False,not_required,not_required,False,2026-09-02T03:27:07Z
002053,云南能投,59.91675032645431,60.0868177378368,60.00451623564547,53.69105084852892,completed,False,not_required,not_required,False,2026-09-02T03:27:07Z
002054,德美化工,72.32773842298812,59.22751448073844,64.11221601518098,33.34663223106427,completed,False,not_required,not_required,False,2026-09-02T03:27:07Z
002055,ST得润,37.60447243941826,36.27263104169282,37.961567539594824,27.816988897578057,completed,False,not_required,not_required,False,2026-09-02T03:27:07Z
002056,横店东磁,49.32628603150831,43.4051599584025,40.45418270896802,25.727375814589305,completed,False,not_required,not_required,False,2026-09-02T03:27:07Z
002057,中钢天源,57.79455472943482,46.50230634344516,50.50808830650949,34.58807521884312,completed,False,not_required,not_required,False,2026-09-02T03:27:07Z
002058,紫竹高科,43.47777327824018,38.16049915922653,36.46721182552466,22.798995948635326,completed,False,not_required,not_required,False,2026-09-02T03:27:07Z
002059,云南旅游,0.15114647415605553,18.323880153512825,9.492619522593138,13.791549228763172,completed,False,not_required,not_required,False,2026-09-02T03:27:07Z
002060,广东建工,19.03250754357393,36.814795303922544,32.11094000487222,37.590127813984815,completed,False,not_required,not_required,False,2026-09-02T03:27:07Z
002061,浙江交科,33.11456597292624,40.6304599282587,37.9145356032686,65.25108933690134,completed,False,not_required,not_required,False,2026-09-02T03:27:07Z
002062,宏润建设,40.356170625975786,45.88038548562809,39.34837593744815,50.46029723332962,completed,False,not_required,not_required,False,2026-09-02T03:27:07Z
002063,远光软件,33.276742053175795,34.428048423822695,37.98133817881206,26.592176355735845,completed,False,not_required,not_required,False,2026-09-02T03:27:07Z
002064,华峰化学,75.36143002911786,60.35973479233382,65.63007754570042,41.14327593094681,completed,False,not_required,not_required,False,2026-09-02T03:27:07Z
002065,东华软件,43.208476942419104,41.60091409884838,40.37828650705742,31.903708662125315,completed,False,not_required,not_required,False,2026-09-02T03:27:07Z
002066,瑞泰科技,24.16731359325346,27.58483556867245,18.35812264508883,29.151329789095456,completed,False,not_required,not_required,False,2026-09-02T03:27:07Z
002067,景兴纸业,56.976425974157465,43.13895842611847,48.75568677776493,40.18722796649573,completed,False,not_required,not_required,False,2026-09-02T03:27:07Z
002068,黑猫股份,48.06804756798838,48.63669007310873,50.17020571004772,28.644249429981727,completed,False,not_required,not_required,False,2026-09-02T03:27:07Z
002069,獐子岛,53.8710611127335,41.93891560623703,30.363220283243518,27.763418231797157,completed,False,not_required,not_required,False,2026-09-02T03:27:07Z
002072,凯瑞德,46.794047774175965,39.31098761350971,63.61823025411601,33.9036635348635,completed,False,not_required,not_required,False,2026-09-02T03:27:07Z
002073,软控股份,60.27664309307943,52.73006133319473,48.249342151923955,44.53235130052821,completed,False,not_required,not_required,False,2026-09-02T03:27:07Z
002074,国轩高科,70.92119820581803,60.72202058852007,55.83475231220043,39.21023223794832,completed,False,not_required,not_required,False,2026-09-02T03:27:07Z
002075,沙钢股份,55.17609561742689,49.327674543504294,47.96268189697436,33.48708127475499,completed,False,not_required,not_required,False,2026-09-02T03:27:07Z
002076,星光股份,33.92064648818465,40.46680600461752,17.58467671990557,12.33084627909538,completed,False,not_required,not_required,False,2026-09-02T03:27:07Z
002077,大港股份,48.173512895639426,37.76677682150486,40.856979545238495,38.777893329186284,completed,False,not_required,not_required,False,2026-09-02T03:27:07Z
002078,太阳纸业,62.914889817719654,56.445898906192646,52.71201863394219,58.27169042276652,completed,False,not_required,not_required,False,2026-09-02T03:27:07Z
002079,苏州固锝,28.900857701062094,25.694406610604645,25.393712306162698,60.778248792653706,completed,False,not_required,not_required,False,2026-09-02T03:27:07Z
002080,中材科技,53.08454526240992,45.91752591883599,40.98364843531242,33.62138754707375,completed,False,not_required,not_required,False,2026-09-02T03:27:07Z
002081,金螳螂,34.62793939116392,43.550962491300254,39.50769025808292,49.8759278952333,completed,False,not_required,not_required,False,2026-09-02T03:27:07Z
002082,ST万邦,24.208659208188216,27.70226407391592,31.713430560337542,20.41295297430439,completed,False,not_required,not_required,False,2026-09-02T03:27:07Z
002083,孚日股份,70.85199232573169,56.35509790727558,59.79378417923355,47.094161092271385,completed,False,not_required,not_required,False,2026-09-02T03:27:07Z
002084,海鸥住工,32.41234109869444,43.00291493370012,41.150374445226475,62.68407054013661,completed,False,not_required,not_required,False,2026-09-02T03:27:07Z
002085,万丰奥威,45.7318224849368,40.85988389717654,37.512380076385085,41.03333280564557,completed,False,not_required,not_required,False,2026-09-02T03:27:07Z
002086,东方海洋,29.35139518612054,33.74370671318626,40.72901836729,21.378763264437218,completed,False,not_required,not_required,False,2026-09-02T03:27:07Z
002088,鲁阳节能,20.46249659255625,31.514264862902778,28.82674254220879,64.87893832520868,completed,False,not_required,not_required,False,2026-09-02T03:27:07Z
002090,金智科技,40.37114226110981,43.93549623149387,30.032412592540176,52.11038292349605,completed,False,not_required,not_required,False,2026-09-02T03:27:07Z
002091,江苏国泰,38.79364824774467,35.50282708340231,41.317190029721964,48.388566831424214,completed,False,not_required,not_required,False,2026-09-02T03:27:07Z
002092,中泰化学,68.39245487405613,53.830553645679956,69.45069675935805,46.31805749195776,completed,False,not_required,not_required,False,2026-09-02T03:27:07Z
002093,国脉科技,17.717417714521446,28.042050614852254,24.213352736717027,32.42712272702111,completed,False,not_required,not_required,False,2026-09-02T03:27:07Z
002094,青岛金王,16.846588462408278,29.66234245283414,16.089402070463724,27.48622600154458,completed,False,not_required,not_required,False,2026-09-02T03:27:07Z
002095,生意宝,56.36137945042793,44.515215527004486,57.82696175244909,22.802776554701044,completed,False,not_required,not_required,False,2026-09-02T03:27:07Z
002096,易普力,44.190270489788155,47.41422255530115,51.79092255091562,44.5798673835942,completed,False,not_required,not_required,False,2026-09-02T03:27:07Z
002097,山河智能,39.200019534547685,40.79434177549681,30.046209004376202,26.14900399444696,completed,False,not_required,not_required,False,2026-09-02T03:27:07Z
002098,浔兴股份,60.48590356197745,53.52288273221817,55.30677157413424,33.96092511704253,completed,False,not_required,not_required,False,2026-09-02T03:27:07Z
002099,海翔药业,16.29956121235743,25.800028802987967,12.414194240326875,58.17534483549803,completed,False,not_required,not_required,False,2026-09-02T03:27:07Z
002100,天康生物,7.254868060954319,22.920551653395854,10.80842554480784,23.760206402800407,completed,False,not_required,not_required,False,2026-09-02T03:27:07Z
002101,广东鸿图,45.01773507518058,47.01226570809709,45.4938884644106,48.27841373520126,completed,False,not_required,not_required,False,2026-09-02T03:27:07Z
002102,ST能特,24.301001617972595,35.8773232784979,35.13808454335678,14.432661556163442,completed,False,not_required,not_required,False,2026-09-02T03:27:07Z
002103,广博股份,39.671839641251985,43.14305103660158,38.63476461275447,45.25174588585779,completed,False,not_required,not_required,False,2026-09-02T03:27:07Z
002104,恒宝股份,20.62362855564094,31.414209234910455,20.33854878948105,18.61662074768111,completed,False,not_required,not_required,False,2026-09-02T03:27:07Z
002105,信隆健康,67.2416454526284,53.8378973631559,69.34627249406958,29.61684443708787,completed,False,not_required,not_required,False,2026-09-02T03:27:07Z
002106,莱宝高科,41.537737714103464,45.02054301166088,46.178227465657145,32.069227054279,completed,False,not_required,not_required,False,2026-09-02T03:27:07Z
002107,沃华医药,56.81994659213881,42.19671759544001,54.23459055568771,43.14317752340736,completed,False,not_required,not_required,False,2026-09-02T03:27:07Z
002108,沧州明珠,62.866750971621755,56.05511202238191,57.253363779900646,66.60551649441457,completed,False,not_required,not_required,False,2026-09-02T03:27:07Z
002109,ST兴化,31.139358500978886,29.838670162744187,44.75620586337066,9.768293138324585,completed,False,not_required,not_required,False,2026-09-02T03:27:07Z
002110,三钢闽光,28.97265486297239,26.622652774311494,25.72803179078639,23.868149137337227,completed,False,not_required,not_required,False,2026-09-02T03:27:07Z
002111,威海广泰,60.01777637755248,47.65253472158831,55.30083412247355,48.06999929902684,completed,False,not_required,not_required,False,2026-09-02T03:27:07Z
002112,三变科技,37.722359879841065,27.689559243319756,24.162523661725924,33.53447822421376,completed,False,not_required,not_required,False,2026-09-02T03:27:07Z
002114,罗平锌电,41.53067374523,34.65946575215878,43.79426579853324,32.18474939978041,completed,False,not_required,not_required,False,2026-09-02T03:27:07Z
002115,三维通信,61.215542997623665,42.4392691058338,42.23339839903609,29.273939947137162,completed,False,not_required,not_required,False,2026-09-02T03:27:07Z
002116,中国海诚,37.80853312534742,37.71783330124817,46.254578646521395,56.921389100944594,completed,False,not_required,not_required,False,2026-09-02T03:27:07Z
002117,东港股份,54.215006753147094,49.110985852122056,51.73806766793457,33.89451683709644,completed,False,not_required,not_required,False,2026-09-02T03:27:07Z
002119,康强电子,51.27485990844057,42.63334291109086,34.33492181061072,21.20899243942692,completed,False,not_required,not_required,False,2026-09-02T03:27:07Z
002120,韵达股份,71.16602127794125,54.168158114174794,67.06054734474081,56.716876785778304,completed,False,not_required,not_required,False,2026-09-02T03:27:07Z
002121,科陆电子,4.351767939859712,15.509929246267966,9.25600569986577,20.98788672828128,completed,False,not_required,not_required,False,2026-09-02T03:27:07Z
002122,ST汇洲,10.553970468383284,17.916877778307317,13.296695073629587,12.524963945958556,completed,False,not_required,not_required,False,2026-09-02T03:27:07Z
002123,梦网科技,25.342246624345478,34.2746543406382,34.222722844176744,19.559125439716688,completed,False,not_required,not_required,False,2026-09-02T03:27:07Z
002124,天邦食品,18.159788434723573,31.960299905477203,18.752888708977395,15.881711664878885,completed,False,not_required,not_required,False,2026-09-02T03:27:07Z
002125,湘潭电化,53.73771531498942,40.83249549382414,42.23446291187995,40.18672720713161,completed,False,not_required,not_required,False,2026-09-02T03:27:07Z
002126,银轮股份,54.440151752170564,46.141316304844366,40.69925215896203,66.84854667810104,completed,False,not_required,not_required,False,2026-09-02T03:27:07Z
002127,南极电商,30.185020811729373,32.96628094170652,34.86987630562055,47.070098855390064,completed,False,not_required,not_required,False,2026-09-02T03:27:07Z
002128,电投能源,75.40507050396118,56.073118970801,67.33558764154294,80.03651862141217,completed,False,not_required,not_required,False,2026-09-02T03:27:07Z
002129,TCL中环,35.93742979241626,42.690590024484536,40.35546358040354,49.96410125535306,completed,False,not_required,not_required,False,2026-09-02T03:27:07Z
002130,沃尔核材,53.08215751903565,44.37744255382439,45.1886101578501,41.822298013829155,completed,False,not_required,not_required,False,2026-09-02T03:27:07Z
002131,利欧股份,30.900837224704738,33.45949756091186,28.588201639427908,39.61520884177493,completed,False,not_required,not_required,False,2026-09-02T03:27:07Z
002132,恒星科技,59.21017602103,42.0133069365686,49.15145131869627,44.008225667478044,completed,False,not_required,not_required,False,2026-09-02T03:27:07Z
002133,广宇集团,5.468236033666916,20.73370054167402,14.410511016162335,22.486053927191193,completed,False,not_required,not_required,False,2026-09-02T03:27:07Z
002134,天津普林,66.23751185782055,47.203301985664616,46.51827634446128,44.81635563552446,completed,False,not_required,not_required,False,2026-09-02T03:27:07Z
002135,东南网架,65.23722965931277,64.74455122437745,71.63248593624688,54.6409345115201,completed,False,not_required,not_required,False,2026-09-02T03:27:07Z
002136,安纳达,70.46661238558404,57.17096339000532,67.87214804866194,36.22151727653054,completed,False,not_required,not_required,False,2026-09-02T03:27:07Z
002137,实益达,56.081824591536545,43.41200588520667,51.18239078912226,36.717132327124304,completed,False,not_required,not_required,False,2026-09-02T03:27:07Z
002138,顺络电子,56.18384716497471,44.93489522186206,41.14250796071609,37.56838270787163,completed,False,not_required,not_required,False,2026-09-02T03:27:07Z
002139,拓邦股份,36.619947761448586,47.48492070443801,31.267491445222888,32.0931076252174,completed,False,not_required,not_required,False,2026-09-02T03:27:07Z
002140,东华科技,48.71682362123737,42.534402814924476,49.376564979474715,33.947327483305386,completed,False,not_required,not_required,False,2026-09-02T03:27:07Z
002141,贤丰控股,56.25183481004821,50.520009973639525,50.0988059926877,42.985044665607276,completed,False,not_required,not_required,False,2026-09-02T03:27:07Z
002142,宁波银行,51.95427097439376,43.77597258278776,45.45876089258121,28.045154119529894,completed,False,not_required,not_required,False,2026-09-02T03:27:07Z
002144,宏达高科,38.135396014193155,44.134503611523535,38.75566093257433,39.65746535955039,completed,False,not_required,not_required,False,2026-09-02T03:27:07Z
002145,钛能化学,71.4966141527779,57.61540845767335,59.24151204319625,47.523891072222234,completed,False,not_required,not_required,False,2026-09-02T03:27:07Z
002146,荣盛发展,34.41192078091645,41.361709671342155,46.336609505120244,27.39841734507342,completed,False,not_required,not_required,False,2026-09-02T03:27:07Z
002148,北纬科技,24.32890107728037,24.665191078079925,28.893910763460546,24.76779257571701,completed,False,not_required,not_required,False,2026-09-02T03:27:07Z
002149,西部材料,40.55958293946826,48.55495442810742,36.34946874765465,20.404007157871938,completed,False,not_required,not_required,False,2026-09-02T03:27:07Z
002150,正泰电源,37.31857271645214,41.88863372952736,30.933585198897205,27.57531546307091,completed,False,not_required,not_required,False,2026-09-02T03:27:07Z
002151,北斗星通,44.21165261681952,36.588125751970004,43.23993563541432,33.21948809885539,completed,False,not_required,not_required,False,2026-09-02T03:27:07Z
002152,广电运通,34.738936552968994,42.148780217464235,36.94551053517738,44.55596152085626,completed,False,not_required,not_required,False,2026-09-02T03:27:07Z
002153,石基信息,28.305885307530637,37.926108614859935,29.725156234335138,72.59478189734178,completed,False,not_required,not_required,False,2026-09-02T03:27:07Z
002154,报喜鸟,61.63243257643387,47.02467191697578,55.723468277531055,35.676174816492114,completed,False,not_required,not_required,False,2026-09-02T03:27:07Z
002155,湖南黄金,48.22205341753317,33.04783139873792,47.91185310794326,80.71515810018653,completed,False,not_required,not_required,False,2026-09-02T03:27:07Z
002156,通富微电,73.83246856395138,55.8553628335776,55.85861170920381,33.16318668689057,completed,False,not_required,not_required,False,2026-09-02T03:27:07Z
002157,正邦科技,21.764523456865067,30.381101631465885,22.81231718991639,16.59149599117019,completed,False,not_required,not_required,False,2026-09-02T03:27:07Z
002158,汉钟精机,49.599316379988764,39.875923550795235,47.19709133974988,33.06161576519971,completed,False,not_required,not_required,False,2026-09-02T03:27:07Z
002159,三特索道,52.26895911575732,46.974140993756635,57.349530198230255,30.032606567923064,completed,False,not_required,not_required,False,2026-09-02T03:27:07Z
002160,常铝股份,45.631948445711764,49.779115483142576,36.858342787059655,48.140568235376975,completed,False,not_required,not_required,False,2026-09-02T03:27:07Z
002161,远望谷,11.32281189695614,28.19654610934388,19.283488231333266,28.174361878591682,completed,False,not_required,not_required,False,2026-09-02T03:27:07Z
002162,悦心健康,31.720639979058852,34.549882496072556,29.4625112599432,28.719581792413905,completed,False,not_required,not_required,False,2026-09-02T03:27:07Z
002163,海南发展,47.63107831564558,43.31815230998703,53.56504077842811,30.48271422697009,completed,False,not_required,not_required,False,2026-09-02T03:27:07Z
002164,宁波东力,57.99796594807557,53.30541024574642,47.939582582158316,41.34168654484887,completed,False,not_required,not_required,False,2026-09-02T03:27:07Z
002165,红宝丽,58.16203611206669,50.32231323419555,52.02014290558884,24.506722976181514,completed,False,not_required,not_required,False,2026-09-02T03:27:07Z
002166,莱茵生物,61.894962829293455,54.369837245872624,58.42118499699575,80.63620473029884,completed,False,not_required,not_required,False,2026-09-02T03:27:07Z
002167,东方锆业,74.6662222558658,56.4895625749751,64.68070111289568,47.71160891535411,completed,False,not_required,not_required,False,2026-09-02T03:27:07Z
002168,ST惠程,7.198972587137469,18.30899796470614,22.573444678744103,3.1733708199960198,completed,False,not_required,not_required,False,2026-09-02T03:27:07Z
002169,智光电气,52.05007569393176,51.21309242505328,55.451641670440516,28.227431015028312,completed,False,not_required,not_required,False,2026-09-02T03:27:07Z
002170,芭田股份,54.48092056986087,41.075610152411436,54.19188378115551,72.35315676577179,completed,False,not_required,not_required,False,2026-09-02T03:27:07Z
002171,楚江新材,54.97573974184651,41.78688395204468,44.17207764602064,25.13098957551608,completed,False,not_required,not_required,False,2026-09-02T03:27:07Z
002172,澳洋健康,42.78403727674385,38.970661799769864,35.0351883462116,52.454695801316824,completed,False,not_required,not_required,False,2026-09-02T03:27:07Z
002173,创新医疗,14.437539373056499,22.606581991782388,20.07777190616649,25.09573925767478,completed,False,not_required,not_required,False,2026-09-02T03:27:07Z
002174,游族网络,60.228472467866155,50.41350471321091,50.19653846963617,43.406093304413396,completed,False,not_required,not_required,False,2026-09-02T03:27:07Z
002175,*ST东智,33.849490336712016,41.008092216116076,37.04111112298138,65.6748182577286,completed,False,not_required,not_required,False,2026-09-02T03:27:07Z
002176,江特电机,47.968945804190106,54.09920722402417,51.78846448045779,42.177158432606475,completed,False,not_required,not_required,False,2026-09-02T03:27:07Z
002177,御银股份,31.80805925585385,35.06868684769822,28.568204190117438,23.26727985700762,completed,False,not_required,not_required,False,2026-09-02T03:27:07Z
002178,延华智能,19.10823775880055,29.575924803452907,24.17219592160597,22.42931424916668,completed,False,not_required,not_required,False,2026-09-02T03:27:07Z
002179,中航光电,44.15567444157327,45.61210700444664,39.98300129576137,65.62986101434213,completed,False,not_required,not_required,False,2026-09-02T03:27:07Z
002180,奔图科技,52.75586606263589,47.33021540326957,59.807205129417206,28.660678296333376,completed,False,not_required,not_required,False,2026-09-02T03:27:07Z
002181,粤传媒,17.702651666476395,23.074540025824586,24.13400757193939,22.263549178948907,completed,False,not_required,not_required,False,2026-09-02T03:27:07Z
002182,宝武镁业,13.78439302470743,27.75905321181836,13.718666822996962,10.892542694224778,completed,False,not_required,not_required,False,2026-09-02T03:27:07Z
002183,怡亚通,41.7961898258212,36.6865584406227,47.292115944572295,24.998206229514476,completed,False,not_required,not_required,False,2026-09-02T03:27:07Z
002184,海得控制,36.42403823781638,39.72857952722819,34.03843382124442,25.40544445096636,completed,False,not_required,not_required,False,2026-09-02T03:27:07Z
002185,华天科技,62.78045152232937,47.05749773978585,48.55359491651607,48.296232017723604,completed,False,not_required,not_required,False,2026-09-02T03:27:07Z
002186,全聚德,46.71404371294212,38.15235302098238,40.32801558297542,32.20697927340099,completed,False,not_required,not_required,False,2026-09-02T03:27:07Z
002187,广百股份,56.6274740103385,56.540920013024376,62.60701739218564,34.699977820269844,completed,False,not_required,not_required,False,2026-09-02T03:27:07Z
002188,中天服务,43.91467525980284,37.92813692520894,38.79328448365018,45.41055262707644,completed,False,not_required,not_required,False,2026-09-02T03:27:07Z
002189,中光学,45.31559636203487,44.720647246859514,50.0484120604411,22.744919702257647,completed,False,not_required,not_required,False,2026-09-02T03:27:07Z
002190,成飞集成,35.03892683223228,39.885809499174954,33.67402139468244,22.298691745098864,completed,False,not_required,not_required,False,2026-09-02T03:27:07Z
002191,劲嘉股份,20.203205494268833,24.291405173054034,26.24202696296917,31.83706515896501,completed,False,not_required,not_required,False,2026-09-02T03:27:07Z
002192,融捷股份,73.34589529432567,55.87213129760217,56.35440957063982,61.77947611415221,completed,False,not_required,not_required,False,2026-09-02T03:27:07Z
002193,ST如意,9.273754003300915,20.09912695572994,19.39394607564551,0.0,completed,False,not_required,not_required,False,2026-09-02T03:27:07Z
002194,武汉凡谷,40.38408077981178,45.09589834017496,56.04498224985208,23.4381529060108,completed,False,not_required,not_required,False,2026-09-02T03:27:07Z
002195,岩山科技,51.89389145880407,50.037323462480906,48.81107730604761,37.351668558635254,completed,False,not_required,not_required,False,2026-09-02T03:27:07Z
002196,方正电机,52.46769055836754,40.997294518334606,41.88979953898247,43.85539755895654,completed,False,not_required,not_required,False,2026-09-02T03:27:07Z
002197,证通电子,62.59628434690555,59.16998361186256,71.08514789148346,40.894086679685486,completed,False,not_required,not_required,False,2026-09-02T03:27:07Z
002198,ST嘉应,0.0,10.307867251206831,15.476743996784295,8.20839395196341,completed,False,not_required,not_required,False,2026-09-02T03:27:07Z
002199,东晶电子,47.48028833198321,32.124061100623294,44.07550509847099,18.33254039183776,completed,False,not_required,not_required,False,2026-09-02T03:27:07Z
002200,交投生态,57.933446788166435,53.32547775729245,55.785207888951376,32.818193983452026,completed,False,not_required,not_required,False,2026-09-02T03:27:07Z
002201,九鼎新材,52.39425916417354,46.29640686904343,35.23246824166527,29.59313451733152,completed,False,not_required,not_required,False,2026-09-02T03:27:07Z
002202,金风科技,35.234642385842314,37.10730270932055,35.94164801468071,65.06273461947951,completed,False,not_required,not_required,False,2026-09-02T03:27:07Z
002203,海亮股份,32.848277389138005,31.09668072390987,28.710568526952464,38.42942711941115,completed,False,not_required,not_required,False,2026-09-02T03:27:07Z
002204,大连重工,50.79932776839016,40.16931653750924,47.08976794300079,39.94066879100064,completed,False,not_required,not_required,False,2026-09-02T03:27:07Z
002205,国统股份,0.0,11.45320922571386,3.0817298292240096,8.097841297197075,completed,False,not_required,not_required,False,2026-09-02T03:27:07Z
002206,海利得,56.944898732611236,50.81611434924621,56.64402842768806,72.91012275958005,completed,False,not_required,not_required,False,2026-09-02T03:27:07Z
002207,*ST准油,23.752232770693652,26.382117151525915,42.09401343658517,6.675751262405814,completed,False,not_required,not_required,False,2026-09-02T03:27:07Z
002208,合肥城建,18.411843234233995,29.19154398756044,24.117615229870765,21.207008087032364,completed,False,not_required,not_required,False,2026-09-02T03:27:07Z
002209,达意隆,69.70595856585247,59.22455192339567,49.421825269330114,52.47145276771581,completed,False,not_required,not_required,False,2026-09-02T03:27:07Z
002210,飞马国际,42.79966011751391,35.00780531168201,39.9453001871151,41.45365471563883,completed,False,not_required,not_required,False,2026-09-02T03:27:07Z
002211,ST宏达,41.60866174765751,34.86886179403499,49.80062253910636,41.468574342242356,completed,False,not_required,not_required,False,2026-09-02T03:27:07Z
002212,天融信,10.693291704398845,26.553188814680638,19.382253614256225,33.96967596821657,completed,False,not_required,not_required,False,2026-09-02T03:27:07Z
002213,大为股份,41.95946718995984,39.897500813970034,49.66556798675412,53.11838203675333,completed,False,not_required,not_required,False,2026-09-02T03:27:07Z
002214,大立科技,33.93258067877716,42.71299198359699,43.25596338960663,14.103429179297995,completed,False,not_required,not_required,False,2026-09-02T03:27:07Z
002215,诺普信,39.20573465210151,34.05433418791666,35.1615725061308,57.3067444838304,completed,False,not_required,not_required,False,2026-09-02T03:27:07Z
002216,三全食品,50.4081513245933,40.886056822994796,44.41468439564097,47.434425630360636,completed,False,not_required,not_required,False,2026-09-02T03:27:07Z
002217,ST合力泰,16.3938404368413,28.45280210963515,16.136998546746575,9.481621410905571,completed,False,not_required,not_required,False,2026-09-02T03:27:07Z
002218,拓日新能,30.23357210239481,45.658359306082914,44.15344908153589,19.158980089903444,completed,False,not_required,not_required,False,2026-09-02T03:27:07Z
002219,新里程,49.30392815404831,45.20381073370894,53.024513966057405,62.79219193102769,completed,False,not_required,not_required,False,2026-09-02T03:27:07Z
002221,东华能源,48.816209468362686,47.887628754810294,51.17042721250216,37.007334709924876,completed,False,not_required,not_required,False,2026-09-02T03:27:07Z
002222,福晶科技,64.12749636156686,50.560373158608485,44.826445787085746,29.796549924451977,completed,False,not_required,not_required,False,2026-09-02T03:27:07Z
002223,鱼跃医疗,49.02273624126241,46.88851498128255,48.25561273768722,50.648329793086056,completed,False,not_required,not_required,False,2026-09-02T03:27:07Z
002224,三力士,38.06051968443661,40.611568480331584,48.25939568135675,27.9218202464509,completed,False,not_required,not_required,False,2026-09-02T03:27:07Z
002225,濮耐股份,33.52394255515287,33.09230411059932,33.045250203735705,44.975213944207475,completed,False,not_required,not_required,False,2026-09-02T03:27:07Z
002226,江南化工,37.20586266545667,36.484132390217624,36.47011966659489,42.14873301747293,completed,False,not_required,not_required,False,2026-09-02T03:27:07Z
002227,*ST特迅,7.26741157630466,22.213745544435895,25.35476110154594,6.68243958574679,completed,False,not_required,not_required,False,2026-09-02T03:27:07Z
002228,合兴包装,49.16614981048146,41.36675417522222,42.578498475970214,22.854449006615106,completed,False,not_required,not_required,False,2026-09-02T03:27:07Z
002229,鸿博股份,35.91142969838774,45.80495138003674,46.45238395302277,35.79479105735438,completed,False,not_required,not_required,False,2026-09-02T03:27:07Z
002230,科大讯飞,41.93740426625183,40.23903009048659,47.38697290475801,34.78533553274411,completed,False,not_required,not_required,False,2026-09-02T03:27:07Z
002232,启明信息,18.772618387950796,25.00075331056765,22.132257150288257,40.303738394060545,completed,False,not_required,not_required,False,2026-09-02T03:27:07Z
002233,塔牌集团,33.86764300848259,39.381801931427226,43.10381865790019,38.42792005942278,completed,False,not_required,not_required,False,2026-09-02T03:27:07Z
002234,民和股份,45.62576108199289,48.234180739843865,50.97734084002513,26.689118658576277,completed,False,not_required,not_required,False,2026-09-02T03:27:07Z
002235,安妮股份,42.8915617224432,44.29615190347846,41.45895257596452,63.01984327263946,completed,False,not_required,not_required,False,2026-09-02T03:27:07Z
002236,大华股份,47.91489461941685,42.70695195893895,46.65997225126079,45.15483541686474,completed,False,not_required,not_required,False,2026-09-02T03:27:07Z
002237,恒邦股份,57.09473683622152,41.937652061577275,51.223899006869615,23.74619551658156,completed,False,not_required,not_required,False,2026-09-02T03:27:07Z
002238,天威视讯,13.183370830407167,24.823635510588502,23.172548124258217,18.073681476160715,completed,False,not_required,not_required,False,2026-09-02T03:27:07Z
002239,奥特佳,61.31110769248917,55.96591423925575,60.3434320453018,69.84894233802888,completed,False,not_required,not_required,False,2026-09-02T03:27:07Z
002240,盛新锂能,66.23163612489056,42.256864878666924,60.76477670052029,35.50552038838026,completed,False,not_required,not_required,False,2026-09-02T03:27:07Z
002241,歌尔股份,46.415978569577895,44.41034648681313,43.1175315439043,40.57257973515559,completed,False,not_required,not_required,False,2026-09-02T03:27:07Z
002242,九阳股份,22.201664859949094,24.087379424756207,22.019857430288084,25.981338181657858,completed,False,not_required,not_required,False,2026-09-02T03:27:07Z
002243,力合科创,39.30398326737375,39.000067214016404,35.29948285991541,29.936418702583552,completed,False,not_required,not_required,False,2026-09-02T03:27:07Z
002244,滨江集团,51.24539717797079,45.287423051890684,43.37931082030412,30.491555913485097,completed,False,not_required,not_required,False,2026-09-02T03:27:07Z
002245,蔚蓝锂芯,65.20209055665897,50.15988130460719,49.94126443021865,36.732383064046566,completed,False,not_required,not_required,False,2026-09-02T03:27:07Z
002246,北化股份,64.3222383094669,51.099618633544296,55.84539116685727,52.000131976733954,completed,False,not_required,not_required,False,2026-09-02T03:27:07Z
002247,聚力文化,37.56490656105928,40.42489396259426,41.4781500087387,29.249468090042114,completed,False,not_required,not_required,False,2026-09-02T03:27:07Z
002248,华东数控,36.72425305289606,33.78231223919501,23.180437447625927,27.01005997548505,completed,False,not_required,not_required,False,2026-09-02T03:27:07Z
002249,大洋电机,41.70215107506243,37.07840544715392,37.91586539147738,66.76304628551775,completed,False,not_required,not_required,False,2026-09-02T03:27:07Z
002250,联化科技,60.660040412814,46.28928729760792,51.1038668173036,40.689701543705034,completed,False,not_required,not_required,False,2026-09-02T03:27:07Z
002251,步步高,43.521439504997446,37.65066564046591,36.64638461402509,34.29942855667981,completed,False,not_required,not_required,False,2026-09-02T03:27:07Z
002252,上海莱士,39.434444811014664,45.09985070837677,41.131049904676566,63.48326061272217,completed,False,not_required,not_required,False,2026-09-02T03:27:07Z
002253,川大智胜,37.27736082780852,51.94804321870476,42.793627652432626,16.304202012574656,completed,False,not_required,not_required,False,2026-09-02T03:27:07Z
002254,泰和新材,68.77319401665116,57.858838313839435,55.495039597175264,68.49202001503058,completed,False,not_required,not_required,False,2026-09-02T03:27:07Z
002255,海陆重工,37.30412435802823,39.50848672044078,39.61250294255932,36.44398390799654,completed,False,not_required,not_required,False,2026-09-02T03:27:07Z
002256,兆新股份,17.014678855432162,28.068283978365642,23.613960358774932,49.103775450368865,completed,False,not_required,not_required,False,2026-09-02T03:27:07Z
002258,利尔化学,50.36026741796245,47.83649307810527,49.004107601123586,32.21499911289706,completed,False,not_required,not_required,False,2026-09-02T03:27:07Z
002259,升达林业,51.96489642760498,33.9397369185714,47.57067725439236,38.67313892529214,completed,False,not_required,not_required,False,2026-09-02T03:27:07Z
002261,拓维信息,45.72842900100738,44.83699034773463,34.02687921242038,44.65051897246974,completed,False,not_required,not_required,False,2026-09-02T03:27:07Z
002262,恩华药业,51.76402506191194,49.445066070460605,48.26799446007831,47.46898584599152,completed,False,not_required,not_required,False,2026-09-02T03:27:07Z
002263,大东南,60.109494786350226,50.92218561536975,56.27619019034947,48.33174436461187,completed,False,not_required,not_required,False,2026-09-02T03:27:07Z
002264,新华都,48.67194203477664,33.68279416632816,47.552195775003206,73.7663961507502,completed,False,not_required,not_required,False,2026-09-02T03:27:07Z
002265,建设工业,49.12387744126654,40.15130731010477,40.963251009033485,29.62621476130583,completed,False,not_required,not_required,False,2026-09-02T03:27:07Z
002266,浙富控股,70.96991567384424,58.175319822546065,57.29136661673229,47.487206283435164,completed,False,not_required,not_required,False,2026-09-02T03:27:07Z
002267,陕天然气,47.22334590435786,42.91196771305455,41.67135462536251,30.489714369773385,completed,False,not_required,not_required,False,2026-09-02T03:27:07Z
002268,电科网安,44.272560557734906,45.37165179957066,44.73625493261707,31.262301936168626,completed,False,not_required,not_required,False,2026-09-02T03:27:07Z
002269,美邦服饰,0.0,15.251597739001138,2.174551737441792,16.91257621286541,completed,False,not_required,not_required,False,2026-09-02T03:27:07Z
002270,华明装备,62.32143154386617,50.4031200001641,50.65100874389579,49.677582375207706,completed,False,not_required,not_required,False,2026-09-02T03:27:07Z
002271,东方雨虹,34.19070852341862,33.5515891527596,32.57184576050062,34.64552073715837,completed,False,not_required,not_required,False,2026-09-02T03:27:07Z
002272,川润股份,26.21233418547215,31.46702611617008,21.12400125410557,25.314392738703653,completed,False,not_required,not_required,False,2026-09-02T03:27:07Z
002273,水晶光电,56.38068558351416,48.72558726323323,51.298772254619905,47.47205197905138,completed,False,not_required,not_required,False,2026-09-02T03:27:07Z
002274,华昌化工,78.31871277321754,58.07672629593238,76.9269249123281,65.4080194686599,completed,True,completed_or_best_effort,completed,True,2026-09-02T03:27:07Z
002275,桂林三金,42.5283796521713,36.75716279247483,46.94144750432489,39.42042569068837,completed,False,not_required,not_required,False,2026-09-02T03:27:07Z
002276,万马股份,50.514913012367614,38.706862387411576,44.609396377634766,35.56747363409502,completed,False,not_required,not_required,False,2026-09-02T03:27:07Z
002277,友阿股份,58.9521954627253,55.39125509403296,53.835926735592174,33.11900801578867,completed,False,not_required,not_required,False,2026-09-02T03:27:07Z
002278,神开股份,41.32460114408982,48.8292008661882,39.857565297377604,39.48023328069493,completed,False,not_required,not_required,False,2026-09-02T03:27:07Z
002279,久其软件,47.597890839754584,43.62493611114877,58.449676035971734,33.95754708390138,completed,False,not_required,not_required,False,2026-09-02T03:27:07Z
002281,光迅科技,53.770740353804484,47.0684201814304,38.850469571918296,68.03926480091813,completed,False,not_required,not_required,False,2026-09-02T03:27:07Z
002282,博深股份,51.55685810271119,45.52135583141103,55.330463299979485,44.48677597612204,completed,False,not_required,not_required,False,2026-09-02T03:27:07Z
002283,天润工业,56.8597831581957,47.64420753628734,46.61676057976102,42.01045957239361,completed,False,not_required,not_required,False,2026-09-02T03:27:07Z
002284,亚太股份,58.135084614158316,46.76439072116735,53.33597233587765,48.02157821386464,completed,False,not_required,not_required,False,2026-09-02T03:27:07Z
002285,世联行,18.28542846067905,24.298467942317536,25.035785093129928,27.74370337316502,completed,False,not_required,not_required,False,2026-09-02T03:27:07Z
002286,保龄宝,48.196019287713895,43.945396535296624,49.91517070666501,50.55659158419967,completed,False,not_required,not_required,False,2026-09-02T03:27:07Z
002287,奇正藏药,42.22572885190857,44.481691338953645,46.85482688462241,36.36944669713165,completed,False,not_required,not_required,False,2026-09-02T03:27:07Z
002289,宇顺电子,61.40386736543775,39.68344948103307,57.81438764053255,23.45830433469702,completed,False,not_required,not_required,False,2026-09-02T03:27:07Z
002290,禾盛新材,67.62789152081811,52.36758881889926,48.30649625308231,56.02542647880555,completed,False,not_required,not_required,False,2026-09-02T03:27:07Z
002291,遥望科技,50.742722531929275,41.06090483715473,48.984159564045775,70.26993916145537,completed,False,not_required,not_required,False,2026-09-02T03:27:07Z
002292,奥飞娱乐,75.59088831897917,61.07294465646318,70.39160992711835,57.660845775181926,completed,True,completed_or_best_effort,completed,False,2026-09-02T03:27:07Z
002293,罗莱生活,59.5545518161158,47.418253805130874,54.28178532518716,48.66900005710817,completed,False,not_required,not_required,False,2026-09-02T03:27:07Z
002294,信立泰,54.634720179036066,51.93757300368771,45.71363703785821,40.76971351211455,completed,False,not_required,not_required,False,2026-09-02T03:27:07Z
002295,精艺股份,19.765448725785742,21.871000748227786,21.119809775613582,23.029721397855884,completed,False,not_required,not_required,False,2026-09-02T03:27:07Z
002296,辉煌科技,41.042013801541444,39.490151699478446,47.68818154103794,34.83745260035976,completed,False,not_required,not_required,False,2026-09-02T03:27:07Z
002297,博云新材,58.89736028545932,40.49040016162663,46.442448949095386,35.49426462854337,completed,False,not_required,not_required,False,2026-09-02T03:27:07Z
002298,中电鑫龙,49.80669101241483,49.131659663184564,61.80784853638946,28.29371774624564,completed,False,not_required,not_required,False,2026-09-02T03:27:07Z
002299,圣农发展,46.2223244062878,42.09810587572163,42.3670240991685,54.64317930302821,completed,False,not_required,not_required,False,2026-09-02T03:27:07Z
002300,太阳电缆,27.04596468912493,27.60423602515195,22.623425627307064,16.568320819252172,completed,False,not_required,not_required,False,2026-09-02T03:27:07Z
002301,齐心集团,53.25883047011557,45.4533707417326,45.63142647032447,61.22526060231232,completed,False,not_required,not_required,False,2026-09-02T03:27:07Z
002302,西部建设,19.694146022244105,26.94744188159824,29.21706637890197,37.89893855291957,completed,False,not_required,not_required,False,2026-09-02T03:27:07Z
002303,美盈森,47.49603297116035,41.67720271512386,42.73645306968371,44.90914773492666,completed,False,not_required,not_required,False,2026-09-02T03:27:07Z
002304,洋河股份,31.48435740284226,34.61076089770833,32.78182596876301,34.73413307195486,completed,False,not_required,not_required,False,2026-09-02T03:27:07Z
002305,*ST南置,43.708151435989365,39.42115931316769,61.12335159130457,19.18461829183584,completed,False,not_required,not_required,False,2026-09-02T03:27:07Z
002306,ST云网,15.37127301435936,19.540519190245806,14.569988050565042,0.0,completed,False,not_required,not_required,False,2026-09-02T03:27:07Z
002307,北新路桥,17.210070621834177,30.677502414213397,25.667358189347667,64.84890682434423,completed,False,not_required,not_required,False,2026-09-02T03:27:07Z
002309,中利集团,57.19463609545949,40.962526353001685,44.04754196144824,30.769545939301864,completed,False,not_required,not_required,False,2026-09-02T03:27:07Z
002310,东方新能,51.86874785418609,48.33321019635795,52.410717559823354,43.58494005553746,completed,False,not_required,not_required,False,2026-09-02T03:27:07Z
002311,海大集团,46.90100508235944,39.661787449179066,41.05738214700475,45.55273069352964,completed,False,not_required,not_required,False,2026-09-02T03:27:07Z
002312,川发龙蟒,45.985959561221065,40.23990413748108,43.77682122333471,47.390566372512936,completed,False,not_required,not_required,False,2026-09-02T03:27:07Z
002313,日海智能,52.810309193720094,41.664391514267614,47.00365921004257,20.15211476806322,completed,False,not_required,not_required,False,2026-09-02T03:27:07Z
002314,南山控股,14.736969946045143,36.38885070450398,13.231997929625486,29.697945441031294,completed,False,not_required,not_required,False,2026-09-02T03:27:07Z
002315,焦点科技,55.79566360300448,38.53931320107496,46.975937013359534,28.93364049402808,completed,False,not_required,not_required,False,2026-09-02T03:27:07Z
002316,亚联发展,8.522092518438434,23.317384305644282,8.307158171494343,12.533063369336665,completed,False,not_required,not_required,False,2026-09-02T03:27:07Z
002317,众生药业,32.07884857934363,38.412069845485085,34.28046746292967,43.55433955456684,completed,False,not_required,not_required,False,2026-09-02T03:27:07Z
002318,久立特材,22.782260854261278,28.817632802879867,23.449492256655844,64.77207645014141,completed,False,not_required,not_required,False,2026-09-02T03:27:07Z
002319,乐通股份,49.34917391828578,35.53111822990068,48.903958776043474,22.230532745514154,completed,False,not_required,not_required,False,2026-09-02T03:27:07Z
002320,海峡股份,62.69874097725674,45.72103593589269,55.62504461006612,47.35691805309358,completed,False,not_required,not_required,False,2026-09-02T03:27:07Z
002321,华英农业,35.062849679106996,34.97514071217481,29.170609161977467,23.52794479149484,completed,False,not_required,not_required,False,2026-09-02T03:27:07Z
002322,理工能科,61.35061648824366,55.57273500458471,60.433026322929585,43.632130442335416,completed,False,not_required,not_required,False,2026-09-02T03:27:07Z
002323,*ST雅博,0.0,8.822984725226792,0.0,20.893626505548404,completed,False,not_required,not_required,False,2026-09-02T03:27:07Z
002324,普利特,35.006638814565974,36.3754380382265,24.916026713479337,20.79317707654485,completed,False,not_required,not_required,False,2026-09-02T03:27:07Z
002326,永太科技,63.163658232726135,42.76045311895123,48.58186165140191,54.169189218561,completed,False,not_required,not_required,False,2026-09-02T03:27:07Z
002327,富安娜,47.84263417431763,34.28272692661531,47.07605535587326,65.12221446270362,completed,False,not_required,not_required,False,2026-09-02T03:27:07Z
002328,新朋股份,60.91351510507366,51.539595192337714,57.35405782441727,53.78929205517796,completed,False,not_required,not_required,False,2026-09-02T03:27:07Z
002329,皇氏集团,9.78346643950988,24.586395376977894,9.296651762969356,8.637583491392867,completed,False,not_required,not_required,False,2026-09-02T03:27:07Z
002330,得利斯,21.35871242829101,28.48305323350587,25.03879085309657,35.50565493831401,completed,False,not_required,not_required,False,2026-09-02T03:27:07Z
002331,皖通科技,29.95480801806039,28.68997858476821,29.32640876584852,44.32305707510797,completed,False,not_required,not_required,False,2026-09-02T03:27:07Z
002332,仙琚制药,57.11613952241987,55.463775786128735,50.375269660705946,54.6484448930846,completed,False,not_required,not_required,False,2026-09-02T03:27:07Z
002333,罗普斯金,33.9955562006225,41.622809411543685,29.57042948544721,40.14007958169547,completed,False,not_required,not_required,False,2026-09-02T03:27:07Z
002334,英威腾,33.468852380713905,48.250532396419594,33.49946189738084,53.061271077806765,completed,False,not_required,not_required,False,2026-09-02T03:27:07Z
002335,科华数据,57.892735742999434,45.33448829572727,54.10370127703826,44.43979789596099,completed,False,not_required,not_required,False,2026-09-02T03:27:07Z
002337,赛象科技,35.24946602670834,28.964811914508438,33.789228986884474,36.699632901255974,completed,False,not_required,not_required,False,2026-09-02T03:27:07Z
002338,奥普光电,37.020312004640395,34.34989195596346,30.792078198582487,21.83384186084238,completed,False,not_required,not_required,False,2026-09-02T03:27:07Z
002339,积成电子,19.39726070341895,28.694659785247747,16.19967159937053,37.81881500557917,completed,False,not_required,not_required,False,2026-09-02T03:27:07Z
002340,格林美,59.18743512350672,50.911884340118974,53.417648301958856,67.66132578233965,completed,False,not_required,not_required,False,2026-09-02T03:27:07Z
002342,巨力索具,23.403498644285044,38.54229937573809,18.17688417812661,16.208736273279865,completed,False,not_required,not_required,False,2026-09-02T03:27:07Z
002343,慈文传媒,47.74266172380477,49.40769668502903,49.22672910858957,29.047205488636962,completed,False,not_required,not_required,False,2026-09-02T03:27:07Z
002344,海宁皮城,64.6603962047509,62.09277994998761,72.17096880213757,58.819882351364996,completed,False,not_required,not_required,False,2026-09-02T03:27:07Z
002345,潮宏基,58.22878913654883,43.5124280055743,53.858694438014474,36.73798172843168,completed,False,not_required,not_required,False,2026-09-02T03:27:07Z
002346,柘中股份,60.45389881085232,48.26696514255115,69.8248322475965,43.746986301299316,completed,False,not_required,not_required,False,2026-09-02T03:27:07Z
002347,泰尔股份,42.55166632960974,40.131874362205714,36.65769234226445,28.393920796167336,completed,False,not_required,not_required,False,2026-09-02T03:27:07Z
002348,高乐股份,34.44465271013643,37.48082554082543,34.40554809696437,62.41617043390098,completed,False,not_required,not_required,False,2026-09-02T03:27:07Z
002349,精华制药,51.06758477612354,49.09606095194537,50.22391650847153,73.84906728797303,completed,False,not_required,not_required,False,2026-09-02T03:27:07Z
002350,北京科锐,41.40797666968426,43.2695731095189,35.762101205969,73.87009947736509,completed,False,not_required,not_required,False,2026-09-02T03:27:07Z
002351,漫步者,57.71692282230679,48.72205666993219,54.25541148059455,37.26518375305011,completed,False,not_required,not_required,False,2026-09-02T03:27:07Z
002352,顺丰控股,53.23429306745558,41.30605339878486,49.42262545133673,64.99768918919042,completed,False,not_required,not_required,False,2026-09-02T03:27:07Z
002353,杰瑞股份,31.669155294093002,38.122016000503784,27.281598817879328,71.54228892995042,completed,False,not_required,not_required,False,2026-09-02T03:27:07Z
002354,天娱数科,49.40063081470155,37.688051907576146,44.6595634175618,34.60059970753815,completed,False,not_required,not_required,False,2026-09-02T03:27:07Z
002355,兴民智通,47.11191065751897,47.55506128658085,52.29714167631163,35.57420030098771,completed,False,not_required,not_required,False,2026-09-02T03:27:07Z
002356,鹏飞绿能,27.204005144197993,38.59599784894541,33.742305307621784,19.807489345859523,completed,False,not_required,not_required,False,2026-09-02T03:27:07Z
002357,富临运业,68.03875830019675,54.888500150126184,63.202382017779065,71.39198840746892,completed,False,not_required,not_required,False,2026-09-02T03:27:07Z
002358,森源电气,27.518040433041428,39.43442902046428,24.681241920373257,29.62428469051933,completed,False,not_required,not_required,False,2026-09-02T03:27:07Z
002360,ST同德,0.0,18.676994228835444,19.306378860776995,0.0,completed,False,not_required,not_required,False,2026-09-02T03:27:07Z
002361,神剑股份,23.925379799589493,25.991995239135253,17.776858941237897,22.220117430183045,completed,False,not_required,not_required,False,2026-09-02T03:27:07Z
002362,汉王科技,37.10273087046467,39.34755531022456,38.63176879075211,25.943027122924313,completed,False,not_required,not_required,False,2026-09-02T03:27:07Z
002363,隆基机械,64.67194066518601,59.01446197504646,66.53867248660885,59.49413896281045,completed,False,not_required,not_required,False,2026-09-02T03:27:07Z
002364,中恒电气,44.42851157678593,41.901951273273895,26.784518611863984,26.878922953890036,completed,False,not_required,not_required,False,2026-09-02T03:27:07Z
002365,永安药业,65.50304654734026,54.12367723279152,55.486722265588554,54.04218370210694,completed,False,not_required,not_required,False,2026-09-02T03:27:07Z
002366,融发核电,30.496063516971837,42.37856555399764,44.077158025182875,41.647041947606496,completed,False,not_required,not_required,False,2026-09-02T03:27:07Z
002367,康力电梯,26.216696916079346,34.75613473081585,31.098766083059886,27.768812904167667,completed,False,not_required,not_required,False,2026-09-02T03:27:07Z
002368,太极股份,28.79286092646764,41.586318156704046,39.08253867396346,37.01896107636159,completed,False,not_required,not_required,False,2026-09-02T03:27:07Z
002369,卓翼科技,31.776847022484922,39.63227494394873,40.817198150342946,30.281097209549856,completed,False,not_required,not_required,False,2026-09-02T03:27:07Z
002370,亚太药业,30.698048309138407,35.207174755431474,36.52177211416097,73.79970136294834,completed,False,not_required,not_required,False,2026-09-02T03:27:07Z
002371,北方华创,52.99867203784254,39.78180873747459,33.64715341615289,42.99778083530448,completed,False,not_required,not_required,False,2026-09-02T03:27:07Z
002372,伟星新材,61.913300071721665,52.67268750990828,59.55187289977675,65.19976909653825,completed,False,not_required,not_required,False,2026-09-02T03:27:07Z
002373,千方科技,56.727190642171124,53.60907330927262,63.20158770699704,30.752261426633545,completed,False,not_required,not_required,False,2026-09-02T03:27:07Z
002374,中锐股份,31.247144896745674,44.386223686965536,46.416482406089095,24.819370643825604,completed,False,not_required,not_required,False,2026-09-02T03:27:07Z
002375,亚厦股份,35.49230236717562,39.60422415844315,44.290314665123205,34.47860785747073,completed,False,not_required,not_required,False,2026-09-02T03:27:07Z
002376,新北洋,50.68230430580854,43.080760143501195,43.42738923929237,55.09148348306924,completed,False,not_required,not_required,False,2026-09-02T03:27:07Z
002377,国创高新,57.827157307246125,41.26529254714586,53.26514141370002,47.23883259713792,completed,False,not_required,not_required,False,2026-09-02T03:27:07Z
002378,章源钨业,68.64879375599334,49.01447966089615,41.54685253384841,28.32398852154374,completed,False,not_required,not_required,False,2026-09-02T03:27:07Z
002379,宏桥控股,76.68380660671254,57.28887607030432,62.991360643853454,81.88957176741437,completed,False,not_required,not_required,False,2026-09-02T03:27:07Z
002380,科远智慧,55.635235131265645,46.00803770433088,45.27700863635483,31.283347330027954,completed,False,not_required,not_required,False,2026-09-02T03:27:07Z
002381,双箭股份,32.52607513885707,34.140363715331276,29.517317935933786,28.048913592048642,completed,False,not_required,not_required,False,2026-09-02T03:27:07Z
002382,蓝帆医疗,80.27191513805043,65.23256336491204,81.09817881895756,64.8512117766568,completed,True,completed_or_best_effort,completed,False,2026-09-02T03:27:07Z
002383,合众思壮,20.54628071634593,28.86671852166454,23.501359408036677,21.273620255163706,completed,False,not_required,not_required,False,2026-09-02T03:27:07Z
002384,东山精密,80.45675200498839,64.68126860869742,56.378966049178324,63.626890835644545,completed,False,not_required,not_required,False,2026-09-02T03:27:07Z
002385,大北农,19.66843310129647,23.94894480607679,19.590250729133288,53.629315236030955,completed,False,not_required,not_required,False,2026-09-02T03:27:07Z
002386,天原股份,68.2021796009003,52.361502891804356,53.95656440138037,49.15602569244311,completed,False,not_required,not_required,False,2026-09-02T03:27:07Z
002387,维信诺,5.10512254849267,23.766355509205038,13.16602973016913,49.21841823578405,completed,False,not_required,not_required,False,2026-09-02T03:27:07Z
002388,新亚制程,15.150808151230123,25.908130346667832,22.482579105130373,29.049974599289705,completed,False,not_required,not_required,False,2026-09-02T03:27:07Z
002389,航天彩虹,15.218181995161373,25.163414633007246,10.408218392612694,17.479857004435726,completed,False,not_required,not_required,False,2026-09-02T03:27:07Z
002390,信邦制药,41.127537994436345,35.2396517839112,45.46271718039856,35.3439937321425,completed,False,not_required,not_required,False,2026-09-02T03:27:07Z
002391,长青股份,45.13513824774641,41.88916001272426,41.129534896563094,31.538730603968006,completed,False,not_required,not_required,False,2026-09-02T03:27:07Z
002392,北京利尔,61.871576543181625,48.835207019263294,53.4226598317496,42.907912005814005,completed,False,not_required,not_required,False,2026-09-02T03:27:07Z
002393,力生制药,21.45976653573381,27.29646471646944,32.046576971125155,63.369878285347056,completed,False,not_required,not_required,False,2026-09-02T03:27:07Z
002394,联发股份,42.98495901362289,43.956870014117804,47.28804603573895,38.95245080918179,completed,False,not_required,not_required,False,2026-09-02T03:27:07Z
002395,双象股份,41.936215810952525,35.21051663859674,40.265232259715226,31.999692528123308,completed,False,not_required,not_required,False,2026-09-02T03:27:07Z
002396,星网锐捷,56.704015456387985,47.908360429578984,41.464680038220585,46.830316959265666,completed,False,not_required,not_required,False,2026-09-02T03:27:07Z
002397,梦洁股份,46.547604425909846,35.555121753852234,39.194510704113426,28.578342908618872,completed,False,not_required,not_required,False,2026-09-02T03:27:07Z
002398,垒知集团,54.18243803022491,52.4151539343251,58.3907094967592,41.23540664309647,completed,False,not_required,not_required,False,2026-09-02T03:27:07Z
002399,海普瑞,38.85654062346287,36.93098732168675,40.69746767459448,34.773300090007744,completed,False,not_required,not_required,False,2026-09-02T03:27:07Z
002400,省广集团,35.335607928967086,33.01688409650133,29.11622133625384,27.636219488719355,completed,False,not_required,not_required,False,2026-09-02T03:27:07Z
002401,中远海科,49.29315056878343,49.20084712892613,43.947379452190205,40.94142920742701,completed,False,not_required,not_required,False,2026-09-02T03:27:07Z
002402,和而泰,37.613685160586805,36.75753404445861,35.74361155475612,33.92165992162436,completed,False,not_required,not_required,False,2026-09-02T03:27:07Z
002403,爱仕达,27.666855787513505,36.309676372581215,26.183305734397102,20.318017549366154,completed,False,not_required,not_required,False,2026-09-02T03:27:07Z
002404,嘉欣丝绸,50.40880296825277,37.27303572719985,48.02761023637932,37.034363198489096,completed,False,not_required,not_required,False,2026-09-02T03:27:07Z
002405,四维图新,13.764724239689635,22.709689169465967,19.75098494373763,39.05733135864987,completed,False,not_required,not_required,False,2026-09-02T03:27:07Z
002406,远东传动,64.9374147355586,52.918888779158316,59.13846538897022,39.91708682708642,completed,False,not_required,not_required,False,2026-09-02T03:27:07Z
002407,多氟多,69.03408684465656,52.78345961708324,58.75482990313932,36.34904396609515,completed,False,not_required,not_required,False,2026-09-02T03:27:07Z
002408,齐翔腾达,79.12990266554274,58.3638485030747,66.95921993728305,37.86913190861158,completed,False,not_required,not_required,False,2026-09-02T03:27:07Z
002409,雅克科技,56.97988630853138,46.22464678440787,39.04836487103398,46.958093593042996,completed,False,not_required,not_required,False,2026-09-02T03:27:07Z
002410,广联达,36.88725676132392,38.774426053893826,40.10635672060272,23.386151562112413,completed,False,not_required,not_required,False,2026-09-02T03:27:07Z
002412,汉森制药,44.72347382510989,38.93705077484128,48.39969493279674,34.675654400790464,completed,False,not_required,not_required,False,2026-09-02T03:27:07Z
002413,雷科防务,38.70735746422707,38.027260392660914,49.88520079793823,37.5043776358928,completed,False,not_required,not_required,False,2026-09-02T03:27:07Z
002414,高德红外,73.76892485498095,65.16562112453674,53.644071255168576,39.545565808496946,completed,False,not_required,not_required,False,2026-09-02T03:27:07Z
002415,海康威视,60.88873507482597,49.64331415815987,53.04838208255419,43.78375211850121,completed,False,not_required,not_required,False,2026-09-02T03:27:07Z
002416,爱施德,28.077671969663783,29.455364109645416,23.783414482872136,22.25366240365079,completed,False,not_required,not_required,False,2026-09-02T03:27:07Z
002418,康盛股份,66.87383799415336,57.59230500468226,64.17855697544293,32.507642577356954,completed,False,not_required,not_required,False,2026-09-02T03:27:07Z
002419,天虹股份,35.052251435094675,35.93351780777627,29.87962274138104,23.022012306011867,completed,False,not_required,not_required,False,2026-09-02T03:27:07Z
002420,毅昌科技,65.40279071922296,55.8367000845061,59.2868494406442,71.43928454528485,completed,False,not_required,not_required,False,2026-09-02T03:27:07Z
002421,达实智能,50.03136818415718,45.635418016111664,57.35108599649917,33.60993399756445,completed,False,not_required,not_required,False,2026-09-02T03:27:07Z
002422,科伦药业,57.48528686000546,54.33878560339785,53.02625180310447,58.13854068542551,completed,False,not_required,not_required,False,2026-09-02T03:27:07Z
002423,中粮资本,57.487511984467645,37.90628423730187,51.3223891497642,29.406908279137426,completed,False,not_required,not_required,False,2026-09-02T03:27:07Z
002424,ST百灵,14.211867741458075,18.897275750518645,20.78777774239582,12.66292162222937,completed,False,not_required,not_required,False,2026-09-02T03:27:07Z
002425,凯撒文化,44.447261150004735,45.119023668231314,51.15313460254586,27.742525292608818,completed,False,not_required,not_required,False,2026-09-02T03:27:07Z
002426,胜利精密,19.884425654524563,31.81077220364466,17.30032497210233,20.11277234529517,completed,False,not_required,not_required,False,2026-09-02T03:27:07Z
002427,尤夫股份,51.62408605583478,50.42362826980748,45.65647852530536,24.495456118179693,completed,False,not_required,not_required,False,2026-09-02T03:27:07Z
002428,云南锗业,66.8596329419087,61.5380954816395,46.77866617233166,42.56188557678013,completed,False,not_required,not_required,False,2026-09-02T03:27:07Z
002429,兆驰股份,29.938236361251526,33.02119745816281,28.810466511634566,31.178081312438692,completed,False,not_required,not_required,False,2026-09-02T03:27:07Z
002430,杭氧股份,64.21306582025663,49.06533194113032,50.711213265666345,41.36833709236495,completed,False,not_required,not_required,False,2026-09-02T03:27:07Z
002431,ST棕榈,10.742376724942424,34.8894424183309,16.333935007577466,43.90357677699864,completed,False,not_required,not_required,False,2026-09-02T03:27:07Z
002432,九安医疗,69.03950643051101,63.26142082004358,65.18199111863983,66.44574148743384,completed,False,not_required,not_required,False,2026-09-02T03:27:07Z
002434,万里扬,15.48166666820023,29.24166932595392,19.769159582765166,17.598850639791234,completed,False,not_required,not_required,False,2026-09-02T03:27:07Z
002436,兴森科技,66.91018393421912,59.512056864598584,52.84705549694518,45.22562261961382,completed,False,not_required,not_required,False,2026-09-02T03:27:07Z
002437,誉衡药业,44.89399905203608,33.028561497539485,43.16135355069227,50.22000650536628,completed,False,not_required,not_required,False,2026-09-02T03:27:07Z
002438,江苏神通,50.86680189884096,52.521360296128464,48.91209349385029,38.32558903777246,completed,False,not_required,not_required,False,2026-09-02T03:27:07Z
002439,启明星辰,48.679005465229444,40.51938686462391,49.868657519350364,31.39510073974354,completed,False,not_required,not_required,False,2026-09-02T03:27:07Z
002440,闰土股份,73.1302417670993,53.246589100109574,68.72407088257009,43.761868183525834,completed,False,not_required,not_required,False,2026-09-02T03:27:07Z
002441,众业达,54.34793629761702,45.76903067741304,55.449795954299304,34.906397500509655,completed,False,not_required,not_required,False,2026-09-02T03:27:07Z
002442,龙星科技,51.89763131123007,48.1807665881644,42.42556999563598,22.605721586722975,completed,False,not_required,not_required,False,2026-09-02T03:27:07Z
002443,金洲管道,52.51906177537909,45.11349899203288,55.22285354339837,42.54709609896508,completed,False,not_required,not_required,False,2026-09-02T03:27:07Z
002444,巨星科技,55.350557912029466,48.11866585653538,49.72184997413507,33.86849695793153,completed,False,not_required,not_required,False,2026-09-02T03:27:07Z
002445,中南文化,27.545070089209446,37.17785251373934,21.614110310152054,65.51396016455588,completed,False,not_required,not_required,False,2026-09-02T03:27:07Z
002446,盛路通信,34.244222234081,40.214595999066034,30.983823375566494,60.56471435065163,completed,False,not_required,not_required,False,2026-09-02T03:27:07Z
002448,中原内配,55.479397513814085,41.9740802097384,45.55009911844481,58.1647121200509,completed,False,not_required,not_required,False,2026-09-02T03:27:07Z
002449,国星光电,24.990310136221552,32.292689018627655,31.08295845363118,27.295063471871842,completed,False,not_required,not_required,False,2026-09-02T03:27:07Z
002451,摩恩电气,18.801783182137207,30.3605495480923,19.8425115308636,27.616514493525912,completed,False,not_required,not_required,False,2026-09-02T03:27:07Z
002452,长高电气,72.83781750135665,69.7448965465426,62.799941507045965,68.36429244814016,completed,False,not_required,not_required,False,2026-09-02T03:27:07Z
002453,华软科技,53.248249042532656,54.38148414445947,51.21743902913424,42.78908093653004,completed,False,not_required,not_required,False,2026-09-02T03:27:07Z
002454,松芝股份,46.368410618739766,46.811747314928354,48.94457223495253,25.887694537536003,completed,False,not_required,not_required,False,2026-09-02T03:27:07Z
002455,百川股份,71.59361971814639,60.64168327894277,57.48005113122642,36.187854268753206,completed,False,not_required,not_required,False,2026-09-02T03:27:07Z
002456,欧菲光,16.87110351922539,35.73142009847564,18.051181662913685,58.244434665039456,completed,False,not_required,not_required,False,2026-09-02T03:27:07Z
002457,青龙管业,39.11868029511518,55.96046914975092,37.73580539621394,50.517067219188846,completed,False,not_required,not_required,False,2026-09-02T03:27:07Z
002458,益生股份,70.19318822124912,49.73653928985582,57.89961351035213,50.12762493046845,completed,False,not_required,not_required,False,2026-09-02T03:27:07Z
002459,晶澳科技,18.374528687877163,34.85923524256685,27.588939790875653,24.830401760164115,completed,False,not_required,not_required,False,2026-09-02T03:27:07Z
002460,赣锋锂业,69.45731180592244,54.15546842996232,59.19876725963961,44.101126120045066,completed,False,not_required,not_required,False,2026-09-02T03:27:07Z
002461,珠江啤酒,58.04200257948163,43.78052395433312,53.798590724800476,40.05214165699093,completed,False,not_required,not_required,False,2026-09-02T03:27:07Z
002462,嘉事堂,46.12566196559997,39.34818561382213,47.44935414584209,67.75576693405895,completed,False,not_required,not_required,False,2026-09-02T03:27:07Z
002463,沪电股份,70.41654507713028,57.06771001187754,49.99786625928311,47.658840069551445,completed,False,not_required,not_required,False,2026-09-02T03:27:07Z
002465,海格通信,16.694574837274683,27.90862976344763,23.43873649441147,31.404598915059793,completed,False,not_required,not_required,False,2026-09-02T03:27:07Z
002466,天齐锂业,71.37330949460454,58.840282755289984,64.51708156712685,75.39425683493111,completed,False,not_required,not_required,False,2026-09-02T03:27:07Z
002467,二六三,17.9439188093015,27.800813879457714,17.871579335923983,10.726313189205486,completed,False,not_required,not_required,False,2026-09-02T03:27:07Z
002468,申通快递,75.2665732900023,52.442825115502615,65.12022353117707,68.34227315830516,completed,False,not_required,not_required,False,2026-09-02T03:27:07Z
002469,三维化学,28.160105370977462,33.48060302696299,34.82118902593669,23.62280617938067,completed,False,not_required,not_required,False,2026-09-02T03:27:07Z
002470,金正大,19.39753721604888,23.8596969074381,13.144984562793207,20.494879657384082,completed,False,not_required,not_required,False,2026-09-02T03:27:07Z
002471,中超控股,21.282214670108708,27.930737769263825,23.731439244017846,41.44089158642672,completed,False,not_required,not_required,False,2026-09-02T03:27:07Z
002472,双环传动,55.261718722002286,50.254918465183465,45.49755362656568,39.62313022392775,completed,False,not_required,not_required,False,2026-09-02T03:27:07Z
002474,榕基软件,10.668819763056707,26.986855922070397,21.23752758410147,16.03987806452598,completed,False,not_required,not_required,False,2026-09-02T03:27:07Z
002475,立讯精密,59.63727246598294,48.30670427983653,42.819054059666215,70.99421779340376,completed,False,not_required,not_required,False,2026-09-02T03:27:07Z
002476,新叶股份,51.86634860057223,48.800777329825,54.492354298696476,72.55626228241358,completed,False,not_required,not_required,False,2026-09-02T03:27:07Z
002478,常宝股份,35.59440773479265,35.067713616535045,39.17613937419755,42.6573978574047,completed,False,not_required,not_required,False,2026-09-02T03:27:07Z
002479,富春环保,72.029002803366,54.86566310377706,58.3353581798847,39.71064104650685,completed,False,not_required,not_required,False,2026-09-02T03:27:07Z
002480,新筑股份,22.992700394751317,37.42390662354518,23.564327334321774,55.496056492103754,completed,False,not_required,not_required,False,2026-09-02T03:27:07Z
002481,双塔食品,42.55610268938874,40.77407253404395,35.05607472320998,58.27942140540866,completed,False,not_required,not_required,False,2026-09-02T03:27:07Z
002482,广田集团,41.32481562196355,31.376362114708552,42.503918928040626,30.884575886831698,completed,False,not_required,not_required,False,2026-09-02T03:27:07Z
002483,润邦股份,30.602939569141213,43.38750193639065,34.73850703026636,31.476162082603892,completed,False,not_required,not_required,False,2026-09-02T03:27:07Z
002484,江海股份,54.20083812151415,40.81589980733537,44.0520981379209,40.85078423458219,completed,False,not_required,not_required,False,2026-09-02T03:27:07Z
002485,ST雪发,39.190363622389086,47.45275910343871,53.11048305658938,22.832300211280028,completed,False,not_required,not_required,False,2026-09-02T03:27:07Z
002486,嘉麟杰,51.38653227849264,46.276818919995776,43.53616761633635,32.57214424933054,completed,False,not_required,not_required,False,2026-09-02T03:27:07Z
002487,大金重工,43.0720368175234,41.77010370676714,46.80598990666343,52.49538370896353,completed,False,not_required,not_required,False,2026-09-02T03:27:07Z
002488,金固股份,34.118843883728715,39.26551099411191,26.3316144458427,31.2572128221517,completed,False,not_required,not_required,False,2026-09-02T03:27:07Z
002489,浙江永强,15.569125008289433,26.193210974292576,17.58281765560421,7.2331335738172005,completed,False,not_required,not_required,False,2026-09-02T03:27:07Z
002490,山东墨龙,27.49341108107962,23.487381496469528,18.800983628466785,22.846584336887727,completed,False,not_required,not_required,False,2026-09-02T03:27:07Z
002491,通鼎互联,75.63860648084085,58.633067209675396,68.47521461482233,37.47213844217374,completed,True,completed_or_best_effort,completed,False,2026-09-02T03:27:07Z
002492,恒基达鑫,0.0,16.647737428941802,14.43769561847781,7.00027403722399,completed,False,not_required,not_required,False,2026-09-02T03:27:07Z
002493,荣盛石化,72.63679452833944,57.385858001171776,57.41249965389233,48.12902329651247,completed,False,not_required,not_required,False,2026-09-02T03:27:07Z
002494,华斯股份,22.292614240637164,20.587102262732905,32.71516681323426,27.840952509352064,completed,False,not_required,not_required,False,2026-09-02T03:27:07Z
002495,佳隆股份,49.270143931946066,40.44887000940484,40.428621888673824,30.974434972645312,completed,False,not_required,not_required,False,2026-09-02T03:27:07Z
002496,辉丰股份,67.36064349878387,52.15812286227204,60.101943521657134,20.73268511389567,completed,False,not_required,not_required,False,2026-09-02T03:27:07Z
002497,雅化集团,77.40910374826436,60.212682617700644,64.96420591931516,60.1631154879555,completed,True,completed_or_best_effort,completed,False,2026-09-02T03:27:07Z
002498,汉缆股份,40.91379315640916,40.41889709499122,39.784106368679964,31.517409779601017,completed,False,not_required,not_required,False,2026-09-02T03:27:07Z
002500,山西证券,59.851984620449784,42.29412005133752,47.20753440374497,44.16638777560314,completed,False,not_required,not_required,False,2026-09-02T03:27:07Z
002501,*ST利源,26.799762943332233,30.042576623390598,40.15178253404834,10.035559383196876,completed,False,not_required,not_required,False,2026-09-02T03:27:07Z
002506,协鑫集成,11.596516177971534,25.674075530297333,16.402955503848297,10.631069104886983,completed,False,not_required,not_required,False,2026-09-02T03:27:07Z
002507,涪陵榨菜,46.28752598132041,41.01736890797835,45.41628423494052,31.9276235018418,completed,False,not_required,not_required,False,2026-09-02T03:27:07Z
002508,老板电器,33.24882283296023,35.86219183631676,42.11021161629188,42.12833882223129,completed,False,not_required,not_required,False,2026-09-02T03:27:07Z
002510,天汽模,21.68284468609827,24.318531023873,19.896994932271443,68.25473315085787,completed,False,not_required,not_required,False,2026-09-02T03:27:07Z
002511,中顺洁柔,57.49423353657036,47.178763539705294,57.470114678229635,80.49245207234812,completed,False,not_required,not_required,False,2026-09-02T03:27:07Z
002512,ST达华,50.49431032726828,30.482150146619418,41.030212921087745,18.81967326643914,completed,False,not_required,not_required,False,2026-09-02T03:27:07Z
002513,蓝丰生化,15.991783285796146,22.706597025094794,20.613362683115923,29.641745967879835,completed,False,not_required,not_required,False,2026-09-02T03:27:07Z
002514,*ST宝馨,5.668019281768764,19.248123375117967,19.57932176154675,2.5712466496740767,completed,False,not_required,not_required,False,2026-09-02T03:27:07Z
002515,金字火腿,8.352840036170349,27.21321732465728,18.2136394897027,23.48141081807934,completed,False,not_required,not_required,False,2026-09-02T03:27:07Z
002516,旷达科技,59.66120551503409,45.0887961756272,58.38215052497385,71.96974708128828,completed,False,not_required,not_required,False,2026-09-02T03:27:07Z
002517,恺英网络,66.09349730380445,44.04409128243824,50.54007474894274,52.16239948191577,completed,False,not_required,not_required,False,2026-09-02T03:27:07Z
002518,科士达,49.32269088592513,40.06419055265453,42.813396160531056,24.6914517771488,completed,False,not_required,not_required,False,2026-09-02T03:27:07Z
002519,银河电子,43.606220655187165,36.12678091670921,52.756778284600216,18.24885715814252,completed,False,not_required,not_required,False,2026-09-02T03:27:07Z
002520,日发精机,65.31236254915093,56.663527923387115,63.25954143218232,45.93696733255488,completed,False,not_required,not_required,False,2026-09-02T03:27:07Z
002521,齐峰新材,48.93358688961714,40.306837106098,48.776069773661504,37.44551286755978,completed,False,not_required,not_required,False,2026-09-02T03:27:07Z
002522,浙江众成,60.328773714936645,47.118578691781146,56.561329121202505,34.8188642338791,completed,False,not_required,not_required,False,2026-09-02T03:27:07Z
002523,天桥起重,60.57347608298076,53.0716352231416,56.3624898016851,41.976086454433464,completed,False,not_required,not_required,False,2026-09-02T03:27:07Z
002524,光正眼科,69.46996404726536,52.04304842392384,59.98078446869291,71.33144089284802,completed,False,not_required,not_required,False,2026-09-02T03:27:07Z
002526,山东矿机,11.643427714731512,29.928137467888767,21.85375644050169,31.393263057858128,completed,False,not_required,not_required,False,2026-09-02T03:27:07Z
002527,新时达,29.81376768010785,29.67405079254556,18.59223448255946,20.479004367421837,completed,False,not_required,not_required,False,2026-09-02T03:27:07Z
002528,*ST英飞,6.41103121897936,21.306402558300643,17.15606048047036,0.0,completed,False,not_required,not_required,False,2026-09-02T03:27:07Z
002529,海源复材,26.60497798117138,36.98168271726155,47.00873166743158,10.358298004770607,completed,False,not_required,not_required,False,2026-09-02T03:27:07Z
002530,金财互联,57.58738634895474,50.38450126097692,43.03902904408405,35.27009785747277,completed,False,not_required,not_required,False,2026-09-02T03:27:07Z
002531,天顺风能,51.681600087745935,64.1713712731011,45.01609738813653,35.97876294157914,completed,False,not_required,not_required,False,2026-09-02T03:27:07Z
002532,天山铝业,70.73511370193842,51.949689543676634,59.78362088335124,33.590157806310046,completed,False,not_required,not_required,False,2026-09-02T03:27:07Z
002533,金杯电工,51.92492024073397,48.37613263958803,43.42763386125308,37.65148792913973,completed,False,not_required,not_required,False,2026-09-02T03:27:07Z
002534,西子洁能,19.27599223822006,31.04221280747377,23.611837862174987,37.720222736418556,completed,False,not_required,not_required,False,2026-09-02T03:27:07Z
002535,林州重机,5.344367484173322,22.63445416059424,5.132823039182897,4.569375568250181,completed,False,not_required,not_required,False,2026-09-02T03:27:07Z
002536,飞龙股份,37.11286914110383,40.11972969007439,26.479681103997386,19.001744755073783,completed,False,not_required,not_required,False,2026-09-02T03:27:07Z
002537,海联金汇,49.481621808770406,48.77406242002114,49.26502486451659,57.58768261551063,completed,False,not_required,not_required,False,2026-09-02T03:27:07Z
002538,ST司特,30.82152808527521,27.925232647478694,34.79069719952726,17.3100981886426,completed,False,not_required,not_required,False,2026-09-02T03:27:07Z
002539,云图控股,60.81464229766489,51.91699149084448,55.505056232469364,33.85801560154531,completed,False,not_required,not_required,False,2026-09-02T03:27:07Z
002540,亚太科技,37.294315445324784,37.603850429072274,34.12876728883248,62.81377309992905,completed,False,not_required,not_required,False,2026-09-02T03:27:07Z
002541,鸿路钢构,61.088214811728335,60.3132707053818,51.20701944040826,44.90606784697092,completed,False,not_required,not_required,False,2026-09-02T03:27:07Z
002542,*ST中岩,10.829517087505714,28.4807649231395,29.671115727380908,10.934542345159414,completed,False,not_required,not_required,False,2026-09-02T03:27:07Z
002543,万和电气,27.300482086510236,27.9472088592455,30.416160685021087,28.371234389903776,completed,False,not_required,not_required,False,2026-09-02T03:27:07Z
002544,普天科技,21.740362244849994,27.263593430561105,22.79905106992027,25.007021169307464,completed,False,not_required,not_required,False,2026-09-02T03:27:07Z
002545,东方铁塔,70.1381082483277,54.669723418622084,63.74423352882356,66.21109786238287,completed,False,not_required,not_required,False,2026-09-02T03:27:07Z
002546,新联电子,65.47075503875483,57.01081630478997,65.49834020767132,36.977083495124916,completed,False,not_required,not_required,False,2026-09-02T03:27:07Z
002547,*ST春兴,13.852488734801142,22.43667437304389,18.491588875123504,2.173649673091875,completed,False,not_required,not_required,False,2026-09-02T03:27:07Z
002548,金新农,15.762116464487995,29.50807257113733,20.896350835785945,14.81657137485826,completed,False,not_required,not_required,False,2026-09-02T03:27:07Z
002549,凯美特气,47.33146628515906,45.589031412911005,36.67431680528103,26.864616441278343,completed,False,not_required,not_required,False,2026-09-02T03:27:07Z
002550,千红制药,46.90141739366809,46.2509155212132,42.10483415183561,36.93290181154641,completed,False,not_required,not_required,False,2026-09-02T03:27:07Z
002551,尚荣医疗,51.40139993766618,47.56931161060369,55.578986558664646,28.859515775388623,completed,False,not_required,not_required,False,2026-09-02T03:27:07Z
002552,宝鼎科技,77.34063319972796,58.34868480584954,55.367917611429476,50.900458427179416,completed,False,not_required,not_required,False,2026-09-02T03:27:07Z
002553,南方精工,44.4636155543241,50.58085240299801,47.522731060444954,42.376459014481185,completed,False,not_required,not_required,False,2026-09-02T03:27:07Z
002554,惠博普,19.34084431072895,36.44269871675468,30.52506465098805,65.89848318747909,completed,False,not_required,not_required,False,2026-09-02T03:27:07Z
002555,三七互娱,50.79645509254414,40.047234310883084,49.354211195362915,30.63460247004095,completed,False,not_required,not_required,False,2026-09-02T03:27:07Z
002556,辉隆股份,50.846101059235785,45.83340027325447,49.57335597458461,29.70147800058095,completed,False,not_required,not_required,False,2026-09-02T03:27:07Z
002557,洽洽食品,68.02202744283373,52.09358324439184,63.95711379401659,47.57713054494083,completed,False,not_required,not_required,False,2026-09-02T03:27:07Z
002558,巨人网络,65.64961822016753,40.50258551156887,56.099534702485855,40.705272254028216,completed,False,not_required,not_required,False,2026-09-02T03:27:07Z
002559,亚威股份,40.555604349240994,41.62564950893166,32.66171496629015,36.779274067413056,completed,False,not_required,not_required,False,2026-09-02T03:27:07Z
002560,通达股份,23.885050792732613,34.0248959215513,25.033431891770647,31.18451735721328,completed,False,not_required,not_required,False,2026-09-02T03:27:07Z
002561,徐家汇,23.61629937571503,36.02143536921195,30.74180015306188,22.228234190316506,completed,False,not_required,not_required,False,2026-09-02T03:27:07Z
002562,兄弟科技,61.375970961333984,47.12440555815478,50.84771985688105,27.809927294006414,completed,False,not_required,not_required,False,2026-09-02T03:27:07Z
002563,森马服饰,57.79790528328872,46.234350067255,55.03165605333571,42.4562826820143,completed,False,not_required,not_required,False,2026-09-02T03:27:07Z
002564,天沃科技,6.745556298017764,17.9563359752545,12.300217253740913,18.53696135550501,completed,False,not_required,not_required,False,2026-09-02T03:27:07Z
002565,顺灏股份,36.872217626579776,33.4832610879371,33.92224127142638,44.69895738197715,completed,False,not_required,not_required,False,2026-09-02T03:27:07Z
002566,益盛药业,49.09041530143156,42.097304527494444,50.410947077526124,34.64870287448011,completed,False,not_required,not_required,False,2026-09-02T03:27:07Z
002567,唐人神,23.6358492587147,34.107720618690884,27.449628673097212,24.014810020493655,completed,False,not_required,not_required,False,2026-09-02T03:27:07Z
002568,百润股份,60.83580506954615,51.257108466206425,46.15167844822919,69.82316986932624,completed,False,not_required,not_required,False,2026-09-02T03:27:07Z
002569,*ST步森,14.78682750918577,17.940785464928847,6.1282438378490465,19.692617055060303,completed,False,not_required,not_required,False,2026-09-02T03:27:07Z
002570,贝因美,53.53432347340259,42.73533531983847,42.168039858347015,46.54896925722177,completed,False,not_required,not_required,False,2026-09-02T03:27:07Z
002571,德力股份,17.3745439301033,31.4649996180471,20.57162377499779,45.93374789052243,completed,False,not_required,not_required,False,2026-09-02T03:27:07Z
002572,索菲亚,40.35601784778402,44.580714713476134,47.30443337736471,26.557147674086607,completed,False,not_required,not_required,False,2026-09-02T03:27:07Z
002573,清新环境,63.40010858787474,55.01270600861435,61.667290661944676,43.509837305133644,completed,False,not_required,not_required,False,2026-09-02T03:27:07Z
002574,明牌珠宝,23.93530091662202,30.367470325109075,32.81747803936975,25.5827549170128,completed,False,not_required,not_required,False,2026-09-02T03:27:07Z
002575,群兴玩具,36.01619942037092,38.47790694941756,34.54574321382236,41.650452795135195,completed,False,not_required,not_required,False,2026-09-02T03:27:07Z
002576,通达动力,43.104696382153115,41.16857515556445,48.179354001736314,66.21305663188927,completed,False,not_required,not_required,False,2026-09-02T03:27:07Z
002577,雷柏科技,55.68491454545934,47.968228378195576,51.854914785495495,44.64348707154515,completed,False,not_required,not_required,False,2026-09-02T03:27:07Z
002578,闽发铝业,27.736235552434827,25.900946392766635,24.935454336868787,33.14002062580954,completed,False,not_required,not_required,False,2026-09-02T03:27:07Z
002579,中京电子,4.9368842105309945,23.385046763996954,6.404800322087689,19.074230434582923,completed,False,not_required,not_required,False,2026-09-02T03:27:07Z
002580,圣阳股份,36.400641708219545,33.707144227923465,27.78945507688357,36.74670861282988,completed,False,not_required,not_required,False,2026-09-02T03:27:07Z
002581,*ST未名,16.570019230625,29.431412535148155,22.14906233189469,8.645070457095512,completed,False,not_required,not_required,False,2026-09-02T03:27:07Z
002582,好想你,37.29899667383273,34.70953469548212,39.74720528225015,32.31920391892902,completed,False,not_required,not_required,False,2026-09-02T03:27:07Z
002583,海能达,43.77074907069162,49.466723462080374,38.60894393566687,25.347049719393606,completed,False,not_required,not_required,False,2026-09-02T03:27:07Z
002584,西陇科学,62.64530022697683,53.97893229950955,60.51348504830936,30.44158280874042,completed,False,not_required,not_required,False,2026-09-02T03:27:07Z
002585,双星新材,73.36687681522871,59.33778187470966,76.90078950142562,36.799867716998776,completed,True,completed_or_best_effort,completed,False,2026-09-02T03:27:07Z
002586,围海股份,35.496360998986844,45.080261722399435,54.14573623230446,47.573954841932355,completed,False,not_required,not_required,False,2026-09-02T03:27:07Z
002587,奥拓电子,43.23671591129708,37.70493311822608,40.517864821372875,64.78029432394358,completed,False,not_required,not_required,False,2026-09-02T03:27:07Z
002588,史丹利,32.82908341815327,29.954744001952058,35.10068942761395,26.932842915201046,completed,False,not_required,not_required,False,2026-09-02T03:27:07Z
002589,瑞康医药,39.55364283179985,34.879944548147726,35.989893339988086,29.92345101017851,completed,False,not_required,not_required,False,2026-09-02T03:27:07Z
002590,万安科技,56.39862730940995,48.621451864086886,50.579967892055244,67.33145220725324,completed,False,not_required,not_required,False,2026-09-02T03:27:07Z
002591,恒大高新,52.263394949074275,38.77534262961277,42.748923798800966,42.57893805402273,completed,False,not_required,not_required,False,2026-09-02T03:27:07Z
002592,ST八菱,57.99952372191561,48.82603071135574,60.5335392167577,33.328050321731304,completed,False,not_required,not_required,False,2026-09-02T03:27:07Z
002593,日上集团,61.75514976315052,49.62016344417538,56.860395833099034,39.95754285722657,completed,False,not_required,not_required,False,2026-09-02T03:27:07Z
002594,比亚迪,60.49234865000456,57.47424361484107,53.08990131475855,34.39192591136385,completed,False,not_required,not_required,False,2026-09-02T03:27:07Z
002595,豪迈科技,45.7614841473881,40.72326707604977,41.387495986508746,38.232732900984864,completed,False,not_required,not_required,False,2026-09-02T03:27:07Z
002596,海南瑞泽,15.351459302878144,27.673244741926506,24.222754667420062,7.385425290996975,completed,False,not_required,not_required,False,2026-09-02T03:27:07Z
002597,金禾实业,63.92207711018935,51.20597500568086,54.05718300672583,43.66535807564821,completed,False,not_required,not_required,False,2026-09-02T03:27:07Z
002598,ST章鼓,44.44188534490095,44.96742614587415,46.41182888604209,17.922155734109054,completed,False,not_required,not_required,False,2026-09-02T03:27:07Z
002599,盛通股份,11.013040047404736,25.0854600043113,16.03225713122352,31.068080904171218,completed,False,not_required,not_required,False,2026-09-02T03:27:07Z
002600,领益智造,54.26087404393326,49.0749496951317,50.99031861595154,52.3179045112148,completed,False,not_required,not_required,False,2026-09-02T03:27:07Z
002601,龙佰集团,54.91614583198571,46.786304998358354,42.36201467449227,35.744267302908085,completed,False,not_required,not_required,False,2026-09-02T03:27:07Z
002602,世纪华通,70.13779917674225,48.521363365072126,65.00513184000786,58.59848807210215,completed,False,not_required,not_required,False,2026-09-02T03:27:07Z
002603,以岭药业,53.29788877952774,43.609986296389955,53.34338318657306,35.31600350699248,completed,False,not_required,not_required,False,2026-09-02T03:27:07Z
002605,姚记科技,35.39025664420884,33.7021964358148,37.7757719036194,72.91410031583885,completed,False,not_required,not_required,False,2026-09-02T03:27:07Z
002606,大连电瓷,65.42849626302058,56.19516216309669,59.893786015127226,77.41855647240966,completed,True,completed_or_best_effort,completed,True,2026-09-02T03:27:07Z
002607,中公教育,57.779371631017845,38.92649798630957,44.54393349862374,22.192442769261692,completed,False,not_required,not_required,False,2026-09-02T03:27:07Z
002608,江苏国信,48.03334875890278,39.02772872818042,42.86943778204932,36.65410883313077,completed,False,not_required,not_required,False,2026-09-02T03:27:07Z
002609,捷顺科技,47.56683555364917,44.73993676251853,43.35635048934283,35.78827800051691,completed,False,not_required,not_required,False,2026-09-02T03:27:07Z
002611,东方精工,57.156948436321954,44.68606347179544,58.04753155822241,81.0762025465729,completed,False,not_required,not_required,False,2026-09-02T03:27:07Z
002612,朗姿股份,50.6587557220161,40.96339209748375,45.50237011232624,36.89936477154811,completed,False,not_required,not_required,False,2026-09-02T03:27:07Z
002613,北玻股份,38.52410737349233,43.347442379432884,42.94430272815225,47.96699020016454,completed,False,not_required,not_required,False,2026-09-02T03:27:07Z
002614,奥佳华,27.276633979393075,37.99051079140624,24.8566345380501,11.784659009072017,completed,False,not_required,not_required,False,2026-09-02T03:27:07Z
002615,哈尔斯,43.280602355622534,45.04742446911908,39.53735616058427,64.62202229111008,completed,False,not_required,not_required,False,2026-09-02T03:27:07Z
002616,长青集团,53.11594060565897,44.99178911111685,52.266760365521336,33.73720204503513,completed,False,not_required,not_required,False,2026-09-02T03:27:07Z
002617,露笑科技,43.92852421666825,42.634388193314024,40.19527080254669,19.697092242257987,completed,False,not_required,not_required,False,2026-09-02T03:27:07Z
002620,*ST瑞和,3.1365447196012717,18.952557897212262,8.585272329925486,0.0,completed,False,not_required,not_required,False,2026-09-02T03:27:07Z
002622,皓宸医疗,44.38106110095739,43.56644422671847,47.942144616240554,29.0139671332074,completed,False,not_required,not_required,False,2026-09-02T03:27:07Z
002623,亚玛顿,23.29827445697685,37.94331799032144,31.81851900133624,38.741340406737386,completed,False,not_required,not_required,False,2026-09-02T03:27:07Z
002624,完美世界,18.847284283879336,36.940817290938156,25.522324321726124,14.094021553398361,completed,False,not_required,not_required,False,2026-09-02T03:27:07Z
002625,光启技术,32.66018630696089,33.80941960526459,28.032105556490354,43.70474896943595,completed,False,not_required,not_required,False,2026-09-02T03:27:07Z
002626,金达威,52.00676804925951,50.10131236585297,44.247121517064,40.44274566380757,completed,False,not_required,not_required,False,2026-09-02T03:27:07Z
002627,三峡旅游,68.70306228775898,60.16817398652782,64.26667435625116,45.82891885065427,completed,False,not_required,not_required,False,2026-09-02T03:27:07Z
002628,成都路桥,14.122913089183164,32.85830947573836,16.238109050467067,23.375216448110578,completed,False,not_required,not_required,False,2026-09-02T03:27:07Z
002629,仁智股份,45.0014601837593,51.09608533176485,40.096628731839225,56.35105016860357,completed,False,not_required,not_required,False,2026-09-02T03:27:07Z
002630,*ST华西,4.932866686270785,26.50621544972279,12.957311254492181,0.0,completed,False,not_required,not_required,False,2026-09-02T03:27:07Z
002631,德尔未来,43.7863413156218,39.761739786422424,51.86197945028418,27.226302668618573,completed,False,not_required,not_required,False,2026-09-02T03:27:07Z
002632,道明光学,43.06091572851424,42.8282601259672,42.51659619183143,39.900478891111064,completed,False,not_required,not_required,False,2026-09-02T03:27:07Z
002633,申科股份,35.37066517646943,34.907108750443776,25.260810992485116,43.642918483648565,completed,False,not_required,not_required,False,2026-09-02T03:27:07Z
002634,*ST棒杰,2.951185754508547,15.435138719725657,9.981692021733052,3.4550553134315187,completed,False,not_required,not_required,False,2026-09-02T03:27:07Z
002635,安洁科技,68.78390322831478,57.44169489641072,60.26838833572541,55.96208134198298,completed,False,not_required,not_required,False,2026-09-02T03:27:07Z
002636,金安国纪,72.26383132906201,59.01846728276843,51.26022702960211,40.14433768037113,completed,False,not_required,not_required,False,2026-09-02T03:27:07Z
002637,赞宇科技,64.63413724009641,52.8754116452457,59.718289309926064,65.42710480379156,completed,False,not_required,not_required,False,2026-09-02T03:27:07Z
002638,勤上股份,28.39167860198212,37.82587139064605,47.027814233623076,39.109311551306185,completed,False,not_required,not_required,False,2026-09-02T03:27:07Z
002639,雪人集团,18.77804345595071,28.090645016205336,14.224946023107535,16.920865284451814,completed,False,not_required,not_required,False,2026-09-02T03:27:07Z
002640,跨境通,53.74392802727102,35.909402836435824,52.33963189878562,34.85444365865798,completed,False,not_required,not_required,False,2026-09-02T03:27:07Z
002641,公元股份,39.58857143208614,35.310958117394655,42.86735254204756,41.545188849174885,completed,False,not_required,not_required,False,2026-09-02T03:27:07Z
002642,荣联科技,15.573418996184351,23.863493274611848,16.240882300145874,28.5245739806356,completed,False,not_required,not_required,False,2026-09-02T03:27:07Z
002643,万润股份,37.9006603594968,34.647499437120715,36.10206513053122,72.23214957973316,completed,False,not_required,not_required,False,2026-09-02T03:27:07Z
002644,佛慈制药,59.02534813320865,51.9172841973209,52.152163269031874,42.075991590523465,completed,False,not_required,not_required,False,2026-09-02T03:27:07Z
002645,华宏科技,66.61797896630529,45.60375658701232,50.82242227420857,33.21502881035032,completed,False,not_required,not_required,False,2026-09-02T03:27:07Z
002646,天佑德酒,34.38369266461748,34.623845957124175,36.75217927452771,54.03628183839797,completed,False,not_required,not_required,False,2026-09-02T03:27:07Z
002647,仁东控股,57.66570710386006,44.495541492886424,54.875037826040135,24.39910433243688,completed,False,not_required,not_required,False,2026-09-02T03:27:07Z
002648,卫星化学,83.56590525762671,59.88267347973424,67.27913111968337,43.34349187119942,completed,False,not_required,not_required,False,2026-09-02T03:27:07Z
002649,博彦科技,42.30167562440416,43.5469256429652,49.87233656836869,42.4258579057086,completed,False,not_required,not_required,False,2026-09-02T03:27:07Z
002650,ST加加,56.3968388031177,45.00869127130142,73.27946448511747,42.17652817062562,completed,False,not_required,not_required,False,2026-09-02T03:27:07Z
002651,利君股份,36.62657430506036,32.88650203748938,18.937169002384476,31.516506459871323,completed,False,not_required,not_required,False,2026-09-02T03:27:07Z
002652,扬子新材,48.702542430416464,40.39927773362368,52.37477362929614,19.145570684572405,completed,False,not_required,not_required,False,2026-09-02T03:27:07Z
002653,海思科,63.638718477129515,40.62294234192416,49.14802089005067,45.86289946000152,completed,False,not_required,not_required,False,2026-09-02T03:27:07Z
002654,万润科技,47.581056457870304,44.66128343122729,45.75415678228953,25.803795504284096,completed,False,not_required,not_required,False,2026-09-02T03:27:07Z
002655,共达电声,45.07245260154914,43.81585882857422,27.356790170822165,70.68900822934711,completed,False,not_required,not_required,False,2026-09-02T03:27:07Z
002656,摩登大道,55.281932368852665,41.14942667633007,48.78468116166315,20.098596624529655,completed,False,not_required,not_required,False,2026-09-02T03:27:07Z
002657,中科金财,29.203037696836645,30.19854766423752,21.888454657787765,43.275585452524176,completed,False,not_required,not_required,False,2026-09-02T03:27:07Z
002658,雪迪龙,38.21047736635652,40.25746628428597,45.28769015406458,48.699587034445436,completed,False,not_required,not_required,False,2026-09-02T03:27:07Z
002659,凯文教育,60.96338534010499,47.31633470698249,63.46542016404723,36.0334054784624,completed,False,not_required,not_required,False,2026-09-02T03:27:07Z
002660,茂硕电源,49.79403920994479,48.89967036818368,59.65147620285545,27.027552706551816,completed,False,not_required,not_required,False,2026-09-02T03:27:07Z
002661,克明食品,7.614688948156676,19.22398404975082,13.975371609789423,27.777490324932046,completed,False,not_required,not_required,False,2026-09-02T03:27:07Z
002662,峰璟股份,36.33114660272991,36.66539786850307,43.72033131419387,33.64628607899899,completed,False,not_required,not_required,False,2026-09-02T03:27:07Z
002663,普邦股份,45.67420821291501,45.82421777062233,59.68346298744931,40.51079952585201,completed,False,not_required,not_required,False,2026-09-02T03:27:07Z
002664,信质集团,42.34383584377726,40.47960338225511,35.266812250941264,33.07800495679009,completed,False,not_required,not_required,False,2026-09-02T03:27:07Z
002666,德联集团,36.07140300945911,33.59375430956638,36.81168796000938,50.243937293196325,completed,False,not_required,not_required,False,2026-09-02T03:27:07Z
002667,*ST威领,18.4073890482409,30.088297602291387,15.467416189310539,49.62673664699019,completed,False,not_required,not_required,False,2026-09-02T03:27:07Z
002668,TCL智家,48.355523938218695,39.45772228815119,43.21723817645057,35.75664861329477,completed,False,not_required,not_required,False,2026-09-02T03:27:07Z
002669,康达新材,26.223806249558134,29.265434228837208,24.663686173056494,25.318300552582397,completed,False,not_required,not_required,False,2026-09-02T03:27:07Z
002670,国盛证券,64.05969562611322,51.48398735293964,48.167732544898136,44.58300682407117,completed,False,not_required,not_required,False,2026-09-02T03:27:07Z
002671,龙泉股份,20.81017798176478,31.035360261494944,29.253200645165506,58.3691235070306,completed,False,not_required,not_required,False,2026-09-02T03:27:07Z
002672,东江环保,35.0192892351139,43.971479703541696,42.53708020394411,28.658667536005247,completed,False,not_required,not_required,False,2026-09-02T03:27:07Z
002673,西部证券,55.88865728270704,44.76909245437089,41.83013498124867,32.13627648822988,completed,False,not_required,not_required,False,2026-09-02T03:27:07Z
002674,兴业科技,60.34302039674382,51.7390176414237,47.82373058949847,37.67179345845365,completed,False,not_required,not_required,False,2026-09-02T03:27:07Z
002675,东诚药业,48.04322955420453,50.02864148465527,45.64312991428684,40.21848744766134,completed,False,not_required,not_required,False,2026-09-02T03:27:07Z
002676,顺威股份,59.77506232603762,49.36653481706607,50.56698626594479,41.17582976063955,completed,False,not_required,not_required,False,2026-09-02T03:27:07Z
002677,浙江美大,12.007325424592864,18.324071241838517,21.6635457894359,65.84254170010132,completed,False,not_required,not_required,False,2026-09-02T03:27:07Z
002678,珠江钢琴,32.35536302829358,40.06606608927868,40.71861257076932,29.27755960988693,completed,False,not_required,not_required,False,2026-09-02T03:27:07Z
002679,福建金森,42.09365070924397,45.220622582845614,49.18606189551966,26.852807547807622,completed,False,not_required,not_required,False,2026-09-02T03:27:07Z
002681,奋达科技,66.00117247403905,51.366506233740594,64.10788105092405,31.827430651659633,completed,False,not_required,not_required,False,2026-09-02T03:27:07Z
002682,龙洲股份,23.87249066038516,33.170326886925196,19.682136464052526,15.184348152066772,completed,False,not_required,not_required,False,2026-09-02T03:27:07Z
002683,广东宏大,44.36798384070597,40.043237951796804,42.225882341010426,48.16440414500737,completed,False,not_required,not_required,False,2026-09-02T03:27:07Z
002685,华东重机,59.50649300792898,51.68715977345767,57.914815988670895,55.32837255002113,completed,False,not_required,not_required,False,2026-09-02T03:27:07Z
002686,亿利达,31.25108379033535,36.42427825785912,31.599643253583146,72.80129091537557,completed,False,not_required,not_required,False,2026-09-02T03:27:07Z
002687,乔治白,50.35896168437233,53.78589183353347,64.79467591244399,42.01312630323951,completed,False,not_required,not_required,False,2026-09-02T03:27:07Z
002688,金河生物,46.63556400622218,43.57713296593727,41.02832709775763,47.15439012908923,completed,False,not_required,not_required,False,2026-09-02T03:27:07Z
002689,ST远智,21.94583462109675,24.660137905477832,36.735888673919796,25.035961381093976,completed,False,not_required,not_required,False,2026-09-02T03:27:07Z
002690,美亚光电,56.71922620640556,47.188660410162285,51.42588752694185,48.09770456595628,completed,False,not_required,not_required,False,2026-09-02T03:27:07Z
002691,*ST冀凯,5.501598861772493,21.321161205768476,13.14721540060872,3.9574605806780223,completed,False,not_required,not_required,False,2026-09-02T03:27:07Z
002692,远程股份,16.505793287824616,21.61932291399411,20.54074622088276,22.750934349579275,completed,False,not_required,not_required,False,2026-09-02T03:27:07Z
002693,双成药业,69.78065128667579,65.61407688753452,64.61896211823917,30.26536561499782,completed,False,not_required,not_required,False,2026-09-02T03:27:07Z
002694,*ST顾地,43.28931003713909,39.90251020977264,51.735684159628434,14.48468153457366,completed,False,not_required,not_required,False,2026-09-02T03:27:07Z
002695,煌上煌,61.56180463119148,49.0757132658807,49.07773447202366,32.014910284243015,completed,False,not_required,not_required,False,2026-09-02T03:27:07Z
002696,百洋股份,33.50123313078366,37.807391098419046,30.780288845564094,25.676352357300445,completed,False,not_required,not_required,False,2026-09-02T03:27:07Z
002697,红旗连锁,51.462500230618204,41.85035129732789,49.96643058217449,30.26580680394947,completed,False,not_required,not_required,False,2026-09-02T03:27:07Z
002698,博实股份,57.16013224182529,47.2950882963668,44.4989270254717,31.198051634321487,completed,False,not_required,not_required,False,2026-09-02T03:27:07Z
002700,万憬能源,54.6694582857079,47.57406540441644,53.155064949687244,29.806895143631674,completed,False,not_required,not_required,False,2026-09-02T03:27:07Z
002701,奥瑞金,50.73533427389656,40.69542738840263,48.89186405748677,40.8775309164981,completed,False,not_required,not_required,False,2026-09-02T03:27:07Z
002702,海欣食品,17.906308309354362,24.682558739164186,23.05612975960457,13.796766668948132,completed,False,not_required,not_required,False,2026-09-02T03:27:07Z
002703,浙江世宝,65.85442953755157,55.44694484431572,52.37493088635432,29.90925305958979,completed,False,not_required,not_required,False,2026-09-02T03:27:07Z
002705,新宝股份,37.91198095353445,39.74107264383459,37.213576729057436,48.63087792474759,completed,False,not_required,not_required,False,2026-09-02T03:27:07Z
002706,良信股份,47.71013496825802,42.11487314252461,38.58550522896914,46.67336212789833,completed,False,not_required,not_required,False,2026-09-02T03:27:07Z
002707,众信旅游,54.12925021534104,41.156320447558336,46.30608738582459,38.18255197921716,completed,False,not_required,not_required,False,2026-09-02T03:27:07Z
002708,光洋股份,38.616614073183214,38.566356803306974,25.810142407090037,43.0494514755116,completed,False,not_required,not_required,False,2026-09-02T03:27:07Z
002709,天赐材料,69.96544172856123,51.84435340908821,55.0788581793682,31.526985275775992,completed,False,not_required,not_required,False,2026-09-02T03:27:07Z
002712,思美传媒,37.841333704095184,31.21531889760533,41.666757061566365,24.739360440275686,completed,False,not_required,not_required,False,2026-09-02T03:27:07Z
002713,东易日盛,58.527552000578865,46.952661515038145,60.610695899960895,23.67445819034242,completed,False,not_required,not_required,False,2026-09-02T03:27:07Z
002714,牧原股份,9.848066530821644,23.5141288049318,15.77898079165328,23.917221123509208,completed,False,not_required,not_required,False,2026-09-02T03:27:07Z
002715,登云股份,28.82531334785346,31.501625211282835,29.373156021035488,19.273074257564303,completed,False,not_required,not_required,False,2026-09-02T03:27:07Z
002716,湖南白银,43.54809118522037,36.01256024564918,22.98454808083885,40.655110483244506,completed,False,not_required,not_required,False,2026-09-02T03:27:07Z
002717,*ST岭南,0.0,9.57038205358576,2.1695223888471684,0.0,completed,False,not_required,not_required,False,2026-09-02T03:27:07Z
002718,友邦吊顶,21.131553099363586,21.837744739457143,24.15985846590839,68.924901842535,completed,False,not_required,not_required,False,2026-09-02T03:27:07Z
002719,ST麦趣,8.599551902726073,22.946270802102116,17.850750491609226,0.7213764308928372,completed,False,not_required,not_required,False,2026-09-02T03:27:07Z
002721,金一文化,44.314388105337656,44.09150774277288,61.51210077865513,37.84171825174855,completed,False,not_required,not_required,False,2026-09-02T03:27:07Z
002722,物产金轮,54.72810544731295,46.01095694618408,57.82192859152167,47.76503026076826,completed,False,not_required,not_required,False,2026-09-02T03:27:07Z
002723,小崧股份,36.22981542966292,44.99727902115109,35.12505580564493,57.54450020406175,completed,False,not_required,not_required,False,2026-09-02T03:27:07Z
002724,海洋王,37.88839492349978,44.26033482578028,43.006246666695496,39.19369246182714,completed,False,not_required,not_required,False,2026-09-02T03:27:07Z
002725,跃岭股份,27.34774779736781,30.92340474149616,21.936729990198124,60.294801543057964,completed,False,not_required,not_required,False,2026-09-02T03:27:07Z
002726,ST龙大,15.805013026356932,24.74746669294422,34.5058414930592,2.9347111746587267,completed,False,not_required,not_required,False,2026-09-02T03:27:07Z
002727,一心堂,52.785238035723715,42.95310289733245,48.518091674877965,34.04535709972569,completed,False,not_required,not_required,False,2026-09-02T03:27:07Z
002728,特一药业,46.79713954243604,45.54122474223977,39.169465696008714,59.928401456438664,completed,False,not_required,not_required,False,2026-09-02T03:27:07Z
002729,好利科技,36.72965938179061,35.22161658901356,28.09227628145601,67.65289392122133,completed,False,not_required,not_required,False,2026-09-02T03:27:07Z
002730,电光科技,31.46159324424096,38.68786672550086,25.449983143502266,24.249346392361574,completed,False,not_required,not_required,False,2026-09-02T03:27:07Z
002732,燕塘乳业,49.54831059218403,47.53829828894324,52.049767482183164,35.11477003878119,completed,False,not_required,not_required,False,2026-09-02T03:27:07Z
002733,雄韬股份,39.17938384805674,31.155465586910434,32.20929515242221,36.63710706888012,completed,False,not_required,not_required,False,2026-09-02T03:27:07Z
002734,利民股份,45.087852432060046,36.581941054543876,46.14041757751225,42.59342763221265,completed,False,not_required,not_required,False,2026-09-02T03:27:07Z
002735,王子新材,24.687577716178186,32.5023630058862,21.987733287993425,15.815803860333912,completed,False,not_required,not_required,False,2026-09-02T03:27:07Z
002736,国信证券,64.65430270352216,44.551090025009685,48.634172086735546,41.52289042618651,completed,False,not_required,not_required,False,2026-09-02T03:27:07Z
002737,葵花药业,36.61892498736493,41.492836191681114,35.765077361699,38.862195492695385,completed,False,not_required,not_required,False,2026-09-02T03:27:07Z
002738,中矿资源,74.72914105607582,62.97949423463193,66.56368972702028,71.5145510515437,completed,False,not_required,not_required,False,2026-09-02T03:27:07Z
002739,儒意电影,33.39392906964771,39.16927659992905,35.95375971139147,35.12573421277317,completed,False,not_required,not_required,False,2026-09-02T03:27:07Z
002741,光华科技,58.92150619813345,45.86174341514575,42.29869412659858,40.768366542498306,completed,False,not_required,not_required,False,2026-09-02T03:27:07Z
002742,冀衡医药,26.032980855597096,25.252426115109156,35.56059334792985,11.741733295444291,completed,False,not_required,not_required,False,2026-09-02T03:27:07Z
002743,富煌钢构,13.946274032469944,28.897724440333388,18.921657346576392,6.837231079228497,completed,False,not_required,not_required,False,2026-09-02T03:27:07Z
002745,木林森,72.26301866109783,54.24064135272445,58.63598607665585,46.59183413588119,completed,False,not_required,not_required,False,2026-09-02T03:27:07Z
002746,仙坛股份,57.693080067938475,48.26099747338141,51.265224978739255,44.026845603765786,completed,False,not_required,not_required,False,2026-09-02T03:27:07Z
002747,埃斯顿,57.15446353205126,46.905511698643416,51.77205590822036,63.52277756604233,completed,False,not_required,not_required,False,2026-09-02T03:27:07Z
002748,世龙实业,79.13516946223847,59.111444787365144,65.64055636334683,36.038540603922684,completed,False,not_required,not_required,False,2026-09-02T03:27:07Z
002749,国光股份,47.75977164261283,40.64686475560571,44.15446369908517,42.394425798633996,completed,False,not_required,not_required,False,2026-09-02T03:27:07Z
002752,昇兴股份,67.5981718347158,50.744363446580685,60.21917095270714,43.56753267189003,completed,False,not_required,not_required,False,2026-09-02T03:27:07Z
002753,永东股份,56.694100394500225,56.30845795313325,51.965152827889256,40.268685137795984,completed,False,not_required,not_required,False,2026-09-02T03:27:07Z
002755,奥赛康,37.57021899798937,36.88972634150997,39.04445041440513,31.740979006912575,completed,False,not_required,not_required,False,2026-09-02T03:27:07Z
002756,永兴材料,71.0181507324401,44.58922486463702,61.50108732113955,38.34913635699404,completed,False,not_required,not_required,False,2026-09-02T03:27:07Z
002757,南兴股份,71.3743374115605,56.82414079364613,58.70259538380365,30.0096072454178,completed,False,not_required,not_required,False,2026-09-02T03:27:07Z
002758,浙农股份,54.73872325090694,43.072919938512264,48.86263750526268,63.65206357899021,completed,False,not_required,not_required,False,2026-09-02T03:27:07Z
002759,ST天际,57.23382747838981,46.41307233935512,55.36620028286672,23.44994062853307,completed,False,not_required,not_required,False,2026-09-02T03:27:07Z
002760,凤形股份,28.79829812389768,33.661890221862755,19.818851115414517,49.8239857906932,completed,False,not_required,not_required,False,2026-09-02T03:27:07Z
002761,浙江建投,36.5340155605651,44.56062226053678,44.78068150100901,72.5254710161962,completed,False,not_required,not_required,False,2026-09-02T03:27:07Z
002762,金发拉比,48.43075213894888,45.705163123454255,61.72992527247385,20.23882748255646,completed,False,not_required,not_required,False,2026-09-02T03:27:07Z
002763,汇洁股份,56.50580939523636,40.772009070358315,49.24558380661567,41.462764770632724,completed,False,not_required,not_required,False,2026-09-02T03:27:07Z
002765,蓝黛科技,16.03982012220731,24.463703223701252,20.769833088891314,27.593589046966102,completed,False,not_required,not_required,False,2026-09-02T03:27:07Z
002766,索菱股份,28.046809705347663,40.04786205149731,35.72488122397077,36.24670528191941,completed,False,not_required,not_required,False,2026-09-02T03:27:07Z
002767,先锋电子,42.82103635209343,41.84311094329,36.46112881846218,18.2950358726121,completed,False,not_required,not_required,False,2026-09-02T03:27:07Z
002768,国恩股份,59.87278034391233,45.81236646069008,49.170483288704176,41.4004761346984,completed,False,not_required,not_required,False,2026-09-02T03:27:07Z
002769,普路通,42.55050357291354,52.15682814529377,57.18680124538537,32.659064774878985,completed,False,not_required,not_required,False,2026-09-02T03:27:07Z
002771,真视通,26.820473772748308,32.279915828408775,39.74687763632241,22.73653088185248,completed,False,not_required,not_required,False,2026-09-02T03:27:07Z
002772,众兴菌业,55.362791312272506,44.99366888041725,49.14469448071372,57.07326238233378,completed,False,not_required,not_required,False,2026-09-02T03:27:07Z
002773,康弘药业,47.2704037948717,49.5053051218615,48.90687019536948,45.89212362418925,completed,False,not_required,not_required,False,2026-09-02T03:27:07Z
002774,快意电梯,36.74501273158092,40.88715987607327,33.04191490204007,25.565028788049563,completed,False,not_required,not_required,False,2026-09-02T03:27:07Z
002775,文科股份,11.0676729111461,43.485006468685924,25.496794619275676,31.00924733195307,completed,False,not_required,not_required,False,2026-09-02T03:27:07Z
002777,久远银海,36.81623338110016,50.64254564587951,33.488210805304874,34.933219649579904,completed,False,not_required,not_required,False,2026-09-02T03:27:07Z
002778,中晟高科,45.4950942058272,45.356454499541485,51.12045763192889,59.5854461448554,completed,False,not_required,not_required,False,2026-09-02T03:27:07Z
002779,中坚科技,20.667642554202594,20.382378826624596,18.21925161587221,13.639083754472692,completed,False,not_required,not_required,False,2026-09-02T03:27:07Z
002780,三夫户外,75.80690752479647,55.82120691044029,60.08748554474923,43.33923275153151,completed,False,not_required,not_required,False,2026-09-02T03:27:07Z
002782,可立克,43.58020261800346,39.178950157328664,38.726919210344846,59.36418353441508,completed,False,not_required,not_required,False,2026-09-02T03:27:07Z
002783,凯龙股份,42.73932791511671,43.708577036807526,41.607623280199,39.57166355839448,completed,False,not_required,not_required,False,2026-09-02T03:27:07Z
002785,万里石,65.27394140220187,53.67574331771257,62.686145747143044,32.11554987713372,completed,False,not_required,not_required,False,2026-09-02T03:27:07Z
002786,银宝山新,61.0298466623682,49.98398657721172,59.669329211059654,26.400099338176155,completed,False,not_required,not_required,False,2026-09-02T03:27:07Z
002787,华源控股,52.73745418371102,48.10958483641359,50.53181549691748,65.9927110091718,completed,False,not_required,not_required,False,2026-09-02T03:27:07Z
002788,鹭燕医药,39.25483483533441,36.171071564647,39.146022674645536,24.306826259766858,completed,False,not_required,not_required,False,2026-09-02T03:27:07Z
002789,*ST建艺,18.079511544037068,32.04386386857749,37.365908209949986,11.420565811884213,completed,False,not_required,not_required,False,2026-09-02T03:27:07Z
002790,瑞尔特,17.78524803866718,29.427006660533547,25.32264929576201,24.526579171837525,completed,False,not_required,not_required,False,2026-09-02T03:27:07Z
002791,坚朗五金,18.525441167544567,25.405715680403496,26.90729626548934,26.334555957620438,completed,False,not_required,not_required,False,2026-09-02T03:27:07Z
002792,通宇通讯,19.64219512632088,23.47668860406083,17.817224161424317,59.223752858976994,completed,False,not_required,not_required,False,2026-09-02T03:27:07Z
002793,罗欣药业,58.790444397290656,40.28389064655296,52.304882848323786,35.11863349821244,completed,False,not_required,not_required,False,2026-09-02T03:27:07Z
002795,永和智控,43.17281510293358,37.69582356116172,43.81672933786218,27.670547924623175,completed,False,not_required,not_required,False,2026-09-02T03:27:07Z
002796,世嘉科技,36.80046008473177,40.33748058457705,44.35871969928933,44.340341690863376,completed,False,not_required,not_required,False,2026-09-02T03:27:07Z
002797,第一创业,53.79899211803823,34.86647279351865,41.85428966382857,27.739942847905276,completed,False,not_required,not_required,False,2026-09-02T03:27:07Z
002798,帝欧水华,36.06972869055984,47.132120367145056,44.824702511509805,43.88893894953701,completed,False,not_required,not_required,False,2026-09-02T03:27:07Z
002799,环球印务,64.08476492386409,61.17778911675585,77.22038834742548,38.7714166370311,completed,False,not_required,not_required,False,2026-09-02T03:27:07Z
002800,天顺股份,38.78997248048569,36.93649920673391,39.50586549451354,17.57369659605819,completed,False,not_required,not_required,False,2026-09-02T03:27:07Z
002801,微光股份,47.962046357235614,40.25981355734746,36.22879353482163,51.30435714447128,completed,False,not_required,not_required,False,2026-09-02T03:27:07Z
002802,洪汇新材,65.25801652274082,55.729975099254524,54.96898915656363,81.59185799109329,completed,False,not_required,not_required,False,2026-09-02T03:27:07Z
002803,吉宏股份,62.255001534238794,44.17960829867466,55.401532243789156,67.85400995332913,completed,False,not_required,not_required,False,2026-09-02T03:27:07Z
002805,丰元股份,79.84228102403027,61.16381724409844,67.20128810640085,47.81287649387416,completed,True,completed_or_best_effort,completed,True,2026-09-02T03:27:07Z
002806,华锋股份,31.819308481986383,40.32573478064828,30.971794445107314,56.097674873676475,completed,False,not_required,not_required,False,2026-09-02T03:27:07Z
002807,江阴银行,44.776794256234794,34.70948095153623,44.2248462700368,30.013915669844085,completed,False,not_required,not_required,False,2026-09-02T03:27:07Z
002809,红墙股份,17.14732329901842,27.62068276273441,28.479199893222876,12.126054128806365,completed,False,not_required,not_required,False,2026-09-02T03:27:07Z
002810,山东赫达,64.15387206445743,45.26648643115506,52.498687061881334,78.52890349245222,completed,False,not_required,not_required,False,2026-09-02T03:27:07Z
002811,郑中设计,57.35346207535479,45.75179568954365,46.92263937364553,27.51233278988202,completed,False,not_required,not_required,False,2026-09-02T03:27:07Z
002812,恩捷股份,66.357906000224,50.63439605925192,64.1134515059104,81.54330889332266,completed,True,completed_or_best_effort,completed,False,2026-09-02T03:27:07Z
002813,路畅科技,41.78141361968066,45.92575381783476,47.85527970282431,22.288750928320297,completed,False,not_required,not_required,False,2026-09-02T03:27:07Z
002815,崇达技术,58.64248544101508,48.343931208438576,51.749432504718904,53.22373859963054,completed,False,not_required,not_required,False,2026-09-02T03:27:07Z
002816,*ST和科,40.04968648770465,47.04932840529788,43.14727383796574,10.587452103886124,completed,False,not_required,not_required,False,2026-09-02T03:27:07Z
002817,黄山胶囊,40.86874252759347,39.23274711593798,50.03815130747092,39.09353089683358,completed,False,not_required,not_required,False,2026-09-02T03:27:07Z
002818,富森美,44.34164980126061,42.30767869862734,42.31300406101546,40.215754091184394,completed,False,not_required,not_required,False,2026-09-02T03:27:07Z
002819,东方中科,43.88468461673435,37.61850916788266,54.04576043131725,23.829553528290205,completed,False,not_required,not_required,False,2026-09-02T03:27:07Z
002820,桂发祥,17.962006172672197,26.54669915815284,32.607807145878425,36.03464227218775,completed,False,not_required,not_required,False,2026-09-02T03:27:07Z
002821,凯莱英,44.62290550181833,40.90425491197073,40.13145046537451,78.84542002473167,completed,False,not_required,not_required,False,2026-09-02T03:27:07Z
002822,ST中装,34.80799920949868,40.08715609396281,54.25125494070041,35.283820398410306,completed,False,not_required,not_required,False,2026-09-02T03:27:07Z
002823,凯中精密,56.796368124390604,49.10766233321356,46.222168132226656,40.54859851629165,completed,False,not_required,not_required,False,2026-09-02T03:27:07Z
002824,和胜股份,69.12242664261622,51.81509911678549,54.27408992830277,69.07950435029133,completed,False,not_required,not_required,False,2026-09-02T03:27:07Z
002825,纳尔股份,55.141544425011745,47.21974500526386,45.47919437059157,75.18293738066919,completed,False,not_required,not_required,False,2026-09-02T03:27:07Z
002826,易明医药,70.22983854239406,46.511312929600784,63.96089285009362,67.28750203708698,completed,False,not_required,not_required,False,2026-09-02T03:27:07Z
002827,高争民爆,37.94991042169251,40.33099355248988,34.421090018308675,63.62110227644682,completed,False,not_required,not_required,False,2026-09-02T03:27:07Z
002828,贝肯能源,17.730602850537533,33.04421379424128,25.15404513382885,60.949049932909,completed,False,not_required,not_required,False,2026-09-02T03:27:07Z
002829,星网宇达,44.26670169658383,44.47366957933516,55.6404817614878,28.85306950312132,completed,False,not_required,not_required,False,2026-09-02T03:27:07Z
002830,名雕股份,50.767154981399536,39.058333099243896,47.43371569266038,29.05167733527608,completed,False,not_required,not_required,False,2026-09-02T03:27:07Z
002831,裕同科技,54.36834776178232,45.662644167606594,53.98790831146717,47.96663076033775,completed,False,not_required,not_required,False,2026-09-02T03:27:07Z
002832,比音勒芬,64.61323434131717,48.28307636240392,50.174723162445886,48.76841168649923,completed,False,not_required,not_required,False,2026-09-02T03:27:07Z
002833,弘亚数控,61.14571829718701,46.27108415735559,50.977826579812046,51.2968241421092,completed,False,not_required,not_required,False,2026-09-02T03:27:07Z
002835,同为股份,42.836635320821344,42.497342278723686,34.448039646523675,25.723750555620242,completed,False,not_required,not_required,False,2026-09-02T03:27:07Z
002836,新宏泽,43.27254047304388,33.65218695553225,32.741895089502954,24.972540680011896,completed,False,not_required,not_required,False,2026-09-02T03:27:07Z
002837,英维克,49.55958590231917,44.58753149318983,37.46589027914754,27.485413010697645,completed,False,not_required,not_required,False,2026-09-02T03:27:07Z
002838,道恩股份,70.22951939745556,54.04585481088881,55.48159979398445,70.00156841923615,completed,False,not_required,not_required,False,2026-09-02T03:27:07Z
002839,张家港行,45.58557923735035,35.71103647214407,43.89040921300188,28.878723460949242,completed,False,not_required,not_required,False,2026-09-02T03:27:07Z
002840,华统股份,20.980836572801117,33.4775940326099,23.831795132767372,28.539930343722126,completed,False,not_required,not_required,False,2026-09-02T03:27:07Z
002841,视源股份,72.02399797039125,58.03725520788265,56.74029544250496,67.09634534535442,completed,False,not_required,not_required,False,2026-09-02T03:27:07Z
002842,翔鹭钨业,63.71376414374352,47.25294365360563,40.58416989306708,34.713916285321844,completed,False,not_required,not_required,False,2026-09-02T03:27:07Z
002843,泰嘉股份,39.12316431562626,38.92791992178989,35.08216095698359,22.06604252177305,completed,False,not_required,not_required,False,2026-09-02T03:27:07Z
002845,同兴达,54.2416680185624,52.433149979640234,50.66178483706474,27.480134800802507,completed,False,not_required,not_required,False,2026-09-02T03:27:07Z
002846,英联股份,63.774716892519756,50.07559259870783,49.030245551327525,42.57536276739272,completed,False,not_required,not_required,False,2026-09-02T03:27:07Z
002847,盐津铺子,58.74138849953472,48.493669972708666,50.01230276712227,73.55375251758272,completed,False,not_required,not_required,False,2026-09-02T03:27:07Z
002848,高斯贝尔,39.87623507664847,33.64276837281206,38.14189036306402,10.978910174328885,completed,False,not_required,not_required,False,2026-09-02T03:27:07Z
002849,威星智能,40.14662712901182,38.842968430265365,35.052758874803935,36.036915659364,completed,False,not_required,not_required,False,2026-09-02T03:27:07Z
002850,科达利,60.20337946546268,44.49193673586069,47.9606948881579,42.729926140585206,completed,False,not_required,not_required,False,2026-09-02T03:27:07Z
002851,麦格米特,62.32945856806187,53.89448291065684,44.272450585448645,55.963684872513774,completed,False,not_required,not_required,False,2026-09-02T03:27:07Z
002852,道道全,23.013981687978113,30.83334140179675,25.81305839484824,30.064710315884355,completed,False,not_required,not_required,False,2026-09-02T03:27:07Z
002853,皮阿诺,44.81042859638803,41.83712085007936,61.22439981152386,64.00548519284628,completed,False,not_required,not_required,False,2026-09-02T03:27:07Z
002855,捷荣技术,41.56766426894433,39.37507703882285,53.70848085534396,19.469199775361734,completed,False,not_required,not_required,False,2026-09-02T03:27:07Z
002856,*ST美芝,13.576059939440881,27.613476858267727,23.88079720123519,2.198729391176496,completed,False,not_required,not_required,False,2026-09-02T03:27:07Z
002857,三晖电气,18.466031564140245,28.949883013205273,16.94563899563279,33.90304915994573,completed,False,not_required,not_required,False,2026-09-02T03:27:07Z
002858,力盛体育,54.239212308327666,50.67830309232968,54.21430860134413,49.43280557596284,completed,False,not_required,not_required,False,2026-09-02T03:27:07Z
002859,洁美科技,55.96618200655507,46.810687486621795,40.38247287577406,76.630802255525,completed,False,not_required,not_required,False,2026-09-02T03:27:07Z
002860,星帅尔,42.66910490015737,39.17718906412373,43.30240369778075,41.46371845613026,completed,False,not_required,not_required,False,2026-09-02T03:27:07Z
002861,瀛通通讯,18.876642519526005,27.485778479009486,24.399714467636105,20.37581316643257,completed,False,not_required,not_required,False,2026-09-02T03:27:07Z
002862,实丰文化,20.188306531026793,33.19892276589696,19.820686442294974,45.02514252028013,completed,False,not_required,not_required,False,2026-09-02T03:27:07Z
002863,今飞凯达,50.25673624171314,47.640122262681714,38.17786823790073,23.30571630465246,completed,False,not_required,not_required,False,2026-09-02T03:27:07Z
002864,盘龙药业,45.52589707780031,49.111072749143986,56.46611981269154,61.04415191335942,completed,False,not_required,not_required,False,2026-09-02T03:27:07Z
002865,钧达股份,30.208772327963494,32.71802820041627,33.78794418731397,27.609371373640954,completed,False,not_required,not_required,False,2026-09-02T03:27:07Z
002866,传艺科技,52.278720003793154,44.3425931497117,54.10260009208303,27.156430011242406,completed,False,not_required,not_required,False,2026-09-02T03:27:07Z
002867,周大生,44.12128628129876,47.260328620384165,43.676401568412,29.253167684998928,completed,False,not_required,not_required,False,2026-09-02T03:27:07Z
002868,绿康生化,58.58476451543238,50.65107006806759,66.61168933143932,24.20294196370708,completed,False,not_required,not_required,False,2026-09-02T03:27:07Z
002869,金溢科技,21.28244852887928,33.27850695750619,38.25896937900659,54.84195226880311,completed,False,not_required,not_required,False,2026-09-02T03:27:07Z
002870,香山股份,8.220890871647047,25.14465886719406,10.757861119090567,19.65199777558191,completed,False,not_required,not_required,False,2026-09-02T03:27:07Z
002871,伟隆股份,50.99967022827321,45.25055266305545,47.19315607425625,39.55937606175741,completed,False,not_required,not_required,False,2026-09-02T03:27:07Z
002872,ST天圣,19.51385768113436,29.238509586044415,42.01458157224215,11.636268938903873,completed,False,not_required,not_required,False,2026-09-02T03:27:07Z
002873,新天药业,44.036288711739076,44.90435317593547,45.221386972825954,24.30790413353378,completed,False,not_required,not_required,False,2026-09-02T03:27:07Z
002875,安奈儿,31.44553563109396,23.433317860933144,37.66252796894756,48.955382350153535,completed,False,not_required,not_required,False,2026-09-02T03:27:07Z
002876,三利谱,63.38585566033163,54.07833137048778,48.684374667664564,31.496441150198578,completed,False,not_required,not_required,False,2026-09-02T03:27:07Z
002877,智能自控,25.606126732103146,33.00918596743635,25.765167286949048,20.427803234404056,completed,False,not_required,not_required,False,2026-09-02T03:27:07Z
002878,元隆雅图,31.421238066258006,36.60006671028929,51.00445324429463,20.12819392027893,completed,False,not_required,not_required,False,2026-09-02T03:27:07Z
002879,长缆科技,28.698948890625225,33.62868761367924,34.51980810018094,67.2531112117392,completed,False,not_required,not_required,False,2026-09-02T03:27:07Z
002880,卫光生物,15.133491159272396,27.392554315413523,20.764710672804995,28.438594679924194,completed,False,not_required,not_required,False,2026-09-02T03:27:07Z
002881,美格智能,58.3986089938955,52.015998995326825,45.49036452940362,73.31866057208516,completed,False,not_required,not_required,False,2026-09-02T03:27:07Z
002882,金龙羽,42.743486853241066,55.46436837239315,34.95937717211301,40.57100763216004,completed,False,not_required,not_required,False,2026-09-02T03:27:07Z
002883,*ST中设,0.3019615828476674,11.650241275834826,16.188270889756197,1.6858677731329266,completed,False,not_required,not_required,False,2026-09-02T03:27:07Z
002884,凌霄泵业,44.764037021023846,33.84574150253437,43.58351878023583,42.07285341100086,completed,False,not_required,not_required,False,2026-09-02T03:27:07Z
002885,京泉华,66.56843350128383,50.66417614447115,52.19667292147341,31.671539849281576,completed,False,not_required,not_required,False,2026-09-02T03:27:07Z
002886,沃特股份,52.60585918759434,41.75222907117631,40.84191631915184,38.272927044668435,completed,False,not_required,not_required,False,2026-09-02T03:27:07Z
002887,绿茵生态,12.888634625960602,18.9869277084354,26.60925998004179,26.46924902945678,completed,False,not_required,not_required,False,2026-09-02T03:27:07Z
002888,惠威科技,55.07678441964769,52.48465712840252,49.31092909642176,37.41315718660429,completed,False,not_required,not_required,False,2026-09-02T03:27:07Z
002889,东方嘉盛,62.01234461474703,54.58306678471093,66.35966401474053,38.34572297760882,completed,False,not_required,not_required,False,2026-09-02T03:27:07Z
002890,弘宇股份,42.643660874605985,45.218788359143424,36.800269052042516,28.77683302064272,completed,False,not_required,not_required,False,2026-09-02T03:27:07Z
002891,中宠股份,34.09070560100471,35.262948786001964,29.277892777860362,30.488243115353683,completed,False,not_required,not_required,False,2026-09-02T03:27:07Z
002892,科力尔,26.214080605353033,37.291749477976815,20.961464125106826,27.81656459450489,completed,False,not_required,not_required,False,2026-09-02T03:27:07Z
002893,京能热力,37.0774180564215,38.19661446264201,44.254933941607824,23.41960782272407,completed,False,not_required,not_required,False,2026-09-02T03:27:07Z
002895,川恒股份,54.276602703771225,42.86687336937194,45.122258469628626,61.78938291373366,completed,False,not_required,not_required,False,2026-09-02T03:27:07Z
002896,中大力德,36.65678684665921,40.45901033196496,21.186937564921166,16.865981370910006,completed,False,not_required,not_required,False,2026-09-02T03:27:07Z
002897,意华股份,45.24020861206463,42.78311723579753,39.59618140475346,38.03576224778931,completed,False,not_required,not_required,False,2026-09-02T03:27:07Z
002899,英派斯,36.55676594813805,42.015207965143325,31.469435848928278,63.306668151579906,completed,False,not_required,not_required,False,2026-09-02T03:27:07Z
002900,哈三联,24.453547562924186,34.1343890520681,31.850333269001226,34.69988887348721,completed,False,not_required,not_required,False,2026-09-02T03:27:07Z
002901,大博医疗,59.276983413054715,48.027933365606344,51.87872388605518,49.96703129008322,completed,False,not_required,not_required,False,2026-09-02T03:27:07Z
002902,铭普光磁,61.58273648785763,50.38759424160693,66.8929226858973,40.00853992902313,completed,False,not_required,not_required,False,2026-09-02T03:27:07Z
002903,宇环数控,16.557246627797575,32.622980540909225,22.93710057925165,53.01996303326256,completed,False,not_required,not_required,False,2026-09-02T03:27:07Z
002905,金逸影视,34.877679321564415,38.89995143352485,34.451444862810334,16.492581163716316,completed,False,not_required,not_required,False,2026-09-02T03:27:07Z
002906,华阳集团,59.60878309665192,49.838580200722014,47.21334390245291,70.26955198204607,completed,False,not_required,not_required,False,2026-09-02T03:27:07Z
002907,华森制药,61.80866947911785,61.56712690875011,57.96678655875027,39.93648308123788,completed,False,not_required,not_required,False,2026-09-02T03:27:07Z
002908,德生科技,25.929079476479465,33.09544957583407,23.975577078004648,18.559844529642653,completed,False,not_required,not_required,False,2026-09-02T03:27:07Z
002909,集泰股份,47.39015651110809,46.9603521097305,52.05611336280543,36.088521528691416,completed,False,not_required,not_required,False,2026-09-02T03:27:07Z
002910,庄园牧场,40.533527413654404,42.556025200883475,52.47560149500937,14.81708948378512,completed,False,not_required,not_required,False,2026-09-02T03:27:07Z
002911,佛燃能源,58.2707040289129,44.88578232269158,56.79738821282703,62.21380180393229,completed,False,not_required,not_required,False,2026-09-02T03:27:07Z
002912,中新赛克,19.457103123562597,27.253728117073617,28.175552363546913,21.803701703607658,completed,False,not_required,not_required,False,2026-09-02T03:27:07Z
002913,奥士康,51.856626735847634,46.18278969610663,40.08246501984333,39.77935769899838,completed,False,not_required,not_required,False,2026-09-02T03:27:07Z
002915,中欣氟材,48.64227084367084,51.717035387312265,40.1622011298535,22.72979369273889,completed,False,not_required,not_required,False,2026-09-02T03:27:07Z
002916,深南电路,68.09925697862269,54.707495923220606,46.54604118386187,67.71161836329942,completed,False,not_required,not_required,False,2026-09-02T03:27:07Z
002917,金奥博,46.30111063898862,39.610154267944665,48.49968795731157,34.902813332473244,completed,False,not_required,not_required,False,2026-09-02T03:27:07Z
002918,蒙娜丽莎,50.61618086256242,42.03844571726331,47.05426147939157,41.36119231420843,completed,False,not_required,not_required,False,2026-09-02T03:27:07Z
002919,名臣健康,21.623400547435708,30.469371689355583,21.278995425344498,18.418542508928304,completed,False,not_required,not_required,False,2026-09-02T03:27:07Z
002920,德赛西威,55.51784499262127,50.31358133086399,47.595414063907995,25.79018894615389,completed,False,not_required,not_required,False,2026-09-02T03:27:07Z
002921,联诚精密,66.49982526566448,54.49027295896516,68.77828807930952,43.93094957074673,completed,False,not_required,not_required,False,2026-09-02T03:27:07Z
002922,伊戈尔,39.923711496084586,40.37602492203295,35.09524325287817,67.58565997455351,completed,False,not_required,not_required,False,2026-09-02T03:27:07Z
002923,润都股份,61.77310829053104,47.334164589444114,61.78583271724221,40.154915671542796,completed,False,not_required,not_required,False,2026-09-02T03:27:07Z
002925,盈趣科技,70.75054126721946,58.461874389729715,56.28612489618929,36.72305239719336,completed,False,not_required,not_required,False,2026-09-02T03:27:07Z
002926,华西证券,74.06774413797595,52.99893798828044,56.978731454347674,44.794147856672616,completed,False,not_required,not_required,False,2026-09-02T03:27:07Z
002927,泰永长征,36.99277001210199,38.63398283807488,34.34963660600666,27.694396409225092,completed,False,not_required,not_required,False,2026-09-02T03:27:07Z
002928,华夏航空,29.03910203607898,31.156304913097685,27.816410193623103,38.140543605426195,completed,False,not_required,not_required,False,2026-09-02T03:27:07Z
002929,润建股份,43.60548978575642,56.39105356726016,53.3514049053258,66.17575342764577,completed,False,not_required,not_required,False,2026-09-02T03:27:07Z
002930,宏川智慧,75.04378381916761,61.01245803751921,74.46402570628663,34.52984599059608,completed,True,completed_or_best_effort,completed,False,2026-09-02T03:27:07Z
002931,锋龙股份,13.897403783990804,22.225269353226253,13.48949253095235,63.87360093936133,completed,False,not_required,not_required,False,2026-09-02T03:27:07Z
002932,*ST明德,11.587991916102965,26.53677312962452,28.23466397657912,46.858920507442654,completed,False,not_required,not_required,False,2026-09-02T03:27:07Z
002933,新兴装备,48.33351963583158,48.8607392483716,45.43942581704917,24.181159640976617,completed,False,not_required,not_required,False,2026-09-02T03:27:07Z
002935,天奥电子,19.133564350697185,28.43644806862492,22.213443211828945,42.32842239545298,completed,False,not_required,not_required,False,2026-09-02T03:27:07Z
002936,郑州银行,46.06905815022794,33.90150147602334,42.767942903254905,42.74170339585607,completed,False,not_required,not_required,False,2026-09-02T03:27:07Z
002937,兴瑞科技,46.59209104888039,40.42204243917395,37.816977786956556,53.20687721307704,completed,False,not_required,not_required,False,2026-09-02T03:27:07Z
002938,鹏鼎控股,63.682818513887916,54.83465512865817,53.637555241743286,80.9099871736412,completed,False,not_required,not_required,False,2026-09-02T03:27:07Z
002939,长城证券,52.09597921978044,36.51870895079525,43.643434613634966,29.107711891885117,completed,False,not_required,not_required,False,2026-09-02T03:27:07Z
002940,昂利康,40.6679975392627,43.08356278958533,39.63403204727529,39.37852281363344,completed,False,not_required,not_required,False,2026-09-02T03:27:07Z
002941,新疆交建,44.9362871428619,54.221025059081086,37.69362105965703,41.267200206089,completed,False,not_required,not_required,False,2026-09-02T03:27:07Z
002942,新农股份,55.96424726901418,41.99765131248385,52.671947254321815,40.968892895846956,completed,False,not_required,not_required,False,2026-09-02T03:27:07Z
002943,宇晶股份,0.0,15.09781006366739,0.0,8.023843592847305,completed,False,not_required,not_required,False,2026-09-02T03:27:07Z
002945,华林证券,42.65102684412087,33.3116880315898,30.977087020721473,33.40308824715359,completed,False,not_required,not_required,False,2026-09-02T03:27:07Z
002946,新乳业,54.19631962135703,40.71441298072265,47.123835962078694,38.76888397512352,completed,False,not_required,not_required,False,2026-09-02T03:27:07Z
002947,恒铭达,55.21416428729447,45.377869554594966,49.573553163384496,69.07952764662917,completed,False,not_required,not_required,False,2026-09-02T03:27:07Z
002948,青岛银行,53.549166011237496,42.74924942682178,46.65618246658289,26.103010233507554,completed,False,not_required,not_required,False,2026-09-02T03:27:07Z
002949,华阳国际,31.770125015606695,38.69442715424237,40.514458127192,26.642425598385735,completed,False,not_required,not_required,False,2026-09-02T03:27:07Z
002950,奥美医疗,43.27171280084217,39.80307468862394,40.598369525992354,39.322829990259365,completed,False,not_required,not_required,False,2026-09-02T03:27:07Z
002951,金时科技,36.55393160750944,43.37709433869847,52.44771712309571,61.8112763329548,completed,False,not_required,not_required,False,2026-09-02T03:27:07Z
002952,亚世光电,65.27295520823907,51.54725639387523,63.585873931740146,46.794998749626956,completed,False,not_required,not_required,False,2026-09-02T03:27:07Z
002953,日丰股份,34.22843510457534,31.548108645710222,30.74616603137776,28.43918671014596,completed,False,not_required,not_required,False,2026-09-02T03:27:07Z
002955,鸿合科技,38.65669839010594,40.31397636382772,42.427073780090986,56.99257976703061,completed,False,not_required,not_required,False,2026-09-02T03:27:07Z
002956,西麦食品,64.64412646768565,43.59313389526026,57.709035676335255,31.93789812806112,completed,False,not_required,not_required,False,2026-09-02T03:27:07Z
002957,科瑞技术,53.10505659425655,44.348737392013874,31.47559323891157,26.886589451489858,completed,False,not_required,not_required,False,2026-09-02T03:27:07Z
002958,青农商行,40.50151270886348,34.80937438457567,37.29451445828466,23.661645780273645,completed,False,not_required,not_required,False,2026-09-02T03:27:07Z
002959,小熊电器,44.173038383308125,39.370222760212435,44.827386317471294,71.16089982261845,completed,False,not_required,not_required,False,2026-09-02T03:27:07Z
002960,青鸟智控,40.58448056696454,43.91199941823434,46.170726548873205,48.11353193786281,completed,False,not_required,not_required,False,2026-09-02T03:27:07Z
002961,瑞达期货,40.69620861854217,25.25254100572406,30.560376498412612,35.25084773801772,completed,False,not_required,not_required,False,2026-09-02T03:27:07Z
002962,五方光电,45.69070663799344,41.794322256457214,48.806468033971434,34.497408430025786,completed,False,not_required,not_required,False,2026-09-02T03:27:07Z
002963,豪尔赛,8.223689054357635,17.13073777247738,23.027168128239392,15.304954912233674,completed,False,not_required,not_required,False,2026-09-02T03:27:07Z
002965,祥鑫科技,29.00291982670028,27.662919490110685,24.015645712046933,20.637825916216144,completed,False,not_required,not_required,False,2026-09-02T03:27:07Z
002966,苏州银行,53.34866922025452,42.67041712293131,46.6529117572553,27.782000033387014,completed,False,not_required,not_required,False,2026-09-02T03:27:07Z
002967,广电计量,48.24277882806831,41.86725156878817,48.18418006003367,71.43873545719953,completed,False,not_required,not_required,False,2026-09-02T03:27:07Z
002968,新大正,44.89852542642457,39.71178967962207,45.872436674332604,70.48512401085911,completed,False,not_required,not_required,False,2026-09-02T03:27:07Z
002969,嘉美包装,40.51950803286425,35.50458194755219,40.66090068034213,79.1685005490632,completed,False,not_required,not_required,False,2026-09-02T03:27:07Z
002970,锐明技术,33.73262496641255,35.57657704662436,29.64396222535217,22.659126062524795,completed,False,not_required,not_required,False,2026-09-02T03:27:07Z
002971,和远气体,49.84962619651536,44.65961891821672,41.77266396797314,65.74054148016627,completed,False,not_required,not_required,False,2026-09-02T03:27:07Z
002972,科安达,34.4159392926755,38.6764872350526,40.20578070427948,24.94954349784971,completed,False,not_required,not_required,False,2026-09-02T03:27:07Z
002973,侨银股份,34.05781343899102,40.8675519841974,35.87864817494505,57.347609622486516,completed,False,not_required,not_required,False,2026-09-02T03:27:07Z
002975,博杰股份,57.70369287522511,40.901069848486834,46.12755297893189,55.39621266599215,completed,False,not_required,not_required,False,2026-09-02T03:27:07Z
002976,瑞玛精密,26.29501491480128,30.008383871235875,15.12015015286906,16.51489711340657,completed,False,not_required,not_required,False,2026-09-02T03:27:07Z
002977,*ST天箭,16.269711926709817,33.89171961569285,45.74496199893113,14.44704917255818,completed,False,not_required,not_required,False,2026-09-02T03:27:07Z
002978,安宁股份,48.295079523897876,48.71465728512964,44.69217158612687,43.966230023835315,completed,False,not_required,not_required,False,2026-09-02T03:27:07Z
002979,雷赛智能,67.12623886145559,50.620787937890334,48.93264478665466,79.14601607147486,completed,False,not_required,not_required,False,2026-09-02T03:27:07Z
002980,华盛昌,68.10381893198618,57.140737398438255,43.25345161089401,54.87884072987287,completed,False,not_required,not_required,False,2026-09-02T03:27:07Z
002981,朝阳科技,33.62077989668137,37.290152266377774,35.439184481589216,49.91154288934235,completed,False,not_required,not_required,False,2026-09-02T03:27:07Z
002982,湘佳股份,36.12485500587154,43.589904480987215,40.691589745521505,25.866919994147295,completed,False,not_required,not_required,False,2026-09-02T03:27:07Z
002983,芯瑞达,55.403453106269154,49.708135327439976,44.652081598008024,68.59272742138647,completed,False,not_required,not_required,False,2026-09-02T03:27:07Z
002984,森麒麟,46.15630699612643,43.206213555788594,41.56175003682532,31.246368070472958,completed,False,not_required,not_required,False,2026-09-02T03:27:07Z
002985,北摩高科,44.551301317371724,49.753486500440125,44.17494416206766,37.55240304915968,completed,False,not_required,not_required,False,2026-09-02T03:27:07Z
002986,宇新股份,75.56367208648204,53.78759572069598,66.18413670577681,47.092893781777306,completed,False,not_required,not_required,False,2026-09-02T03:27:07Z
002987,京北方,42.64196055955382,41.78221757343089,45.12794375378752,35.663919630819215,completed,False,not_required,not_required,False,2026-09-02T03:27:07Z
002988,豪美新材,40.54003235639179,37.5791993865854,31.852352240789692,26.353632698061134,completed,False,not_required,not_required,False,2026-09-02T03:27:07Z
002989,中天精装,26.953747617649228,40.413953701735494,49.15108105985427,15.371469161046987,completed,False,not_required,not_required,False,2026-09-02T03:27:07Z
002990,盛视科技,63.86262213487461,68.53381330978408,56.18423296464002,70.28975337809746,completed,False,not_required,not_required,False,2026-09-02T03:27:07Z
002991,甘源食品,45.38477185625216,33.00366275168648,44.845131917456285,37.85223600736792,completed,False,not_required,not_required,False,2026-09-02T03:27:07Z
002992,宝明科技,23.291723913797355,33.5773119218537,23.094178798253548,18.326807769713305,completed,False,not_required,not_required,False,2026-09-02T03:27:07Z
002993,奥海科技,29.22755684359104,31.5606107908171,17.170362172347733,22.36775449367321,completed,False,not_required,not_required,False,2026-09-02T03:27:07Z
002995,天地在线,33.74493299693489,37.4992841842637,47.07935643815504,18.18004093640478,completed,False,not_required,not_required,False,2026-09-02T03:27:07Z
002996,顺博合金,49.55336689248204,40.60437799149032,38.68388830793186,22.809899010227262,completed,False,not_required,not_required,False,2026-09-02T03:27:07Z
002997,瑞鹄模具,44.011308458419265,38.932014772348424,39.964242412143996,29.702050114943056,completed,False,not_required,not_required,False,2026-09-02T03:27:07Z
002998,优彩资源,66.62628029504906,54.45382872127696,58.72190893730972,52.32122831469679,completed,False,not_required,not_required,False,2026-09-02T03:27:07Z
002999,天禾股份,53.215048004467036,46.80577546154765,43.14850260719534,17.84373519018067,completed,False,not_required,not_required,False,2026-09-02T03:27:07Z
003000,劲仔食品,51.68521836699485,40.00548135396785,40.942157510241934,27.356878309531428,completed,False,not_required,not_required,False,2026-09-02T03:27:07Z
003001,中岩大地,7.657238151820973,22.14752565889961,20.910909099407043,55.5137087179253,completed,False,not_required,not_required,False,2026-09-02T03:27:07Z
003002,壶化股份,36.04184974362498,34.83999519771117,40.10607474352623,28.69686139927558,completed,False,not_required,not_required,False,2026-09-02T03:27:07Z
003003,天元股份,43.24126035926899,36.84124522687516,46.17068369616996,30.781585563781043,completed,False,not_required,not_required,False,2026-09-02T03:27:07Z
003004,声迅股份,14.423886482857686,20.289219739948514,21.547676524086814,9.571689129966773,completed,False,not_required,not_required,False,2026-09-02T03:27:07Z
003005,竞业达,10.994538297028399,25.928304328727528,24.52723911086676,16.986973237989034,completed,False,not_required,not_required,False,2026-09-02T03:27:07Z
003006,百亚股份,52.72712389319998,42.436032539115025,46.487701935952984,51.258557786261626,completed,False,not_required,not_required,False,2026-09-02T03:27:07Z
003007,直真科技,35.72146580784821,33.31413040131471,37.847256749742385,26.00909363501067,completed,False,not_required,not_required,False,2026-09-02T03:27:07Z
003008,开普检测,46.21598139608964,44.058579483156954,50.46940144800329,23.015912446052084,completed,False,not_required,not_required,False,2026-09-02T03:27:07Z
003009,中天火箭,23.137513601072932,30.44432883719994,21.858861542841545,25.44094045488687,completed,False,not_required,not_required,False,2026-09-02T03:27:07Z
003010,若羽臣,71.77273744110587,44.90208207089003,51.707717199573,48.24827515619218,completed,False,not_required,not_required,False,2026-09-02T03:27:07Z
003011,海象新材,47.27403330386761,45.3395551601678,53.84029007832582,49.425030634752105,completed,False,not_required,not_required,False,2026-09-02T03:27:07Z
003012,东鹏控股,37.07705721809081,39.484658411054916,40.915623881731605,41.884882124706365,completed,False,not_required,not_required,False,2026-09-02T03:27:07Z
003013,地铁设计,22.624764862201857,30.22066842106402,27.53587590194254,67.253459220061,completed,False,not_required,not_required,False,2026-09-02T03:27:07Z
003015,日久光电,62.15964889317361,55.84934400348236,55.6181853565234,45.32441595819277,completed,False,not_required,not_required,False,2026-09-02T03:27:07Z
003016,欣贺股份,64.1957826561422,50.90890036637792,59.59987665159632,51.8361791257182,completed,False,not_required,not_required,False,2026-09-02T03:27:07Z
003017,大洋生物,58.29135684449523,46.44066539575435,50.75930453479657,30.76264570012664,completed,False,not_required,not_required,False,2026-09-02T03:27:07Z
003018,金富科技,76.09479498241343,65.55473394538934,57.79192191363624,56.57471555048369,completed,True,completed_or_best_effort,completed,False,2026-09-02T03:27:07Z
003019,宸展光电,58.05910146852249,54.45847668856635,47.3390757685723,53.092585850239594,completed,False,not_required,not_required,False,2026-09-02T03:27:07Z
003020,立方制药,51.38977179800387,52.612070779983114,55.27618480913572,40.59356746601436,completed,False,not_required,not_required,False,2026-09-02T03:27:07Z
003021,兆威机电,45.296245770202376,45.660027155986484,40.413572320555005,53.85045439027398,completed,False,not_required,not_required,False,2026-09-02T03:27:07Z
003022,联泓新科,80.28161472011409,64.31255272374257,58.766510528376784,54.63892468551573,completed,True,completed_or_best_effort,completed,False,2026-09-02T03:27:07Z
003023,彩虹集团,35.992685040670345,34.28169229329707,34.127669632098396,36.56080829017192,completed,False,not_required,not_required,False,2026-09-02T03:27:07Z
003025,思进智能,50.22077367726122,46.84787859787658,46.07216564697052,43.99766112290818,completed,False,not_required,not_required,False,2026-09-02T03:27:07Z
003026,中晶科技,60.027413222351015,46.63502261473604,43.016235746970224,40.50555936892476,completed,False,not_required,not_required,False,2026-09-02T03:27:07Z
003027,同兴科技,33.506792015969765,40.63366241750681,39.74686206090504,51.87610372634409,completed,False,not_required,not_required,False,2026-09-02T03:27:07Z
003028,振邦智能,32.08028155036167,37.79599318627085,29.29327448053717,29.923069779358308,completed,False,not_required,not_required,False,2026-09-02T03:27:07Z
003029,吉大正元,2.641091329142082,21.367204888037058,14.688095744343984,8.125160736787302,completed,False,not_required,not_required,False,2026-09-02T03:27:07Z
003030,祖名股份,14.471803332375757,22.86720014190488,15.967474313555158,13.51249212633734,completed,False,not_required,not_required,False,2026-09-02T03:27:07Z
003031,中瓷电子,51.09366856480868,35.15676686120706,36.689938307663624,66.62756868661897,completed,False,not_required,not_required,False,2026-09-02T03:27:07Z
003032,传智教育,81.3535684013167,65.57188350730961,79.15303604533733,32.41224326381693,completed,True,completed_or_best_effort,completed,False,2026-09-02T03:27:07Z
003033,征和工业,57.89199294471149,51.92916604456862,50.68786312907958,37.680938046639476,completed,False,not_required,not_required,False,2026-09-02T03:27:07Z
003035,南网能源,56.347899462815086,50.197945887899905,52.10634261898694,29.164633939577588,completed,False,not_required,not_required,False,2026-09-02T03:27:07Z
003036,泰坦股份,30.26882966533497,32.688749094675146,21.788516198243276,27.803817446055824,completed,False,not_required,not_required,False,2026-09-02T03:27:07Z
003037,三和管桩,19.62717840795235,30.687175002338662,23.082432825513017,19.816100985214728,completed,False,not_required,not_required,False,2026-09-02T03:27:07Z
003038,鑫铂股份,31.834494966047558,33.20111468712252,25.19859941696144,60.59974024613451,completed,False,not_required,not_required,False,2026-09-02T03:27:07Z
003039,顺控发展,50.118683802245975,44.23753496864289,48.08418826192768,35.927876273068485,completed,False,not_required,not_required,False,2026-09-02T03:27:07Z
003040,楚天龙,35.33615314491793,42.61400149690281,40.12220201743749,24.054489623928795,completed,False,not_required,not_required,False,2026-09-02T03:27:07Z
003041,真爱美家,47.179525694487275,51.35502982427394,63.73748207844099,74.14726335801484,completed,False,not_required,not_required,False,2026-09-02T03:27:07Z
003042,中农联合,16.669374320640294,21.29870232189197,19.54379745755389,17.345289973999662,completed,False,not_required,not_required,False,2026-09-02T03:27:07Z
003043,华亚智能,70.63132309507839,59.75489521411534,55.38079556705732,47.58303731226478,completed,False,not_required,not_required,False,2026-09-02T03:27:07Z
003816,中国广核,64.13951941941019,59.44622503936694,52.529903200237705,46.377823459648056,completed,False,not_required,not_required,False,2026-09-02T03:27:07Z
300001,特锐德,50.32553109894721,52.505387821086025,46.95847062376133,78.46397133408597,completed,False,not_required,not_required,False,2026-09-02T03:27:07Z
300002,神州泰岳,53.7450092316838,41.70443111000848,44.90936412539604,46.98122099125606,completed,False,not_required,not_required,False,2026-09-02T03:27:07Z
300003,乐普医疗,41.60741531419977,43.03461504206347,41.91527265298196,30.696512340611605,completed,False,not_required,not_required,False,2026-09-02T03:27:07Z
300004,南风股份,18.17052997370885,33.29414305063781,22.40686843802968,30.52514374016922,completed,False,not_required,not_required,False,2026-09-02T03:27:07Z
300005,探路者,52.39568743435679,42.54614425707887,41.74637947955088,49.86777692388255,completed,False,not_required,not_required,False,2026-09-02T03:27:07Z
300006,莱美药业,31.571648253758525,43.031615390973506,39.65597207131422,36.099693408364075,completed,False,not_required,not_required,False,2026-09-02T03:27:07Z
300007,汉威科技,40.097820772648376,47.63045063125666,39.16054524442617,39.17353170670094,completed,False,not_required,not_required,False,2026-09-02T03:27:07Z
300008,天海防务,52.227451913555676,35.295588084489616,40.95203954575198,61.170739095019655,completed,False,not_required,not_required,False,2026-09-02T03:27:07Z
300009,安科生物,50.231653728688855,44.43121920262654,51.73790038758624,65.069482650156,completed,False,not_required,not_required,False,2026-09-02T03:27:07Z
300010,ST豆神,38.474475154092886,44.11106831424199,40.02952298760621,21.77436928853301,completed,False,not_required,not_required,False,2026-09-02T03:27:07Z
300011,鼎汉技术,21.76052347364969,24.80458318325402,23.663468167831688,19.532965455843538,completed,False,not_required,not_required,False,2026-09-02T03:27:07Z
300012,华测检测,56.160048620238776,46.35214985239456,51.55927007958698,47.72694185554672,completed,False,not_required,not_required,False,2026-09-02T03:27:07Z
300013,新宁物流,64.67106594218409,46.73510092179186,51.27883300564957,27.407432930718908,completed,False,not_required,not_required,False,2026-09-02T03:27:07Z
300014,亿纬锂能,66.25883505710772,55.61896417014833,49.51216908874655,76.09374643622105,completed,False,not_required,not_required,False,2026-09-02T03:27:07Z
300015,爱尔眼科,41.71151171772789,34.008807435467894,37.59134066494337,60.95875782942402,completed,False,not_required,not_required,False,2026-09-02T03:27:07Z
300016,北陆药业,55.24339877601883,48.60497106200982,44.927724546331035,46.737712038785,completed,False,not_required,not_required,False,2026-09-02T03:27:07Z
300017,网宿科技,62.63547516822759,56.63650840746638,60.29682580373397,41.73160696988214,completed,False,not_required,not_required,False,2026-09-02T03:27:07Z
300018,中元股份,36.193363434071905,37.08365113413051,33.85178880813859,61.27941940406599,completed,False,not_required,not_required,False,2026-09-02T03:27:07Z
300019,硅宝科技,30.448024045347644,31.34338222297174,31.802292831731073,34.04456962124115,completed,False,not_required,not_required,False,2026-09-02T03:27:07Z
300020,ST银江,0.0,10.62017303533907,12.929962447290302,1.1297844429410038,completed,False,not_required,not_required,False,2026-09-02T03:27:07Z
300021,大禹节水,28.354710091738852,35.30319847384628,23.47059557923657,45.47626644245505,completed,False,not_required,not_required,False,2026-09-02T03:27:07Z
300022,吉峰科技,61.880620768019384,52.421753248969466,60.37720047150746,49.5125513829828,completed,False,not_required,not_required,False,2026-09-02T03:27:07Z
300024,机器人,23.940258657724907,35.223799678868815,27.36063572922645,28.984937701559907,completed,False,not_required,not_required,False,2026-09-02T03:27:07Z
300025,华星创业,30.360348971746795,32.275128537305335,39.79061309976159,36.03950964084861,completed,False,not_required,not_required,False,2026-09-02T03:27:07Z
300026,红日药业,41.87856637614494,41.511697559029734,46.16784665614859,34.160373925503606,completed,False,not_required,not_required,False,2026-09-02T03:27:07Z
300027,ST华谊,16.77209025935126,22.86167311294886,29.548747379942206,2.8324877931179877,completed,False,not_required,not_required,False,2026-09-02T03:27:07Z
300030,阳普医疗,58.343958704469266,50.97939583837754,48.038415793234805,39.942508836149834,completed,False,not_required,not_required,False,2026-09-02T03:27:07Z
300031,宝通科技,53.527722791866076,40.50051834532351,46.673048943759824,43.10987141624745,completed,False,not_required,not_required,False,2026-09-02T03:27:07Z
300032,金龙机电,20.84516975411506,32.04785909151689,23.690519355746012,25.985662619811052,completed,False,not_required,not_required,False,2026-09-02T03:27:07Z
300033,同花顺,70.82260496030456,49.77124944402844,50.14302186847432,35.59049066330087,completed,False,not_required,not_required,False,2026-09-02T03:27:07Z
300034,钢研高纳,64.25004506402777,51.47905569393967,50.055217172461965,46.972853325683616,completed,False,not_required,not_required,False,2026-09-02T03:27:07Z
300035,中科电气,34.32544343786276,35.48779549594715,24.419808127310308,25.382013079329887,completed,False,not_required,not_required,False,2026-09-02T03:27:07Z
300036,超图软件,8.429161737707304,22.687302803211207,16.451772509270345,40.60227533603682,completed,False,not_required,not_required,False,2026-09-02T03:27:07Z
300037,新宙邦,66.54302382858758,48.12089241623504,47.66106071643188,59.14994504725974,completed,False,not_required,not_required,False,2026-09-02T03:27:07Z
300039,上海凯宝,48.35465278173643,46.362964308624996,50.91958873348757,35.293588052455455,completed,False,not_required,not_required,False,2026-09-02T03:27:07Z
300040,九洲集团,32.07211687414104,34.18761174878205,35.55099872515453,26.96613791127454,completed,False,not_required,not_required,False,2026-09-02T03:27:07Z
300041,回天新材,58.115256273883084,48.503636977615734,51.849336869341535,33.855208636416464,completed,False,not_required,not_required,False,2026-09-02T03:27:07Z
300042,朗科科技,63.915947018928385,40.687381694501404,56.406093023509364,40.22913966977424,completed,False,not_required,not_required,False,2026-09-02T03:27:07Z
300043,星辉娱乐,36.50274272665093,32.88020192223988,41.86715996791167,34.69981975717455,completed,False,not_required,not_required,False,2026-09-02T03:27:07Z
300044,*ST赛为,8.020267984064269,11.744428321379157,22.40909596021671,0.3536100597412606,completed,False,not_required,not_required,False,2026-09-02T03:27:07Z
300045,华力创通,3.159103999192844,23.683079882652407,14.96463526265568,20.329631457487032,completed,False,not_required,not_required,False,2026-09-02T03:27:07Z
300046,台基股份,45.265326477842564,36.47221569263412,34.25733500761909,42.04792546475346,completed,False,not_required,not_required,False,2026-09-02T03:27:07Z
300047,天源迪科,49.884179366888596,39.234045184262946,36.99341302202446,28.020840971123604,completed,False,not_required,not_required,False,2026-09-02T03:27:07Z
300048,合康新能,24.377272449928704,29.676024371873684,27.714813434411376,42.13101373559166,completed,False,not_required,not_required,False,2026-09-02T03:27:07Z
300049,福瑞医科,58.953564206564565,48.9194940299499,55.0701043725902,55.01915608896859,completed,False,not_required,not_required,False,2026-09-02T03:27:07Z
300050,世纪鼎利,35.61936710611713,37.641305726890316,30.971391575827568,31.27892484434846,completed,False,not_required,not_required,False,2026-09-02T03:27:07Z
300051,琏升科技,17.50765918348305,30.514047805032522,28.754473261903186,48.153150733188845,completed,False,not_required,not_required,False,2026-09-02T03:27:07Z
300052,中青宝,17.567301324086454,31.467591493791126,24.56656882024433,9.347693638177097,completed,False,not_required,not_required,False,2026-09-02T03:27:07Z
300053,航宇微,43.741382717858514,51.322588005514646,46.59566422264112,22.547106907945505,completed,False,not_required,not_required,False,2026-09-02T03:27:07Z
300054,鼎龙股份,59.26179440205141,47.96305791714602,52.44447722358663,50.18242186649242,completed,False,not_required,not_required,False,2026-09-02T03:27:07Z
300055,万邦达,41.81504909652591,39.380388980256534,39.163204338732136,35.48775140180042,completed,False,not_required,not_required,False,2026-09-02T03:27:07Z
300056,中创环保,11.912367173964558,25.0606946388511,12.386715974393544,6.380140976615529,completed,False,not_required,not_required,False,2026-09-02T03:27:07Z
300057,万顺新材,54.92259814247779,48.69851624424931,55.79868961233939,33.57577989586589,completed,False,not_required,not_required,False,2026-09-02T03:27:07Z
300058,蓝色光标,57.4751124870172,45.641942573606634,53.06334554107185,29.70134358307119,completed,False,not_required,not_required,False,2026-09-02T03:27:07Z
300059,东方财富,73.30174317799762,49.262219303409225,57.65655341190454,41.587854928463976,completed,False,not_required,not_required,False,2026-09-02T03:27:07Z
300061,旗天科技,14.941678347464617,16.159887228266097,22.41209416530591,27.45760010259429,completed,False,not_required,not_required,False,2026-09-02T03:27:07Z
300062,中能电气,12.350994034793661,21.63990681602587,21.306531176628873,40.14289270254142,completed,False,not_required,not_required,False,2026-09-02T03:27:07Z
300063,天龙集团,34.225153797665946,28.430917398260412,30.09507195474842,20.03320074316343,completed,False,not_required,not_required,False,2026-09-02T03:27:07Z
300065,海兰信,55.12591212290729,70.17938318328574,61.05783938628094,81.54521728707593,completed,False,not_required,not_required,False,2026-09-02T03:27:07Z
300066,三川智慧,30.59659644100033,34.51152205120887,22.829064654496126,15.467340873833106,completed,False,not_required,not_required,False,2026-09-02T03:27:07Z
300067,安诺其,62.480329341110604,54.19355244734603,70.94653299639721,52.18933087337145,completed,False,not_required,not_required,False,2026-09-02T03:27:07Z
300068,ST南都,0.0,8.302947016144621,0.0,21.74914270406702,completed,False,not_required,not_required,False,2026-09-02T03:27:07Z
300069,金利华电,38.813097737737706,41.06420218063327,27.42679488628218,42.79142292077515,completed,False,not_required,not_required,False,2026-09-02T03:27:07Z
300070,碧水源,61.75173406002924,61.184794226631375,59.898210581004975,31.88590924259668,completed,False,not_required,not_required,False,2026-09-02T03:27:07Z
300071,福石控股,60.55349902292156,55.04122394691766,66.7411358296349,25.958733634738447,completed,False,not_required,not_required,False,2026-09-02T03:27:07Z
300072,海新能科,19.936359512506947,22.992138831575566,24.219091144275716,26.964454122460275,completed,False,not_required,not_required,False,2026-09-02T03:27:07Z
300073,当升科技,53.08809506123604,41.3506995582524,41.416367650673756,35.3204744802839,completed,False,not_required,not_required,False,2026-09-02T03:27:07Z
300074,华平股份,23.240682802255918,30.76202437685346,38.32794372828588,31.073509924253628,completed,False,not_required,not_required,False,2026-09-02T03:27:07Z
300075,数字政通,38.32521436911131,39.88718940038676,56.848055333912725,43.451842592408774,completed,False,not_required,not_required,False,2026-09-02T03:27:07Z
300076,*ST宁视,30.00063184494183,36.29896574689518,34.36985648968007,11.301792670059077,completed,False,not_required,not_required,False,2026-09-02T03:27:07Z
300077,国民技术,51.23058599041682,50.93551315452374,48.353045604580586,35.476681242055406,completed,False,not_required,not_required,False,2026-09-02T03:27:07Z
300078,思创智联,44.41640099817865,52.10997212188572,53.35948030066678,74.10656310415587,completed,False,not_required,not_required,False,2026-09-02T03:27:07Z
300079,数码视讯,51.394926281939604,44.59170997626231,42.71449711939575,41.79702929399476,completed,False,not_required,not_required,False,2026-09-02T03:27:07Z
300080,易成新能,22.82835858892218,38.588573618680016,27.569022333353274,16.994110847943773,completed,False,not_required,not_required,False,2026-09-02T03:27:07Z
300081,ST恒信,4.940761990234385,22.773601737712752,24.451997229706237,2.4934328464177025,completed,False,not_required,not_required,False,2026-09-02T03:27:07Z
300082,奥克股份,59.30850174284632,48.204684593561694,53.02496227226156,36.40463879154394,completed,False,not_required,not_required,False,2026-09-02T03:27:07Z
300083,创世纪,57.79445453384349,48.23082016218052,36.91420253594511,57.356819816635436,completed,False,not_required,not_required,False,2026-09-02T03:27:07Z
300084,海默科技,10.14494575084413,26.095933500113837,14.827616100101451,47.91334387402765,completed,False,not_required,not_required,False,2026-09-02T03:27:07Z
300085,银之杰,41.348664569079,40.30589915120948,49.15194718094067,26.614033372672857,completed,False,not_required,not_required,False,2026-09-02T03:27:07Z
300086,康芝药业,31.7884429305618,42.75927779969174,44.80607724429218,37.61752890334032,completed,False,not_required,not_required,False,2026-09-02T03:27:07Z
300087,ST荃银,17.827952329618938,27.938981950971225,26.468355899705614,16.499333141368034,completed,False,not_required,not_required,False,2026-09-02T03:27:07Z
300088,长信科技,25.707341092116142,36.63111013545679,30.10912097754197,31.7000278897599,completed,False,not_required,not_required,False,2026-09-02T03:27:07Z
300091,*ST金灵,35.18764921091269,37.03512992069276,63.11849380839761,20.423178114066154,completed,False,not_required,not_required,False,2026-09-02T03:27:07Z
300092,科新机电,54.296968732396714,53.26813116246798,53.91895164535319,40.533716737804234,completed,False,not_required,not_required,False,2026-09-02T03:27:07Z
300093,金刚光伏,33.01192916049382,42.01725411238696,57.70512275053749,16.135553466907325,completed,False,not_required,not_required,False,2026-09-02T03:27:07Z
300094,国联水产,67.95310963912989,48.79448938967449,71.8932090765232,33.24542151822705,completed,False,not_required,not_required,False,2026-09-02T03:27:07Z
300095,华伍股份,57.52381037822416,52.89619864305161,55.87908554565387,37.67550784713727,completed,False,not_required,not_required,False,2026-09-02T03:27:07Z
300096,ST易联众,10.968897673312561,20.142430060206287,15.01470349554375,8.156105283092893,completed,False,not_required,not_required,False,2026-09-02T03:27:07Z
300097,智云股份,41.52836972299227,47.22124452166613,46.219615620282795,56.13280025124449,completed,False,not_required,not_required,False,2026-09-02T03:27:07Z
300098,高新兴,28.563055413559148,25.47073543834229,26.434472808764518,32.877818895188355,completed,False,not_required,not_required,False,2026-09-02T03:27:07Z
300099,尤洛卡,34.92533815195613,43.6152981411712,44.404809056579616,34.83116332829243,completed,False,not_required,not_required,False,2026-09-02T03:27:07Z
300100,双林股份,38.0985677332026,36.94243226204277,36.734319857197704,64.57824345434402,completed,False,not_required,not_required,False,2026-09-02T03:27:07Z
300101,振芯科技,10.839284304010942,25.339686971675867,16.408965943479586,27.516981304850667,completed,False,not_required,not_required,False,2026-09-02T03:27:07Z
300102,乾照光电,49.84225978687075,53.21186409120955,50.35990700463038,27.63755106802142,completed,False,not_required,not_required,False,2026-09-02T03:27:07Z
300103,达刚控股,13.986918977924358,28.507798909758094,23.357106066429015,16.56051763392591,completed,False,not_required,not_required,False,2026-09-02T03:27:07Z
300105,龙源技术,41.949390383077755,44.259946807648745,41.85508483931113,28.190117831790957,completed,False,not_required,not_required,False,2026-09-02T03:27:07Z
300106,西部牧业,73.77978960367918,50.659140489513774,72.74332606645694,41.112177691610604,completed,False,not_required,not_required,False,2026-09-02T03:27:07Z
300107,建新股份,76.76291848572176,65.42478126871293,66.72140900730497,32.89439162640576,completed,True,completed_or_best_effort,completed,False,2026-09-02T03:27:07Z
300109,新开源,40.96050218958134,39.76618279781812,36.840658896322275,49.556648682432964,completed,False,not_required,not_required,False,2026-09-02T03:27:07Z
300110,华仁药业,38.269722517015026,30.761617004436903,29.356577568002145,23.8314703749797,completed,False,not_required,not_required,False,2026-09-02T03:27:07Z
300111,向日葵,27.199495387876567,40.14162416700795,35.65175200328389,32.31777853222971,completed,False,not_required,not_required,False,2026-09-02T03:27:07Z
300112,万讯自控,48.61429457973576,44.70762538221835,62.432154604686524,39.638238709068425,completed,False,not_required,not_required,False,2026-09-02T03:27:07Z
300113,顺网科技,52.74048149321396,54.22399565858983,54.950634624255024,56.30513110855464,completed,False,not_required,not_required,False,2026-09-02T03:27:07Z
300115,长盈精密,25.65905433406808,34.794561100502406,13.479495957501378,19.277650501805805,completed,False,not_required,not_required,False,2026-09-02T03:27:07Z
300118,东方日升,25.291394651505698,39.18649248587299,37.6777901902104,30.30055012646097,completed,False,not_required,not_required,False,2026-09-02T03:27:07Z
300119,瑞普生物,41.86858579639413,47.018119541680065,41.31503606702876,52.08927196477564,completed,False,not_required,not_required,False,2026-09-02T03:27:07Z
300120,经纬辉开,27.457877744636455,29.000756558390602,17.39050808659734,53.74993404674181,completed,False,not_required,not_required,False,2026-09-02T03:27:07Z
300121,阳谷华泰,42.855239861437056,40.72114673931092,40.62387535406546,42.11656055940755,completed,False,not_required,not_required,False,2026-09-02T03:27:07Z
300122,智飞生物,5.877901047422402,28.075669283741846,16.68113428371829,25.344651892748992,completed,False,not_required,not_required,False,2026-09-02T03:27:07Z
300123,ST亚光,0.0,18.557210328643993,2.408861212933159,7.319303919510197,completed,False,not_required,not_required,False,2026-09-02T03:27:07Z
300124,汇川技术,58.273581633750545,48.527304086307446,44.246479669182925,73.61668075056261,completed,False,not_required,not_required,False,2026-09-02T03:27:07Z
300125,聆达股份,42.84461415329116,48.90942075951815,66.33961956652138,22.02390878036183,completed,False,not_required,not_required,False,2026-09-02T03:27:07Z
300126,锐奇股份,52.52024876111681,49.31529990204472,53.2188020112367,45.44373552245417,completed,False,not_required,not_required,False,2026-09-02T03:27:07Z
300127,银河磁体,66.7700121194469,51.33661509394217,55.05441404640388,35.545588793622365,completed,False,not_required,not_required,False,2026-09-02T03:27:07Z
300128,锦富技术,37.87262501911533,45.30736864149098,36.13990751362104,23.67500940095949,completed,False,not_required,not_required,False,2026-09-02T03:27:07Z
300129,泰胜风能,18.955417500033217,37.94559912788622,25.97576806620273,39.88093305436092,completed,False,not_required,not_required,False,2026-09-02T03:27:07Z
300130,新国都,60.45510788314983,46.83104493738209,50.276577838142465,46.182322457186956,completed,False,not_required,not_required,False,2026-09-02T03:27:07Z
300131,英唐智控,24.349153611974614,24.20729210487132,22.480179559207883,37.966344380374196,completed,False,not_required,not_required,False,2026-09-02T03:27:07Z
300132,诺斯贝尔,58.8557928886887,42.63972961258556,52.28114519093959,52.34015247377835,completed,False,not_required,not_required,False,2026-09-02T03:27:07Z
300133,华策影视,61.611871809242146,63.59393799396132,52.054128673810446,66.43108868068204,completed,False,not_required,not_required,False,2026-09-02T03:27:07Z
300134,大富科技,34.92543920443685,35.99616774160105,40.01892991821332,22.52074436646967,completed,False,not_required,not_required,False,2026-09-02T03:27:07Z
300135,宝利国际,58.93754118565015,45.184820596297584,71.51008647135345,41.97631426573615,completed,False,not_required,not_required,False,2026-09-02T03:27:07Z
300136,信维通信,42.91939475519191,41.11074118619861,37.30398480416081,47.322041627607284,completed,False,not_required,not_required,False,2026-09-02T03:27:07Z
300137,先河环保,19.45317001677623,27.468173207381437,19.177315897249947,36.96918207876175,completed,False,not_required,not_required,False,2026-09-02T03:27:07Z
300138,晨光生物,44.53144887566643,45.28420721478065,42.99210638443847,34.633079545072505,completed,False,not_required,not_required,False,2026-09-02T03:27:07Z
300139,晓程科技,45.76131969071437,32.681673985495244,35.381395132099776,30.90615167814981,completed,False,not_required,not_required,False,2026-09-02T03:27:07Z
300140,节能环境,50.90050598680785,45.61722259894624,54.395878828667634,63.1297065573923,completed,False,not_required,not_required,False,2026-09-02T03:27:07Z
300141,和顺电气,49.03081703599131,42.769871608955675,55.32428833182218,29.407353655393308,completed,False,not_required,not_required,False,2026-09-02T03:27:07Z
300142,沃森生物,23.784844475742556,30.065861798959492,25.145392485804614,60.80054667408725,completed,False,not_required,not_required,False,2026-09-02T03:27:07Z
300143,盈康生命,65.72632934006553,49.29779061048431,56.97391577378811,62.541135388484506,completed,False,not_required,not_required,False,2026-09-02T03:27:07Z
300144,宋城演艺,43.95219633840991,38.69255425103119,46.79844564740294,73.07045922869217,completed,False,not_required,not_required,False,2026-09-02T03:27:07Z
300145,南方泵业,47.32484312146397,39.182522305187426,33.68298439665436,43.530070608957125,completed,False,not_required,not_required,False,2026-09-02T03:27:07Z
300146,汤臣倍健,49.332542603118426,41.939977972524936,49.08836776474662,55.273438338334444,completed,False,not_required,not_required,False,2026-09-02T03:27:07Z
300147,*ST香雪,23.168206770057715,34.53757820613643,31.97164191991591,6.406535650456352,completed,False,not_required,not_required,False,2026-09-02T03:27:07Z
300148,天舟文化,40.660748216945876,44.8586604731413,45.605490424523,47.645392629047876,completed,False,not_required,not_required,False,2026-09-02T03:27:07Z
300149,睿智医药,22.453683769278463,33.268418722970246,22.578558786474094,37.967914282646795,completed,False,not_required,not_required,False,2026-09-02T03:27:07Z
300150,世纪瑞尔,25.15086366208159,33.02021011142132,37.393863507028435,25.645847993351076,completed,False,not_required,not_required,False,2026-09-02T03:27:07Z
300151,昌红科技,38.95164416781485,41.303290739567096,36.12946582332653,41.68683993784381,completed,False,not_required,not_required,False,2026-09-02T03:27:07Z
300152,*ST动力,17.050253976886573,25.634265155084243,11.645798813750536,0.3076598317471735,completed,False,not_required,not_required,False,2026-09-02T03:27:07Z
300153,科泰电源,72.60555497991434,57.390080898522555,47.70884666700492,37.04690502552654,completed,False,not_required,not_required,False,2026-09-02T03:27:07Z
300154,瑞凌股份,60.077722717406225,55.69754002904803,50.590743930002155,33.4787920465038,completed,False,not_required,not_required,False,2026-09-02T03:27:07Z
300155,安居宝,16.679967143953455,25.262455360571217,30.16289920604899,32.15778354528491,completed,False,not_required,not_required,False,2026-09-02T03:27:07Z
300157,新锦动力,52.16377003718668,53.14217766856528,63.25519563611714,73.67276694974086,completed,False,not_required,not_required,False,2026-09-02T03:27:07Z
300158,振东制药,20.26106938162799,28.66088646263673,32.90920071903442,28.455155590569028,completed,False,not_required,not_required,False,2026-09-02T03:27:07Z
300159,新研股份,35.30391072548788,32.206526868298184,35.243772013596804,22.744624155200135,completed,False,not_required,not_required,False,2026-09-02T03:27:07Z
300160,秀强股份,40.5043758470684,43.23168926771655,40.25395483914619,27.72714142156453,completed,False,not_required,not_required,False,2026-09-02T03:27:07Z
300161,华中数控,49.6755904405047,54.019500139096564,48.09488170853117,25.47612902783566,completed,False,not_required,not_required,False,2026-09-02T03:27:07Z
300162,雷曼光电,32.82405801742193,41.827052759237404,33.80007469806378,56.536331820379765,completed,False,not_required,not_required,False,2026-09-02T03:27:07Z
300163,先锋新材,7.033483590151761,25.396439601352327,13.437605075768591,13.19808075219971,completed,False,not_required,not_required,False,2026-09-02T03:27:07Z
300164,通源石油,26.29051654323505,46.412153860988774,27.702965628601476,22.832463871257453,completed,False,not_required,not_required,False,2026-09-02T03:27:07Z
300165,天瑞仪器,58.07667019063836,48.008233971969545,65.58773843942744,50.31436079985379,completed,False,not_required,not_required,False,2026-09-02T03:27:07Z
300166,东方国信,45.44822253572021,48.12598577297007,40.126432751522856,35.32696354721458,completed,False,not_required,not_required,False,2026-09-02T03:27:07Z
300167,ST迪威迅,21.384629170808758,36.0114721227595,29.708337931187458,45.60553146572057,completed,False,not_required,not_required,False,2026-09-02T03:27:07Z
300168,万达信息,42.971225955967085,39.77828156849539,46.670759066090405,22.533008507747077,completed,False,not_required,not_required,False,2026-09-02T03:27:07Z
300169,天晟新材,51.97442582217981,47.307897891986144,51.586559355828705,63.070898784764765,completed,False,not_required,not_required,False,2026-09-02T03:27:07Z
300170,汉得信息,41.5584941133337,42.81435307940283,44.03701046332164,41.42196475111608,completed,False,not_required,not_required,False,2026-09-02T03:27:07Z
300171,东富龙,63.1867338908905,57.75018696400759,57.389388424648345,36.58461717992716,completed,False,not_required,not_required,False,2026-09-02T03:27:07Z
300172,中电环保,61.95753134033225,54.083682551905696,51.300127351086914,35.34175734623241,completed,False,not_required,not_required,False,2026-09-02T03:27:07Z
300173,ST福能,10.971378218072523,30.334865232684415,17.72087866603703,4.255162862531245,completed,False,not_required,not_required,False,2026-09-02T03:27:07Z
300174,元力股份,50.779229457249706,45.05980937744504,48.67551337788601,40.784092540548315,completed,False,not_required,not_required,False,2026-09-02T03:27:07Z
300175,朗源股份,13.024503156999344,19.17955197295312,11.435763834905158,9.382222753107731,completed,False,not_required,not_required,False,2026-09-02T03:27:07Z
300176,鸿特科技,18.795140306113474,31.427407224023614,17.857125378438603,15.362392215032022,completed,False,not_required,not_required,False,2026-09-02T03:27:07Z
300177,中海达,11.871442718856226,28.24344019804467,20.20787779287198,25.576091323277062,completed,False,not_required,not_required,False,2026-09-02T03:27:07Z
300179,四方达,64.59167583418676,52.353528726121425,43.59151947244352,43.47665160699901,completed,False,not_required,not_required,False,2026-09-02T03:27:07Z
300180,华峰超纤,63.657144540414414,53.50926802500613,58.71922427130238,36.83037621990766,completed,False,not_required,not_required,False,2026-09-02T03:27:07Z
300181,佐力药业,50.62739452536249,48.32078553002909,44.55477497932062,56.72893378003692,completed,False,not_required,not_required,False,2026-09-02T03:27:07Z
300182,捷成股份,58.59537744025961,56.611056798131166,66.93288628284624,51.154669478081786,completed,False,not_required,not_required,False,2026-09-02T03:27:07Z
300183,东软载波,22.159928785522318,39.274986909836926,27.347975598385425,32.070458314306165,completed,False,not_required,not_required,False,2026-09-02T03:27:07Z
300184,力源信息,64.91469582230653,44.853848098216645,47.13362393830593,55.655190206068426,completed,False,not_required,not_required,False,2026-09-02T03:27:07Z
300185,通裕重工,64.54095209663376,53.37026896643267,51.666599147414935,50.11792480704668,completed,False,not_required,not_required,False,2026-09-02T03:27:07Z
300187,永清环保,43.56399054763121,34.79250093591663,42.11318493499133,37.05789451051764,completed,False,not_required,not_required,False,2026-09-02T03:27:07Z
300188,国投智能,30.45999678581343,41.88541417463774,34.00932740872435,59.42553150825131,completed,False,not_required,not_required,False,2026-09-02T03:27:07Z
300189,神农种业,17.62258260998466,31.592920401307474,27.51020982433559,28.354597899685857,completed,False,not_required,not_required,False,2026-09-02T03:27:07Z
300190,维尔利,48.355890630229936,49.95531585680421,52.26848358944777,45.278796841947766,completed,False,not_required,not_required,False,2026-09-02T03:27:07Z
300191,潜能恒信,78.29955606179881,58.30504873128732,64.16263472168096,53.99850102080167,completed,True,completed_or_best_effort,completed,False,2026-09-02T03:27:07Z
300192,科德教育,31.951405706794667,32.465542086945284,28.434750657350648,71.61661204789627,completed,False,not_required,not_required,False,2026-09-02T03:27:07Z
300193,佳士科技,59.08092621132269,49.44789568891143,50.06778309071308,40.5609812609483,completed,False,not_required,not_required,False,2026-09-02T03:27:07Z
300194,福安药业,52.68887692711463,50.7692250436095,50.101595988931294,36.04162979270914,completed,False,not_required,not_required,False,2026-09-02T03:27:07Z
300195,长荣股份,46.502409470238874,50.456478002272206,41.87946204283619,47.63616842166918,completed,False,not_required,not_required,False,2026-09-02T03:27:07Z
300196,长海股份,56.72088348815251,47.940580172149666,49.50651669621614,32.623597699054315,completed,False,not_required,not_required,False,2026-09-02T03:27:07Z
300197,节能铁汉,6.612393335605631,13.734534875549173,12.224520344514326,55.085730898419634,completed,False,not_required,not_required,False,2026-09-02T03:27:07Z
300198,*ST纳川,20.606643514373452,27.63555623736135,15.875701763587122,0.8486170949462739,completed,False,not_required,not_required,False,2026-09-02T03:27:07Z
300199,翰宇药业,67.35641573002098,52.96225290681632,37.29404649107442,42.545980468141416,completed,False,not_required,not_required,False,2026-09-02T03:27:07Z
300200,高盟新材,43.18523698311052,38.9085650528029,36.56477721115967,21.504742879671777,completed,False,not_required,not_required,False,2026-09-02T03:27:07Z
300201,海伦哲,55.926167049578616,44.86932953768705,47.884710598681366,27.46414880500562,completed,False,not_required,not_required,False,2026-09-02T03:27:07Z
300203,聚光科技,39.43104369458356,44.69283653632969,41.05452010761413,15.016401270896969,completed,False,not_required,not_required,False,2026-09-02T03:27:07Z
300204,舒泰神,27.70712081407804,44.24217251610008,34.563418890413324,22.009780702702244,completed,False,not_required,not_required,False,2026-09-02T03:27:07Z
300205,*ST天喻,22.322048688216746,35.777471254091616,44.54557676707548,14.415769030605242,completed,False,not_required,not_required,False,2026-09-02T03:27:07Z
300206,理邦仪器,51.509808753392235,38.444530270957486,48.99260229027333,48.99997964102429,completed,False,not_required,not_required,False,2026-09-02T03:27:07Z
300207,欣旺达,49.34113162820853,49.05635091840101,39.00882697936911,43.700739007950695,completed,False,not_required,not_required,False,2026-09-02T03:27:07Z
300209,行云科技,79.46206929335293,70.33401642929036,66.66280131427548,80.26479115362909,completed,True,completed_or_best_effort,completed,False,2026-09-02T03:27:07Z
300210,森远股份,0.0,19.950364979670354,2.5822804617758788,2.9267907733230043,completed,False,not_required,not_required,False,2026-09-02T03:27:07Z
300211,*ST亿通,7.4168962980572495,23.44131867544568,26.558494684735834,12.063444984352524,completed,False,not_required,not_required,False,2026-09-02T03:27:07Z
300212,*ST易录,0.45153626936410163,19.41734324816603,5.808393376084185,0.0,completed,False,not_required,not_required,False,2026-09-02T03:27:07Z
300213,佳讯飞鸿,27.20093164271381,28.4776499676736,32.2824033563922,46.95161794876034,completed,False,not_required,not_required,False,2026-09-02T03:27:07Z
300214,日科化学,64.29439736240444,51.732893613087015,62.457508402972984,32.24612424160666,completed,False,not_required,not_required,False,2026-09-02T03:27:07Z
300215,电科院,75.68030281699232,58.56302992959651,81.11605007859531,35.415523440625165,completed,True,completed_or_best_effort,completed,False,2026-09-02T03:27:07Z
300217,东方电热,29.305592016088838,30.262947025202696,32.317949023459946,29.04144792693947,completed,False,not_required,not_required,False,2026-09-02T03:27:07Z
300218,安利股份,45.449414545191516,44.088299353273605,40.65115941583012,41.800524122663134,completed,False,not_required,not_required,False,2026-09-02T03:27:07Z
300219,鸿利智汇,68.49806912379722,55.52514806703608,59.71015089523033,40.16910282896317,completed,False,not_required,not_required,False,2026-09-02T03:27:07Z
300220,金运激光,34.214427198152706,37.93626112166092,26.710980573764665,12.641873705272287,completed,False,not_required,not_required,False,2026-09-02T03:27:07Z
300221,银禧科技,62.05446338274927,49.895498952592845,49.19004016280336,55.450593300722126,completed,False,not_required,not_required,False,2026-09-02T03:27:07Z
300222,科大智能,50.21154270058718,46.2648917116801,32.06596946293998,57.73403983589714,completed,False,not_required,not_required,False,2026-09-02T03:27:07Z
300223,君正股份,79.4079816203956,60.794001497073744,60.66054612441773,40.9349792988749,completed,False,not_required,not_required,False,2026-09-02T03:27:07Z
300224,正海磁材,66.47925431947613,54.39798490316432,54.542332114416915,33.75483436602914,completed,False,not_required,not_required,False,2026-09-02T03:27:07Z
300225,金力泰,20.231491966209617,23.37637885964039,18.304842441656177,12.926794320732824,completed,False,not_required,not_required,False,2026-09-02T03:27:07Z
300226,上海钢联,45.18987099825407,35.043528347798976,38.42814093611777,42.552330949767274,completed,False,not_required,not_required,False,2026-09-02T03:27:07Z
300227,光韵达,55.70288215349068,52.29160621833063,38.559417378195455,62.871001807779805,completed,False,not_required,not_required,False,2026-09-02T03:27:07Z
300228,富瑞特装,28.880791114988664,28.406414179588722,28.842780735182416,29.442189181141032,completed,False,not_required,not_required,False,2026-09-02T03:27:07Z
300229,拓尔思,19.197518516518826,38.69925488057794,34.116278349943556,20.51534592145191,completed,False,not_required,not_required,False,2026-09-02T03:27:07Z
300230,永利股份,48.40541103718603,42.85722667287538,46.88725251649009,40.37671396096929,completed,False,not_required,not_required,False,2026-09-02T03:27:07Z
300231,银信科技,36.501498857117504,33.34463040154232,37.02976452280073,22.547802671807517,completed,False,not_required,not_required,False,2026-09-02T03:27:07Z
300232,洲明科技,58.29563004207453,50.99481158685729,50.79004813890728,49.371913595898235,completed,False,not_required,not_required,False,2026-09-02T03:27:07Z
300233,金城医药,68.46353945477108,53.15477251021639,60.6887742546135,37.909715500650655,completed,False,not_required,not_required,False,2026-09-02T03:27:07Z
300234,开尔新材,0.44368483413744286,21.167988381373156,12.171888926943309,19.421150303407302,completed,False,not_required,not_required,False,2026-09-02T03:27:07Z
300235,方直科技,53.12917448697042,52.65279973273814,57.66742442584644,48.53468513339317,completed,False,not_required,not_required,False,2026-09-02T03:27:07Z
300236,上海新阳,57.254098082084084,46.703032226447,46.21615974251941,71.96086810082382,completed,False,not_required,not_required,False,2026-09-02T03:27:07Z
300237,ST美晨,14.246047455817738,23.53460024839735,32.087362095838046,4.398474491209431,completed,False,not_required,not_required,False,2026-09-02T03:27:07Z
300238,冠昊生物,22.39951680991291,29.56100852100461,24.77006328605446,17.96513325266507,completed,False,not_required,not_required,False,2026-09-02T03:27:07Z
300239,东宝生物,51.13495467178723,46.96060416782537,38.11991813147888,36.817069067043725,completed,False,not_required,not_required,False,2026-09-02T03:27:07Z
300240,飞力达,64.2908264377937,53.04069890492954,53.61235002976008,35.86653702147463,completed,False,not_required,not_required,False,2026-09-02T03:27:07Z
300241,瑞丰光电,62.686971906378574,52.54230100720413,51.56022976873149,68.26676636582448,completed,False,not_required,not_required,False,2026-09-02T03:27:07Z
300242,佳云科技,45.95271697238664,42.34024496915897,56.64410838470173,72.26225199058449,completed,False,not_required,not_required,False,2026-09-02T03:27:07Z
300243,瑞丰高材,67.25430432373017,53.52656607743138,60.246656194931994,41.881809030244845,completed,False,not_required,not_required,False,2026-09-02T03:27:07Z
300244,迪安诊断,61.063281969760354,50.26367413183311,56.96317044498741,30.514936763532802,completed,False,not_required,not_required,False,2026-09-02T03:27:07Z
300245,ST天玑,9.40258789500777,25.20953200062274,37.002400320827896,17.015270018103895,completed,False,not_required,not_required,False,2026-09-02T03:27:07Z
300246,宝莱特,19.038969413755993,39.761610682717695,20.56032369817472,61.10418335741442,completed,False,not_required,not_required,False,2026-09-02T03:27:07Z
300247,融捷健康,53.54795377989608,52.43329723149021,56.252211069960914,39.08109742226185,completed,False,not_required,not_required,False,2026-09-02T03:27:07Z
300248,新开普,23.47191242842408,32.88754873250538,24.085559758660647,19.840671827250787,completed,False,not_required,not_required,False,2026-09-02T03:27:07Z
300249,依米康,47.07512966153677,37.514232847562134,33.22815146210212,41.32784371141483,completed,False,not_required,not_required,False,2026-09-02T03:27:07Z
300250,初灵信息,37.979889385452715,41.09307012976635,33.836260547959895,20.353920999982765,completed,False,not_required,not_required,False,2026-09-02T03:27:07Z
300251,光线传媒,20.9141035169193,38.2508680086889,24.230006221379167,18.080454167636763,completed,False,not_required,not_required,False,2026-09-02T03:27:07Z
300252,金信诺,42.15669770583536,41.086994701450195,33.10691836887034,53.70898181195152,completed,False,not_required,not_required,False,2026-09-02T03:27:07Z
300253,卫宁健康,26.45340037812918,31.48239214738771,26.488926168166973,56.859650095572185,completed,False,not_required,not_required,False,2026-09-02T03:27:07Z
300254,仟源医药,54.701354623844004,45.55702655629404,59.33599155719882,67.7644342209233,completed,False,not_required,not_required,False,2026-09-02T03:27:07Z
300255,常山药业,29.738953262924966,47.13919484484577,36.23828284816185,33.795512337565015,completed,False,not_required,not_required,False,2026-09-02T03:27:07Z
300256,星星科技,25.13442776807848,35.0481137120279,25.846231634455876,22.361324867256364,completed,False,not_required,not_required,False,2026-09-02T03:27:07Z
300257,开山股份,54.69340532942958,50.11536826025734,40.90217840086477,25.764787116270256,completed,False,not_required,not_required,False,2026-09-02T03:27:07Z
300258,精锻科技,20.066842215167,30.50947384788108,22.46977426464329,21.65518296596074,completed,False,not_required,not_required,False,2026-09-02T03:27:07Z
300259,新天科技,27.856180803320807,35.548434862377505,39.53095361459166,60.93990381557429,completed,False,not_required,not_required,False,2026-09-02T03:27:07Z
300260,新莱应材,42.64500336448211,40.41987541081468,28.357344641867233,27.063010313649954,completed,False,not_required,not_required,False,2026-09-02T03:27:07Z
300261,雅本化学,8.43919038790105,27.94886361622082,14.774750289164299,10.024751627411446,completed,False,not_required,not_required,False,2026-09-02T03:27:07Z
300263,隆华科技,30.43614810714554,28.374863750832887,25.03180204044048,31.3195625208036,completed,False,not_required,not_required,False,2026-09-02T03:27:07Z
300264,佳创视讯,27.49625365524321,44.63315587216161,44.27061058601042,18.086771606736857,completed,False,not_required,not_required,False,2026-09-02T03:27:07Z
300265,通光线缆,17.979549079609903,26.765836402063513,23.297359537888127,24.221306023167315,completed,False,not_required,not_required,False,2026-09-02T03:27:07Z
300266,兴源环境,9.283160032638978,19.186319437406723,12.771050429406118,13.792658706641141,completed,False,not_required,not_required,False,2026-09-02T03:27:07Z
300267,尔康制药,53.99890942358484,59.939861950994654,53.688726262541024,28.447608763331125,completed,False,not_required,not_required,False,2026-09-02T03:27:07Z
300268,佳沃食品,48.8454650715646,49.29419129026257,68.47910728220562,22.470213975865192,completed,False,not_required,not_required,False,2026-09-02T03:27:07Z
300269,联建光电,6.537627291586027,20.493496385215202,7.610174962003777,26.516131848311765,completed,False,not_required,not_required,False,2026-09-02T03:27:07Z
300270,中威电子,69.32586140928062,51.449733431927925,69.10005920936254,72.20478793924491,completed,False,not_required,not_required,False,2026-09-02T03:27:07Z
300271,华宇软件,55.139471098717046,49.59005901256347,55.838686707160605,38.109139498555,completed,False,not_required,not_required,False,2026-09-02T03:27:07Z
300272,开能健康,53.75111387589981,49.11908948855629,46.31222472318549,68.49691113272034,completed,False,not_required,not_required,False,2026-09-02T03:27:07Z
300274,阳光电源,41.66969143898866,43.92519255248633,42.675764440296334,51.00275052444542,completed,False,not_required,not_required,False,2026-09-02T03:27:07Z
300275,梅安森,46.36595057976044,43.28987550288332,40.362327917021645,35.64769589237425,completed,False,not_required,not_required,False,2026-09-02T03:27:07Z
300276,三丰智能,59.15130216422162,53.83594473862675,55.77506241098883,28.905135029486594,completed,False,not_required,not_required,False,2026-09-02T03:27:07Z
300277,汽轮科技,50.27311778669139,41.61468681358109,41.443156275667434,79.2933480473539,completed,False,not_required,not_required,False,2026-09-02T03:27:07Z
300278,华昌达,20.696586310677617,21.942092418033432,22.61407334543719,32.646923408073214,completed,False,not_required,not_required,False,2026-09-02T03:27:07Z
300279,和晶科技,42.84080694331492,43.425689505095036,45.43661532502452,40.63097114069671,completed,False,not_required,not_required,False,2026-09-02T03:27:07Z
300281,金明精机,32.48191333276792,31.256725619315546,36.967380988330106,27.710589645050423,completed,False,not_required,not_required,False,2026-09-02T03:27:07Z
300283,温州宏丰,54.28737413002983,34.53910564114639,36.835157307272375,25.884739874140603,completed,False,not_required,not_required,False,2026-09-02T03:27:07Z
300284,苏交科,26.894699053988262,30.586258250270227,30.691742119482598,22.59632352648299,completed,False,not_required,not_required,False,2026-09-02T03:27:07Z
300285,国瓷材料,58.17818778281188,48.7040519682648,43.50866320731648,74.12667193120718,completed,False,not_required,not_required,False,2026-09-02T03:27:07Z
300286,安科瑞,46.97965603821972,42.02096977423786,43.677196082160094,52.04864688077706,completed,False,not_required,not_required,False,2026-09-02T03:27:07Z
300287,飞利信,27.78704971006229,39.33498666993629,42.87701341295488,21.536224757479516,completed,False,not_required,not_required,False,2026-09-02T03:27:07Z
300288,朗玛信息,4.303295445956106,14.90264194386893,15.487272503062181,26.835434618942358,completed,False,not_required,not_required,False,2026-09-02T03:27:07Z
300289,利德曼,23.853087023082516,34.82991647481893,31.46409270061458,66.26828084468649,completed,False,not_required,not_required,False,2026-09-02T03:27:07Z
300290,ST荣科,1.5028223299928527,19.182363366580063,11.937239298633871,10.689480959426424,completed,False,not_required,not_required,False,2026-09-02T03:27:07Z
300291,百纳千成,23.578076439096826,16.731009041587825,33.946756180639454,28.733532102832065,completed,False,not_required,not_required,False,2026-09-02T03:27:07Z
300292,吴通控股,49.16832620473796,48.97089565718069,46.86740845258648,38.24300707109812,completed,False,not_required,not_required,False,2026-09-02T03:27:07Z
300293,蓝英装备,22.641022518487944,25.94426333070294,26.75285962235376,21.1012639936012,completed,False,not_required,not_required,False,2026-09-02T03:27:07Z
300294,博雅生物,20.259612931855635,44.166273584066666,24.745567314332092,23.68432829498556,completed,False,not_required,not_required,False,2026-09-02T03:27:07Z
300295,*ST三六五,53.05551589126854,38.73035086877043,57.9753039710894,23.02952567297505,completed,False,not_required,not_required,False,2026-09-02T03:27:07Z
300296,利亚德,45.10168210128683,49.14829390389894,46.14173029434572,64.27153326558836,completed,False,not_required,not_required,False,2026-09-02T03:27:07Z
300298,三诺生物,55.73739278812033,47.79446250893164,45.92479761694982,55.604484873926694,completed,False,not_required,not_required,False,2026-09-02T03:27:07Z
300299,富春股份,68.2243365657918,52.38029595139878,66.54845455669573,36.5032670057146,completed,False,not_required,not_required,False,2026-09-02T03:27:07Z
300300,海峡创新,19.548970738983236,23.914321361727858,21.540404563912794,17.851184297538317,completed,False,not_required,not_required,False,2026-09-02T03:27:07Z
300301,ST长方,30.52787391661886,35.733156377758235,35.37304039707833,21.639309317929033,completed,False,not_required,not_required,False,2026-09-02T03:27:07Z
300302,同有科技,51.34107915614806,37.52088886880014,39.96384029556014,28.043833340234215,completed,False,not_required,not_required,False,2026-09-02T03:27:07Z
300303,聚飞光电,36.19593481211115,41.06120394170895,33.95095040771943,34.89730708003926,completed,False,not_required,not_required,False,2026-09-02T03:27:07Z
300304,云意电气,45.805681744503595,46.27656523852725,40.926737116799394,63.7969569939097,completed,False,not_required,not_required,False,2026-09-02T03:27:07Z
300305,裕兴股份,49.51204528554062,48.318344043820794,54.46473115641373,24.335513674433138,completed,False,not_required,not_required,False,2026-09-02T03:27:07Z
300306,远方信息,46.07770118344468,43.883014640694356,43.89022878132006,38.735183757393266,completed,False,not_required,not_required,False,2026-09-02T03:27:07Z
300307,慈星股份,76.59042697108265,61.39411677785795,59.68317916227795,45.796808427684724,completed,False,not_required,not_required,False,2026-09-02T03:27:07Z
300308,中际旭创,65.9832662962931,47.54191650181084,49.61329856728383,73.4515418471108,completed,False,not_required,not_required,False,2026-09-02T03:27:07Z
300310,宜通世纪,24.402209809630754,35.89893372916738,23.48374316603847,45.0261172583688,completed,False,not_required,not_required,False,2026-09-02T03:27:07Z
300311,任子行,45.666525514725265,43.25217349087649,45.403448768424965,31.88690838626757,completed,False,not_required,not_required,False,2026-09-02T03:27:07Z
300313,天山生物,51.335605337223015,39.52264069760377,43.79693944499031,11.894041799892912,completed,False,not_required,not_required,False,2026-09-02T03:27:07Z
300314,戴维医疗,39.462493592218955,48.03471331200237,30.915520358258913,38.64653326263049,completed,False,not_required,not_required,False,2026-09-02T03:27:07Z
300315,掌趣科技,23.115133358408457,27.78499768477408,33.59630704068887,37.50450007307809,completed,False,not_required,not_required,False,2026-09-02T03:27:07Z
300316,晶盛机电,57.68028454123999,60.11605359754603,59.89429795522392,34.31501224320042,completed,False,not_required,not_required,False,2026-09-02T03:27:07Z
300317,珈伟新能,29.107538633667225,31.594190367348773,37.67665553755868,20.628278267177592,completed,False,not_required,not_required,False,2026-09-02T03:27:07Z
300318,博晖创新,43.62409477331698,50.118817431096645,41.993165547187466,29.996885801828185,completed,False,not_required,not_required,False,2026-09-02T03:27:07Z
300319,麦捷科技,57.955917698243,49.77551131990968,52.195541732709074,25.717675495466924,completed,False,not_required,not_required,False,2026-09-02T03:27:07Z
300320,海达股份,60.64375522217341,48.121043159761754,58.70663772599946,39.14343772970162,completed,False,not_required,not_required,False,2026-09-02T03:27:07Z
300321,同大股份,41.77596613250995,41.07022339783508,43.24450305345599,32.39937001462965,completed,False,not_required,not_required,False,2026-09-02T03:27:07Z
300322,硕贝德,35.993765581508036,33.84952059793624,25.826870523286146,35.07776197493899,completed,False,not_required,not_required,False,2026-09-02T03:27:07Z
300323,华灿光电,37.1929275270307,28.693497149791188,29.906462746076762,26.318309461766027,completed,False,not_required,not_required,False,2026-09-02T03:27:07Z
300324,旋极信息,27.015142461775973,37.05750294885026,36.90929611552591,31.16250225326541,completed,False,not_required,not_required,False,2026-09-02T03:27:07Z
300326,ST凯利,48.642675120321584,46.66254657497872,57.009547951895,35.91093265192907,completed,False,not_required,not_required,False,2026-09-02T03:27:07Z
300327,中颖电子,64.88046878770194,50.726923367799905,49.51369361131141,54.93875133894066,completed,False,not_required,not_required,False,2026-09-02T03:27:07Z
300328,宜安科技,27.966682385244468,39.43066223817096,23.458653751191353,22.322107204023304,completed,False,not_required,not_required,False,2026-09-02T03:27:07Z
300329,海伦钢琴,26.9264101989017,44.79332305161423,32.38420021457672,28.17213692361831,completed,False,not_required,not_required,False,2026-09-02T03:27:07Z
300331,苏大维格,53.37905134245863,44.26228963452667,48.14801813257077,46.472683783327874,completed,False,not_required,not_required,False,2026-09-02T03:27:07Z
300332,天壕能源,79.97789523861125,63.5644752428439,68.90213955860199,46.32115642426077,completed,True,completed_or_best_effort,completed,False,2026-09-02T03:27:07Z
300333,兆日科技,56.49583941405973,48.31862049454913,57.66628625359761,75.87064078231764,completed,False,not_required,not_required,False,2026-09-02T03:27:07Z
300334,津膜科技,18.30621735807552,16.765304728953765,17.06059910259074,15.574714605874073,completed,False,not_required,not_required,False,2026-09-02T03:27:07Z
300335,迪森股份,51.53807555757767,49.659220092402336,50.176013163968236,27.25678233436345,completed,False,not_required,not_required,False,2026-09-02T03:27:07Z
300337,银邦股份,47.314331548056835,37.70751251632732,24.52616539948827,29.833307404538353,completed,False,not_required,not_required,False,2026-09-02T03:27:07Z
300338,*ST开元,28.669165861785842,31.759265716330365,36.81372348696048,8.16363666812035,completed,False,not_required,not_required,False,2026-09-02T03:27:07Z
300339,润和软件,26.669660333488803,30.37593541347203,20.7972931968045,35.439952643004844,completed,False,not_required,not_required,False,2026-09-02T03:27:07Z
300340,科恒股份,48.91856198542642,48.776342607038416,45.724521405526616,15.272093225010678,completed,False,not_required,not_required,False,2026-09-02T03:27:07Z
300341,麦克奥迪,51.209327381740074,42.0527534701589,44.14944579938215,30.412862766379156,completed,False,not_required,not_required,False,2026-09-02T03:27:07Z
300342,天银机电,53.27185740789129,55.33718240155494,46.56019091018212,29.18483554709997,completed,False,not_required,not_required,False,2026-09-02T03:27:07Z
300343,联创股份,61.15916984946354,46.656307179272744,55.73166149990806,50.72542745346992,completed,False,not_required,not_required,False,2026-09-02T03:27:07Z
300345,华民股份,17.488058960237463,30.151275916857326,20.63720621136121,49.331782423418204,completed,False,not_required,not_required,False,2026-09-02T03:27:07Z
300346,南大光电,59.91988367686309,48.76761438708431,43.52019752585378,31.444549753106987,completed,False,not_required,not_required,False,2026-09-02T03:27:07Z
300347,泰格医药,15.130180833002495,21.8967246108069,21.951700291782497,43.19416000720121,completed,False,not_required,not_required,False,2026-09-02T03:27:07Z
300348,长亮科技,51.59537805311458,47.3433069211614,47.94780027495368,56.687175849385945,completed,False,not_required,not_required,False,2026-09-02T03:27:07Z
300349,金卡智能,32.226061875381674,38.94689016138138,37.297030805435334,34.64891797823748,completed,False,not_required,not_required,False,2026-09-02T03:27:07Z
300350,华鹏飞,23.715586220332888,21.063729732903134,26.16295558747978,20.012682685414127,completed,False,not_required,not_required,False,2026-09-02T03:27:07Z
300351,永贵电器,34.168944087677524,44.61486680725737,29.23684246727884,67.2632810921034,completed,False,not_required,not_required,False,2026-09-02T03:27:07Z
300352,ST信源,7.044710613896587,20.989155628767335,10.219858840003068,5.787034313837841,completed,False,not_required,not_required,False,2026-09-02T03:27:07Z
300353,东土科技,51.21479696852552,55.540525231721574,61.96897289787862,44.858722550523986,completed,False,not_required,not_required,False,2026-09-02T03:27:07Z
300354,东华测试,23.816176723574124,29.8793092281058,27.85682607144999,26.489578362045396,completed,False,not_required,not_required,False,2026-09-02T03:27:07Z
300355,蒙草生态,17.717291534568492,36.162664194798964,26.41046986226771,20.52653630286334,completed,False,not_required,not_required,False,2026-09-02T03:27:07Z
300357,我武生物,48.97667823900924,38.365814064165285,46.54532341835828,40.435618594262365,completed,False,not_required,not_required,False,2026-09-02T03:27:07Z
300358,楚天科技,56.223808519854416,47.74126803496929,60.052596622035395,43.51746093842564,completed,False,not_required,not_required,False,2026-09-02T03:27:07Z
300359,全通教育,15.510976468678319,26.731080020484697,31.4171859744795,17.861993991444173,completed,False,not_required,not_required,False,2026-09-02T03:27:07Z
300360,炬华科技,37.62796854248348,50.90272320337621,40.526299200981896,52.36542279933063,completed,False,not_required,not_required,False,2026-09-02T03:27:07Z
300363,博腾股份,16.656678496341616,28.674015779790267,21.893272325378312,58.22873635212013,completed,False,not_required,not_required,False,2026-09-02T03:27:07Z
300364,中文在线,41.60980432141591,44.67842581507809,60.486653960835746,21.6460739477059,completed,False,not_required,not_required,False,2026-09-02T03:27:07Z
300365,恒华科技,23.909620478205582,44.0139212457623,35.30184192332476,30.864245413581678,completed,False,not_required,not_required,False,2026-09-02T03:27:07Z
300366,ST创意,7.693143031773257,29.605444738998273,23.37665437354468,7.206016682326892,completed,False,not_required,not_required,False,2026-09-02T03:27:07Z
300368,汇金股份,23.617218569026697,32.250534003356194,40.465462665336034,66.1715868293131,completed,False,not_required,not_required,False,2026-09-02T03:27:07Z
300369,绿盟科技,32.69894732701589,39.0124525718326,41.797231153304196,15.781521991620997,completed,False,not_required,not_required,False,2026-09-02T03:27:07Z
300370,安控科技,9.210253885085958,25.380419060374578,19.253956589859463,16.027736889446118,completed,False,not_required,not_required,False,2026-09-02T03:27:07Z
300371,汇中股份,21.137568355149597,23.670144626380726,31.31871383666615,40.4478935921119,completed,False,not_required,not_required,False,2026-09-02T03:27:07Z
300373,扬杰科技,57.6595348752731,43.908856605476174,45.69766694956516,38.44735108569803,completed,False,not_required,not_required,False,2026-09-02T03:27:07Z
300374,中铁装配,12.392836941397334,17.527863260787292,19.579435265207138,17.41709374893626,completed,False,not_required,not_required,False,2026-09-02T03:27:07Z
300375,鹏翎股份,62.79031839516581,51.01759370177705,56.49652293679351,69.80842424783793,completed,False,not_required,not_required,False,2026-09-02T03:27:07Z
300376,易事特,12.834646904934061,23.809712570794233,17.442114810009727,30.221116725129235,completed,False,not_required,not_required,False,2026-09-02T03:27:07Z
300377,赢时胜,52.39933942238211,45.04231518613994,67.88850365920264,25.761112272232587,completed,False,not_required,not_required,False,2026-09-02T03:27:07Z
300378,鼎捷数智,56.41740350075901,49.20963568280736,46.56359650620426,46.381762576203506,completed,False,not_required,not_required,False,2026-09-02T03:27:07Z
300380,安硕信息,25.932110839891063,30.779050777647655,16.507154223375583,22.185992772787692,completed,False,not_required,not_required,False,2026-09-02T03:27:07Z
300381,溢多利,3.660426382295217,21.99417356369073,18.923142698954663,46.42871652036978,completed,False,not_required,not_required,False,2026-09-02T03:27:07Z
300382,斯莱克,27.856378311333366,41.42895498856045,19.07976227672568,28.314587017839457,completed,False,not_required,not_required,False,2026-09-02T03:27:07Z
300383,光环新网,49.24634846225492,48.370304094421265,50.58389565368916,24.344113735360025,completed,False,not_required,not_required,False,2026-09-02T03:27:07Z
300384,三联虹普,36.2190410016139,40.481173238117286,42.31406629597364,32.47202092889684,completed,False,not_required,not_required,False,2026-09-02T03:27:07Z
300385,ST雪浪,24.20002081220678,35.47576471997688,28.797045577909834,8.423951312541188,completed,False,not_required,not_required,False,2026-09-02T03:27:07Z
300386,飞天诚信,32.64866849696838,42.43799171127204,33.14997072811777,28.55057574584081,completed,False,not_required,not_required,False,2026-09-02T03:27:07Z
300387,富邦科技,38.26994143209403,33.34848060224089,40.70478643884192,31.34174357164079,completed,False,not_required,not_required,False,2026-09-02T03:27:07Z
300388,节能国祯,41.583748802652046,44.201211924727026,42.1016536335734,38.8636187918998,completed,False,not_required,not_required,False,2026-09-02T03:27:07Z
300389,艾比森,55.31736236066174,45.445818462257726,49.15479503665235,26.50459762125001,completed,False,not_required,not_required,False,2026-09-02T03:27:07Z
300390,天华新能,70.38851472292184,52.12456824210129,59.192330165832374,44.34777115214498,completed,False,not_required,not_required,False,2026-09-02T03:27:07Z
300393,中来股份,4.775190633040818,36.046594552120496,13.783458666136676,14.510890735893245,completed,False,not_required,not_required,False,2026-09-02T03:27:07Z
300394,天孚通信,54.59616175346073,44.935065081969036,51.23207559258456,61.7209611136579,completed,False,not_required,not_required,False,2026-09-02T03:27:07Z
300395,菲利华,55.58985999188471,46.68864919105725,43.58045123387212,34.01468509239245,completed,False,not_required,not_required,False,2026-09-02T03:27:07Z
300396,ST迪瑞,45.99385677403707,48.655636146237256,56.871346986101415,14.646434549658753,completed,False,not_required,not_required,False,2026-09-02T03:27:07Z
300397,天和防务,41.56321217724706,35.22860060836586,45.24896086815771,28.017233457059184,completed,False,not_required,not_required,False,2026-09-02T03:27:07Z
300398,飞凯材料,62.0696908585594,49.07367002146891,57.46220624017357,65.77932428969203,completed,False,not_required,not_required,False,2026-09-02T03:27:07Z
300399,天利科技,63.78609619315279,56.69603393199418,62.29228630757754,31.527327440551417,completed,False,not_required,not_required,False,2026-09-02T03:27:07Z
300400,劲拓股份,59.92050052316886,47.207266497491396,44.488537255635244,53.83122334733225,completed,False,not_required,not_required,False,2026-09-02T03:27:07Z
300401,花园生物,58.46840162556269,51.32694362254227,43.15948912781984,35.094057105815,completed,False,not_required,not_required,False,2026-09-02T03:27:07Z
300402,宝色股份,39.779762610019944,49.62238747360142,36.827461026987294,45.80473817608685,completed,False,not_required,not_required,False,2026-09-02T03:27:07Z
300403,汉宇集团,53.39205419186263,49.298820381731424,49.44478072769522,29.37675486013364,completed,False,not_required,not_required,False,2026-09-02T03:27:07Z
300404,博济医药,42.56895647626392,29.553003238650295,33.36129462586771,43.41550031273606,completed,False,not_required,not_required,False,2026-09-02T03:27:07Z
300405,科隆股份,50.308722057677855,44.78715576983408,57.98035707707563,35.09984263344536,completed,False,not_required,not_required,False,2026-09-02T03:27:07Z
300406,九强生物,52.22850612357179,48.830810739963546,51.961966698616145,53.11855062154193,completed,False,not_required,not_required,False,2026-09-02T03:27:07Z
300407,凯发电气,42.27215208478961,36.835231199258224,30.962056487203952,46.07498485095146,completed,False,not_required,not_required,False,2026-09-02T03:27:07Z
300408,三环集团,69.02304324306995,53.50374252311564,51.79648521048744,65.49774602523007,completed,False,not_required,not_required,False,2026-09-02T03:27:07Z
300409,道氏技术,45.56937868208748,41.413719810258016,36.990810006272554,22.992319109853568,completed,False,not_required,not_required,False,2026-09-02T03:27:07Z
300410,正业科技,49.702235712673286,29.96274586362736,31.02083252299455,31.052032629535308,completed,False,not_required,not_required,False,2026-09-02T03:27:07Z
300411,金盾股份,38.44143627754548,46.54478648604214,25.942999024478926,60.239488554591645,completed,False,not_required,not_required,False,2026-09-02T03:27:07Z
300412,迦南科技,33.364855968784354,39.51669098639607,27.236592209546302,16.312531392320274,completed,False,not_required,not_required,False,2026-09-02T03:27:07Z
300413,芒果超媒,22.745464538455554,27.10907380616141,27.069556450340805,21.963476600830266,completed,False,not_required,not_required,False,2026-09-02T03:27:07Z
300414,中光防雷,32.565492763711156,30.34413020599555,26.825554070171265,25.565999985517074,completed,False,not_required,not_required,False,2026-09-02T03:27:07Z
300415,伊之密,49.12013559055277,44.405694114743476,37.39329433758926,37.38515463910309,completed,False,not_required,not_required,False,2026-09-02T03:27:07Z
300416,苏试试验,52.40096763381389,48.90176150013757,47.58285922481836,30.753028424150692,completed,False,not_required,not_required,False,2026-09-02T03:27:07Z
300417,南华仪器,42.91079808016985,31.867812053237927,39.02995204248549,22.469989011750865,completed,False,not_required,not_required,False,2026-09-02T03:27:07Z
300418,昆仑万维,68.26007416699414,46.42584555813383,64.34180897151693,67.3075259452837,completed,False,not_required,not_required,False,2026-09-02T03:27:07Z
300419,ST浩丰,0.0,10.74761858422328,9.360169805005336,23.66020699702198,completed,False,not_required,not_required,False,2026-09-02T03:27:07Z
300420,五洋自控,11.996264496681032,17.593986346064483,20.46179153753635,42.79998560914012,completed,False,not_required,not_required,False,2026-09-02T03:27:07Z
300421,力星股份,42.71914981440136,41.07145012627239,39.15683061520368,28.485484275371086,completed,False,not_required,not_required,False,2026-09-02T03:27:07Z
300422,博世科,2.650054585547032,19.73954679794717,17.035616460684267,13.425145092876274,completed,False,not_required,not_required,False,2026-09-02T03:27:07Z
300423,昇辉科技,4.226487784289814,22.738565284100577,11.629926589096721,30.063411743757136,completed,False,not_required,not_required,False,2026-09-02T03:27:07Z
300424,航新科技,6.11866266043296,17.193491348731627,9.556056888852686,51.109698487284064,completed,False,not_required,not_required,False,2026-09-02T03:27:07Z
300425,中建环能,39.622450515593414,36.852282689895155,35.399857918367665,36.97306383630436,completed,False,not_required,not_required,False,2026-09-02T03:27:07Z
300426,华智数媒,67.4843909780555,56.623633709222595,57.98975678601144,31.53032528500572,completed,False,not_required,not_required,False,2026-09-02T03:27:07Z
300427,红相股份,12.519678238142102,21.23641566637493,21.186147682194367,29.73483071350413,completed,False,not_required,not_required,False,2026-09-02T03:27:07Z
300428,立中集团,61.38892362057477,51.572456983027955,51.39189812169416,36.90357497775864,completed,False,not_required,not_required,False,2026-09-02T03:27:07Z
300429,强力新材,23.83561873367372,34.91466007069162,20.78414593379054,14.406545333943937,completed,False,not_required,not_required,False,2026-09-02T03:27:07Z
300430,*ST益通,16.412681854078386,25.96309294666588,29.647023264450176,7.625189816663953,completed,False,not_required,not_required,False,2026-09-02T03:27:07Z
300432,富临精工,67.44409956116306,45.88686690868206,46.195433143273036,54.650137635493365,completed,False,not_required,not_required,False,2026-09-02T03:27:07Z
300433,蓝思科技,56.71273877912364,56.88422416366643,55.64641599061632,72.06018878362126,completed,False,not_required,not_required,False,2026-09-02T03:27:07Z
300434,金石亚药,35.272171253714326,34.68335977884547,38.38632262983854,31.29748909117601,completed,False,not_required,not_required,False,2026-09-02T03:27:07Z
300435,中泰股份,64.41884275359428,56.37983469259162,63.52263283193324,44.61444613577118,completed,False,not_required,not_required,False,2026-09-02T03:27:07Z
300436,广生堂,29.771083052378252,37.24357471205022,23.209709270193276,24.519601929199183,completed,False,not_required,not_required,False,2026-09-02T03:27:07Z
300437,清水源,48.527317266042225,38.04146830775462,61.178833115367674,32.291398484283555,completed,False,not_required,not_required,False,2026-09-02T03:27:07Z
300438,鹏辉能源,62.410724775364045,39.513957831267724,54.487426580171025,47.367629656321455,completed,False,not_required,not_required,False,2026-09-02T03:27:07Z
300439,美康生物,52.03811234811183,49.945110812538815,43.728662240350985,57.045884957280634,completed,False,not_required,not_required,False,2026-09-02T03:27:07Z
300440,运达科技,16.254872027430178,26.647113834737482,22.269134046472487,29.269517258385996,completed,False,not_required,not_required,False,2026-09-02T03:27:07Z
300441,鲍斯股份,53.71067327557479,50.192311411290426,44.85751762808158,42.10368412202922,completed,False,not_required,not_required,False,2026-09-02T03:27:07Z
300442,润泽科技,62.0949089726028,45.0579534935591,48.52045085712089,68.81115021918183,completed,False,not_required,not_required,False,2026-09-02T03:27:07Z
300443,金雷股份,34.88523612958371,35.065797826914235,40.70571843957792,46.60988966866047,completed,False,not_required,not_required,False,2026-09-02T03:27:07Z
300444,双杰电气,18.61046129544471,24.578857526300006,12.508573792076932,25.466197319953352,completed,False,not_required,not_required,False,2026-09-02T03:27:07Z
300445,康斯特,55.51601305363276,40.46613887100708,49.590799202097244,35.42339095201189,completed,False,not_required,not_required,False,2026-09-02T03:27:07Z
300446,航天智造,39.67785645666944,36.152738723111945,39.49167374687193,39.80282161373021,completed,False,not_required,not_required,False,2026-09-02T03:27:07Z
300447,全信股份,51.40833399533227,52.99247416647118,53.8389661071918,50.544653604417725,completed,False,not_required,not_required,False,2026-09-02T03:27:07Z
300448,浩云科技,7.400401513622594,19.9950152721632,21.806266280533237,20.168408121025422,completed,False,not_required,not_required,False,2026-09-02T03:27:07Z
300449,汉邦高科,47.95711394152391,47.21465562295448,52.54030714796729,70.31941943214366,completed,False,not_required,not_required,False,2026-09-02T03:27:07Z
300450,先导智能,61.23144008316588,45.78552220680541,45.06157419056889,54.200708428313206,completed,False,not_required,not_required,False,2026-09-02T03:27:07Z
300451,创业慧康,28.214604150179127,42.382487299014336,32.498123073101006,32.25131989511511,completed,False,not_required,not_required,False,2026-09-02T03:27:07Z
300452,山河药辅,59.682706492288006,47.86819753937699,50.32390540677824,36.22407476689545,completed,False,not_required,not_required,False,2026-09-02T03:27:07Z
300453,三鑫医疗,55.77736220890313,45.190424935217465,49.63371357805828,54.304168267035514,completed,False,not_required,not_required,False,2026-09-02T03:27:07Z
300454,深信服,61.9279759885692,49.44903022176461,50.47328518713354,68.82073211084877,completed,False,not_required,not_required,False,2026-09-02T03:27:07Z
300455,航天智装,36.85888502220629,45.388870932432674,49.457001937038505,29.090637115218684,completed,False,not_required,not_required,False,2026-09-02T03:27:07Z
300456,赛微电子,46.4997070852697,44.490161417598785,57.763567234098296,26.491421687513064,completed,False,not_required,not_required,False,2026-09-02T03:27:07Z
300457,赢合科技,47.417912920257415,26.361814300828,33.56505446246692,46.60988477528266,completed,False,not_required,not_required,False,2026-09-02T03:27:07Z
300458,全志科技,73.08716629139997,52.73384624178959,58.13564808912201,61.85424024533217,completed,False,not_required,not_required,False,2026-09-02T03:27:07Z
300459,汤姆猫,59.5471532287018,43.569797921273846,58.391742383120736,29.539034891148063,completed,False,not_required,not_required,False,2026-09-02T03:27:07Z
300460,ST惠伦,31.457061596697507,37.814442360112146,36.44218473911544,7.778189244662988,completed,False,not_required,not_required,False,2026-09-02T03:27:07Z
300461,田中精机,50.7102871792932,45.7103636837989,51.31530285562189,46.799732482109796,completed,False,not_required,not_required,False,2026-09-02T03:27:07Z
300462,ST华铭,9.541790231402175,19.651181609300906,26.28642332240976,16.602414391277648,completed,False,not_required,not_required,False,2026-09-02T03:27:07Z
300463,迈克生物,59.713932556943696,63.80421056356156,61.43907107272628,51.127853684448034,completed,False,not_required,not_required,False,2026-09-02T03:27:07Z
300464,星徽股份,57.9741377411155,45.824618418414175,60.15302698885519,41.561559477993036,completed,False,not_required,not_required,False,2026-09-02T03:27:07Z
300465,高伟达,33.29228770146256,42.02418878254646,29.331360520798135,29.84143576262356,completed,False,not_required,not_required,False,2026-09-02T03:27:07Z
300466,赛摩智能,57.94366103404995,49.757377833382385,66.7944092751318,36.797021803101764,completed,False,not_required,not_required,False,2026-09-02T03:27:07Z
300467,迅游科技,44.04090511373962,41.54192740113435,41.50157437672235,40.59120820375845,completed,False,not_required,not_required,False,2026-09-02T03:27:07Z
300468,四方精创,44.9243360375037,40.80440751578579,39.00210743955939,31.41848509815467,completed,False,not_required,not_required,False,2026-09-02T03:27:07Z
300469,信息发展,27.812289408861453,41.236343349004734,19.966868921963343,22.11554637304623,completed,False,not_required,not_required,False,2026-09-02T03:27:07Z
300470,中密控股,38.67090612486447,39.27643964048062,40.80495192380686,60.77242710119389,completed,False,not_required,not_required,False,2026-09-02T03:27:07Z
300471,厚普股份,49.71693905900974,41.075043710647655,51.60188134465809,34.281798284225474,completed,False,not_required,not_required,False,2026-09-02T03:27:07Z
300472,*ST新元,31.526538778813077,30.609602869143632,43.182073203550246,11.313338601423713,completed,False,not_required,not_required,False,2026-09-02T03:27:07Z
300473,德尔股份,51.642374286466406,43.60710163310076,44.85199277681235,77.03054969061903,completed,False,not_required,not_required,False,2026-09-02T03:27:07Z
300474,景嘉微,43.30674366240601,47.70948985875594,39.390834559668356,39.75294639822711,completed,False,not_required,not_required,False,2026-09-02T03:27:07Z
300475,香农芯创,76.27317110609123,49.007999738600724,51.03239883970234,46.60360207456735,completed,False,not_required,not_required,False,2026-09-02T03:27:07Z
300476,胜宏科技,53.83314683549438,43.44452436611122,39.37456835840097,47.983177428002044,completed,False,not_required,not_required,False,2026-09-02T03:27:07Z
300477,ST合纵,12.163862954643612,22.989646927021102,9.798431071062266,10.212871647896673,completed,False,not_required,not_required,False,2026-09-02T03:27:07Z
300478,杭州高新,20.043442961994757,28.272250318472782,35.024929700223375,21.746728178492155,completed,False,not_required,not_required,False,2026-09-02T03:27:07Z
300479,神思电子,64.65465370165253,64.62828877603467,64.32047024015385,55.60866880450913,completed,False,not_required,not_required,False,2026-09-02T03:27:07Z
300480,光力科技,64.90801447173804,53.36882642209966,45.709319711910844,48.029959449633004,completed,False,not_required,not_required,False,2026-09-02T03:27:07Z
300481,濮阳惠成,62.00072649566837,55.08426908004347,60.37480526128083,45.60084327282974,completed,False,not_required,not_required,False,2026-09-02T03:27:07Z
300482,万孚生物,68.5825965827683,67.51801884898822,67.93484561924444,80.15881348591509,completed,True,completed_or_best_effort,completed,False,2026-09-02T03:27:07Z
300483,首华燃气,84.284800322894,65.36653440205636,81.28792897978894,83.02573617557427,completed,True,completed_or_best_effort,completed,False,2026-09-02T03:27:07Z
300484,蓝海华腾,33.36744278177917,34.43592341961809,32.08273993383916,23.167584719188614,completed,False,not_required,not_required,False,2026-09-02T03:27:07Z
300485,赛升药业,13.665467356108309,28.69882676101905,27.016925986147406,15.48279241661002,completed,False,not_required,not_required,False,2026-09-02T03:27:07Z
300486,东杰智能,42.2399261441988,41.89861482523776,30.987926117668906,40.535302230467224,completed,False,not_required,not_required,False,2026-09-02T03:27:07Z
300487,蓝晓科技,55.62177991513161,48.68382559926276,44.544157517879526,45.46111179553348,completed,False,not_required,not_required,False,2026-09-02T03:27:07Z
300488,恒锋工具,58.87468879588263,50.38204530500706,54.179088283636226,34.86073328782741,completed,False,not_required,not_required,False,2026-09-02T03:27:07Z
300489,光智科技,11.276311284409996,27.292047393817036,10.795315653148366,40.126401581627,completed,False,not_required,not_required,False,2026-09-02T03:27:07Z
300490,华自科技,59.4612615735182,45.594039035412806,60.346602766586265,41.29603238169166,completed,False,not_required,not_required,False,2026-09-02T03:27:07Z
300491,通合科技,31.11682506533981,28.476536620931427,20.48716583718248,42.42641707550076,completed,False,not_required,not_required,False,2026-09-02T03:27:07Z
300492,华图山鼎,30.58263963358832,24.21098873416478,25.95177818596323,22.150487726079966,completed,False,not_required,not_required,False,2026-09-02T03:27:07Z
300493,润欣科技,56.26470755638028,44.49741297355051,47.69913408329031,40.67487762910354,completed,False,not_required,not_required,False,2026-09-02T03:27:07Z
300494,盛天网络,15.665273414687725,23.554693258193453,21.91327527885303,26.553219285443298,completed,False,not_required,not_required,False,2026-09-02T03:27:07Z
300496,中科创达,59.83231668419005,53.443251343604445,47.95124518860495,63.1984090085526,completed,False,not_required,not_required,False,2026-09-02T03:27:07Z
300497,富祥股份,67.62320151107211,53.78909525792075,59.67094230039566,35.75410679184369,completed,False,not_required,not_required,False,2026-09-02T03:27:07Z
300498,温氏股份,10.674428275122647,23.89200996413986,15.956029944978086,49.07454505144056,completed,False,not_required,not_required,False,2026-09-02T03:27:07Z
300499,高澜股份,47.31711900397427,46.62810500483777,32.77635517939566,34.714479905739,completed,False,not_required,not_required,False,2026-09-02T03:27:07Z
300500,启迪设计,47.310816431070386,46.34314394020165,45.14825948425473,30.8544441940943,completed,False,not_required,not_required,False,2026-09-02T03:27:07Z
300501,海顺新材,21.679493030709118,28.552569860233696,18.186636101485412,20.187260821407484,completed,False,not_required,not_required,False,2026-09-02T03:27:07Z
300502,新易盛,63.36834872579239,48.06655263522013,50.21031541238149,56.99641776119518,completed,False,not_required,not_required,False,2026-09-02T03:27:07Z
300503,昊志机电,60.58029784711108,45.40413924605202,42.42600952644906,66.48344563309094,completed,False,not_required,not_required,False,2026-09-02T03:27:07Z
300504,天邑股份,61.23417174999096,55.46487885054244,64.76328956983305,27.13476816596834,completed,False,not_required,not_required,False,2026-09-02T03:27:07Z
300505,川金诺,36.44523776494328,35.594019983463646,36.0854104257131,31.06715502248459,completed,False,not_required,not_required,False,2026-09-02T03:27:07Z
300506,名家汇,45.418529829846136,45.478359581260676,48.46123817495648,29.89636567880079,completed,False,not_required,not_required,False,2026-09-02T03:27:07Z
300507,苏奥传感,36.208938888779485,45.01083931501531,37.56101884246958,35.587017249376274,completed,False,not_required,not_required,False,2026-09-02T03:27:07Z
300508,维宏股份,54.976842368607045,45.8670908758311,50.02975074456347,57.86949330980465,completed,False,not_required,not_required,False,2026-09-02T03:27:07Z
300509,新美星,65.05098988771259,48.889989679516574,50.98648964047512,52.36505840250295,completed,False,not_required,not_required,False,2026-09-02T03:27:07Z
300510,金冠股份,39.837674805164106,49.362648469173955,39.93999567733012,44.43837051615892,completed,False,not_required,not_required,False,2026-09-02T03:27:07Z
300511,雪榕生物,53.242203761611194,39.048556352356236,41.62716493151625,35.443111434450046,completed,False,not_required,not_required,False,2026-09-02T03:27:07Z
300512,中亚股份,43.18540108445653,45.79698194505189,33.08040396671543,22.805032045235055,completed,False,not_required,not_required,False,2026-09-02T03:27:07Z
300513,恒实科技,44.21730055043017,41.95139548121597,49.72111927097608,33.88225980346798,completed,False,not_required,not_required,False,2026-09-02T03:27:07Z
300514,友讯达,33.01338074837211,48.01100979590013,32.93623260394696,37.59818391487564,completed,False,not_required,not_required,False,2026-09-02T03:27:07Z
300515,三德科技,58.88296661908694,45.66488151429488,47.65127451402321,27.394395430124753,completed,False,not_required,not_required,False,2026-09-02T03:27:07Z
300516,久之洋,55.099951951401266,47.13395420006443,44.145594691936715,42.58725199285516,completed,False,not_required,not_required,False,2026-09-02T03:27:07Z
300517,海波重科,0.0,18.75339015381146,5.4213947013130355,8.920902483855015,completed,False,not_required,not_required,False,2026-09-02T03:27:07Z
300518,新迅达,15.993840202720218,30.22723980214745,32.49518615273528,18.52920720080961,completed,False,not_required,not_required,False,2026-09-02T03:27:07Z
300519,新光药业,67.69712339258305,53.48217045917295,64.63051346674692,42.01959252040943,completed,False,not_required,not_required,False,2026-09-02T03:27:07Z
300520,科大国创,25.594900863553143,34.5437950113713,18.14780792408586,16.29527344814595,completed,False,not_required,not_required,False,2026-09-02T03:27:07Z
300521,爱司凯,20.081652721800985,27.278777831952254,19.788550682566072,36.86961201370292,completed,False,not_required,not_required,False,2026-09-02T03:27:07Z
300522,世名科技,14.662526718210842,30.459718273770434,19.143111722711907,14.744407216863578,completed,False,not_required,not_required,False,2026-09-02T03:27:07Z
300523,辰安科技,35.48777180759325,31.22483316095045,40.31183262107553,66.18650386311097,completed,False,not_required,not_required,False,2026-09-02T03:27:07Z
300525,博思软件,29.748647840719805,31.770726198420828,40.942733670319,59.630627825733164,completed,False,not_required,not_required,False,2026-09-02T03:27:07Z
300527,ST应急,41.74448818790667,48.30971864922004,46.39393044979663,24.17314511954961,completed,False,not_required,not_required,False,2026-09-02T03:27:07Z
300528,幸福蓝海,42.333443300590844,45.892216538364984,34.32107874593829,22.329085481944894,completed,False,not_required,not_required,False,2026-09-02T03:27:07Z
300529,健帆生物,43.20298166388901,42.33868614394438,41.20171265582922,42.988912334968234,completed,False,not_required,not_required,False,2026-09-02T03:27:07Z
300530,领湃科技,45.310045071176724,44.16140937826006,47.849043282873986,20.31243195253433,completed,False,not_required,not_required,False,2026-09-02T03:27:07Z
300531,优博讯,58.79660035632379,47.77560795211913,43.173990099152235,30.048262941619193,completed,False,not_required,not_required,False,2026-09-02T03:27:07Z
300532,今天国际,48.052609658412784,41.407002725938945,29.595215591418057,72.4014312556112,completed,False,not_required,not_required,False,2026-09-02T03:27:07Z
300533,冰川网络,11.960736826812653,25.977474680475268,20.282739646120515,16.904721249214674,completed,False,not_required,not_required,False,2026-09-02T03:27:07Z
300534,陇神戎发,13.992451022131242,29.563326065225368,16.284645708822755,47.38229142589589,completed,False,not_required,not_required,False,2026-09-02T03:27:07Z
300535,达威股份,10.818275520707271,28.501411799607723,18.773656995019167,52.81395845979411,completed,False,not_required,not_required,False,2026-09-02T03:27:07Z
300536,农尚环境,24.55436852684658,34.42841020352182,17.49741194756474,10.73934509727396,completed,False,not_required,not_required,False,2026-09-02T03:27:07Z
300537,广信材料,61.270377078074176,49.97748494851837,52.13534269392392,50.54937604096619,completed,False,not_required,not_required,False,2026-09-02T03:27:07Z
300538,同益股份,20.413049052973292,24.321002532517966,28.703161759635186,16.245580466794976,completed,False,not_required,not_required,False,2026-09-02T03:27:07Z
300539,横河精密,37.38776863980944,41.10562475966481,34.540752344466846,36.35883463265037,completed,False,not_required,not_required,False,2026-09-02T03:27:07Z
300540,蜀道装备,43.32137121950302,38.2623197366383,36.539055964488945,51.53497990596035,completed,False,not_required,not_required,False,2026-09-02T03:27:07Z
300541,先进数通,17.68277408517296,21.259446227514516,23.290252778028215,33.91512468482024,completed,False,not_required,not_required,False,2026-09-02T03:27:07Z
300542,新晨科技,40.95337323985352,34.2803782271067,55.16611408159761,40.27558166016128,completed,False,not_required,not_required,False,2026-09-02T03:27:07Z
300543,朗科智能,28.797792790424566,31.542640251956822,20.565802685766805,20.17357317466525,completed,False,not_required,not_required,False,2026-09-02T03:27:07Z
300545,联得装备,45.62685788841231,56.89211112943151,39.46464437994964,51.463533830666904,completed,False,not_required,not_required,False,2026-09-02T03:27:07Z
300546,雄帝科技,34.116386116427336,38.4742234569466,36.66339298134777,42.394778846919664,completed,False,not_required,not_required,False,2026-09-02T03:27:07Z
300547,川环科技,43.431238046852016,38.29648879544269,38.49081649738173,39.920443728312414,completed,False,not_required,not_required,False,2026-09-02T03:27:07Z
300548,长芯博创,77.03376045192289,60.857026865699915,56.88430278371423,45.92607306259268,completed,False,not_required,not_required,False,2026-09-02T03:27:07Z
300549,优德精密,55.225504852492385,48.80789591350263,51.28091833413628,24.93457165739265,completed,False,not_required,not_required,False,2026-09-02T03:27:07Z
300550,和仁科技,14.97757709820506,30.585955935651683,20.709363640430173,64.50694350828462,completed,False,not_required,not_required,False,2026-09-02T03:27:07Z
300551,古鳌科技,52.063025712199064,50.50061987376179,60.30826558964218,65.95904212588431,completed,False,not_required,not_required,False,2026-09-02T03:27:07Z
300552,万集科技,44.8149694669787,38.28142386476437,51.3801353925448,38.21470589809925,completed,False,not_required,not_required,False,2026-09-02T03:27:07Z
300553,集智股份,30.547559982388144,38.412539794501534,28.75896643080164,36.19736630288242,completed,False,not_required,not_required,False,2026-09-02T03:27:07Z
300554,三超新材,32.872204145401824,43.33014455740545,39.37430431708374,52.84633692610644,completed,False,not_required,not_required,False,2026-09-02T03:27:07Z
300555,ST路通,28.858009547977915,33.21154692850617,35.815134508797044,9.504816441179722,completed,False,not_required,not_required,False,2026-09-02T03:27:07Z
300556,丝路视觉,47.81670224384943,45.86748707217487,43.448872570533844,29.55852068777986,completed,False,not_required,not_required,False,2026-09-02T03:27:07Z
300557,理工光科,35.57804515532246,34.38296291256831,28.77101808934493,33.48217768159188,completed,False,not_required,not_required,False,2026-09-02T03:27:07Z
300558,贝达药业,55.492754417645784,41.493523782182855,43.20223536282816,43.65899386821816,completed,False,not_required,not_required,False,2026-09-02T03:27:07Z
300559,佳发教育,29.63501077778922,33.76883424646002,35.962418227000796,30.032534812973083,completed,False,not_required,not_required,False,2026-09-02T03:27:07Z
300560,中富通,46.006600483979604,51.27167713292349,46.730266186388135,55.80492866402558,completed,False,not_required,not_required,False,2026-09-02T03:27:07Z
300561,汇金科技,13.636932608261134,20.569139705365806,23.85061331086862,11.524448758292335,completed,False,not_required,not_required,False,2026-09-02T03:27:07Z
300562,乐心医疗,59.575083953280064,52.44223531049877,54.90256542795902,63.347364702155616,completed,False,not_required,not_required,False,2026-09-02T03:27:07Z
300563,神宇股份,36.099511791029734,33.85401062164226,30.309299822968764,32.48754830942136,completed,False,not_required,not_required,False,2026-09-02T03:27:07Z
300564,筑博设计,30.103863274062867,31.88465424481265,41.21201370259913,23.738150444321008,completed,False,not_required,not_required,False,2026-09-02T03:27:07Z
300565,科信技术,52.05741056731626,50.22379713108418,51.155933160973056,30.73174320809546,completed,False,not_required,not_required,False,2026-09-02T03:27:07Z
300566,激智科技,52.29128640357378,44.135926098267404,52.36555963506455,43.900174294650725,completed,False,not_required,not_required,False,2026-09-02T03:27:07Z
300567,精测电子,56.48606577417822,55.339226134418126,49.047350941442886,67.93315952967528,completed,False,not_required,not_required,False,2026-09-02T03:27:07Z
300568,星源材质,73.58977225841723,63.292886982944886,57.65229501396595,73.87514589164341,completed,False,not_required,not_required,False,2026-09-02T03:27:07Z
300569,天能重工,24.950688300682355,32.57230505301982,28.21467171540705,14.936211201935457,completed,False,not_required,not_required,False,2026-09-02T03:27:07Z
300570,太辰光,56.58337811410649,46.73614352715545,34.694678067517515,41.26248335990039,completed,False,not_required,not_required,False,2026-09-02T03:27:07Z
300571,平治信息,10.761082989817933,28.502434057369186,17.90551386508205,55.830220742788065,completed,False,not_required,not_required,False,2026-09-02T03:27:07Z
300572,安车检测,33.0392765350923,35.501990090383906,24.049120704038252,54.641017059768444,completed,False,not_required,not_required,False,2026-09-02T03:27:07Z
300573,兴齐眼药,59.218828621736904,48.85927066354829,54.476607513223065,56.158972999714486,completed,False,not_required,not_required,False,2026-09-02T03:27:07Z
300575,中旗股份,70.1750328264018,53.47471779709455,73.98843559864697,72.68234612555582,completed,False,not_required,not_required,False,2026-09-02T03:27:07Z
300576,容大感光,41.41375537061746,37.45045444671997,33.34511508384199,35.21025911187663,completed,False,not_required,not_required,False,2026-09-02T03:27:07Z
300577,开润股份,55.476472802088075,43.98295343899369,44.339747117178455,37.26872789374178,completed,False,not_required,not_required,False,2026-09-02T03:27:07Z
300578,会畅科技,16.6048307805214,26.050103610747406,24.195923653956523,21.55147504915265,completed,False,not_required,not_required,False,2026-09-02T03:27:07Z
300579,数字认证,43.31582382036483,40.087559495884314,51.50611834165859,27.846818773468975,completed,False,not_required,not_required,False,2026-09-02T03:27:07Z
300580,贝斯特,46.69399024315691,43.758807961787184,41.93180779747872,48.66962376247327,completed,False,not_required,not_required,False,2026-09-02T03:27:07Z
300581,晨曦航空,26.253005163126403,33.59890572778787,36.88309109535965,18.254666016159156,completed,False,not_required,not_required,False,2026-09-02T03:27:07Z
300582,英飞特,45.56269322266609,38.92024293488557,49.7638045977407,21.670910312770058,completed,False,not_required,not_required,False,2026-09-02T03:27:07Z
300583,赛托生物,69.17348283806766,55.595310220410575,75.37507717428372,44.682349652305206,completed,False,not_required,not_required,False,2026-09-02T03:27:07Z
300584,海辰药业,47.73237557572262,40.4228019120492,35.26622418263486,28.008343194281014,completed,False,not_required,not_required,False,2026-09-02T03:27:07Z
300585,奥联电子,4.11261918792572,21.38782655156811,14.923368077182653,48.6052288982531,completed,False,not_required,not_required,False,2026-09-02T03:27:07Z
300586,美联新材,70.68492107637852,62.318185349452605,73.6171919843864,36.35686930610091,completed,False,not_required,not_required,False,2026-09-02T03:27:07Z
300587,天铁科技,76.97475693847106,65.29505546217703,72.41210141233782,60.37337085612657,completed,True,completed_or_best_effort,completed,False,2026-09-02T03:27:07Z
300588,熙菱信息,35.845562367720035,40.92470269374579,38.23631023455807,63.27972929726335,completed,False,not_required,not_required,False,2026-09-02T03:27:07Z
300589,江龙船艇,35.875021509331056,36.90075571252422,21.4676719784873,23.108700663049525,completed,False,not_required,not_required,False,2026-09-02T03:27:07Z
300590,移为通信,48.8608244152962,31.787652145054473,40.380071825386494,64.52406953429649,completed,False,not_required,not_required,False,2026-09-02T03:27:07Z
300591,万里马,28.88144649005836,30.573219615992315,41.60693827850249,22.165288302364488,completed,False,not_required,not_required,False,2026-09-02T03:27:07Z
300592,华凯易佰,59.74673593296909,44.9847152782566,53.06501636611406,80.0037054871719,completed,False,not_required,not_required,False,2026-09-02T03:27:07Z
300593,新雷能,36.4797011758386,42.59164175338055,42.0287715889975,27.27558131068033,completed,False,not_required,not_required,False,2026-09-02T03:27:07Z
300594,ST朗进,0.0,11.679285151964356,12.603784513637285,4.201744906894481,completed,False,not_required,not_required,False,2026-09-02T03:27:07Z
300595,欧普康视,50.490212260662695,48.455731904162306,48.158435229908264,72.67044282457256,completed,False,not_required,not_required,False,2026-09-02T03:27:07Z
300596,利安隆,61.20920150716235,52.6525069277598,50.76832880154534,63.57841926580334,completed,False,not_required,not_required,False,2026-09-02T03:27:07Z
300597,吉大通信,39.49678539146572,36.982963297929274,49.70687783629544,29.670619045655727,completed,False,not_required,not_required,False,2026-09-02T03:27:07Z
300598,诚迈科技,56.55961256470455,47.10477212295395,64.46116568329845,42.159766872614505,completed,False,not_required,not_required,False,2026-09-02T03:27:07Z
300599,雄塑科技,20.17529440675649,30.801826258992776,27.536135288627413,22.600352900663164,completed,False,not_required,not_required,False,2026-09-02T03:27:07Z
300600,国瑞科技,31.180360447958535,38.05195424918279,52.68509000021676,29.03811911781427,completed,False,not_required,not_required,False,2026-09-02T03:27:07Z
300601,康泰生物,34.511880928932094,43.47197873698007,34.94046090014219,32.412078061611496,completed,False,not_required,not_required,False,2026-09-02T03:27:07Z
300602,飞荣达,61.33576231447465,48.282274697546285,49.82622711793542,27.59553148065605,completed,False,not_required,not_required,False,2026-09-02T03:27:07Z
300603,立昂技术,51.49452093569564,55.213481729357426,57.032081278911505,23.138269377933312,completed,False,not_required,not_required,False,2026-09-02T03:27:07Z
300604,长川科技,57.04428812189286,39.82274819292125,36.30904273211878,48.701377612731704,completed,False,not_required,not_required,False,2026-09-02T03:27:07Z
300605,恒锋信息,10.514342810937311,26.061293800780625,19.178925402484353,9.471995489926686,completed,False,not_required,not_required,False,2026-09-02T03:27:07Z
300606,金太阳,40.41088528267558,42.85397270828242,35.75010467440236,47.170503818962814,completed,False,not_required,not_required,False,2026-09-02T03:27:07Z
300607,拓斯达,49.73266758316425,36.375713046892365,41.595348501261256,34.38754727337834,completed,False,not_required,not_required,False,2026-09-02T03:27:07Z
300608,思特奇,3.6829493245662306,22.03218034830153,16.109043915896905,14.075019284048183,completed,False,not_required,not_required,False,2026-09-02T03:27:07Z
300609,汇纳科技,17.436331823637637,30.73509852891288,28.33586190094625,18.76730721909371,completed,False,not_required,not_required,False,2026-09-02T03:27:07Z
300610,晨化股份,62.57522239451813,45.42138714805073,55.31424963073464,45.72235615226633,completed,False,not_required,not_required,False,2026-09-02T03:27:07Z
300611,美力科技,62.089021928668274,50.9056991423246,40.992375541960065,62.35770038303765,completed,False,not_required,not_required,False,2026-09-02T03:27:07Z
300612,宣亚国际,22.01209278478199,40.55356976078616,22.809742671918663,31.00707731855715,completed,False,not_required,not_required,False,2026-09-02T03:27:07Z
300613,富瀚微,70.80623944089974,53.196246985697826,51.63231953160098,52.93906185166426,completed,False,not_required,not_required,False,2026-09-02T03:27:07Z
300614,百川畅银,20.44473359719988,35.16152459702909,28.410473762979784,13.439498161903403,completed,False,not_required,not_required,False,2026-09-02T03:27:07Z
300615,欣天科技,32.56712382167893,36.86141456595714,30.429545168941587,63.341898519996725,completed,False,not_required,not_required,False,2026-09-02T03:27:07Z
300616,尚品宅配,16.953137484773404,27.032611674496895,23.11284153129047,17.106881059899216,completed,False,not_required,not_required,False,2026-09-02T03:27:07Z
300617,安靠智电,44.69929281923619,52.52704367471705,45.754581179213126,28.656546082672083,completed,False,not_required,not_required,False,2026-09-02T03:27:07Z
300618,寒锐钴业,37.61091742842053,37.723017157480655,31.24883957276154,23.048271817359225,completed,False,not_required,not_required,False,2026-09-02T03:27:07Z
300619,金银河,54.36899450660601,43.741768112548385,41.17069529328886,31.412513046757034,completed,False,not_required,not_required,False,2026-09-02T03:27:07Z
300620,光库科技,58.26726157766834,49.342977956971254,39.91743745973854,34.98929080620181,completed,False,not_required,not_required,False,2026-09-02T03:27:07Z
300621,维业股份,8.902079333036255,31.706962168943424,21.986652916453814,27.018832190193358,completed,False,not_required,not_required,False,2026-09-02T03:27:07Z
300622,博士眼镜,67.86060645208883,48.70496473710236,56.53776215499518,36.61167573322985,completed,False,not_required,not_required,False,2026-09-02T03:27:07Z
300623,捷捷微电,61.884274107149814,45.12298619728396,47.54693517732803,39.25578721727984,completed,False,not_required,not_required,False,2026-09-02T03:27:07Z
300624,万兴科技,30.881717852646716,35.18678140950421,32.98767515178899,23.286906861569392,completed,False,not_required,not_required,False,2026-09-02T03:27:07Z
300625,三雄极光,23.385887371037093,26.887907390419958,27.463675815210472,28.057610391613643,completed,False,not_required,not_required,False,2026-09-02T03:27:07Z
300626,华瑞股份,47.091479237300305,39.587702984266734,33.75467291683337,29.230126201558324,completed,False,not_required,not_required,False,2026-09-02T03:27:07Z
300627,华测导航,56.84343495146986,48.05931880732506,51.341212834842985,74.04199478235482,completed,False,not_required,not_required,False,2026-09-02T03:27:07Z
300628,亿联网络,62.754019820357655,45.699720995649685,49.69545261630877,48.516180026603884,completed,False,not_required,not_required,False,2026-09-02T03:27:07Z
300629,新劲刚,42.18040521846426,32.85978790563036,41.047707065238576,47.130595803921416,completed,False,not_required,not_required,False,2026-09-02T03:27:07Z
300631,久吾高科,36.20035626778934,39.38716815111362,36.97802597940178,65.51906344681161,completed,False,not_required,not_required,False,2026-09-02T03:27:07Z
300632,光莆股份,19.208140816930342,30.605503784528484,18.835781210440576,14.605909393554105,completed,False,not_required,not_required,False,2026-09-02T03:27:07Z
300633,开立医疗,35.757235462306554,41.53312792964208,34.263982774958684,43.81876522684163,completed,False,not_required,not_required,False,2026-09-02T03:27:07Z
300634,彩讯股份,40.77179118317141,51.15793481919734,48.367599475836194,47.09194682893726,completed,False,not_required,not_required,False,2026-09-02T03:27:07Z
300635,中达安,60.2647545672966,52.04641650460013,51.06392384936148,35.174841886555356,completed,False,not_required,not_required,False,2026-09-02T03:27:07Z
300636,同和药业,30.65692126371956,39.37413462099241,32.205650217875295,34.452440024474825,completed,False,not_required,not_required,False,2026-09-02T03:27:07Z
300637,扬帆新材,48.00702287893825,45.65986085610866,38.47093520279138,33.545815907612194,completed,False,not_required,not_required,False,2026-09-02T03:27:07Z
300638,广和通,35.232858147526606,43.355010987978055,28.359854935784682,67.72004790028153,completed,False,not_required,not_required,False,2026-09-02T03:27:07Z
300639,凯普生物,61.860563331270654,57.22181855495516,76.64536854203989,34.72956226686286,completed,False,not_required,not_required,False,2026-09-02T03:27:07Z
300640,德艺文创,23.292203661581397,25.90230691272989,27.175925389768246,13.348261504021794,completed,False,not_required,not_required,False,2026-09-02T03:27:07Z
300641,正丹股份,48.37546804794904,43.06242699542633,44.587075552316726,27.65946796718366,completed,False,not_required,not_required,False,2026-09-02T03:27:07Z
300642,透景生命,67.7820634331481,64.41533210592507,61.86025258158767,71.89645655150304,completed,False,not_required,not_required,False,2026-09-02T03:27:07Z
300643,万通智控,52.33833227737543,44.2859676830693,50.60784233483972,32.54923876076873,completed,False,not_required,not_required,False,2026-09-02T03:27:07Z
300644,南京聚隆,36.757152618344605,33.838546111373304,26.37446548388101,41.520714590173704,completed,False,not_required,not_required,False,2026-09-02T03:27:07Z
300645,正元智慧,46.25400645429392,44.73614587271626,43.905227211293706,53.04083239103567,completed,False,not_required,not_required,False,2026-09-02T03:27:07Z
300647,超频三,55.25918206400511,48.90444147763285,35.11678626889317,27.606883297179817,completed,False,not_required,not_required,False,2026-09-02T03:27:07Z
300648,星云股份,65.36779648840016,56.81058740711076,56.68455853519843,27.730097047631435,completed,False,not_required,not_required,False,2026-09-02T03:27:07Z
300649,杭州园林,0.0,16.221275376727903,10.298826101391866,9.070225654749079,completed,False,not_required,not_required,False,2026-09-02T03:27:07Z
300650,太龙股份,21.795696543185098,25.243088190542455,26.331314106019157,20.036664222096036,completed,False,not_required,not_required,False,2026-09-02T03:27:07Z
300651,金陵体育,9.239657342798555,19.384124191521693,20.043622371170976,16.324974397143166,completed,False,not_required,not_required,False,2026-09-02T03:27:07Z
300652,雷迪克,28.65412734804859,34.589333842420174,32.85727578094177,53.247293014907,completed,False,not_required,not_required,False,2026-09-02T03:27:07Z
300653,正海生物,43.01150184556272,48.70610004752474,46.68252605878158,31.653566598151777,completed,False,not_required,not_required,False,2026-09-02T03:27:07Z
300654,世纪天鸿,14.675716052335154,22.85821842019721,20.264182953490334,16.4176820828606,completed,False,not_required,not_required,False,2026-09-02T03:27:07Z
300655,晶瑞电材,63.232928035480796,54.90225313799135,52.14582676148123,74.6405211025356,completed,False,not_required,not_required,False,2026-09-02T03:27:07Z
300656,民德电子,26.07909464949106,34.36458847600013,26.05576776573386,18.212323482898668,completed,False,not_required,not_required,False,2026-09-02T03:27:07Z
300657,弘信电子,42.404850281476634,35.30899159365184,33.783550139839974,40.47253088842506,completed,False,not_required,not_required,False,2026-09-02T03:27:07Z
300658,延江股份,50.510786157056586,41.6823304983089,43.203422599918056,41.80244264020883,completed,False,not_required,not_required,False,2026-09-02T03:27:07Z
300659,中孚信息,23.87812984990513,41.51417410225443,36.08483034775338,30.55072122390515,completed,False,not_required,not_required,False,2026-09-02T03:27:07Z
300660,江苏雷利,41.40583295898917,37.14052190873323,30.54389463229803,34.52016556078988,completed,False,not_required,not_required,False,2026-09-02T03:27:07Z
300661,圣邦股份,68.38668835240492,50.538099787839826,50.51753030899553,39.08605127761812,completed,False,not_required,not_required,False,2026-09-02T03:27:07Z
300662,科锐国际,41.45620025537454,33.5020797022303,35.93414101635038,21.66702459557283,completed,False,not_required,not_required,False,2026-09-02T03:27:07Z
300663,科蓝软件,6.542158918718332,27.08193151980471,12.718970486706047,4.990301922780359,completed,False,not_required,not_required,False,2026-09-02T03:27:07Z
300664,鹏鹞环保,53.899544978783744,51.06167139177351,62.44335369212525,65.48489439833018,completed,False,not_required,not_required,False,2026-09-02T03:27:07Z
300665,飞鹿股份,24.173345841197424,34.0100935646388,36.91657917489125,62.23260003280415,completed,False,not_required,not_required,False,2026-09-02T03:27:07Z
300666,江丰电子,67.61902560323783,54.75182995636615,48.65647876128853,63.41409261021204,completed,False,not_required,not_required,False,2026-09-02T03:27:07Z
300667,必创科技,40.06235563685465,42.34069773742026,39.38114284079319,27.93734923151503,completed,False,not_required,not_required,False,2026-09-02T03:27:07Z
300668,杰恩股份,37.46016832579482,43.74122415819041,45.684222038152186,36.17660532498549,completed,False,not_required,not_required,False,2026-09-02T03:27:07Z
300669,沪宁股份,30.554145324463725,32.44920928852688,29.76871936453515,30.700381657627318,completed,False,not_required,not_required,False,2026-09-02T03:27:07Z
300670,大烨智能,67.98052043830243,66.86387400947342,74.13852509222045,47.29915395862807,completed,False,not_required,not_required,False,2026-09-02T03:27:07Z
300671,富满微,68.69416109687268,57.73901016490943,63.094568791846854,62.01608294115461,completed,False,not_required,not_required,False,2026-09-02T03:27:07Z
300672,国科微,76.72400888720287,54.92128663899738,74.14994049933024,38.93228127397973,completed,False,not_required,not_required,False,2026-09-02T03:27:07Z
300673,佩蒂股份,24.781827776189406,35.48807589021443,29.072700094058064,35.210729064666126,completed,False,not_required,not_required,False,2026-09-02T03:27:07Z
300674,宇信科技,45.13809923169424,40.847730008304616,45.392410678145104,27.562957868318247,completed,False,not_required,not_required,False,2026-09-02T03:27:07Z
300675,建科院,39.70741860895992,42.40988492150613,57.90850106219689,30.64667883200847,completed,False,not_required,not_required,False,2026-09-02T03:27:07Z
300676,华大基因,27.95438832409109,31.941599121859127,31.862102407461606,42.692681077275545,completed,False,not_required,not_required,False,2026-09-02T03:27:07Z
300677,英科医疗,79.53427159617563,64.78699038753446,65.57282992637458,58.61376744606631,completed,False,not_required,not_required,False,2026-09-02T03:27:07Z
300678,中科信息,32.895280081882866,27.398443236725917,28.04198846210737,22.572081761323663,completed,False,not_required,not_required,False,2026-09-02T03:27:07Z
300679,电连技术,53.050100438095605,47.555367668177766,44.177413345907404,42.1571462295169,completed,False,not_required,not_required,False,2026-09-02T03:27:07Z
300680,隆盛科技,43.67552924048182,43.424009506508916,37.710450567479334,62.40757671125766,completed,False,not_required,not_required,False,2026-09-02T03:27:07Z
300681,英搏尔,57.59619502370541,39.38922768300013,46.76090140705843,38.11821907219742,completed,False,not_required,not_required,False,2026-09-02T03:27:07Z
300682,朗新科技,27.844004446896406,36.543691659807806,37.29449650198334,36.76865111580816,completed,False,not_required,not_required,False,2026-09-02T03:27:07Z
300683,海特生物,13.413877815687048,30.560379193413876,24.970682930136036,33.56620627993999,completed,False,not_required,not_required,False,2026-09-02T03:27:07Z
300684,中石科技,60.453257690389805,50.09153805088885,52.003174991383084,69.24695855673689,completed,False,not_required,not_required,False,2026-09-02T03:27:07Z
300685,艾德生物,47.62332710119795,48.17971651952789,48.80617566008969,87.13994749624852,completed,False,not_required,not_required,False,2026-09-02T03:27:07Z
300686,智动力,51.84894107695139,49.84208468399185,60.422850438701055,34.459195506181175,completed,False,not_required,not_required,False,2026-09-02T03:27:07Z
300687,赛意信息,59.987681263946044,58.27462566749289,59.89082827984374,30.343225691192096,completed,False,not_required,not_required,False,2026-09-02T03:27:07Z
300688,创业黑马,49.661459588550116,48.65818311059829,64.33995018068583,42.0457131513236,completed,False,not_required,not_required,False,2026-09-02T03:27:07Z
300689,澄天伟业,42.03671065004792,41.88857702786829,33.76199750119141,27.981163756225904,completed,False,not_required,not_required,False,2026-09-02T03:27:07Z
300690,双一科技,56.6410965943079,45.38516873913693,51.62838214632016,34.684571025681855,completed,False,not_required,not_required,False,2026-09-02T03:27:07Z
300691,联合光电,55.009486185870465,43.418196567816935,47.136646459220245,73.79501943290045,completed,False,not_required,not_required,False,2026-09-02T03:27:07Z
300692,中赋科技,52.26397347604617,48.75611718375815,60.03436061784287,72.98214627931816,completed,False,not_required,not_required,False,2026-09-02T03:27:07Z
300693,盛弘股份,68.36052773719005,54.45567631095775,54.06604137846064,43.56013494122959,completed,False,not_required,not_required,False,2026-09-02T03:27:07Z
300694,蠡湖股份,49.062145600322296,48.25117267507907,54.526668269919995,41.78228249566037,completed,False,not_required,not_required,False,2026-09-02T03:27:07Z
300695,兆丰股份,34.765565239511005,47.629437737888956,43.27146385368957,32.304176222129136,completed,False,not_required,not_required,False,2026-09-02T03:27:07Z
300696,爱乐达,6.43571401051905,16.7294966083657,17.746050687704543,26.047010770788432,completed,False,not_required,not_required,False,2026-09-02T03:27:07Z
300697,电工合金,56.764181292861544,39.851421780513824,37.654542102765674,27.411841997599137,completed,False,not_required,not_required,False,2026-09-02T03:27:07Z
300698,万马科技,53.3995986692244,44.68023466367793,37.39900818098187,42.63216498591411,completed,False,not_required,not_required,False,2026-09-02T03:27:07Z
300699,光威复材,31.555769347953003,37.17301661266569,27.935945342763493,20.54773384775828,completed,False,not_required,not_required,False,2026-09-02T03:27:07Z
300700,岱勒新材,70.83663722460402,57.47390232210792,68.92828477301859,29.986716168371096,completed,False,not_required,not_required,False,2026-09-02T03:27:07Z
300701,森霸传感,46.37926851394429,45.67151789777521,50.9956195800721,58.67710753559081,completed,False,not_required,not_required,False,2026-09-02T03:27:07Z
300702,天宇股份,52.901274675414,44.54793116606206,39.37672435738613,37.99702642676801,completed,False,not_required,not_required,False,2026-09-02T03:27:07Z
300703,创源股份,40.43741332774209,40.55876661216165,40.90424080722157,55.74066854835088,completed,False,not_required,not_required,False,2026-09-02T03:27:07Z
300705,九典制药,42.6797066482893,46.376675391216274,41.432656627023924,54.96529016764208,completed,False,not_required,not_required,False,2026-09-02T03:27:07Z
300706,阿石创,45.093258629893015,39.07335354330072,49.368280942590374,37.646276143557216,completed,False,not_required,not_required,False,2026-09-02T03:27:07Z
300707,威唐工业,4.878513595353706,18.47905053948508,12.195512537057944,59.371767121437536,completed,False,not_required,not_required,False,2026-09-02T03:27:07Z
300708,聚灿光电,36.24066132529395,50.648358244426426,42.28306534680087,50.587363511378385,completed,False,not_required,not_required,False,2026-09-02T03:27:07Z
300709,精研科技,29.90940320774031,37.28192899095234,25.201635436486697,39.883592532896586,completed,False,not_required,not_required,False,2026-09-02T03:27:07Z
300710,万隆光电,35.545845110428516,42.91548801504635,50.08956979780944,42.63652920074625,completed,False,not_required,not_required,False,2026-09-02T03:27:07Z
300711,广哈通信,45.30325608331571,46.16783726880377,46.19510089917269,41.868382025143546,completed,False,not_required,not_required,False,2026-09-02T03:27:07Z
300712,永福股份,4.19460473391041,20.66384140355725,14.220096584322093,12.755021638286491,completed,False,not_required,not_required,False,2026-09-02T03:27:07Z
300713,英可瑞,19.581705041295642,34.78543332655703,26.27319260609316,17.654000253411418,completed,False,not_required,not_required,False,2026-09-02T03:27:07Z
300715,凯伦股份,33.43903283227073,32.42182490799645,30.780607486092116,46.32443902349955,completed,False,not_required,not_required,False,2026-09-02T03:27:07Z
300716,*ST泉为,0.0,17.38902164104343,5.851337864978133,0.0,completed,False,not_required,not_required,False,2026-09-02T03:27:07Z
300717,华信新材,47.74304057783422,45.81105155123639,47.86202217853884,28.66245139128352,completed,False,not_required,not_required,False,2026-09-02T03:27:07Z
300718,长盛轴承,50.26607962552174,40.66475753725136,39.254013251766125,27.492836628560894,completed,False,not_required,not_required,False,2026-09-02T03:27:07Z
300719,安达维尔,22.340986417332967,35.35601692188724,25.01649805455586,26.452237274303037,completed,False,not_required,not_required,False,2026-09-02T03:27:07Z
300720,海川智能,31.582101317913384,30.963513147893217,27.980981413338238,35.54477939049302,completed,False,not_required,not_required,False,2026-09-02T03:27:07Z
300721,怡达股份,77.19577203429031,56.43149581885165,74.26450693454115,46.772711619085364,completed,False,not_required,not_required,False,2026-09-02T03:27:07Z
300722,新余国科,18.11337067660772,29.039032241960008,19.361675140313267,17.126645355041912,completed,False,not_required,not_required,False,2026-09-02T03:27:07Z
300723,一品红,40.68062244087693,38.04827892037293,36.07223355442199,49.14057608589193,completed,False,not_required,not_required,False,2026-09-02T03:27:07Z
300724,捷佳伟创,33.081656173463394,38.92985238507482,39.81733837914622,26.934178147864664,completed,False,not_required,not_required,False,2026-09-02T03:27:07Z
300725,药石科技,58.965216095672204,51.98671041731144,53.52197290811163,39.447942585875644,completed,False,not_required,not_required,False,2026-09-02T03:27:07Z
300726,宏达电子,44.42667164172642,41.40941659053154,41.63817828170008,43.0228524253582,completed,False,not_required,not_required,False,2026-09-02T03:27:07Z
300727,润禾材料,39.40558129457673,30.52780320822462,36.0776758431918,45.49367194464541,completed,False,not_required,not_required,False,2026-09-02T03:27:07Z
300729,乐歌股份,53.36292595945294,51.98841919540508,53.46476160966468,48.58630400995311,completed,False,not_required,not_required,False,2026-09-02T03:27:07Z
300730,科创信息,14.011460586394588,22.162809510075384,22.76166985967196,8.962412264430865,completed,False,not_required,not_required,False,2026-09-02T03:27:07Z
300731,科创新源,30.358879515966606,35.06679795129566,28.783388528765002,30.213616245714775,completed,False,not_required,not_required,False,2026-09-02T03:27:07Z
300732,设研院,13.65424787764141,21.015348227607845,20.15890447452453,16.10560345526285,completed,False,not_required,not_required,False,2026-09-02T03:27:07Z
300733,西菱动力,54.11434741467775,44.10018643615249,46.792223254247865,30.80929536462149,completed,False,not_required,not_required,False,2026-09-02T03:27:07Z
300735,光弘科技,46.70839813190541,38.85440251946826,44.986942768142114,42.70540563884292,completed,False,not_required,not_required,False,2026-09-02T03:27:07Z
300736,百邦科技,40.21053144280068,36.01936637972168,56.4536014901141,70.29836117368151,completed,False,not_required,not_required,False,2026-09-02T03:27:07Z
300737,科顺股份,40.829066648494475,37.81247732066998,43.4643171879686,32.75673655088216,completed,False,not_required,not_required,False,2026-09-02T03:27:07Z
300738,奥飞数据,70.94115982330358,54.35313129047661,54.038491271582735,30.28349394490221,completed,False,not_required,not_required,False,2026-09-02T03:27:07Z
300739,明阳电路,58.17197542129332,48.06701411828597,45.867469309317215,74.30906904149963,completed,False,not_required,not_required,False,2026-09-02T03:27:07Z
300740,水羊股份,46.847402992789114,37.18162219190982,42.66840266162724,64.67485525631005,completed,False,not_required,not_required,False,2026-09-02T03:27:07Z
300741,华宝股份,62.98155432125924,55.66663532648418,64.74853940346506,52.06091039889785,completed,False,not_required,not_required,False,2026-09-02T03:27:07Z
300743,天地数码,47.433262585864206,38.38739353749159,36.18896202215563,50.40868468899829,completed,False,not_required,not_required,False,2026-09-02T03:27:07Z
300745,欣锐科技,69.35201839064689,55.12202114798903,68.72202695832006,40.699304484059475,completed,False,not_required,not_required,False,2026-09-02T03:27:07Z
300746,汉嘉数智,43.36867392638503,43.99908529184735,41.79073061069468,20.928311470075204,completed,False,not_required,not_required,False,2026-09-02T03:27:07Z
300747,锐科激光,62.242023475805055,45.03129061818348,53.017869469667325,38.32828324042525,completed,False,not_required,not_required,False,2026-09-02T03:27:07Z
300748,金力永磁,74.4510272559139,58.72260558750466,56.16249646436447,45.50846791196619,completed,False,not_required,not_required,False,2026-09-02T03:27:07Z
300749,顶固集创,56.180980493798685,49.704079592585465,45.022698211411615,42.58629944114897,completed,False,not_required,not_required,False,2026-09-02T03:27:07Z
300750,宁德时代,62.55067678602179,44.68057259892289,43.6822762571086,69.00963627650454,completed,False,not_required,not_required,False,2026-09-02T03:27:07Z
300751,迈为股份,46.855199267814534,53.241235697231325,39.74109988732494,27.692051196044552,completed,False,not_required,not_required,False,2026-09-02T03:27:07Z
300752,隆利科技,49.85900696666734,45.076196824120494,42.641184084817546,31.667081324869205,completed,False,not_required,not_required,False,2026-09-02T03:27:07Z
300753,爱朋医疗,18.32010753915033,24.60389889628469,30.01275349947303,34.34602228028862,completed,False,not_required,not_required,False,2026-09-02T03:27:07Z
300755,华致酒行,15.07007060378286,28.17692622494424,20.374566259338902,19.207484908315656,completed,False,not_required,not_required,False,2026-09-02T03:27:07Z
300756,金马游乐,42.04470383217437,38.50442082714061,30.309564694498143,28.514674433327837,completed,False,not_required,not_required,False,2026-09-02T03:27:07Z
300757,罗博特科,72.60891884956604,63.5690792913926,69.60859267614136,64.03025732714438,completed,False,not_required,not_required,False,2026-09-02T03:27:07Z
300758,七彩化学,61.67005408535962,49.69174347693339,47.79353347360967,29.14429272160632,completed,False,not_required,not_required,False,2026-09-02T03:27:07Z
300759,康龙化成,55.972496474294516,46.13764562277451,43.644694348305066,24.93188559291912,completed,False,not_required,not_required,False,2026-09-02T03:27:07Z
300760,迈瑞医疗,56.8692667374139,47.272023096240304,47.21665074249607,44.3758838990528,completed,False,not_required,not_required,False,2026-09-02T03:27:07Z
300761,立华股份,15.52452283440639,28.884693065912245,21.235032101525672,11.732044427321439,completed,False,not_required,not_required,False,2026-09-02T03:27:07Z
300762,上海瀚讯,34.41607046815679,43.90473916276929,26.352604334450945,30.551854821940672,completed,False,not_required,not_required,False,2026-09-02T03:27:07Z
300763,锦浪科技,54.608191378837354,49.596707971148604,44.48583933796116,69.46820058452404,completed,False,not_required,not_required,False,2026-09-02T03:27:07Z
300765,石药创新,89.25087727869739,67.14348591586271,67.74892155004001,48.241964200506025,completed,True,completed_or_best_effort,completed,False,2026-09-02T03:27:07Z
300766,每日互动,60.59773605830671,52.05297429675491,71.61459152697826,33.44455001564967,completed,False,not_required,not_required,False,2026-09-02T03:27:07Z
300767,震安科技,56.02505127231074,59.23651136058921,70.42460191961733,74.46521142931059,completed,False,not_required,not_required,False,2026-09-02T03:27:07Z
300768,迪普科技,41.79091696821449,43.74583683384076,40.206957298758525,26.709373223724604,completed,False,not_required,not_required,False,2026-09-02T03:27:07Z
300769,德方纳米,71.56320768826775,57.27876063810406,64.03478330850729,37.2889613301906,completed,False,not_required,not_required,False,2026-09-02T03:27:07Z
300770,新媒股份,48.872050351139855,38.09507434155791,48.6999308973132,34.31063964073684,completed,False,not_required,not_required,False,2026-09-02T03:27:07Z
300771,智莱科技,51.86743248104349,40.658159389104405,43.888316032403736,28.03360761510411,completed,False,not_required,not_required,False,2026-09-02T03:27:07Z
300772,运达股份,13.67243680817096,19.359240125456118,21.622302603859964,26.944536826032326,completed,False,not_required,not_required,False,2026-09-02T03:27:07Z
300773,拉卡拉,48.54204340874778,31.607087898269803,35.092669919155384,38.86698792756173,completed,False,not_required,not_required,False,2026-09-02T03:27:07Z
300774,倍杰特,36.2769051617956,47.006303419903595,31.68703267869111,22.33610184091887,completed,False,not_required,not_required,False,2026-09-02T03:27:07Z
300775,三角防务,15.328759531883335,30.749417956604503,23.629032094649386,20.06655477709147,completed,False,not_required,not_required,False,2026-09-02T03:27:07Z
300776,帝尔激光,45.363767346949636,44.709104026966486,34.610890357315505,31.443255101987237,completed,False,not_required,not_required,False,2026-09-02T03:27:07Z
300777,中简科技,0.9570438004179014,20.803817868737873,16.81387718133026,24.327677773329434,completed,False,not_required,not_required,False,2026-09-02T03:27:07Z
300778,新城市,45.48845103166127,45.868085927329005,50.01569169263136,18.583194651386513,completed,False,not_required,not_required,False,2026-09-02T03:27:07Z
300779,惠城环保,4.002272519336831,24.053754256400403,5.657326589932018,21.521202478155907,completed,False,not_required,not_required,False,2026-09-02T03:27:07Z
300780,德恩精工,23.622932324475208,34.57667368623807,30.96128425751092,25.56769191627093,completed,False,not_required,not_required,False,2026-09-02T03:27:07Z
300781,因赛集团,34.57329477102082,31.541743533696327,25.507175468234653,33.26378669232038,completed,False,not_required,not_required,False,2026-09-02T03:27:07Z
300782,卓胜微,23.798188979494984,34.65024659744201,22.296766856713926,38.820852597506814,completed,False,not_required,not_required,False,2026-09-02T03:27:07Z
300783,三只松鼠,58.44166860049111,47.537071867749745,60.540899959696226,36.78546985820926,completed,False,not_required,not_required,False,2026-09-02T03:27:07Z
300784,利安科技,42.36211039737212,41.12042516752055,41.96188769047281,33.54391298993403,completed,False,not_required,not_required,False,2026-09-02T03:27:07Z
300785,值得买,21.464035604175894,30.081495005192934,21.43692755483258,20.46893555944205,completed,False,not_required,not_required,False,2026-09-02T03:27:07Z
300786,国林科技,15.212394544479665,24.577754379174245,8.809467174981927,49.148407816029035,completed,False,not_required,not_required,False,2026-09-02T03:27:07Z
300787,海能实业,24.9076948000804,23.322102657675718,22.35727829315728,20.183844928350446,completed,False,not_required,not_required,False,2026-09-02T03:27:07Z
300788,中信出版,39.93287807219297,39.78374984411382,35.65797993614902,35.01405845785213,completed,False,not_required,not_required,False,2026-09-02T03:27:07Z
300789,唐源电气,10.04964985548175,25.23522998764424,27.008016141010245,30.305945073498997,completed,False,not_required,not_required,False,2026-09-02T03:27:07Z
300790,宇瞳光学,50.04073394468806,38.994127358942734,38.83243306921076,40.39476019112237,completed,False,not_required,not_required,False,2026-09-02T03:27:07Z
300791,仙乐健康,54.489317529277685,55.80670449906266,52.484481216732334,84.25765170365449,completed,False,not_required,not_required,False,2026-09-02T03:27:07Z
300792,壹网壹创,43.592339910498126,37.94907132128974,47.75613401548537,34.18376644750556,completed,False,not_required,not_required,False,2026-09-02T03:27:07Z
300793,佳禾智能,56.08304294078353,49.52432665622832,48.55334072041745,28.749204605101916,completed,False,not_required,not_required,False,2026-09-02T03:27:07Z
300795,米奥会展,14.342963454416257,16.737556520606432,30.140268990901944,42.613425235762215,completed,False,not_required,not_required,False,2026-09-02T03:27:07Z
300796,贝斯美,33.431810201432164,43.845632863200116,29.985364017038833,12.709795022867596,completed,False,not_required,not_required,False,2026-09-02T03:27:07Z
300797,钢研纳克,57.25686246763466,49.530246558214955,48.435997014630345,52.07947838034714,completed,False,not_required,not_required,False,2026-09-02T03:27:07Z
300798,锦鸡股份,39.64806684263072,41.47168793461507,41.445630932231865,16.40103347443189,completed,False,not_required,not_required,False,2026-09-02T03:27:07Z
300800,力合科技,45.92740689686768,49.685903152898724,46.748321099201895,48.146831420612706,completed,False,not_required,not_required,False,2026-09-02T03:27:07Z
300801,泰和科技,56.39421616317948,41.899632590106975,58.98609783433779,35.75678506497103,completed,False,not_required,not_required,False,2026-09-02T03:27:07Z
300802,矩子科技,61.39026859885488,48.2268566704606,46.69206652007982,32.675971632734665,completed,False,not_required,not_required,False,2026-09-02T03:27:07Z
300803,指南针,66.82210467856295,49.2527233215604,52.297862746252115,47.113127068072096,completed,False,not_required,not_required,False,2026-09-02T03:27:07Z
300804,广康生化,25.78732999407501,41.23865193269916,22.97235318586426,20.05509064986926,completed,False,not_required,not_required,False,2026-09-02T03:27:07Z
300805,电声股份,44.4376502264762,39.56566166442366,41.09283747621692,21.723653230775888,completed,False,not_required,not_required,False,2026-09-02T03:27:07Z
300806,斯迪克,51.2757795334156,51.07748166494201,39.2838817910343,40.15259360484969,completed,False,not_required,not_required,False,2026-09-02T03:27:07Z
300807,天迈科技,20.219530574383455,35.2987520895559,24.49443251970235,52.524282749246964,completed,False,not_required,not_required,False,2026-09-02T03:27:07Z
300808,久量股份,21.117993698666183,27.5880126125345,38.41873114408402,22.2488546198908,completed,False,not_required,not_required,False,2026-09-02T03:27:07Z
300809,华辰装备,48.02212373970063,44.370363292360224,52.88119544379306,27.398930392399038,completed,False,not_required,not_required,False,2026-09-02T03:27:07Z
300810,中科海讯,28.163186715269987,36.56514280062733,42.7321626536588,46.950403484957384,completed,False,not_required,not_required,False,2026-09-02T03:27:07Z
300811,铂科新材,58.8348766992064,48.359793067049985,43.47126418351848,52.13878454140644,completed,False,not_required,not_required,False,2026-09-02T03:27:07Z
300812,易天股份,22.546944300541433,23.831046873983023,20.454303194918214,34.599087052575015,completed,False,not_required,not_required,False,2026-09-02T03:27:07Z
300813,泰林生物,52.86584287053602,52.75523639944102,41.541673868265455,43.308887911408405,completed,False,not_required,not_required,False,2026-09-02T03:27:07Z
300814,中富电路,58.724296085748776,52.187639915859116,45.609668178605034,44.2933785684308,completed,False,not_required,not_required,False,2026-09-02T03:27:07Z
300815,玉禾田,46.40081192767961,41.05176715103356,46.03351660391871,25.205704229454252,completed,False,not_required,not_required,False,2026-09-02T03:27:07Z
300816,艾可蓝,37.16588542995703,32.51022013426894,19.820236130871827,20.773825037648137,completed,False,not_required,not_required,False,2026-09-02T03:27:07Z
300817,双飞集团,58.4041872273421,49.00573658752381,48.000079663429204,37.283598388531814,completed,False,not_required,not_required,False,2026-09-02T03:27:07Z
300818,耐普矿机,23.731840341513568,32.4361182698211,21.889191369628126,50.02562210998487,completed,False,not_required,not_required,False,2026-09-02T03:27:07Z
300819,聚杰微纤,48.75141408944788,50.07638599178045,37.84838130741937,26.411134000534936,completed,False,not_required,not_required,False,2026-09-02T03:27:07Z
300820,英杰电气,52.82884935313176,49.13207902398909,43.17588279670775,66.22770987995227,completed,False,not_required,not_required,False,2026-09-02T03:27:07Z
300821,东岳硅材,73.49759571771418,53.02127762524468,61.307754277565394,48.20031868617926,completed,False,not_required,not_required,False,2026-09-02T03:27:07Z
300822,贝仕达克,26.087361946207498,31.474712070570103,23.018372918851554,26.77212183352337,completed,False,not_required,not_required,False,2026-09-02T03:27:07Z
300823,建科智能,48.49800026559354,45.68908516072393,46.391543536146386,35.55986081934412,completed,False,not_required,not_required,False,2026-09-02T03:27:07Z
300824,北鼎股份,43.40774419855346,39.56454846942985,42.11892601801588,29.916652473170465,completed,False,not_required,not_required,False,2026-09-02T03:27:07Z
300825,阿尔特,71.73117587306,70.87735325349597,72.20441682531599,60.40799826674974,completed,False,not_required,not_required,False,2026-09-02T03:27:07Z
300826,测绘股份,8.050012998638948,22.212230094033142,15.502270985642355,13.628771494698992,completed,False,not_required,not_required,False,2026-09-02T03:27:07Z
300827,上能电气,44.36231678508236,45.366600802317336,36.3873575174789,56.45054688942826,completed,False,not_required,not_required,False,2026-09-02T03:27:07Z
300828,锐新科技,46.999176470554396,45.788568734190754,36.24978530507816,19.185142944868513,completed,False,not_required,not_required,False,2026-09-02T03:27:07Z
300829,金丹科技,37.75070059074077,33.19672816219629,36.303308995575904,21.937511981957726,completed,False,not_required,not_required,False,2026-09-02T03:27:07Z
300830,金现代,7.868969651705754,23.97698186612785,23.66441800292005,17.22806204426729,completed,False,not_required,not_required,False,2026-09-02T03:27:07Z
300831,ST派瑞,8.035776714393485,24.52082910959981,22.333172231089858,13.977481830922926,completed,False,not_required,not_required,False,2026-09-02T03:27:07Z
300832,新产业,66.76338799478644,62.48816294143772,57.39281486696572,82.95339200606864,completed,False,not_required,not_required,False,2026-09-02T03:27:07Z
300833,浩洋股份,72.7120416133551,61.197484888070484,65.77953715287902,47.462684295686735,completed,False,not_required,not_required,False,2026-09-02T03:27:07Z
300834,星辉环材,62.82695017333675,52.65975137761545,61.890730959602955,44.249252490726114,completed,False,not_required,not_required,False,2026-09-02T03:27:07Z
300835,龙磁科技,39.497874929855826,34.70116461197207,24.818192213571912,65.84164028782197,completed,False,not_required,not_required,False,2026-09-02T03:27:07Z
300836,佰奥智能,41.595085336555385,44.883477751650595,33.976508337756286,48.54619979087933,completed,False,not_required,not_required,False,2026-09-02T03:27:07Z
300837,浙矿股份,19.912662187770103,30.973860249440904,27.438429677521853,30.299860364860457,completed,False,not_required,not_required,False,2026-09-02T03:27:07Z
300838,浙江力诺,63.1009796386612,51.740452807477084,59.36852852738823,26.403305984624055,completed,False,not_required,not_required,False,2026-09-02T03:27:07Z
300839,博汇股份,38.46095938585795,29.190276383388614,27.096363034717665,38.15275359199908,completed,False,not_required,not_required,False,2026-09-02T03:27:07Z
300840,酷特智能,60.057399135582436,51.19526896265136,56.431421713777155,35.86851609261946,completed,False,not_required,not_required,False,2026-09-02T03:27:07Z
300841,康华生物,47.49148493849201,36.33407307527994,49.414432665850676,50.76218980791738,completed,False,not_required,not_required,False,2026-09-02T03:27:07Z
300842,帝科股份,35.0661875425894,33.19004215234886,30.824299678756628,53.58497520120828,completed,False,not_required,not_required,False,2026-09-02T03:27:07Z
300843,胜蓝股份,65.61011078211952,57.16127706493231,48.017638770220316,46.156642437396435,completed,False,not_required,not_required,False,2026-09-02T03:27:07Z
300844,山水比德,27.863414095400245,37.69231013551268,35.013508840354355,22.726450890017638,completed,False,not_required,not_required,False,2026-09-02T03:27:07Z
300845,捷安高科,34.80438803870108,35.08979703452818,35.11641796024011,29.037196436443416,completed,False,not_required,not_required,False,2026-09-02T03:27:07Z
300846,首都在线,34.19263412147778,43.63563454406758,43.44176306326647,60.49252325938776,completed,False,not_required,not_required,False,2026-09-02T03:27:07Z
300847,中船汉光,46.608900947462686,44.876786777710166,43.434958492701526,36.084048558575134,completed,False,not_required,not_required,False,2026-09-02T03:27:07Z
300848,美瑞新材,25.650599109422842,28.054022181119006,17.646532519627176,26.49753636656719,completed,False,not_required,not_required,False,2026-09-02T03:27:07Z
300849,锦盛新材,37.837501110766816,41.259300299065856,37.3612033445732,19.37685359796418,completed,False,not_required,not_required,False,2026-09-02T03:27:07Z
300850,新强联,50.03730680432105,50.851462787459745,52.405288117617175,26.76810087980006,completed,False,not_required,not_required,False,2026-09-02T03:27:07Z
300851,交大思诺,24.55593256947843,28.840590586176262,30.798074477465946,20.888577718659214,completed,False,not_required,not_required,False,2026-09-02T03:27:07Z
300852,四会富仕,58.856120662687964,49.58632693748927,48.209352015901445,67.93444020214363,completed,False,not_required,not_required,False,2026-09-02T03:27:07Z
300853,申昊科技,24.53623483072664,28.571485989485318,31.93660115783478,25.555876931257657,completed,False,not_required,not_required,False,2026-09-02T03:27:07Z
300854,中兰环保,31.125106150373988,36.42292281006512,32.30282931053945,66.61369070116423,completed,False,not_required,not_required,False,2026-09-02T03:27:07Z
300855,图南股份,74.22100828449558,63.2987135912844,52.49825571984515,36.98464369070623,completed,False,not_required,not_required,False,2026-09-02T03:27:07Z
300856,科思股份,52.1968364406359,41.54846738179694,42.64821068736015,41.713458511073696,completed,False,not_required,not_required,False,2026-09-02T03:27:07Z
300857,协创数据,64.02491344687631,45.48315271942977,47.18479113327335,40.740478740637776,completed,False,not_required,not_required,False,2026-09-02T03:27:07Z
300858,科拓生物,30.33680855448916,34.72175264459027,34.96797073352208,24.08007682763631,completed,False,not_required,not_required,False,2026-09-02T03:27:07Z
300859,西域旅游,34.495828774278365,31.066192809216673,37.022926869219994,32.91857000661398,completed,False,not_required,not_required,False,2026-09-02T03:27:07Z
300860,锋尚文化,0.0,11.405303800686765,14.261742464054707,33.09286821397113,completed,False,not_required,not_required,False,2026-09-02T03:27:07Z
300861,美畅股份,50.143401520353514,45.57570870722555,53.7100842170562,54.580697629981266,completed,False,not_required,not_required,False,2026-09-02T03:27:07Z
300862,蓝盾光电,47.634987397483684,44.78092997402473,58.514798281224365,42.85185559044329,completed,False,not_required,not_required,False,2026-09-02T03:27:07Z
300863,卡倍亿,38.09419369981672,36.42835355588553,18.204920411311843,22.94328353807868,completed,False,not_required,not_required,False,2026-09-02T03:27:07Z
300864,南大环境,43.173186254963944,38.49947485117988,42.542751032980966,35.847756720461064,completed,False,not_required,not_required,False,2026-09-02T03:27:07Z
300865,大宏立,60.20950108364824,46.14461158753808,47.06579487648519,34.269772119399086,completed,False,not_required,not_required,False,2026-09-02T03:27:07Z
300866,安克创新,71.79319752123705,53.23363337027125,56.96501352109323,65.06043469659501,completed,False,not_required,not_required,False,2026-09-02T03:27:07Z
300867,圣元环保,60.367056982123124,52.202190751532406,61.24255622855185,34.48634043629363,completed,False,not_required,not_required,False,2026-09-02T03:27:07Z
300868,杰美特,48.043213438554965,47.501816186588734,43.23743771228542,67.56644954758964,completed,False,not_required,not_required,False,2026-09-02T03:27:07Z
300869,康泰医学,15.634774315371526,32.35493622680557,9.981660403180356,22.733731204155617,completed,False,not_required,not_required,False,2026-09-02T03:27:07Z
300870,欧陆通,27.07542449714868,37.447982046066166,21.652655494864284,23.802074088860415,completed,False,not_required,not_required,False,2026-09-02T03:27:07Z
300871,回盛生物,59.09711265395008,57.30780297937434,60.893387590013205,64.6334340615726,completed,False,not_required,not_required,False,2026-09-02T03:27:07Z
300872,天阳科技,47.13838791566259,53.39507652521984,47.33995691812904,37.90770354137733,completed,False,not_required,not_required,False,2026-09-02T03:27:07Z
300873,海晨股份,50.11142943283886,47.543840034799004,50.70842249422074,50.210037191574145,completed,False,not_required,not_required,False,2026-09-02T03:27:07Z
300875,捷强装备,29.84585767239232,28.85185880843924,41.47387106639615,26.837259474442376,completed,False,not_required,not_required,False,2026-09-02T03:27:07Z
300876,蒙泰高新,48.49644367194552,50.107849588285035,52.412808024692346,19.847911137462532,completed,False,not_required,not_required,False,2026-09-02T03:27:07Z
300877,金春股份,68.86720171341945,54.28616589330082,66.86690682514367,55.37024175139997,completed,False,not_required,not_required,False,2026-09-02T03:27:07Z
300878,维康药业,45.47946951101588,52.223083458042204,50.73766195801099,49.52960821334646,completed,False,not_required,not_required,False,2026-09-02T03:27:07Z
300879,大叶股份,34.27848570148976,32.36602683397732,24.282013302151658,27.156894235561467,completed,False,not_required,not_required,False,2026-09-02T03:27:07Z
300880,迦南智能,29.76788165007748,41.44890937843963,32.836214951427095,51.17551928312629,completed,False,not_required,not_required,False,2026-09-02T03:27:07Z
300881,盛德鑫泰,29.88382340419283,29.641872966422724,24.070591701469944,35.040138389799225,completed,False,not_required,not_required,False,2026-09-02T03:27:07Z
300882,万胜智能,31.274359769342908,38.893653203238934,27.28191502562957,44.88567952020924,completed,False,not_required,not_required,False,2026-09-02T03:27:07Z
300883,龙利得,39.930927383029875,47.90567172557287,47.65510009763425,55.13182580221805,completed,False,not_required,not_required,False,2026-09-02T03:27:07Z
300884,狄耐克,54.30747185903189,49.25833462601562,45.778103327452264,44.17906672229793,completed,False,not_required,not_required,False,2026-09-02T03:27:07Z
300885,海昌新材,63.00550249792334,46.39653484276904,54.9676891542418,55.89036397627939,completed,False,not_required,not_required,False,2026-09-02T03:27:07Z
300886,华业香料,37.0785115431277,36.1116675459117,30.924892752530106,26.47736797031975,completed,False,not_required,not_required,False,2026-09-02T03:27:07Z
300887,谱尼测试,44.39797179519615,46.882801831028054,61.27778455796125,40.42377900210957,completed,False,not_required,not_required,False,2026-09-02T03:27:07Z
300888,稳健医疗,54.17002097745779,47.39316338052794,50.37438486286903,59.933902044473186,completed,False,not_required,not_required,False,2026-09-02T03:27:07Z
300889,爱克股份,17.301214247466962,20.118424342904095,23.518197604869496,50.849966406807205,completed,False,not_required,not_required,False,2026-09-02T03:27:07Z
300890,翔丰华,64.55189147904295,52.34501892627749,58.04157193668369,52.57292491855717,completed,False,not_required,not_required,False,2026-09-02T03:27:07Z
300891,惠云钛业,70.43500006225153,56.745638384504204,70.63024714164673,47.52738098970116,completed,False,not_required,not_required,False,2026-09-02T03:27:07Z
300892,品渥食品,28.033517288307088,28.90039944325801,31.442119234010008,26.0441414696582,completed,False,not_required,not_required,False,2026-09-02T03:27:07Z
300893,松原安全,41.87175661152355,41.96657390618856,29.168313358110336,61.01172300967009,completed,False,not_required,not_required,False,2026-09-02T03:27:07Z
300894,火星人,21.807315018100088,33.16754383417396,29.056207293549505,32.6848117475208,completed,False,not_required,not_required,False,2026-09-02T03:27:07Z
300895,铜牛信息,14.41507963204823,21.93038171063513,24.12327390291361,48.5304278566192,completed,False,not_required,not_required,False,2026-09-02T03:27:07Z
300896,爱美客,49.56048021888019,52.088594173233346,51.20987032511381,50.77723656937708,completed,False,not_required,not_required,False,2026-09-02T03:27:07Z
300897,山科智能,21.274332775750903,36.960299588955564,14.353634371417261,28.674326363132323,completed,False,not_required,not_required,False,2026-09-02T03:27:07Z
300898,熊猫乳品,44.10631105516618,38.759311653676704,41.63492843279194,43.00560149154921,completed,False,not_required,not_required,False,2026-09-02T03:27:07Z
300899,上海凯鑫,54.4829888673229,48.93387613928789,44.649103968925886,25.59235302302565,completed,False,not_required,not_required,False,2026-09-02T03:27:07Z
300900,广联航空,35.775587486920415,50.230386000908695,22.43559576445375,59.85889168900129,completed,False,not_required,not_required,False,2026-09-02T03:27:07Z
300901,中胤时尚,62.71477070432303,60.78635650522766,59.11948423225274,44.66950913279911,completed,False,not_required,not_required,False,2026-09-02T03:27:07Z
300902,国安达,19.819249350754546,34.654989759876024,21.641011281494926,10.564188755992506,completed,False,not_required,not_required,False,2026-09-02T03:27:07Z
300903,科翔股份,43.50908218716991,46.64888553956171,42.995998625874776,24.776452103957496,completed,False,not_required,not_required,False,2026-09-02T03:27:07Z
300904,威力传动,35.14694115667434,37.11762512336536,32.95795470667074,56.02324495741901,completed,False,not_required,not_required,False,2026-09-02T03:27:07Z
300905,宝丽迪,42.56537527287026,33.72779045670063,42.047200615259634,37.34950742851563,completed,False,not_required,not_required,False,2026-09-02T03:27:07Z
300906,日月明,30.36982513112553,33.01699531436531,35.009694578482964,33.93674807485846,completed,False,not_required,not_required,False,2026-09-02T03:27:07Z
300907,康平科技,45.44547497680144,46.104001148437646,29.229811456445056,61.94646047279511,completed,False,not_required,not_required,False,2026-09-02T03:27:07Z
300908,仲景食品,54.884779737292966,44.72399660011691,49.495759731151,32.26650925485694,completed,False,not_required,not_required,False,2026-09-02T03:27:07Z
300909,汇创达,37.69290979415833,34.66227440874899,28.789349131740742,25.94590066047794,completed,False,not_required,not_required,False,2026-09-02T03:27:07Z
300910,瑞丰新材,62.981731205032965,51.48156291001408,50.127146284982715,34.59970100521459,completed,False,not_required,not_required,False,2026-09-02T03:27:07Z
300911,亿田智能,27.126848424381244,42.635421752039534,35.746423909701306,17.836968716916175,completed,False,not_required,not_required,False,2026-09-02T03:27:07Z
300912,凯龙高科,28.254049941101066,27.58781164256928,18.236772226040294,54.73055971493299,completed,False,not_required,not_required,False,2026-09-02T03:27:07Z
300913,兆龙互连,51.57248718763072,47.18404993951239,41.615459394247786,32.33967229403374,completed,False,not_required,not_required,False,2026-09-02T03:27:07Z
300915,海融科技,29.986398771662728,34.9127043044279,35.5365886758663,36.928391856580426,completed,False,not_required,not_required,False,2026-09-02T03:27:07Z
300916,朗特智能,36.52416923061521,40.96144434431164,39.213503473834415,40.50378454801952,completed,False,not_required,not_required,False,2026-09-02T03:27:07Z
300917,特发服务,57.17891777796371,44.863330063321214,49.18576210790654,25.714344806898815,completed,False,not_required,not_required,False,2026-09-02T03:27:07Z
300918,南山智尚,54.522502564229804,45.90182772071502,42.204298523706974,37.249317428489434,completed,False,not_required,not_required,False,2026-09-02T03:27:07Z
300919,中伟新材,68.69714024191443,50.3186345887249,51.414660892768936,50.795391382271895,completed,False,not_required,not_required,False,2026-09-02T03:27:07Z
300920,润阳科技,34.45975135880647,38.99687094514651,36.219823445510514,30.558908193715837,completed,False,not_required,not_required,False,2026-09-02T03:27:07Z
300921,南凌科技,57.90128992010197,44.420636920526455,54.19325353135105,39.7337791879971,completed,False,not_required,not_required,False,2026-09-02T03:27:07Z
300922,天秦装备,47.521102207530376,54.33754592019297,51.91742262024368,63.56270089295367,completed,False,not_required,not_required,False,2026-09-02T03:27:07Z
300923,研奥股份,34.612286296515606,37.403629961944645,47.55037683234577,26.441185271126198,completed,False,not_required,not_required,False,2026-09-02T03:27:07Z
300925,法本信息,34.23990733410932,31.759401712940033,32.985542359485514,31.751030083494506,completed,False,not_required,not_required,False,2026-09-02T03:27:07Z
300926,博俊科技,43.322234159674075,44.46598302305295,35.78491497635132,33.40326950227339,completed,False,not_required,not_required,False,2026-09-02T03:27:07Z
300927,江天化学,69.22546549914681,51.433580371900845,58.59573178881755,32.08022208559423,completed,False,not_required,not_required,False,2026-09-02T03:27:07Z
300928,华安鑫创,19.75389578078173,31.708630602365826,26.697726508515338,27.914624792147627,completed,False,not_required,not_required,False,2026-09-02T03:27:07Z
300929,华骐环保,13.701795783206766,22.423778204686705,12.360863911316466,3.0385400726853895,completed,False,not_required,not_required,False,2026-09-02T03:27:07Z
300930,屹通新材,42.76141733536329,31.955465759874535,29.759851748568835,26.14613190514274,completed,False,not_required,not_required,False,2026-09-02T03:27:07Z
300931,通用电梯,38.627983056330415,41.17630428528393,41.0844419110437,14.065566493563024,completed,False,not_required,not_required,False,2026-09-02T03:27:07Z
300932,三友联众,68.77990800097594,58.216189148823084,55.86219350207872,50.737371190467414,completed,False,not_required,not_required,False,2026-09-02T03:27:07Z
300933,中辰股份,41.307610609176955,39.58066851084275,42.99030958607443,23.393146258542437,completed,False,not_required,not_required,False,2026-09-02T03:27:07Z
300935,盈建科,42.00797252625074,47.37906128117788,58.045614193687534,35.598100461179854,completed,False,not_required,not_required,False,2026-09-02T03:27:07Z
300936,中英科技,51.04807696772235,41.4622036401105,54.146586750164495,74.63977154368305,completed,False,not_required,not_required,False,2026-09-02T03:27:07Z
300937,药易购,35.08604882606301,37.64593966674965,42.621130618120546,32.78755973679891,completed,False,not_required,not_required,False,2026-09-02T03:27:07Z
300938,信测标准,44.139836359719105,43.0522151610524,43.20834450863323,37.73627175698822,completed,False,not_required,not_required,False,2026-09-02T03:27:07Z
300939,秋田微,39.269136793106654,42.56993046218963,37.99872220040413,26.596121650788557,completed,False,not_required,not_required,False,2026-09-02T03:27:07Z
300940,南极光,13.81493943116314,26.931388716010915,26.687092949918533,21.21641372655343,completed,False,not_required,not_required,False,2026-09-02T03:27:07Z
300941,创识科技,22.899554963690314,20.63688422391501,30.645286926359212,25.598400694420143,completed,False,not_required,not_required,False,2026-09-02T03:27:07Z
300942,易瑞生物,15.646275204102473,26.758567865720764,13.147821906987879,13.822698043089352,completed,False,not_required,not_required,False,2026-09-02T03:27:07Z
300943,春晖智控,51.021105576709225,46.19426030278784,43.66001329131808,39.72617466100387,completed,False,not_required,not_required,False,2026-09-02T03:27:07Z
300945,曼卡龙,42.443475960391815,39.888853950755845,48.02203902132939,41.678563619929484,completed,False,not_required,not_required,False,2026-09-02T03:27:07Z
300946,恒而达,35.442478092695126,37.59438243691525,24.900202840664374,55.02740388576482,completed,False,not_required,not_required,False,2026-09-02T03:27:07Z
300947,德必集团,50.61038500667831,46.46027601920647,46.068350974110494,20.01620130325133,completed,False,not_required,not_required,False,2026-09-02T03:27:07Z
300948,冠中生态,23.475322401152965,26.662327203903743,20.81547292187568,52.56789360815913,completed,False,not_required,not_required,False,2026-09-02T03:27:07Z
300949,奥雅股份,39.87782480854142,41.39148465923123,51.66967462243549,33.36899211032279,completed,False,not_required,not_required,False,2026-09-02T03:27:07Z
300950,德固特,33.48476011747029,34.91316134815518,32.25680975067633,44.019830780318344,completed,False,not_required,not_required,False,2026-09-02T03:27:07Z
300951,博硕科技,16.351526268324175,28.85794563156059,13.27152171111089,22.347986453863783,completed,False,not_required,not_required,False,2026-09-02T03:27:07Z
300952,恒辉安防,49.05532852065906,50.83702875333106,44.45695599536889,45.43170859967094,completed,False,not_required,not_required,False,2026-09-02T03:27:07Z
300953,震裕科技,49.62072635014682,32.26280391224411,34.06492517983949,64.72921381496982,completed,False,not_required,not_required,False,2026-09-02T03:27:07Z
300955,嘉亨家化,28.28146493139174,33.78408867891657,39.103466133814294,62.71259930013803,completed,False,not_required,not_required,False,2026-09-02T03:27:07Z
300956,英力股份,7.723785889527939,26.22652471289151,14.534892655814328,7.130489831642832,completed,False,not_required,not_required,False,2026-09-02T03:27:07Z
300957,贝泰妮,47.539184525875626,31.600728623880713,44.0578550543543,41.29239456942285,completed,False,not_required,not_required,False,2026-09-02T03:27:07Z
300958,建工修复,63.70039228857665,49.20790678078449,65.67604110608131,32.07968929936392,completed,False,not_required,not_required,False,2026-09-02T03:27:07Z
300959,线上线下,1.7914340089488157,20.10530681205045,12.476618320335456,10.153438178331344,completed,False,not_required,not_required,False,2026-09-02T03:27:07Z
300960,通业科技,47.34422637128042,46.79680342258545,41.93944672090289,74.27304698374277,completed,False,not_required,not_required,False,2026-09-02T03:27:07Z
300961,深水海纳,30.37384382627105,46.32134190345359,38.99551523113014,27.02529716898954,completed,False,not_required,not_required,False,2026-09-02T03:27:07Z
300962,中金辐照,35.749381185947215,35.44816859888235,33.8114318843654,31.66401066776249,completed,False,not_required,not_required,False,2026-09-02T03:27:07Z
300963,中洲特材,38.286683683406714,32.75378548349396,31.353841205949607,19.15389729968367,completed,False,not_required,not_required,False,2026-09-02T03:27:07Z
300964,本川智能,69.43801888414606,58.236784869136635,47.86504719340326,45.559559634847126,completed,False,not_required,not_required,False,2026-09-02T03:27:07Z
300965,恒宇信通,13.495674966621923,30.02806575217197,27.89961132940484,15.166071621259851,completed,False,not_required,not_required,False,2026-09-02T03:27:07Z
300966,共同药业,10.090278139903752,21.98597526231186,6.601175245485703,24.16525399370785,completed,False,not_required,not_required,False,2026-09-02T03:27:07Z
300967,晓鸣股份,38.458363308045165,45.40836736305897,36.212295543772676,25.418507742017113,completed,False,not_required,not_required,False,2026-09-02T03:27:07Z
300968,格林精密,19.779705800174487,25.452955154090507,22.159202608632967,23.397439593186192,completed,False,not_required,not_required,False,2026-09-02T03:27:07Z
300969,恒帅股份,52.17245966155897,44.50576268084656,40.3401103585889,46.47101274187686,completed,False,not_required,not_required,False,2026-09-02T03:27:07Z
300970,华绿生物,54.05101895621566,38.73627590012254,49.61306447389071,69.32576402877675,completed,False,not_required,not_required,False,2026-09-02T03:27:07Z
300971,博亚精工,25.81119369899928,25.26431151004947,30.697090158147805,46.771389176578005,completed,False,not_required,not_required,False,2026-09-02T03:27:07Z
300972,万辰集团,70.14875541737796,43.39899290938858,52.54914726195731,74.76859403912448,completed,False,not_required,not_required,False,2026-09-02T03:27:07Z
300973,立高食品,53.22658923989626,48.02034492743956,46.963914281732364,26.647114313935937,completed,False,not_required,not_required,False,2026-09-02T03:27:07Z
300975,商络电子,60.687087834934104,43.89836500261242,40.21243272241706,23.56532830470323,completed,False,not_required,not_required,False,2026-09-02T03:27:07Z
300976,达瑞电子,62.51721207546201,51.69755967780141,57.739058165847034,75.63377805579631,completed,False,not_required,not_required,False,2026-09-02T03:27:07Z
300977,深圳瑞捷,31.208899411345037,31.8335403936953,34.518210202532984,29.307326478004512,completed,False,not_required,not_required,False,2026-09-02T03:27:07Z
300978,东箭科技,56.28346467850815,50.28794461989141,55.540017727574465,32.480005467910225,completed,False,not_required,not_required,False,2026-09-02T03:27:07Z
300979,华利集团,42.886024162461176,43.30844778911956,40.22110145064637,29.254921029552488,completed,False,not_required,not_required,False,2026-09-02T03:27:07Z
300980,祥源新材,62.515370398228185,49.85790524923408,56.892011757213155,45.934120466682145,completed,False,not_required,not_required,False,2026-09-02T03:27:07Z
300981,中红医疗,78.37321455408335,62.90430907173415,77.48993345459824,39.148202546959645,completed,True,completed_or_best_effort,completed,False,2026-09-02T03:27:07Z
300982,苏文电能,29.48936492564534,47.576123575801496,56.57951275660101,33.976443545782274,completed,False,not_required,not_required,False,2026-09-02T03:27:07Z
300983,尤安设计,17.55028457843796,36.53202948750522,28.550973282134443,33.4227821715464,completed,False,not_required,not_required,False,2026-09-02T03:27:07Z
300984,金沃股份,40.88930979553039,42.39085923083467,39.05958009682561,61.85066024551065,completed,False,not_required,not_required,False,2026-09-02T03:27:07Z
300985,致远新能,7.893177622128949,19.85948123054461,3.9818642718814052,2.5355874877067226,completed,False,not_required,not_required,False,2026-09-02T03:27:07Z
300986,志特新材,48.30673927722278,39.51396237419232,40.235959286824375,25.372563371915945,completed,False,not_required,not_required,False,2026-09-02T03:27:07Z
300987,川网传媒,35.364195343375556,33.19581763221677,38.32091064725352,31.612177373892358,completed,False,not_required,not_required,False,2026-09-02T03:27:07Z
300988,津荣天宇,56.67917707791018,43.93926986058322,45.40580500959553,68.17064866327036,completed,False,not_required,not_required,False,2026-09-02T03:27:07Z
300989,蕾奥规划,15.587662685142117,35.26501182413441,24.168249971340288,56.218428020759816,completed,False,not_required,not_required,False,2026-09-02T03:27:07Z
300990,同飞股份,60.050477343716324,44.23315055501176,46.895273758427116,74.21029030981867,completed,False,not_required,not_required,False,2026-09-02T03:27:07Z
300991,创益通,21.58652433270408,37.946005117553305,22.365997836129186,15.836830299891,completed,False,not_required,not_required,False,2026-09-02T03:27:07Z
300992,泰福泵业,59.39806363396771,53.99194307542506,59.23906839799665,78.00637322096864,completed,False,not_required,not_required,False,2026-09-02T03:27:07Z
300993,玉马科技,37.54716143984362,35.63636468421689,37.00001878910116,33.470231689024374,completed,False,not_required,not_required,False,2026-09-02T03:27:07Z
300994,久祺股份,39.423502530644186,34.66150307573723,43.08865316705456,44.60256259316775,completed,False,not_required,not_required,False,2026-09-02T03:27:07Z
300995,奇德新材,61.54441764006782,55.26955205478353,57.37204724735118,55.17539404331391,completed,False,not_required,not_required,False,2026-09-02T03:27:07Z
300996,普联软件,9.21194336997565,19.57027622908189,19.017455592823524,63.012121457564355,completed,False,not_required,not_required,False,2026-09-02T03:27:07Z
300997,欢乐家,56.47059810713152,49.809570588890296,49.45961574976437,61.89351586471818,completed,False,not_required,not_required,False,2026-09-02T03:27:07Z
300998,宁波方正,55.22301603191954,49.66290041003226,52.84786787645017,74.77535808450338,completed,False,not_required,not_required,False,2026-09-02T03:27:07Z
300999,金龙鱼,45.48060855134921,38.46504960642086,39.83450077962695,28.85952652448735,completed,False,not_required,not_required,False,2026-09-02T03:27:07Z
301000,肇民科技,53.114329399247374,51.662481347799826,43.324972018763965,70.90710285660016,completed,False,not_required,not_required,False,2026-09-02T03:27:07Z
301001,凯淳股份,37.77036025992578,39.651879777402264,34.4724049169779,18.325931728920537,completed,False,not_required,not_required,False,2026-09-02T03:27:07Z
301002,崧盛股份,50.08255233267902,37.1583521070676,56.420959317024774,25.26661286098151,completed,False,not_required,not_required,False,2026-09-02T03:27:07Z
301003,江苏博云,67.84732135034045,54.70222769028263,55.641717819944326,35.44790279491355,completed,False,not_required,not_required,False,2026-09-02T03:27:07Z
301004,嘉益股份,45.634420772827674,46.95741409462811,41.833361451490724,66.63314415260398,completed,False,not_required,not_required,False,2026-09-02T03:27:07Z
301005,超捷股份,41.36830819242388,40.96633671804385,26.64548590578678,34.70826695216885,completed,False,not_required,not_required,False,2026-09-02T03:27:07Z
301006,迈拓股份,12.560775260260353,25.57888317001529,25.946579408446684,16.969453367734076,completed,False,not_required,not_required,False,2026-09-02T03:27:07Z
301007,德迈仕,42.133573981442396,39.15227723864801,36.571504146768255,48.74748077519904,completed,False,not_required,not_required,False,2026-09-02T03:27:07Z
301008,宏昌科技,55.688987613183066,51.9952530623768,48.22896742539438,35.547785101635576,completed,False,not_required,not_required,False,2026-09-02T03:27:07Z
301009,可靠股份,12.697174926239608,25.57784311568483,18.500189593499428,22.74532192385376,completed,False,not_required,not_required,False,2026-09-02T03:27:07Z
301010,晶雪节能,25.64276075919816,41.17213623649795,30.143159493653556,25.559919644371853,completed,False,not_required,not_required,False,2026-09-02T03:27:07Z
301011,华立科技,6.766952098605145,23.236220921882623,15.548206692271036,29.811171569234162,completed,False,not_required,not_required,False,2026-09-02T03:27:07Z
301012,扬电科技,50.54367430510777,50.11207216556148,42.66405390594392,45.15539489949451,completed,False,not_required,not_required,False,2026-09-02T03:27:07Z
301013,利和兴,31.776044537746515,32.63545658890786,30.943429367444935,21.357484548565203,completed,False,not_required,not_required,False,2026-09-02T03:27:07Z
301015,百洋医药,54.702697780116594,47.0525283462763,47.628843298965066,49.55601817855745,completed,False,not_required,not_required,False,2026-09-02T03:27:07Z
301016,雷尔伟,42.593441324287554,40.97998213245789,43.9117366099337,40.430655218119334,completed,False,not_required,not_required,False,2026-09-02T03:27:07Z
301017,漱玉平民,59.05687235182011,48.61326208759162,51.66096062402609,37.68639969663852,completed,False,not_required,not_required,False,2026-09-02T03:27:07Z
301018,申菱环境,25.162072232968022,36.94159183165541,12.76804433882139,48.27078202921527,completed,False,not_required,not_required,False,2026-09-02T03:27:07Z
301019,宁波色母,55.00730187776048,46.248397147741365,48.445954760359896,32.1132684662235,completed,False,not_required,not_required,False,2026-09-02T03:27:07Z
301020,密封科技,63.753914574654445,53.12076363204849,55.03369126724992,43.01884892152509,completed,False,not_required,not_required,False,2026-09-02T03:27:07Z
301021,英诺激光,51.660411802326735,38.76260459159363,45.208609030880545,33.997713898588756,completed,False,not_required,not_required,False,2026-09-02T03:27:07Z
301022,海泰科,10.472513224326576,28.537770375530116,17.376740294292812,11.34816745354051,completed,False,not_required,not_required,False,2026-09-02T03:27:07Z
301023,奕帆传动,28.249170869642086,28.706342871622446,36.64462744594162,70.01395733343821,completed,False,not_required,not_required,False,2026-09-02T03:27:07Z
301024,霍普股份,43.845457859731695,42.86536749378428,46.53706959693925,21.275498758180454,completed,False,not_required,not_required,False,2026-09-02T03:27:07Z
301025,读客文化,51.760165535792254,43.31738855183472,45.99044832994288,64.26318954343239,completed,False,not_required,not_required,False,2026-09-02T03:27:07Z
301026,浩通科技,57.15797956777514,28.711840276951484,42.288489274343895,38.56482159022963,completed,False,not_required,not_required,False,2026-09-02T03:27:07Z
301027,华蓝集团,27.034909321565785,37.699954422874974,31.385948750389602,53.294140043984164,completed,False,not_required,not_required,False,2026-09-02T03:27:07Z
301028,鼎熔岩,58.44465838394973,49.74721923472145,45.123221717952255,43.21581912234226,completed,False,not_required,not_required,False,2026-09-02T03:27:07Z
301029,怡合达,61.136725195611,48.60582993209202,49.74365539326867,53.13054838564698,completed,False,not_required,not_required,False,2026-09-02T03:27:07Z
301030,*ST仕净,1.0735165567332459,21.07423760908546,8.046112358299409,0.0,completed,False,not_required,not_required,False,2026-09-02T03:27:07Z
301031,中熔电气,59.58021604421165,44.46134573314659,41.82060295697347,25.482914766735004,completed,False,not_required,not_required,False,2026-09-02T03:27:07Z
301032,新柴股份,53.81170645087696,41.0837147490157,47.855303787095494,29.91585671262971,completed,False,not_required,not_required,False,2026-09-02T03:27:07Z
301033,迈普医学,62.50111586016797,51.14867425949746,52.613649961930875,71.97321008369423,completed,False,not_required,not_required,False,2026-09-02T03:27:07Z
301035,润丰股份,55.01072949712451,47.65985312151964,50.76162042023583,47.88972864929018,completed,False,not_required,not_required,False,2026-09-02T03:27:07Z
301036,双乐股份,20.67073237288026,29.45218539572201,26.03865126888323,20.28084159200229,completed,False,not_required,not_required,False,2026-09-02T03:27:07Z
301037,保立佳,13.017137953288994,27.177182690862033,14.26635859661253,10.257022987550412,completed,False,not_required,not_required,False,2026-09-02T03:27:07Z
301038,深水规院,50.75156596952783,45.929990750777165,42.51152493785875,18.225195605424773,completed,False,not_required,not_required,False,2026-09-02T03:27:07Z
301039,中集车辆,52.88643003792537,43.80864922855733,46.211504213762936,44.621609628268054,completed,False,not_required,not_required,False,2026-09-02T03:27:07Z
301040,中环海陆,40.64429303787098,45.98354920630536,46.7308093621265,30.632644857540015,completed,False,not_required,not_required,False,2026-09-02T03:27:07Z
301041,金百泽,61.72677054817477,47.11475539533792,51.21759426911544,44.66725247194774,completed,False,not_required,not_required,False,2026-09-02T03:27:07Z
301042,安联锐视,25.52734892221789,24.593711839313045,24.431781331472028,38.985497566083104,completed,False,not_required,not_required,False,2026-09-02T03:27:07Z
301043,绿岛风,37.88564798794921,32.41548525198447,31.107561878372568,21.42458643426405,completed,False,not_required,not_required,False,2026-09-02T03:27:07Z
301045,天禄科技,29.911817617637304,42.32019740707277,31.404939047946172,21.26236554940684,completed,False,not_required,not_required,False,2026-09-02T03:27:07Z
301046,能辉科技,19.063421989982935,27.568968697420654,28.73584993905076,50.66418468859862,completed,False,not_required,not_required,False,2026-09-02T03:27:07Z
301047,义翘神州,56.22278243025396,48.44947367761742,51.74805660911813,35.444945007900884,completed,False,not_required,not_required,False,2026-09-02T03:27:07Z
301048,金鹰重工,45.33545490359617,38.547140164515326,45.28250219688452,33.83252137576875,completed,False,not_required,not_required,False,2026-09-02T03:27:07Z
301049,超越科技,47.73208415349557,50.96415155515701,49.65833264770413,15.686614030935546,completed,False,not_required,not_required,False,2026-09-02T03:27:07Z
301050,雷电微力,0.0,18.33035638790671,13.099995880324588,28.155893261561665,completed,False,not_required,not_required,False,2026-09-02T03:27:07Z
301051,信濠光电,42.33580855276531,50.064484973391366,52.8334064430557,39.529202364487965,completed,False,not_required,not_required,False,2026-09-02T03:27:07Z
301052,果麦文化,27.326724645656256,39.20414346049697,37.47988265450334,41.66259104009132,completed,False,not_required,not_required,False,2026-09-02T03:27:07Z
301053,远信工业,59.58305580059763,54.70849296916634,52.36373996272172,33.72342555605839,completed,False,not_required,not_required,False,2026-09-02T03:27:07Z
301055,张小泉,46.72734118614969,32.718931040415,33.30462712010531,27.722746120884974,completed,False,not_required,not_required,False,2026-09-02T03:27:07Z
301056,森赫股份,54.82092678513282,46.642840082705874,43.30752405338517,32.517363991535134,completed,False,not_required,not_required,False,2026-09-02T03:27:07Z
301057,汇隆新材,59.671925908362645,51.859108549827305,38.828355366184105,64.2442261824651,completed,False,not_required,not_required,False,2026-09-02T03:27:07Z
301058,中粮科工,39.719905709054565,38.04816988069129,38.07076970747433,41.22602163447137,completed,False,not_required,not_required,False,2026-09-02T03:27:07Z
301059,金三江,68.29521070803806,53.16188785684286,50.80749504623974,48.237534438269215,completed,False,not_required,not_required,False,2026-09-02T03:27:07Z
301060,兰卫医学,55.51493664544102,44.451620074384344,58.16434786136012,47.494611194106426,completed,False,not_required,not_required,False,2026-09-02T03:27:07Z
301061,匠心家居,42.85049473197254,48.25498400579591,45.96640698995576,47.57555030205455,completed,False,not_required,not_required,False,2026-09-02T03:27:07Z
301062,上海艾录,72.59053148595046,62.56460050763037,59.529235989688665,39.71837857824854,completed,False,not_required,not_required,False,2026-09-02T03:27:07Z
301063,海锅股份,23.129729778482567,36.818889914707064,28.41249843992287,19.03776442437883,completed,False,not_required,not_required,False,2026-09-02T03:27:07Z
301065,本立科技,61.967971613910166,58.14466234439048,59.31087702578169,36.88427263783714,completed,False,not_required,not_required,False,2026-09-02T03:27:07Z
301066,万事利,32.30742790759254,35.14907393127428,31.44376426342418,53.83766878430078,completed,False,not_required,not_required,False,2026-09-02T03:27:07Z
301067,显盈科技,23.904436269905574,34.84836708908541,30.471165287270274,20.061551808891053,completed,False,not_required,not_required,False,2026-09-02T03:27:07Z
301068,大地海洋,71.23470970823472,61.270175610159725,70.05551195402977,43.2035677342074,completed,False,not_required,not_required,False,2026-09-02T03:27:07Z
301069,凯盛新材,51.00829805573114,37.86979092893657,38.436370722605226,30.44428901835935,completed,False,not_required,not_required,False,2026-09-02T03:27:07Z
301070,开勒股份,42.24055236189288,41.73697485498404,40.80415714498589,39.39582954436245,completed,False,not_required,not_required,False,2026-09-02T03:27:07Z
301071,力量钻石,78.59559850214585,67.03931379607477,64.56496801773643,35.588080370257906,completed,True,completed_or_best_effort,completed,False,2026-09-02T03:27:07Z
301072,中捷精工,43.185621000363334,44.84447567254847,45.08671243461801,35.23196349481357,completed,False,not_required,not_required,False,2026-09-02T03:27:07Z
301073,君亭酒店,46.33289694487997,40.519895960751164,42.455055734648994,71.75615086928994,completed,False,not_required,not_required,False,2026-09-02T03:27:07Z
301075,多瑞医药,54.03590732573373,60.177965016055495,58.4599778278838,71.18970911147245,completed,False,not_required,not_required,False,2026-09-02T03:27:07Z
301076,新瀚新材,56.851329311590014,50.43308850399468,49.18604911109294,48.0410464637499,completed,False,not_required,not_required,False,2026-09-02T03:27:07Z
301077,星华新材,53.32371479133256,42.8278236100234,36.033053892638044,74.75442274196513,completed,False,not_required,not_required,False,2026-09-02T03:27:07Z
301078,孩子王,59.40382863989336,45.125491640901,51.972565783570815,67.05063324241938,completed,False,not_required,not_required,False,2026-09-02T03:27:07Z
301079,邵阳液压,42.90632630500861,43.476285063540466,28.161948377883512,40.42241186904035,completed,False,not_required,not_required,False,2026-09-02T03:27:07Z
301080,百普赛斯,59.01502021130487,50.2222868083536,47.232420740799,57.2335812191047,completed,False,not_required,not_required,False,2026-09-02T03:27:07Z
301081,严牌股份,24.157907095079366,35.91655799341885,21.530728426652562,23.91429732799711,completed,False,not_required,not_required,False,2026-09-02T03:27:07Z
301082,久盛电气,38.88550040882361,40.30885669475226,42.38483187967988,22.14919977295133,completed,False,not_required,not_required,False,2026-09-02T03:27:07Z
301083,百胜智能,23.20506460767627,31.56956768103383,25.65835856888914,16.878197098303744,completed,False,not_required,not_required,False,2026-09-02T03:27:07Z
301085,亚康股份,76.49770166513375,54.321391788160525,60.37474640950453,46.929642906626924,completed,False,not_required,not_required,False,2026-09-02T03:27:07Z
301086,鸿富瀚,63.24491718901761,65.52596300235422,49.3680411633717,46.21743614806155,completed,False,not_required,not_required,False,2026-09-02T03:27:07Z
301087,可孚医疗,65.03140353877706,56.3530107084224,57.42622925481231,78.45289425465346,completed,False,not_required,not_required,False,2026-09-02T03:27:07Z
301088,戎美股份,39.290309140675575,42.19528607238802,44.33500857604734,34.18789937072887,completed,False,not_required,not_required,False,2026-09-02T03:27:07Z
301089,拓新药业,40.42472824009061,44.62062602069824,33.30705999506999,23.50406584006889,completed,False,not_required,not_required,False,2026-09-02T03:27:07Z
301090,华润材料,61.49745204627487,51.24039132115042,67.99310780885843,53.10308486929371,completed,False,not_required,not_required,False,2026-09-02T03:27:07Z
301091,深城交,60.67841199733948,53.71198575467828,49.30737155494139,32.51753070751853,completed,False,not_required,not_required,False,2026-09-02T03:27:07Z
301092,争光股份,43.156589970247126,46.463796296085505,47.29223021258581,34.09751644340725,completed,False,not_required,not_required,False,2026-09-02T03:27:07Z
301093,华兰股份,40.48959607001529,45.980415219179314,37.470378858052186,45.771957536912744,completed,False,not_required,not_required,False,2026-09-02T03:27:07Z
301095,广立微,58.17348389641742,48.37015970878723,52.903467062727096,38.734895138065795,completed,False,not_required,not_required,False,2026-09-02T03:27:07Z
301096,百诚医药,5.539138169744508,28.069232402012403,14.505343561465246,63.587310621690364,completed,False,not_required,not_required,False,2026-09-02T03:27:07Z
301097,天益医疗,49.03304849576999,51.020490964898045,44.49901817102251,30.407792671306332,completed,False,not_required,not_required,False,2026-09-02T03:27:07Z
301098,金埔园林,37.50405150453971,41.15769165536651,34.177968967188285,30.448083765050896,completed,False,not_required,not_required,False,2026-09-02T03:27:07Z
301099,雅创电子,58.05139957451434,41.558521213822935,36.45954464722314,62.32781379502438,completed,False,not_required,not_required,False,2026-09-02T03:27:07Z
301100,风光股份,41.69769600543792,39.51299250377692,55.450615456047,53.18622070530336,completed,False,not_required,not_required,False,2026-09-02T03:27:07Z
301101,明月镜片,51.78134778138491,43.50465892161483,47.37529338619233,54.00249868092969,completed,False,not_required,not_required,False,2026-09-02T03:27:07Z
301102,兆讯传媒,3.043891752764079,21.80055853521565,9.540858166712834,43.859280540045255,completed,False,not_required,not_required,False,2026-09-02T03:27:07Z
301103,何氏眼科,51.107349174499575,41.171440247452345,48.88319446866669,42.03767525925242,completed,False,not_required,not_required,False,2026-09-02T03:27:07Z
301105,鸿铭股份,27.88038465583906,37.320012625698745,26.864216711475635,16.3829597649785,completed,False,not_required,not_required,False,2026-09-02T03:27:07Z
301106,骏成科技,15.04971994172815,25.75444458529666,24.137842623128503,32.414734721233565,completed,False,not_required,not_required,False,2026-09-02T03:27:07Z
301107,瑜欣电子,48.7487781324539,43.08462098878534,38.4267437964256,46.428046094556954,completed,False,not_required,not_required,False,2026-09-02T03:27:07Z
301108,洁雅股份,59.24981762217158,46.422616990555376,56.77814062721398,51.19091678283439,completed,False,not_required,not_required,False,2026-09-02T03:27:07Z
301109,军信股份,57.253060486524845,57.17307461891171,53.92062241780666,48.8537507714837,completed,False,not_required,not_required,False,2026-09-02T03:27:07Z
301110,青木科技,45.72048485476055,33.15930084800182,45.63783450847929,32.53207678427007,completed,False,not_required,not_required,False,2026-09-02T03:27:07Z
301111,粤万年青,46.03863489809595,46.989565388551725,57.06516845625809,27.618883816949566,completed,False,not_required,not_required,False,2026-09-02T03:27:07Z
301112,信邦智能,19.77209851365525,28.95722840748175,31.623799459753613,38.14139670630788,completed,False,not_required,not_required,False,2026-09-02T03:27:07Z
301113,雅艺科技,55.99778079896011,47.848943084390136,55.4124494616755,30.214187055829612,completed,False,not_required,not_required,False,2026-09-02T03:27:07Z
301115,联检科技,38.82555948560259,49.08992149260161,37.98087759283009,40.44654013792311,completed,False,not_required,not_required,False,2026-09-02T03:27:07Z
301116,益客食品,61.91711004432649,52.090056403299606,62.373604875397206,28.294709632105505,completed,False,not_required,not_required,False,2026-09-02T03:27:07Z
301117,ST佳缘,0.0,11.79564071171883,11.38840019075946,7.675161903165266,completed,False,not_required,not_required,False,2026-09-02T03:27:07Z
301118,恒光股份,68.20518516727047,53.952974635645866,56.18333364299033,45.17847240306752,completed,False,not_required,not_required,False,2026-09-02T03:27:07Z
301119,正强股份,50.66122988019024,48.541411489723984,47.64989755521808,33.25616698577086,completed,False,not_required,not_required,False,2026-09-02T03:27:07Z
301120,新特电气,67.11657101847052,52.753700553739094,75.62928748843967,41.262688169059864,completed,False,not_required,not_required,False,2026-09-02T03:27:07Z
301121,紫建电子,57.86253977778025,54.543456939812756,46.80596303259103,38.471137760371505,completed,False,not_required,not_required,False,2026-09-02T03:27:07Z
301122,采纳股份,31.904058820786,26.541922261896403,24.215279108177555,38.46077507272411,completed,False,not_required,not_required,False,2026-09-02T03:27:07Z
301123,奕东电子,28.578944059926904,35.12236215090159,25.819525527655006,34.96711078843918,completed,False,not_required,not_required,False,2026-09-02T03:27:07Z
301125,腾亚精工,50.6798257833787,50.31155346852565,45.417549486170266,53.92458305499921,completed,False,not_required,not_required,False,2026-09-02T03:27:07Z
301126,达嘉维康,53.06243794863162,52.71451919609441,66.70919427536296,29.45191689497971,completed,False,not_required,not_required,False,2026-09-02T03:27:07Z
301127,武汉天源,29.064338479641705,32.04911897906855,27.357488988263718,52.04182079936581,completed,False,not_required,not_required,False,2026-09-02T03:27:07Z
301128,强瑞技术,61.2444358391631,52.22482422834711,45.760514194354734,27.598083133758752,completed,False,not_required,not_required,False,2026-09-02T03:27:07Z
301129,瑞纳智能,36.36428020476056,46.06175224763029,44.01810919404559,32.57526578398014,completed,False,not_required,not_required,False,2026-09-02T03:27:07Z
301130,西点药业,21.719362284965193,31.72841656236546,27.759579017901988,42.60883546067767,completed,False,not_required,not_required,False,2026-09-02T03:27:07Z
301131,聚赛龙,36.82213790226039,35.130983303548966,27.279801912442515,20.752585688722228,completed,False,not_required,not_required,False,2026-09-02T03:27:07Z
301132,满坤科技,49.54924621287504,43.301858656108536,37.978954565231376,34.98488769235006,completed,False,not_required,not_required,False,2026-09-02T03:27:07Z
301133,金钟股份,15.513725289451205,25.00447758121555,15.892866439394554,17.44275677163199,completed,False,not_required,not_required,False,2026-09-02T03:27:07Z
301135,瑞德智能,36.63498083565523,38.07325178531919,34.70126399613932,61.45351116057656,completed,False,not_required,not_required,False,2026-09-02T03:27:07Z
301136,招标股份,46.657986861612684,47.723367626104505,64.03507715936517,23.210486869776442,completed,False,not_required,not_required,False,2026-09-02T03:27:07Z
301137,哈焊华通,52.45055997523212,51.71549068457036,43.90191189699821,23.393033322324992,completed,False,not_required,not_required,False,2026-09-02T03:27:07Z
301138,华研精机,59.99254895818318,51.912070802183074,44.59105937495449,28.75935665397642,completed,False,not_required,not_required,False,2026-09-02T03:27:07Z
301139,*ST元道,0.0,9.696599079000181,12.776824873305076,3.9136046831456834,completed,False,not_required,not_required,False,2026-09-02T03:27:07Z
301141,中科磁业,21.66426284593283,30.16036069047305,15.697296131331004,28.845558491610696,completed,False,not_required,not_required,False,2026-09-02T03:27:07Z
301148,嘉戎技术,51.86379598175843,49.00837513004939,40.58792687101007,74.78656607802604,completed,False,not_required,not_required,False,2026-09-02T03:27:07Z
301149,隆华新材,70.17140558049275,54.4181398042396,60.019173270278685,26.16103844610831,completed,False,not_required,not_required,False,2026-09-02T03:27:07Z
301150,中一科技,56.92053429182701,39.64808007076412,43.757661592578046,37.86692435561314,completed,False,not_required,not_required,False,2026-09-02T03:27:07Z
301151,冠龙节能,64.42692698556877,59.44432570988861,57.54530663719114,35.105443680048595,completed,False,not_required,not_required,False,2026-09-02T03:27:07Z
301152,天力锂能,71.00834996057203,52.95790141127614,71.76413215885904,27.337101976186496,completed,False,not_required,not_required,False,2026-09-02T03:27:07Z
301153,中科江南,52.22642353694532,39.03986703875492,66.12601073817072,40.70285597235714,completed,False,not_required,not_required,False,2026-09-02T03:27:07Z
301155,海力风电,5.40389350073945,22.66615876438619,19.23446573677735,21.74331055261505,completed,False,not_required,not_required,False,2026-09-02T03:27:07Z
301156,美农生物,37.66728136461943,38.49697479437662,35.04000933527551,43.95558386791373,completed,False,not_required,not_required,False,2026-09-02T03:27:07Z
301157,华塑科技,36.93722366542899,38.76961889629782,37.17458571643919,30.547716460049323,completed,False,not_required,not_required,False,2026-09-02T03:27:07Z
301158,德石股份,40.16732066102251,49.58447620147867,42.021977896020736,24.876685833291127,completed,False,not_required,not_required,False,2026-09-02T03:27:07Z
301159,三维天地,41.711497170260195,43.72480656777585,47.50309540714227,23.104708302949597,completed,False,not_required,not_required,False,2026-09-02T03:27:07Z
301160,翔楼新材,48.39031636678626,42.04466487301866,40.33253326167044,45.21847505148986,completed,False,not_required,not_required,False,2026-09-02T03:27:07Z
301161,唯万密封,63.551882683991124,52.09337658322908,55.25046112142231,48.88731946053724,completed,False,not_required,not_required,False,2026-09-02T03:27:07Z
301162,国能日新,60.763619880991996,55.83583096083288,54.65215954159471,57.19009877708914,completed,False,not_required,not_required,False,2026-09-02T03:27:07Z
301163,宏德股份,11.145410839261707,26.535550897437574,18.947398229124985,10.540687827164486,completed,False,not_required,not_required,False,2026-09-02T03:27:07Z
301165,锐捷网络,57.77520490393363,46.221944909276274,34.08623445101525,47.11319694382881,completed,False,not_required,not_required,False,2026-09-02T03:27:07Z
301166,优宁维,51.881068244843284,44.69167522560384,66.04635122687577,48.35266026804081,completed,False,not_required,not_required,False,2026-09-02T03:27:07Z
301167,建研设计,17.541458400965933,28.42969782056987,30.51909018709039,39.55541444136276,completed,False,not_required,not_required,False,2026-09-02T03:27:07Z
301168,通灵股份,37.24296624968767,44.665857231184646,35.629424853446956,24.219014431235806,completed,False,not_required,not_required,False,2026-09-02T03:27:07Z
301169,零点有数,40.52986380372108,42.24053286461058,46.3491494608258,26.938005418052597,completed,False,not_required,not_required,False,2026-09-02T03:27:07Z
301170,锡南科技,37.27782368729203,38.300254600325886,39.41620759020709,32.12457245992429,completed,False,not_required,not_required,False,2026-09-02T03:27:07Z
301171,易点天下,65.3244473609151,48.855537507210265,49.93739986872121,48.01292676120653,completed,False,not_required,not_required,False,2026-09-02T03:27:07Z
301172,君逸数码,25.131884251925168,30.884531611645194,28.4378678698072,24.819234462329995,completed,False,not_required,not_required,False,2026-09-02T03:27:07Z
301173,毓恬冠佳,59.76747496171999,50.29088088521744,51.96187900363278,51.053237050550116,completed,False,not_required,not_required,False,2026-09-02T03:27:07Z
301175,中科环保,61.10811054556656,55.29293255297175,45.06623205634712,53.769646761737874,completed,False,not_required,not_required,False,2026-09-02T03:27:07Z
301176,逸豪新材,51.206328568561815,44.00978531890227,49.52779994989502,37.44224660490464,completed,False,not_required,not_required,False,2026-09-02T03:27:07Z
301177,迪阿股份,24.13483470133178,33.85604545896854,21.485634111406583,29.540660702104958,completed,False,not_required,not_required,False,2026-09-02T03:27:07Z
301178,天亿马,22.149022326138468,25.74116128299748,24.361500297398095,61.04146977091808,completed,False,not_required,not_required,False,2026-09-02T03:27:07Z
301179,泽宇智能,42.07091599957157,39.380332496512096,35.71236759953505,67.67332838607084,completed,False,not_required,not_required,False,2026-09-02T03:27:07Z
301180,万祥科技,10.514136264588139,24.31250472003228,20.568678213135193,26.42408741228573,completed,False,not_required,not_required,False,2026-09-02T03:27:07Z
301181,标榜股份,36.80489881848787,36.4322325361429,40.1728684853747,43.33509432382532,completed,False,not_required,not_required,False,2026-09-02T03:27:07Z
301182,凯旺科技,18.090285500989857,25.837856935997383,12.441938366234199,23.077349851942294,completed,False,not_required,not_required,False,2026-09-02T03:27:07Z
301183,东田微,69.59382657423056,55.808830795130326,54.91588761772136,47.77803667925332,completed,False,not_required,not_required,False,2026-09-02T03:27:07Z
301185,鸥玛软件,47.98629965022942,55.59231534928313,49.022856506381004,58.450559275638774,completed,False,not_required,not_required,False,2026-09-02T03:27:07Z
301186,超达装备,28.122949794276796,30.30629089826244,30.435870047167157,69.27042783978602,completed,False,not_required,not_required,False,2026-09-02T03:27:07Z
301187,欧圣电气,39.84894516571675,44.725518139103194,24.73757816469433,20.816347757188254,completed,False,not_required,not_required,False,2026-09-02T03:27:07Z
301188,力诺药包,34.67916466681412,41.54009961449309,20.018831892453928,23.23563308556896,completed,False,not_required,not_required,False,2026-09-02T03:27:07Z
301189,奥尼电子,61.23134480014011,61.12238740684286,57.38945988817968,30.44538180399413,completed,False,not_required,not_required,False,2026-09-02T03:27:07Z
301190,善水科技,61.19219074837766,44.47980199180084,52.70268319860363,51.94354870672983,completed,False,not_required,not_required,False,2026-09-02T03:27:07Z
301191,菲菱科思,38.73988375275863,29.075085953771847,28.494382367731188,60.73032497724305,completed,False,not_required,not_required,False,2026-09-02T03:27:07Z
301192,泰祥股份,34.34357261813928,33.01571055225117,35.39568137368676,26.34077792206349,completed,False,not_required,not_required,False,2026-09-02T03:27:07Z
301193,家联科技,50.4561716630633,54.25094802498016,56.20126406491671,15.596419839256017,completed,False,not_required,not_required,False,2026-09-02T03:27:07Z
301195,北路智控,39.92829860754776,45.95463250080963,37.24259012213771,31.35729990040426,completed,False,not_required,not_required,False,2026-09-02T03:27:07Z
301196,唯科科技,57.81368174001297,49.26311415502846,43.264028133813866,62.315854794643585,completed,False,not_required,not_required,False,2026-09-02T03:27:07Z
301197,工大科雅,29.369840010333412,50.72937364568227,37.546808730745255,74.10783417562338,completed,False,not_required,not_required,False,2026-09-02T03:27:07Z
301198,喜悦智行,16.078359161924915,29.440727066242708,28.858337856223706,12.899746898416113,completed,False,not_required,not_required,False,2026-09-02T03:27:07Z
301199,迈赫股份,39.30620768670992,41.81636211722072,31.90031291743354,24.03714618206071,completed,False,not_required,not_required,False,2026-09-02T03:27:07Z
301200,大族数控,67.61244289725863,54.25295411038465,52.946702159548416,46.66588573998858,completed,False,not_required,not_required,False,2026-09-02T03:27:07Z
301201,诚达药业,26.596557899440892,23.271234934650707,24.64632896842255,21.69100626996673,completed,False,not_required,not_required,False,2026-09-02T03:27:07Z
301202,朗威股份,43.800051720529105,44.227822684495585,31.192682581966125,24.165778691485066,completed,False,not_required,not_required,False,2026-09-02T03:27:07Z
301203,国泰环保,40.51142327060028,37.022700391123166,32.3453621226126,60.555522801345816,completed,False,not_required,not_required,False,2026-09-02T03:27:07Z
301205,联特科技,33.95510992208952,44.634894652638444,17.78525060682404,48.66576535663749,completed,False,not_required,not_required,False,2026-09-02T03:27:07Z
301206,三元生物,44.40975853827886,36.6605202855981,41.730228822812414,53.43589683490409,completed,False,not_required,not_required,False,2026-09-02T03:27:07Z
301207,华兰疫苗,37.45130726242173,38.05482958064834,50.03656814356122,35.37943935152627,completed,False,not_required,not_required,False,2026-09-02T03:27:07Z
301208,中亦科技,49.365221315483836,43.52032294375285,36.34408399093226,42.92379184758199,completed,False,not_required,not_required,False,2026-09-02T03:27:07Z
301209,联合化学,27.68528271429735,32.92229549415456,26.795945657657686,29.798032282321763,completed,False,not_required,not_required,False,2026-09-02T03:27:07Z
301210,金杨精密,61.336720367870754,49.01182572038637,52.15899067306759,46.587582081483916,completed,False,not_required,not_required,False,2026-09-02T03:27:07Z
301211,亨迪药业,62.23734826639154,61.575181325312855,58.98997571910317,41.63502852223606,completed,False,not_required,not_required,False,2026-09-02T03:27:07Z
301212,联盛化学,66.87599356979622,61.29284888097687,57.16925012344727,27.856989593356385,completed,False,not_required,not_required,False,2026-09-02T03:27:07Z
301213,观想科技,16.92806498655319,29.225330905553584,27.590847754938338,45.97737198933172,completed,False,not_required,not_required,False,2026-09-02T03:27:07Z
301215,中汽股份,65.7603444898831,56.99382488595356,60.43872894337882,44.3522645758364,completed,False,not_required,not_required,False,2026-09-02T03:27:07Z
301216,万凯新材,68.4357762739951,57.55502691124477,51.453050137094166,59.38809362165385,completed,False,not_required,not_required,False,2026-09-02T03:27:07Z
301217,铜冠铜箔,54.122749145032394,39.775747680571556,42.31277083408279,32.813756219630385,completed,False,not_required,not_required,False,2026-09-02T03:27:07Z
301218,华是科技,49.86587373472795,52.66470449764317,40.89976217533703,69.58127619836236,completed,False,not_required,not_required,False,2026-09-02T03:27:07Z
301219,腾远钴业,51.549180847214124,36.451963053722295,38.59681615567319,30.535585949581513,completed,False,not_required,not_required,False,2026-09-02T03:27:07Z
301220,亚香股份,39.03515401510415,36.97152480709151,35.924909654831005,60.7007076316006,completed,False,not_required,not_required,False,2026-09-02T03:27:07Z
301221,光庭信息,20.28335702693337,22.769729671288168,26.721203162755582,30.65713374726299,completed,False,not_required,not_required,False,2026-09-02T03:27:07Z
301222,浙江恒威,57.67798636330357,44.779879173481845,52.7087663412432,44.68919844567695,completed,False,not_required,not_required,False,2026-09-02T03:27:07Z
301223,中荣股份,52.91171072804496,41.72303333942573,54.29159397381559,61.40345124525193,completed,False,not_required,not_required,False,2026-09-02T03:27:07Z
301225,恒勃股份,39.544305925000295,40.699058249614666,25.264819599813862,63.311830558314895,completed,False,not_required,not_required,False,2026-09-02T03:27:07Z
301226,祥明智能,42.77588080762658,43.35137830854703,42.023415538666214,27.834383060011284,completed,False,not_required,not_required,False,2026-09-02T03:27:07Z
301227,森鹰窗业,11.82043814711355,25.44134049205225,19.007636941712917,32.93316857513554,completed,False,not_required,not_required,False,2026-09-02T03:27:07Z
301228,实朴检测,61.05734903699056,58.75769640177499,68.1681057756895,68.38781403195478,completed,False,not_required,not_required,False,2026-09-02T03:27:07Z
301229,纽泰格,15.914842086496694,28.984407637012566,14.778753471437295,14.623158737177713,completed,False,not_required,not_required,False,2026-09-02T03:27:07Z
301230,泓博医药,45.344548124964405,40.36358098185895,37.39145637053348,47.476323020906364,completed,False,not_required,not_required,False,2026-09-02T03:27:07Z
301231,荣信文化,48.83079212244202,53.672201200538275,45.523345520830865,43.19823126255572,completed,False,not_required,not_required,False,2026-09-02T03:27:07Z
301232,飞沃科技,14.28683456730986,26.394197289461587,12.866272187158955,55.39510864685763,completed,False,not_required,not_required,False,2026-09-02T03:27:07Z
301233,盛帮股份,46.85147558633683,44.92843758016318,44.1898315920824,53.44215946092559,completed,False,not_required,not_required,False,2026-09-02T03:27:07Z
301234,五洲医疗,56.81034817228382,51.33475091048197,56.459481726864325,49.107203687501105,completed,False,not_required,not_required,False,2026-09-02T03:27:07Z
301235,华康洁净,23.840735923257437,33.19598663031544,19.744774476299874,64.1399590048845,completed,False,not_required,not_required,False,2026-09-02T03:27:07Z
301236,软通动力,52.07243186499234,43.35054565279028,45.23943917812114,34.00837643410223,completed,False,not_required,not_required,False,2026-09-02T03:27:07Z
301237,和顺科技,51.73140359893987,48.87944738026116,61.350783289491815,30.641902279475794,completed,False,not_required,not_required,False,2026-09-02T03:27:07Z
301238,瑞泰新材,38.30586732324141,30.47773146264999,30.408036187326232,53.090423309381116,completed,False,not_required,not_required,False,2026-09-02T03:27:07Z
301239,普瑞眼科,72.9340512923227,54.89263244448432,73.40971531715358,39.46714470193096,completed,False,not_required,not_required,False,2026-09-02T03:27:07Z
301246,宏源药业,59.50296401797386,44.12273247752634,64.63042954076923,40.29913529629275,completed,False,not_required,not_required,False,2026-09-02T03:27:07Z
301248,杰创智能,41.6452157275803,54.47581073466954,36.779036823861574,37.88794173520337,completed,False,not_required,not_required,False,2026-09-02T03:27:07Z
301251,威尔高,58.420809133975595,50.13773982100987,42.97734732841661,65.86001777906336,completed,False,not_required,not_required,False,2026-09-02T03:27:07Z
301252,同星科技,45.84453485545616,46.91549494835001,35.9788957598284,54.34923172451378,completed,False,not_required,not_required,False,2026-09-02T03:27:07Z
301255,通力科技,17.000172251343564,20.120878521747997,18.847565287669454,25.47876194976591,completed,False,not_required,not_required,False,2026-09-02T03:27:07Z
301256,华融化学,28.427426829172624,27.109490876029277,32.731177519558884,31.879012584718375,completed,False,not_required,not_required,False,2026-09-02T03:27:07Z
301257,普蕊斯,5.031715184461413,16.206126805898197,15.599087675563872,12.843517839674394,completed,False,not_required,not_required,False,2026-09-02T03:27:07Z
301258,富士莱,13.438207718738592,32.3264935996506,23.759920675177113,31.582052441003796,completed,False,not_required,not_required,False,2026-09-02T03:27:07Z
301259,艾布鲁,2.3530413576874274,16.093620864503457,14.91873772724917,17.998794441547716,completed,False,not_required,not_required,False,2026-09-02T03:27:07Z
301260,格力博,16.85859129669491,27.950337967103874,24.309234680757758,26.799025593288157,completed,False,not_required,not_required,False,2026-09-02T03:27:07Z
301261,恒工精密,42.439279005761996,34.6788933728339,27.597277490181156,21.97530723984553,completed,False,not_required,not_required,False,2026-09-02T03:27:07Z
301262,海看股份,41.88690423042438,37.806210895618925,41.854202214027126,28.778623258759595,completed,False,not_required,not_required,False,2026-09-02T03:27:07Z
301263,泰恩康,26.75404384395894,32.87506914882703,31.669334574483763,35.176517898303324,completed,False,not_required,not_required,False,2026-09-02T03:27:07Z
301265,华新科技,24.4712444970568,34.92371460893019,26.867458999497792,37.36117830011969,completed,False,not_required,not_required,False,2026-09-02T03:27:07Z
301266,宇邦新材,53.487548342194565,46.278028438848814,58.45491220701497,69.78385391680229,completed,False,not_required,not_required,False,2026-09-02T03:27:07Z
301267,华厦眼科,50.531947936412344,38.50324525940833,46.97964246868905,37.62828159119624,completed,False,not_required,not_required,False,2026-09-02T03:27:07Z
301268,铭利达,18.814527474890337,24.17273222930934,16.71224607081368,15.88141609578298,completed,False,not_required,not_required,False,2026-09-02T03:27:07Z
301269,华大九天,52.273589405685854,50.711779914046645,62.45189943328884,45.706849052943106,completed,False,not_required,not_required,False,2026-09-02T03:27:07Z
301270,汉仪股份,59.98336718069379,53.443943666097546,62.31713622281957,33.16675329532673,completed,False,not_required,not_required,False,2026-09-02T03:27:07Z
301272,英华特,25.656104152992647,28.960702573952588,29.314090686447464,47.776175445673815,completed,False,not_required,not_required,False,2026-09-02T03:27:07Z
301273,瑞晨环保,24.479940400514124,29.87378939314472,18.150152675067936,12.89023097208903,completed,False,not_required,not_required,False,2026-09-02T03:27:07Z
301275,汉朔科技,70.77302274505749,49.646341238856984,57.16170171069449,52.25234130338132,completed,False,not_required,not_required,False,2026-09-02T03:27:07Z
301276,嘉曼服饰,34.956399306961806,32.18832100201321,36.269072937126445,27.703167071799285,completed,False,not_required,not_required,False,2026-09-02T03:27:07Z
301277,新天地,56.66879484126599,53.71077820949277,46.086947779471686,39.65833547937063,completed,False,not_required,not_required,False,2026-09-02T03:27:07Z
301278,快可电子,45.50150907774662,49.738130316932036,56.12062336381196,30.195997482692682,completed,False,not_required,not_required,False,2026-09-02T03:27:07Z
301279,金道科技,54.25329083881662,51.98198813311177,48.90845189807548,44.70925648205279,completed,False,not_required,not_required,False,2026-09-02T03:27:07Z
301280,珠城科技,63.407407626819946,55.94878916939314,52.87658603543559,41.531090011288335,completed,False,not_required,not_required,False,2026-09-02T03:27:07Z
301281,科源制药,65.0841086704601,53.53062863905097,51.80289623413709,44.17806086197585,completed,False,not_required,not_required,False,2026-09-02T03:27:07Z
301282,金禄电子,59.46560494752665,52.8506476617467,42.871852873165615,63.045918910386064,completed,False,not_required,not_required,False,2026-09-02T03:27:07Z
301283,聚胶股份,43.973398922493196,39.33380110987117,37.47909301687002,37.785905747183,completed,False,not_required,not_required,False,2026-09-02T03:27:07Z
301285,鸿日达,6.99871620141486,22.388132224191104,12.023776916350583,10.625570275687586,completed,False,not_required,not_required,False,2026-09-02T03:27:07Z
301286,侨源股份,63.36757216357501,47.34903758873974,52.69442379798422,42.31013836709512,completed,False,not_required,not_required,False,2026-09-02T03:27:07Z
301287,康力源,46.30523398046404,41.0909095916507,36.51280037212331,32.87589425766612,completed,False,not_required,not_required,False,2026-09-02T03:27:07Z
301288,清研环境,30.473532670345065,42.35276834071702,24.148569414943474,9.276020097144718,completed,False,not_required,not_required,False,2026-09-02T03:27:07Z
301289,国缆检测,56.876601419412324,48.3689100899006,52.898452590621446,41.99720135129787,completed,False,not_required,not_required,False,2026-09-02T03:27:07Z
301290,东星医疗,34.92023226824779,37.937109007793524,42.59892398427212,74.96280993479287,completed,False,not_required,not_required,False,2026-09-02T03:27:07Z
301291,明阳电气,23.59763420230013,37.24674333575843,29.77590582475522,17.370012576818795,completed,False,not_required,not_required,False,2026-09-02T03:27:07Z
301292,海科新源,68.16620127182907,49.09845636773728,60.023190060233624,44.22824019864624,completed,False,not_required,not_required,False,2026-09-02T03:27:07Z
301293,三博脑科,51.697927891380345,44.83048755789492,39.99021888988729,39.72216494213668,completed,False,not_required,not_required,False,2026-09-02T03:27:07Z
301295,美硕科技,60.158089351375196,50.738659093345234,49.587305538252274,35.73647737210678,completed,False,not_required,not_required,False,2026-09-02T03:27:07Z
301296,新巨丰,23.082939381041218,29.25477694925165,25.988661415474674,15.847979923715872,completed,False,not_required,not_required,False,2026-09-02T03:27:07Z
301297,富乐德,64.19262016071693,55.87613609813711,54.231251053634345,51.848947118385134,completed,False,not_required,not_required,False,2026-09-02T03:27:07Z
301298,东利机械,31.09734589651312,32.54736640826198,33.622393217242774,30.001845375706125,completed,False,not_required,not_required,False,2026-09-02T03:27:07Z
301299,卓创资讯,50.280432241481634,39.427726798725615,45.58278510584644,39.35547036082171,completed,False,not_required,not_required,False,2026-09-02T03:27:07Z
301300,远翔新材,39.821943163751236,34.51270318811332,40.0125075052015,48.70960936148784,completed,False,not_required,not_required,False,2026-09-02T03:27:07Z
301301,川宁生物,48.392890536871256,42.65270947798917,44.64543197983236,41.769286229870126,completed,False,not_required,not_required,False,2026-09-02T03:27:07Z
301302,华如科技,25.70457934258004,30.477303320037734,42.39105072230231,36.0740012202436,completed,False,not_required,not_required,False,2026-09-02T03:27:07Z
301303,真兰仪表,34.79612762510348,39.74437500455061,38.33079357782059,31.197013031539406,completed,False,not_required,not_required,False,2026-09-02T03:27:07Z
301305,朗坤科技,61.71729085069215,50.799334943572184,56.12419969711073,43.23046450882822,completed,False,not_required,not_required,False,2026-09-02T03:27:07Z
301306,西测测试,49.17125712160397,56.73229493478398,53.76235046539311,32.51807971670669,completed,False,not_required,not_required,False,2026-09-02T03:27:07Z
301307,美利信,19.524829482022255,30.321104617799662,17.481128317803314,30.567272163109955,completed,False,not_required,not_required,False,2026-09-02T03:27:07Z
301308,江波龙,66.76960727819375,46.77175344553895,43.758385324710666,55.19267999480601,completed,False,not_required,not_required,False,2026-09-02T03:27:07Z
301309,万得凯,63.753195141221774,58.78062485334101,54.462237899155255,52.91213197471549,completed,False,not_required,not_required,False,2026-09-02T03:27:07Z
301310,鑫宏业,45.126801528507215,48.66511363614381,32.974106533209344,35.198746052381,completed,False,not_required,not_required,False,2026-09-02T03:27:07Z
301311,昆船智能,18.20401749285723,21.677971804120677,20.73834824450589,35.18646058728798,completed,False,not_required,not_required,False,2026-09-02T03:27:07Z
301312,智立方,59.731474279731955,52.47738641979031,46.383716636925925,39.706305336424315,completed,False,not_required,not_required,False,2026-09-02T03:27:07Z
301313,凡拓数创,18.137088610094455,31.41156174675042,30.713834795035915,36.71510739107436,completed,False,not_required,not_required,False,2026-09-02T03:27:07Z
301314,科瑞思,29.465843049533532,37.09762145182696,32.37109406071952,26.486476213400707,completed,False,not_required,not_required,False,2026-09-02T03:27:07Z
301315,威士顿,40.01804453317253,41.186767656377576,36.70606444287682,37.806111252415874,completed,False,not_required,not_required,False,2026-09-02T03:27:07Z
301316,慧博云通,55.81727736863316,45.806314120027054,47.355662345703216,73.92642232695869,completed,False,not_required,not_required,False,2026-09-02T03:27:07Z
301317,鑫磊股份,15.221577883509749,23.128389223169894,20.931147661852723,13.042080503678848,completed,False,not_required,not_required,False,2026-09-02T03:27:07Z
301318,维海德,32.44175647599437,42.382379271492674,32.90346754355216,38.27585047705807,completed,False,not_required,not_required,False,2026-09-02T03:27:07Z
301319,唯特偶,47.5419716040181,37.06619660156948,30.487714504394177,24.31726703695438,completed,False,not_required,not_required,False,2026-09-02T03:27:07Z
301320,豪江智能,40.90105066404893,41.65638710347792,36.14545725539265,56.935970487300665,completed,False,not_required,not_required,False,2026-09-02T03:27:07Z
301321,翰博高新,60.12071253521748,46.599840801424435,48.956994269098445,69.15121506928507,completed,False,not_required,not_required,False,2026-09-02T03:27:07Z
301322,绿通科技,30.695818593142235,32.40902315510799,25.866709371469426,57.117514013789425,completed,False,not_required,not_required,False,2026-09-02T03:27:07Z
301323,新莱福,46.23281147306295,39.72886850046856,39.694781754355006,38.490385598138865,completed,False,not_required,not_required,False,2026-09-02T03:27:07Z
301325,曼恩斯特,44.01103971214803,53.25387220250142,40.28602891111667,27.80993830722298,completed,False,not_required,not_required,False,2026-09-02T03:27:07Z
301326,捷邦科技,30.60535374553144,36.40402657329529,33.81505873632472,41.325567460542906,completed,False,not_required,not_required,False,2026-09-02T03:27:07Z
301327,华宝新能,42.546892259017156,33.91916681342231,31.53748805996933,39.15274091214371,completed,False,not_required,not_required,False,2026-09-02T03:27:07Z
301328,维峰电子,55.069731524857936,48.93134295260988,45.23763839886494,28.31333390930065,completed,False,not_required,not_required,False,2026-09-02T03:27:07Z
301329,信音电子,42.59450857717946,35.51224479389587,34.17132696678453,35.96975914565059,completed,False,not_required,not_required,False,2026-09-02T03:27:07Z
301330,熵基科技,55.74283756618789,51.18794469373127,48.36756593837758,38.05283675220054,completed,False,not_required,not_required,False,2026-09-02T03:27:07Z
301331,恩威医药,38.79667493492639,39.69269615622599,43.21288494284033,30.61732777593661,completed,False,not_required,not_required,False,2026-09-02T03:27:07Z
301332,德尔玛,44.61752651889033,43.767423206146375,46.27058579855664,37.26627189992175,completed,False,not_required,not_required,False,2026-09-02T03:27:07Z
301333,诺思格,39.9689422507183,32.70236999849056,35.231746808256176,28.93213871857715,completed,False,not_required,not_required,False,2026-09-02T03:27:07Z
301335,天元宠物,36.24047486705941,35.25917237150299,34.64131275482833,53.153480548855136,completed,False,not_required,not_required,False,2026-09-02T03:27:07Z
301336,趣睡科技,25.926891666762984,33.821772502407995,38.56785901233966,29.9428622339637,completed,False,not_required,not_required,False,2026-09-02T03:27:07Z
301337,亚华电子,45.29226026873874,43.55588925859419,45.16423917149722,40.311115879768856,completed,False,not_required,not_required,False,2026-09-02T03:27:07Z
301338,凯格精机,60.436932312956856,40.15964562774389,43.16511783648333,28.890930979288648,completed,False,not_required,not_required,False,2026-09-02T03:27:07Z
301339,通行宝,45.526380128517005,42.729684322037585,43.226034155430376,41.24745172086909,completed,False,not_required,not_required,False,2026-09-02T03:27:07Z
301345,涛涛车业,61.751076778788494,42.57470023628066,47.1358010869232,44.79060629189444,completed,False,not_required,not_required,False,2026-09-02T03:27:07Z
301348,蓝箭电子,65.29706087581665,54.32166845273895,73.90986094350039,54.40811959758243,completed,False,not_required,not_required,False,2026-09-02T03:27:07Z
301349,信德新材,65.86694438981603,56.11716696314729,55.96350606225474,35.40736016262065,completed,False,not_required,not_required,False,2026-09-02T03:27:07Z
301353,普莱得,54.886782245357566,44.95338403331722,45.53857357685076,46.429339901534036,completed,False,not_required,not_required,False,2026-09-02T03:27:07Z
301355,南王科技,20.29234004609056,28.632173033306067,24.46698054740931,29.05858584240768,completed,False,not_required,not_required,False,2026-09-02T03:27:07Z
301356,天振股份,51.429106766331415,50.806727020245916,51.06186806195774,56.77554008101537,completed,False,not_required,not_required,False,2026-09-02T03:27:07Z
301357,北方长龙,0.0,18.54188934168227,8.57077628708924,59.796388339956,completed,False,not_required,not_required,False,2026-09-02T03:27:07Z
301358,湖南裕能,64.95489838530217,46.58258743114533,49.39245298708685,27.836834107901566,completed,False,not_required,not_required,False,2026-09-02T03:27:07Z
301359,东南电子,48.91613117315443,45.189046607453776,39.32850306469491,58.19000206563406,completed,False,not_required,not_required,False,2026-09-02T03:27:07Z
301360,荣旗科技,32.174105171189446,30.057948002541217,33.83836163385474,46.086769530217964,completed,False,not_required,not_required,False,2026-09-02T03:27:07Z
301361,众智科技,40.25734774602343,34.31695460690964,40.37968011748512,29.285927550804097,completed,False,not_required,not_required,False,2026-09-02T03:27:07Z
301362,民爆光电,51.93117512218441,50.99771819843618,40.000107133349346,75.99982968315481,completed,False,not_required,not_required,False,2026-09-02T03:27:07Z
301363,美好医疗,49.54117293739638,45.26814334920032,53.06609528604801,34.67917574715676,completed,False,not_required,not_required,False,2026-09-02T03:27:07Z
301365,矩阵股份,50.02773860254821,49.65824341949489,46.08293867000285,45.64663103905179,completed,False,not_required,not_required,False,2026-09-02T03:27:07Z
301366,一博科技,73.94569321201296,62.312068449643746,57.91978617784361,46.66685183133307,completed,False,not_required,not_required,False,2026-09-02T03:27:07Z
301367,瑞迈特,69.66956928801659,55.90110999269978,62.707332594065136,46.797253470742746,completed,False,not_required,not_required,False,2026-09-02T03:27:07Z
301368,丰立智能,22.883708442290654,29.952172512763376,17.476358906507116,22.921496893556572,completed,False,not_required,not_required,False,2026-09-02T03:27:07Z
301369,联动科技,42.79593743299693,36.193267299648745,34.806765335499236,47.25193752885927,completed,False,not_required,not_required,False,2026-09-02T03:27:07Z
301370,国科恒泰,33.147086519650976,33.09653501522386,30.612128683123125,25.459897340444936,completed,False,not_required,not_required,False,2026-09-02T03:27:07Z
301371,敷尔佳,39.8700974539016,29.98651818388668,37.02011196087814,47.665579675290985,completed,False,not_required,not_required,False,2026-09-02T03:27:07Z
301372,科净源,33.20784438419408,44.293609320484876,37.94942604597244,16.33476773632334,completed,False,not_required,not_required,False,2026-09-02T03:27:07Z
301373,凌玮科技,52.286320096911865,42.91112168767846,45.94237851268484,54.22922638461064,completed,False,not_required,not_required,False,2026-09-02T03:27:07Z
301376,致欧科技,76.0940924549133,54.952960757827064,61.18309594554832,73.00563242880132,completed,True,completed_or_best_effort,completed,False,2026-09-02T03:27:07Z
301377,鼎泰高科,77.10925160819696,66.1064680839596,53.30648054863305,47.58430462536744,completed,False,not_required,not_required,False,2026-09-02T03:27:07Z
301378,通达海,27.74738712967809,34.045636021646075,29.102560669716894,41.685426837587535,completed,False,not_required,not_required,False,2026-09-02T03:27:07Z
301379,天山电子,30.571375487210553,35.92456468447945,25.013533155954374,31.554795385304352,completed,False,not_required,not_required,False,2026-09-02T03:27:07Z
301380,挖金客,54.49762794251258,43.259751765998125,48.32629645246421,25.987976928088084,completed,False,not_required,not_required,False,2026-09-02T03:27:07Z
301381,赛维时代,59.31215788185816,42.214697620630695,45.168158841076256,64.04002356674602,completed,False,not_required,not_required,False,2026-09-02T03:27:07Z
301382,蜂助手,49.004290581468695,47.29916952395456,36.923267734587675,59.978621745340455,completed,False,not_required,not_required,False,2026-09-02T03:27:07Z
301383,天键股份,35.33985014116835,44.94476332436975,37.6780533847097,61.77389674805813,completed,False,not_required,not_required,False,2026-09-02T03:27:07Z
301386,未来电器,36.575777467652884,39.423863362825685,36.328402145149646,37.658374940667,completed,False,not_required,not_required,False,2026-09-02T03:27:07Z
301387,光大同创,22.57500403228915,23.27868336953205,20.366334094008604,57.70875280990052,completed,False,not_required,not_required,False,2026-09-02T03:27:07Z
301388,欣灵电气,53.1290194106731,50.964468350182585,47.18808235783065,24.71873335090369,completed,False,not_required,not_required,False,2026-09-02T03:27:07Z
301389,隆扬电子,45.68482042358383,36.15906570277039,33.97648524956375,69.47698745792123,completed,False,not_required,not_required,False,2026-09-02T03:27:07Z
301390,经纬股份,12.66232214387103,27.678146860392637,20.44235834868758,26.594611699919668,completed,False,not_required,not_required,False,2026-09-02T03:27:07Z
301391,卡莱特,44.7593718486407,33.3470192727445,39.988310183275836,30.34689545702596,completed,False,not_required,not_required,False,2026-09-02T03:27:07Z
301392,汇成真空,13.09612629493897,30.038995093971714,18.292659828506505,43.40548766597887,completed,False,not_required,not_required,False,2026-09-02T03:27:07Z
301393,昊帆生物,53.6813343911129,46.564966520880446,40.41706220373775,47.79349335840088,completed,False,not_required,not_required,False,2026-09-02T03:27:07Z
301395,仁信新材,39.02336116611691,39.61654036500974,33.30206623489348,22.101265038293455,completed,False,not_required,not_required,False,2026-09-02T03:27:07Z
301396,宏景科技,77.67478857123174,64.16434376717493,53.02020563844922,39.52948963254693,completed,False,not_required,not_required,False,2026-09-02T03:27:07Z
301397,溯联股份,39.18853295068963,44.586262935607465,32.07857053949417,66.22413634370693,completed,False,not_required,not_required,False,2026-09-02T03:27:07Z
301398,星源卓镁,21.52102436008559,31.738681064720776,12.33118582133703,13.7885036797818,completed,False,not_required,not_required,False,2026-09-02T03:27:07Z
301399,英特科技,24.94450905690391,28.467135761467304,21.669441600501397,25.26682969652728,completed,False,not_required,not_required,False,2026-09-02T03:27:07Z
301408,华人健康,64.46920568568122,48.195773463870445,52.760845172586144,34.77112706934464,completed,False,not_required,not_required,False,2026-09-02T03:27:07Z
301413,安培龙,21.950271546410924,34.35313683948326,15.81903484821823,19.112422412883483,completed,False,not_required,not_required,False,2026-09-02T03:27:07Z
301418,协昌科技,17.725234068635473,24.580440758431223,11.786529655579699,17.78056604759494,completed,False,not_required,not_required,False,2026-09-02T03:27:07Z
301419,阿莱德,42.193699906329776,38.90463130261601,36.049166524709385,52.21876037495862,completed,False,not_required,not_required,False,2026-09-02T03:27:07Z
301421,波长光电,67.82955943807397,62.716970295621245,56.98903926163668,42.81224177204857,completed,False,not_required,not_required,False,2026-09-02T03:27:07Z
301428,世纪恒通,33.014417877957044,47.76178309947648,36.04218034825634,44.917121189611926,completed,False,not_required,not_required,False,2026-09-02T03:27:07Z
301429,森泰股份,46.80805912993357,50.24711088464937,49.51743385913853,49.94837608219688,completed,False,not_required,not_required,False,2026-09-02T03:27:07Z
301439,泓淋电力,43.997125657293516,39.43013502374101,41.444942520551315,57.40578345622195,completed,False,not_required,not_required,False,2026-09-02T03:27:07Z
301446,福事特,37.90156325593138,31.483801864085358,34.45139038984979,37.989048894016115,completed,False,not_required,not_required,False,2026-09-02T03:27:07Z
301448,开创电气,71.41202344911929,61.5116588217234,72.84847745137928,44.29951208149565,completed,False,not_required,not_required,False,2026-09-02T03:27:07Z
301449,天溯计量,56.61508462438823,53.026084610213864,56.044736565340834,36.34793309402217,completed,False,not_required,not_required,False,2026-09-02T03:27:07Z
301456,盘古智能,51.76329413630849,46.5007922422459,53.68368390544808,37.74802071785432,completed,False,not_required,not_required,False,2026-09-02T03:27:07Z
301458,钧崴电子,55.537058778045235,42.525526806765676,43.13122647299474,39.39981989940149,completed,False,not_required,not_required,False,2026-09-02T03:27:07Z
301459,丰茂股份,41.83098783355425,40.041195156342155,35.216578834516106,37.55947527401273,completed,False,not_required,not_required,False,2026-09-02T03:27:07Z
301468,博盈特焊,20.182148205873755,28.42409521054853,26.918500116473094,45.85725249406296,completed,False,not_required,not_required,False,2026-09-02T03:27:07Z
301469,恒达新材,53.488908693140715,42.838725862485205,50.94787683719147,51.11264330730108,completed,False,not_required,not_required,False,2026-09-02T03:27:07Z
301479,弘景光电,49.4274293685744,46.499314210694685,37.79265023251249,41.963971016408664,completed,False,not_required,not_required,False,2026-09-02T03:27:07Z
301486,致尚科技,38.70585614951338,49.60070908074201,28.149472274278423,49.832597803357224,completed,False,not_required,not_required,False,2026-09-02T03:27:07Z
301487,盟固利,40.325257356416735,32.562505177432215,29.57148330848393,24.287859776222394,completed,False,not_required,not_required,False,2026-09-02T03:27:07Z
301488,豪恩汽电,48.25503586145462,40.725592849467,30.277914046424097,33.88581631757418,completed,False,not_required,not_required,False,2026-09-02T03:27:07Z
301489,思泉新材,49.492610083839246,46.26146391946137,37.67098488635315,42.265239470041095,completed,False,not_required,not_required,False,2026-09-02T03:27:07Z
301491,汉桑科技,20.903643636467127,27.70597366002243,28.814125485815246,27.40101768573344,completed,False,not_required,not_required,False,2026-09-02T03:27:07Z
301498,乖宝宠物,41.84900446299893,42.35415751620928,37.71423453514938,67.77349214877877,completed,False,not_required,not_required,False,2026-09-02T03:27:07Z
301499,维科精密,55.536708865617044,50.8242412695337,45.31202383921059,43.294614281050826,completed,False,not_required,not_required,False,2026-09-02T03:27:07Z
301500,飞南资源,55.70747461772168,42.479556989236116,38.05792979182697,69.69990471983918,completed,False,not_required,not_required,False,2026-09-02T03:27:07Z
301501,恒鑫生活,44.99754231192929,44.41203773030441,43.42078481946741,38.489239623898854,completed,False,not_required,not_required,False,2026-09-02T03:27:07Z
301502,华阳智能,49.99293692916725,48.49892738324183,45.43109904744572,30.6073878920149,completed,False,not_required,not_required,False,2026-09-02T03:27:07Z
301503,智迪科技,32.710974230088304,30.14762161280622,30.309439127638647,20.861112229313687,completed,False,not_required,not_required,False,2026-09-02T03:27:07Z
301505,苏州规划,3.0134700313942098,19.515464237877914,15.69016353221032,21.72606327240002,completed,False,not_required,not_required,False,2026-09-02T03:27:07Z
301507,民生健康,59.463476640897206,47.01803673141474,53.846961844874876,50.30709757959676,completed,False,not_required,not_required,False,2026-09-02T03:27:07Z
301508,中机认检,57.64358429978353,48.088447122216735,53.28088193660931,28.390663040710024,completed,False,not_required,not_required,False,2026-09-02T03:27:07Z
301509,金凯生科,40.496351714549675,42.74162070018697,40.039307834482564,28.049016557654355,completed,False,not_required,not_required,False,2026-09-02T03:27:07Z
301510,固高科技,63.93138661543257,48.958209376231814,47.57389122178796,33.68226572213667,completed,False,not_required,not_required,False,2026-09-02T03:27:07Z
301511,德福科技,57.27893620628022,41.896578226948684,38.54876750857648,73.37607907573722,completed,False,not_required,not_required,False,2026-09-02T03:27:07Z
301512,智信精密,23.45759621856392,31.253639135881336,21.202202905006686,17.167027483196414,completed,False,not_required,not_required,False,2026-09-02T03:27:07Z
301513,尚水智能,41.66164789268091,36.12180516841877,21.905993857436858,26.547821429168366,completed,False,not_required,not_required,False,2026-09-02T03:27:07Z
301515,港通医疗,24.265108406750095,28.9783667111202,30.153672726241098,30.715973416482086,completed,False,not_required,not_required,False,2026-09-02T03:27:07Z
301516,中远通,23.548428221992204,25.752046628052145,25.149144079785888,37.85227839785567,completed,False,not_required,not_required,False,2026-09-02T03:27:07Z
301517,陕西华达,3.843365939814152,22.808423884449205,8.013367284131078,20.021222860261737,completed,False,not_required,not_required,False,2026-09-02T03:27:07Z
301518,长华化学,31.096156606439962,33.97086852797339,23.680049767295777,30.939616270739286,completed,False,not_required,not_required,False,2026-09-02T03:27:07Z
301519,舜禹股份,13.76449294099341,27.792427460375354,24.36926864814711,41.09001291875653,completed,False,not_required,not_required,False,2026-09-02T03:27:07Z
301520,万邦医药,32.523692058092664,40.257551685593384,34.79364163609004,38.897267356840615,completed,False,not_required,not_required,False,2026-09-02T03:27:07Z
301522,上大股份,39.864446766009145,42.94589525926736,29.441856788394485,33.45794026157365,completed,False,not_required,not_required,False,2026-09-02T03:27:07Z
301525,儒竞科技,35.630830188308174,44.750319750517974,35.29451571879041,48.08387732487115,completed,False,not_required,not_required,False,2026-09-02T03:27:07Z
301526,国际复材,62.20015859641771,49.52587139420196,44.62384362652991,27.8146528284585,completed,False,not_required,not_required,False,2026-09-02T03:27:07Z
301528,多浦乐,62.615497314732266,60.87607733608195,58.13889837323782,29.96142545019294,completed,False,not_required,not_required,False,2026-09-02T03:27:07Z
301529,福赛科技,60.102615213620645,55.1159438441847,49.82414823554019,44.66622739967836,completed,False,not_required,not_required,False,2026-09-02T03:27:07Z
301531,春光集团,55.46709075348074,44.00641319789246,42.25945794599489,49.36518252337448,completed,False,not_required,not_required,False,2026-09-02T03:27:07Z
301533,威马农机,54.36728616741361,51.89373525049139,48.2435985786563,36.50360714620854,completed,False,not_required,not_required,False,2026-09-02T03:27:07Z
301535,浙江华远,51.0283907841145,43.05276835027681,40.39744625842855,31.405678237904024,completed,False,not_required,not_required,False,2026-09-02T03:27:07Z
301536,星宸科技,80.09800223326397,60.42043560187853,55.241342007833694,75.37348951153695,completed,True,completed_or_best_effort,completed,False,2026-09-02T03:27:07Z
301538,骏鼎达,51.766944469902775,46.868285515229346,47.247630163515524,71.68914150592192,completed,False,not_required,not_required,False,2026-09-02T03:27:07Z
301539,宏鑫科技,29.25356831529657,37.14096317283664,18.02435564295606,18.424265417875034,completed,False,not_required,not_required,False,2026-09-02T03:27:07Z
301548,崇德科技,44.88811257213563,37.94583914334571,42.37435034111435,39.903073355484345,completed,False,not_required,not_required,False,2026-09-02T03:27:07Z
301550,斯菱智驱,43.11725595879254,43.13194766987527,33.95043915035543,38.636633070995686,completed,False,not_required,not_required,False,2026-09-02T03:27:07Z
301551,无线传媒,54.69984169891379,49.06971434935852,55.664297601809395,37.03709757307134,completed,False,not_required,not_required,False,2026-09-02T03:27:07Z
301552,科力装备,40.777787117039196,42.18553482382994,42.80364730959858,32.382632668975184,completed,False,not_required,not_required,False,2026-09-02T03:27:07Z
301555,惠柏新材,63.236571988391034,55.22290728450414,50.06713040943203,37.632033661748146,completed,False,not_required,not_required,False,2026-09-02T03:27:07Z
301556,托普云农,38.58850281502403,41.83252789537261,38.48398331358463,28.26965512483892,completed,False,not_required,not_required,False,2026-09-02T03:27:07Z
301557,常友科技,44.14349869582022,48.50165557699902,34.874509473059945,26.630196105749228,completed,False,not_required,not_required,False,2026-09-02T03:27:07Z
301558,三态股份,29.75023916102016,31.492799630422084,33.46483088494898,46.027580161402405,completed,False,not_required,not_required,False,2026-09-02T03:27:07Z
301559,中集环科,37.08744588420829,36.959416966553704,26.96320046241991,38.16814798841789,completed,False,not_required,not_required,False,2026-09-02T03:27:07Z
301560,众捷汽车,34.2301397713825,37.86594447041023,32.677801862427785,29.4895894455382,completed,False,not_required,not_required,False,2026-09-02T03:27:07Z
301563,云汉芯城,66.378380821763,49.1413253369568,48.48236018891779,41.13502518812582,completed,False,not_required,not_required,False,2026-09-02T03:27:07Z
301565,中仑新材,72.73162524618924,59.22989776861149,57.55509754379238,30.34657352928362,completed,False,not_required,not_required,False,2026-09-02T03:27:07Z
301566,达利凯普,64.19756587557514,50.03237074366401,47.809897184174375,40.72934642545326,completed,False,not_required,not_required,False,2026-09-02T03:27:07Z
301567,贝隆精密,32.11387476217898,35.13833590793425,34.5594898453842,39.820433601936905,completed,False,not_required,not_required,False,2026-09-02T03:27:07Z
301568,思泰克,46.032887240075,34.87355904344134,39.66553181531792,71.04933537976017,completed,False,not_required,not_required,False,2026-09-02T03:27:07Z
301571,国科天成,45.44433157571072,40.346360863051466,32.65908364910945,33.129653517696006,completed,False,not_required,not_required,False,2026-09-02T03:27:07Z
301575,艾芬达,41.429387517195025,37.66930350073175,39.78055707620351,40.068814900747476,completed,False,not_required,not_required,False,2026-09-02T03:27:07Z
301577,美信科技,30.3676532540168,35.2690049985634,23.174288614552708,19.175707563167265,completed,False,not_required,not_required,False,2026-09-02T03:27:07Z
301578,辰奕智能,34.241928108949025,40.49447919539796,30.20582960732373,54.41249881153015,completed,False,not_required,not_required,False,2026-09-02T03:27:07Z
301580,爱迪特,54.43705551154173,45.53704290549658,51.662602517961616,53.76150325485305,completed,False,not_required,not_required,False,2026-09-02T03:27:07Z
301581,黄山谷捷,23.951684668721654,28.632572544037075,18.11791782232592,20.41771382666275,completed,False,not_required,not_required,False,2026-09-02T03:27:07Z
301583,托伦斯,23.592402216692548,29.40169522917045,18.84787148366784,34.671732828635626,completed,False,not_required,not_required,False,2026-09-02T03:27:07Z
301584,建发致新,42.445479198473585,37.09590823885684,35.60498453204336,33.881090563001194,completed,False,not_required,not_required,False,2026-09-02T03:27:07Z
301585,蓝宇股份,35.59603723139577,40.12373057148436,28.05230628542653,35.232106727661545,completed,False,not_required,not_required,False,2026-09-02T03:27:07Z
301586,佳力奇,0.0,16.289167514426126,9.924594194322578,9.082767531341785,completed,False,not_required,not_required,False,2026-09-02T03:27:07Z
301587,中瑞股份,60.130101128708944,48.85929829701844,55.3863246092577,50.84948779227177,completed,False,not_required,not_required,False,2026-09-02T03:27:07Z
301588,美新科技,66.3650080326164,58.956680794076235,54.02989504281395,42.99375268012356,completed,False,not_required,not_required,False,2026-09-02T03:27:07Z
301589,诺瓦星云,55.71253166829576,43.538366666493786,43.71864729791045,60.82222813815446,completed,False,not_required,not_required,False,2026-09-02T03:27:07Z
301590,优优绿能,16.456590967421896,28.438558801004877,24.56351990679792,32.193824251435984,completed,False,not_required,not_required,False,2026-09-02T03:27:07Z
301591,肯特股份,43.57098894465026,40.51024770944371,35.079216537301136,41.077563352350786,completed,False,not_required,not_required,False,2026-09-02T03:27:07Z
301592,六九一二,31.91410477055053,30.59837331299898,39.397843758404456,36.08657262283765,completed,False,not_required,not_required,False,2026-09-02T03:27:07Z
301595,太力科技,53.08736633099287,50.52072566948757,41.743580414769994,50.820756765825834,completed,False,not_required,not_required,False,2026-09-02T03:27:07Z
301596,瑞迪智驱,50.45414500742403,42.851515762840656,39.74067711591419,43.20477831699748,completed,False,not_required,not_required,False,2026-09-02T03:27:07Z
301598,博科测试,59.38079907186086,55.135113480108956,46.501651423081846,56.61270441308783,completed,False,not_required,not_required,False,2026-09-02T03:27:07Z
301599,理奇智能,55.824030552550106,41.31360287836834,32.48174546069518,44.625775520308444,completed,False,not_required,not_required,False,2026-09-02T03:27:07Z
301600,慧翰股份,44.443007568143805,38.085388577313836,26.728062137135,32.4861505365621,completed,False,not_required,not_required,False,2026-09-02T03:27:07Z
301601,惠通科技,13.986374406712528,36.03972065200956,27.928726791105206,23.091721249097894,completed,False,not_required,not_required,False,2026-09-02T03:27:07Z
301602,超研股份,39.001053589498134,41.824016025307586,34.14563759436138,27.910546602907313,completed,False,not_required,not_required,False,2026-09-02T03:27:07Z
301603,乔锋智能,62.05693602710687,46.13033465382423,46.739722911385925,44.88286162055955,completed,False,not_required,not_required,False,2026-09-02T03:27:07Z
301606,绿联科技,64.4873036261632,45.01313676002617,50.86853299192286,34.84808053311485,completed,False,not_required,not_required,False,2026-09-02T03:27:07Z
301607,富特科技,54.53921409308463,34.825655229217624,42.02693827833174,28.35686335577487,completed,False,not_required,not_required,False,2026-09-02T03:27:07Z
301608,博实结,49.782833101125625,40.798917131506855,47.311518910578485,32.648797274184226,completed,False,not_required,not_required,False,2026-09-02T03:27:07Z
301609,山大电力,46.47996290019323,48.468239911693786,39.28440885777919,51.51674358478,completed,False,not_required,not_required,False,2026-09-02T03:27:07Z
301611,珂玛科技,42.60299921543084,42.239746584716485,24.77588543662754,31.198608724508105,completed,False,not_required,not_required,False,2026-09-02T03:27:07Z
301613,新铝时代,21.989436848915894,26.11705292586459,20.99426437954845,52.652247405880786,completed,False,not_required,not_required,False,2026-09-02T03:27:07Z
301616,浙江华业,36.72675103750449,41.067632539948036,36.99855982898052,33.325172276072045,completed,False,not_required,not_required,False,2026-09-02T03:27:07Z
301617,博苑新材,40.23429481685768,36.82066512342829,38.40949154652451,31.0944716149883,completed,False,not_required,not_required,False,2026-09-02T03:27:07Z
301618,长联科技,55.730132610101826,47.599871469513275,45.55891434552063,31.85330135346895,completed,False,not_required,not_required,False,2026-09-02T03:27:07Z
301622,英思特,8.122894598945088,22.281898556050358,12.845087367956584,22.3234958436178,completed,False,not_required,not_required,False,2026-09-02T03:27:07Z
301626,苏州天脉,40.25323258084515,42.95044017215693,24.695909034160156,33.44632969143625,completed,False,not_required,not_required,False,2026-09-02T03:27:07Z
301628,强达电路,54.79615642225897,45.02049179515693,40.53709085035179,37.30679738940527,completed,False,not_required,not_required,False,2026-09-02T03:27:07Z
301629,矽电股份,18.624463418218802,33.54791220123291,16.74527669299482,10.12517292906834,completed,False,not_required,not_required,False,2026-09-02T03:27:07Z
301630,同宇新材,72.46272440846083,58.93073013258441,61.210830561617634,38.36257394249717,completed,False,not_required,not_required,False,2026-09-02T03:27:07Z
301631,壹连科技,52.140800862678475,41.224263617984256,39.034896158564415,48.493161021343475,completed,False,not_required,not_required,False,2026-09-02T03:27:07Z
301632,广东建科,27.130739879173177,34.98481422617178,29.523682313973424,29.22283433975993,completed,False,not_required,not_required,False,2026-09-02T03:27:07Z
301633,港迪技术,5.802438779414111,25.27551158012399,19.286817189670835,30.800377008490756,completed,False,not_required,not_required,False,2026-09-02T03:27:07Z
301636,泽润新能,23.273500708745864,38.32928898801206,24.85829690763292,17.769861188033563,completed,False,not_required,not_required,False,2026-09-02T03:27:07Z
301638,南网数字,44.02727279880638,37.71112948754318,40.71610672334103,44.44278011877378,completed,False,not_required,not_required,False,2026-09-02T03:27:07Z
301655,绿控传动,53.48943486303829,38.25968648638204,33.98851367735017,38.235636480240416,completed,False,not_required,not_required,False,2026-09-02T03:27:07Z
301656,联合动力,5.914625264143115,21.50103784118206,11.021498496376935,30.745903508274047,completed,False,not_required,not_required,False,2026-09-02T03:27:07Z
301658,首航新能,29.133393285771085,34.09549581091903,21.651687949533155,23.414548835384387,completed,False,not_required,not_required,False,2026-09-02T03:27:07Z
301662,宏工科技,34.93678044163925,30.88656567639446,22.274376007185236,42.66357872352742,completed,False,not_required,not_required,False,2026-09-02T03:27:07Z
301665,泰禾股份,54.12460789758873,39.32825902321834,47.73868094112096,43.22719915780717,completed,False,not_required,not_required,False,2026-09-02T03:27:07Z
301666,大普微,65.61180738257134,49.30082364485473,55.49599630707792,43.319974552355305,completed,False,not_required,not_required,False,2026-09-02T03:27:07Z
301667,纳百川,26.293690883550916,26.04153940500807,19.79806372270379,22.839544960277884,completed,False,not_required,not_required,False,2026-09-02T03:27:07Z
301668,昊创瑞通,54.417422855449956,46.45462901522108,43.92671523493099,35.612083840317645,completed,False,not_required,not_required,False,2026-09-02T03:27:07Z
301669,高特电子,26.13636508904824,36.294712202771606,30.36587464254073,43.307528884805585,completed,False,not_required,not_required,False,2026-09-02T03:27:07Z
301677,欣兴工具,49.949607988870035,46.053537955001275,43.07131249747624,46.925517338817755,completed,False,not_required,not_required,False,2026-09-02T03:27:07Z
301678,新恒汇,38.102645569048036,41.84396902104225,28.19257956815623,38.91118156116511,completed,False,not_required,not_required,False,2026-09-02T03:27:07Z
301680,固德电材,60.80055986838288,51.560979202756855,46.59549740468942,45.925930193627444,completed,False,not_required,not_required,False,2026-09-02T03:27:07Z
301682,宏明电子,31.2922675530256,32.69042311385401,29.94611214334666,39.12047121175485,completed,False,not_required,not_required,False,2026-09-02T03:27:07Z
301683,慧谷新材,49.63106393201656,42.263478765812636,46.02882901629772,36.53992323218338,completed,False,not_required,not_required,False,2026-09-02T03:27:07Z
301687,新广益,46.01761736055321,45.98490957457911,48.043883664478074,43.710418433797216,completed,False,not_required,not_required,False,2026-09-02T03:27:07Z
301696,三瑞智能,61.4601883825358,41.530752704717436,46.868536873925684,51.199098526235595,completed,False,not_required,not_required,False,2026-09-02T03:27:07Z
301707,展芯股份,44.147478562799336,39.80811177340397,44.31734389078882,48.72300604718154,completed,False,not_required,not_required,False,2026-09-02T03:27:07Z
301717,超纯应材,64.48205368891264,44.39055906701218,50.485392013791156,49.281861470885296,completed,False,not_required,not_required,False,2026-09-02T03:27:07Z
302132,中航成飞,26.22680179505228,34.84732749245855,24.85524021691154,24.41217509235106,completed,False,not_required,not_required,False,2026-09-02T03:27:07Z
600000,浦发银行,50.167200840842746,44.449005717512556,47.13963195144702,50.88461956154181,completed,False,not_required,not_required,False,2026-09-02T03:27:07Z
600004,白云机场,46.41694779157583,43.507971033105775,47.64507082877992,55.92604162770884,completed,False,not_required,not_required,False,2026-09-02T03:27:07Z
600006,东风股份,39.34324843802366,40.74287027562846,30.825192863486535,56.66723868150898,completed,False,not_required,not_required,False,2026-09-02T03:27:07Z
600007,中国国贸,56.263649670901415,44.57484527204023,56.741170728945235,61.65523433261148,completed,False,not_required,not_required,False,2026-09-02T03:27:07Z
600008,首创环保,43.16082616357215,42.58495495662366,47.474166471631555,60.8562842924344,completed,False,not_required,not_required,False,2026-09-02T03:27:07Z
600009,上海机场,55.82976848865714,49.16272404780595,54.48057597222511,70.13922646124104,completed,False,not_required,not_required,False,2026-09-02T03:27:07Z
600010,包钢股份,69.19714885524175,60.08035630928566,63.863852763303996,74.85775246267092,completed,False,not_required,not_required,False,2026-09-02T03:27:07Z
600011,华能国际,45.54989417043349,40.397009201087705,41.50210885179255,51.51778256705928,completed,False,not_required,not_required,False,2026-09-02T03:27:07Z
600012,皖通高速,72.64326990711577,67.24543874197933,61.04044700250216,73.6773457802495,completed,False,not_required,not_required,False,2026-09-02T03:27:07Z
600015,华夏银行,36.53692959675932,31.881871822234125,38.13767523802955,48.461671516590044,completed,False,not_required,not_required,False,2026-09-02T03:27:07Z
600016,民生银行,46.447811384504035,38.69023468904253,42.963166967265494,49.50279659115881,completed,False,not_required,not_required,False,2026-09-02T03:27:07Z
600017,日照港,63.65466334093098,55.01949325353337,56.96068773491626,49.889904417091465,completed,False,not_required,not_required,False,2026-09-02T03:27:07Z
600018,上港集团,55.14441338450028,45.93729346832077,50.678731239037646,72.8993781953189,completed,False,not_required,not_required,False,2026-09-02T03:27:07Z
600019,宝钢股份,53.86012347280198,44.72765427535537,52.95511360641255,57.78768954617981,completed,False,not_required,not_required,False,2026-09-02T03:27:07Z
600020,中原高速,49.176378835968904,48.53835779384646,50.53263452528446,54.60332729867474,completed,False,not_required,not_required,False,2026-09-02T03:27:07Z
600021,上海电力,36.138662643323556,35.71837675933702,38.744674282971516,39.393957151116716,completed,False,not_required,not_required,False,2026-09-02T03:27:07Z
600022,山东钢铁,45.61206543023207,47.252514809106074,44.886255734791035,59.835336988254106,completed,False,not_required,not_required,False,2026-09-02T03:27:07Z
600023,浙能电力,37.342627180801465,35.36022473083864,37.166959702261266,51.038755483168366,completed,False,not_required,not_required,False,2026-09-02T03:27:07Z
600025,华能水电,48.371883476524324,41.27277428164005,44.15699248197238,61.417975440465064,completed,False,not_required,not_required,False,2026-09-02T03:27:07Z
600026,中远海能,70.78106557581783,53.613494754417346,59.99090502708812,76.38298191819206,completed,False,not_required,not_required,False,2026-09-02T03:27:07Z
600027,华电国际,50.025701669178545,44.03533952099149,50.0400812544902,61.83374659997036,completed,False,not_required,not_required,False,2026-09-02T03:27:07Z
600028,中国石化,60.62136512385994,46.95166490303776,54.525590837247385,67.82953164249624,completed,False,not_required,not_required,False,2026-09-02T03:27:07Z
600029,南方航空,9.05824129415079,23.615849800415507,10.188661340095996,36.73518892098248,completed,False,not_required,not_required,False,2026-09-02T03:27:07Z
600030,中信证券,64.1277642822806,45.27388292939461,50.52244320780698,56.84488071760432,completed,False,not_required,not_required,False,2026-09-02T03:27:07Z
600031,三一重工,61.291124513623394,49.304521185056494,51.77170936166217,66.54888893390526,completed,False,not_required,not_required,False,2026-09-02T03:27:07Z
600032,浙江新能,42.584481928322845,42.42288693912472,42.06220347280102,56.060894313634215,completed,False,not_required,not_required,False,2026-09-02T03:27:07Z
600033,福建高速,46.25303866269575,37.74552451264348,49.63000811876046,61.52979593369218,completed,False,not_required,not_required,False,2026-09-02T03:27:07Z
600035,楚天高速,66.12525100145128,56.24597079789717,57.679079049425575,60.67131606845874,completed,False,not_required,not_required,False,2026-09-02T03:27:07Z
600036,招商银行,49.478207842254314,41.25573582671728,43.50151949304064,54.93584003020403,completed,False,not_required,not_required,False,2026-09-02T03:27:07Z
600037,歌华有线,68.6098513422384,56.89973728868459,76.0281839698516,63.442904149906454,completed,True,completed_or_best_effort,completed,False,2026-09-02T03:27:07Z
600038,中直股份,55.7150288678215,50.84121915985771,58.95111829731046,66.12952244347755,completed,False,not_required,not_required,False,2026-09-02T03:27:07Z
600039,四川路桥,57.41557655833818,50.76494749136015,51.19314489438572,68.41074071068766,completed,False,not_required,not_required,False,2026-09-02T03:27:07Z
600048,保利发展,48.38446093912564,42.78207860640535,40.04157326374413,52.83736301550479,completed,False,not_required,not_required,False,2026-09-02T03:27:07Z
600050,中国联通,44.944414642410514,40.70799100357514,45.193530340346186,59.15503383129085,completed,False,not_required,not_required,False,2026-09-02T03:27:07Z
600051,宁波联合,44.42291345908507,49.5572649624778,53.16489316576507,60.51506702860983,completed,False,not_required,not_required,False,2026-09-02T03:27:07Z
600052,东望时代,22.561021225082797,44.199583078925315,41.39634508658608,40.990822222495495,completed,False,not_required,not_required,False,2026-09-02T03:27:07Z
600053,*ST九鼎,1.8548512835553197,21.403776426325088,17.28053882227605,8.2857763837405,completed,False,not_required,not_required,False,2026-09-02T03:27:07Z
600054,黄山旅游,54.71216730674837,46.87414944254632,52.63870759810935,62.08006893097679,completed,False,not_required,not_required,False,2026-09-02T03:27:07Z
600055,万东医疗,17.836122541126986,28.995891778476622,23.846524403725546,73.46581507537122,completed,False,not_required,not_required,False,2026-09-02T03:27:07Z
600056,中国医药,32.46310657120711,35.537059491915315,31.191774884128996,45.32446309909456,completed,False,not_required,not_required,False,2026-09-02T03:27:07Z
600057,厦门象屿,45.76334877798948,39.865263685154076,41.68788890991089,67.24432576957379,completed,False,not_required,not_required,False,2026-09-02T03:27:07Z
600058,五矿发展,27.066934828276338,27.509819452050387,29.024508721166782,62.373140552192964,completed,False,not_required,not_required,False,2026-09-02T03:27:07Z
600059,古越龙山,32.31346534684665,40.24226300941094,41.79712084360557,71.43964899215388,completed,False,not_required,not_required,False,2026-09-02T03:27:07Z
600060,海信视像,58.8140044555955,43.851274907847646,53.64670127977797,56.09881576900298,completed,False,not_required,not_required,False,2026-09-02T03:27:07Z
600061,国投资本,66.81573737960504,46.84983687709565,59.24029379035463,63.92264112180848,completed,False,not_required,not_required,False,2026-09-02T03:27:07Z
600062,华润双鹤,50.81097409200693,50.98539419022497,48.0179246843493,82.88396042222872,completed,False,not_required,not_required,False,2026-09-02T03:27:07Z
600063,皖维高新,64.75823938943255,55.56928645824023,58.1069732173896,75.26656069559439,completed,False,not_required,not_required,False,2026-09-02T03:27:07Z
600064,南京高科,44.19519481986284,43.413128990436874,38.14939841061462,47.1512824327878,completed,False,not_required,not_required,False,2026-09-02T03:27:07Z
600066,宇通客车,65.38917299547273,51.094169154440635,55.168859015540704,62.60551365068366,completed,False,not_required,not_required,False,2026-09-02T03:27:07Z
600067,冠城新材,42.85367167594181,40.37852254275726,34.58718519746113,42.54837232732077,completed,False,not_required,not_required,False,2026-09-02T03:27:07Z
600071,凤凰光学,45.41019820856063,45.367259273804045,36.938053872645014,54.526033454993005,completed,False,not_required,not_required,False,2026-09-02T03:27:07Z
600072,中船科技,21.711243824255007,30.68419716672471,30.539482905999634,64.83254366052003,completed,False,not_required,not_required,False,2026-09-02T03:27:07Z
600073,光明肉业,59.25248831691573,51.02498378081618,53.5685356408201,36.126378566968775,completed,False,not_required,not_required,False,2026-09-02T03:27:07Z
600075,新疆天业,66.73471541631797,55.04752714523431,66.38605322520486,75.39454618314512,completed,False,not_required,not_required,False,2026-09-02T03:27:07Z
600076,康欣新材,41.337864760047395,45.68765315790044,44.06771068094594,59.75350321520795,completed,False,not_required,not_required,False,2026-09-02T03:27:07Z
600078,澄星股份,69.99511864761416,51.58585739296615,46.365563554850034,73.78043380265939,completed,False,not_required,not_required,False,2026-09-02T03:27:07Z
600079,ST人福,46.55537277370796,47.6809848497535,51.21169150534778,49.8664115369617,completed,False,not_required,not_required,False,2026-09-02T03:27:07Z
600080,ST金花,3.5895613237459685,20.151242331185536,19.52533492457609,40.06243083960127,completed,False,not_required,not_required,False,2026-09-02T03:27:07Z
600081,东风科技,65.82182840817629,59.74662090735674,64.36402771657063,72.4220449812442,completed,False,not_required,not_required,False,2026-09-02T03:27:07Z
600082,ST海泰,1.6148176153504856,12.793374760154009,22.494061109132133,25.635810216907,completed,False,not_required,not_required,False,2026-09-02T03:27:07Z
600084,*ST尼雅,22.781875659832714,26.818627180280167,43.74652078637464,16.922488306638037,completed,False,not_required,not_required,False,2026-09-02T03:27:07Z
600085,同仁堂,42.118058496461096,42.17805079774436,39.09935996444175,64.80614742862254,completed,False,not_required,not_required,False,2026-09-02T03:27:07Z
600088,中视传媒,24.244570748904188,26.15083008134284,32.04972904402882,52.48114103751828,completed,False,not_required,not_required,False,2026-09-02T03:27:07Z
600089,特变电工,51.00768816387921,46.1140139276401,41.15743190676428,62.63394590848171,completed,False,not_required,not_required,False,2026-09-02T03:27:07Z
600094,大名城,37.17999061747014,38.52994959938306,41.47048067458284,57.11318286058935,completed,False,not_required,not_required,False,2026-09-02T03:27:07Z
600095,湘财股份,77.02465204869125,63.46094584605058,67.53719865571239,82.97794275569737,completed,True,completed_or_best_effort,completed,False,2026-09-02T03:27:07Z
600096,云天化,53.614216888464924,44.53377894021707,50.612930871509235,61.51436629929516,completed,False,not_required,not_required,False,2026-09-02T03:27:07Z
600097,开创国际,24.96006309382875,38.400780461372285,27.758262388835682,40.244069181708824,completed,False,not_required,not_required,False,2026-09-02T03:27:07Z
600098,广州发展,45.409001025388505,39.067073747318545,40.596430532617326,55.880668028075476,completed,False,not_required,not_required,False,2026-09-02T03:27:07Z
600099,林海股份,58.64326446151097,42.89598190490905,42.65277259048425,42.66027224572389,completed,False,not_required,not_required,False,2026-09-02T03:27:07Z
600100,同方股份,33.087131612103796,42.20310534836738,39.24766787505566,47.825799331304424,completed,False,not_required,not_required,False,2026-09-02T03:27:07Z
600101,明星电力,32.84813799406973,30.03303200398012,34.08282056610515,52.21466302517911,completed,False,not_required,not_required,False,2026-09-02T03:27:07Z
600103,青山纸业,56.125092032275184,54.05642476490008,43.62606701084091,73.1784619127193,completed,False,not_required,not_required,False,2026-09-02T03:27:07Z
600104,上汽集团,51.00855716847139,46.19900240023577,52.94529908175273,61.846604794078864,completed,False,not_required,not_required,False,2026-09-02T03:27:07Z
600105,永鼎股份,79.51668457035467,64.2873219625721,58.46029051987303,49.943816740301656,completed,False,not_required,not_required,False,2026-09-02T03:27:07Z
600106,重庆路桥,33.99149772215919,36.3454922374287,33.51360237933805,51.084720651884005,completed,False,not_required,not_required,False,2026-09-02T03:27:07Z
600107,*ST尔雅,21.10636292119562,23.200239427388333,22.68133200288615,7.80002987241045,completed,False,not_required,not_required,False,2026-09-02T03:27:07Z
600108,亚盛集团,36.94998743469721,50.749996368450056,33.62957127598575,56.95443504409554,completed,False,not_required,not_required,False,2026-09-02T03:27:07Z
600109,国金证券,55.418684395601865,33.36750935251219,44.93941615657037,73.22373538961625,completed,False,not_required,not_required,False,2026-09-02T03:27:07Z
600110,诺德股份,61.100695531144495,53.640968807125,54.7554658644109,51.64960892746697,completed,False,not_required,not_required,False,2026-09-02T03:27:07Z
600111,北方稀土,70.55426433272669,52.279424843949926,50.88822945149486,59.784807247626325,completed,False,not_required,not_required,False,2026-09-02T03:27:07Z
600113,浙江东日,36.651985973258896,35.52393868012656,30.184503136340556,70.74032547013161,completed,False,not_required,not_required,False,2026-09-02T03:27:07Z
600114,东睦股份,46.48820915797335,39.952875062626234,38.95529733095118,70.60602503714524,completed,False,not_required,not_required,False,2026-09-02T03:27:07Z
600115,中国东航,10.446515433836353,25.108225438207565,11.227287524747544,50.242696787560426,completed,False,not_required,not_required,False,2026-09-02T03:27:07Z
600116,三峡水利,59.12209639754673,42.79545253549334,61.727196253620434,72.74572822145407,completed,False,not_required,not_required,False,2026-09-02T03:27:07Z
600117,西宁特钢,32.72122005232944,34.18834384262556,42.158300874832925,43.53986837423261,completed,False,not_required,not_required,False,2026-09-02T03:27:07Z
600118,中国卫星,58.11891198717006,54.67203436725198,57.47732372352397,57.020440054726656,completed,False,not_required,not_required,False,2026-09-02T03:27:07Z
600119,*ST长投,17.795010664627526,19.774013119807826,15.132509796580605,7.759955821343224,completed,False,not_required,not_required,False,2026-09-02T03:27:07Z
600120,浙江东方,72.13866233443127,54.96558660247166,64.58220443523126,71.06662629954957,completed,False,not_required,not_required,False,2026-09-02T03:27:07Z
600121,郑州煤电,27.303611651776663,37.976966021193434,36.966833078738816,35.96586611644996,completed,False,not_required,not_required,False,2026-09-02T03:27:07Z
600123,兰花科创,77.90027686984546,64.60850955844361,69.32329466963394,60.20151082077593,completed,True,completed_or_best_effort,completed,False,2026-09-02T03:27:07Z
600125,铁龙物流,53.454180120851824,43.13053302851423,52.041867233391024,62.540659251647654,completed,False,not_required,not_required,False,2026-09-02T03:27:07Z
600126,杭钢股份,60.41364745814521,51.411461190772926,74.38733570203847,55.686661934255675,completed,False,not_required,not_required,False,2026-09-02T03:27:07Z
600127,金健米业,17.784829796733433,24.16208230739626,7.449843025977655,41.05047285828448,completed,False,not_required,not_required,False,2026-09-02T03:27:07Z
600128,苏豪弘业,30.114348652303256,34.688631701642755,27.972547112269698,42.840578937149985,completed,False,not_required,not_required,False,2026-09-02T03:27:07Z
600129,太极集团,31.090096284871002,45.95633592572347,29.474053196733575,55.552107372200595,completed,False,not_required,not_required,False,2026-09-02T03:27:07Z
600130,波导股份,23.03845250135305,26.97601505499931,23.27673612208486,16.369217528577035,completed,False,not_required,not_required,False,2026-09-02T03:27:07Z
600131,国网信通,35.929403127904585,42.35941402998452,34.382336670062834,72.40943054248832,completed,False,not_required,not_required,False,2026-09-02T03:27:07Z
600132,重庆啤酒,53.89561405620834,39.47055323754684,46.2270101226842,57.66191747824081,completed,False,not_required,not_required,False,2026-09-02T03:27:07Z
600133,东湖高新,19.633205536325516,29.1956392893818,25.245322799725418,45.59425452978473,completed,False,not_required,not_required,False,2026-09-02T03:27:07Z
600135,乐凯胶片,55.72632240715871,48.02075572169353,59.34584802948042,58.32806524750261,completed,False,not_required,not_required,False,2026-09-02T03:27:07Z
600136,ST明诚,34.93903126363337,33.568081711532635,59.34342888872616,31.44359618745836,completed,False,not_required,not_required,False,2026-09-02T03:27:07Z
600137,浪莎股份,25.49081752077803,25.810631726543626,31.13349037117011,38.10088803695237,completed,False,not_required,not_required,False,2026-09-02T03:27:07Z
600138,中青旅,41.22320412766092,31.068984904607653,36.178058722261355,51.37007859682144,completed,False,not_required,not_required,False,2026-09-02T03:27:07Z
600141,兴发集团,57.776320587779054,51.80573315372448,48.94950449259636,65.6798326373592,completed,False,not_required,not_required,False,2026-09-02T03:27:07Z
600143,金发科技,61.43784565735656,47.79376002129161,49.85048942268004,75.69241547084476,completed,False,not_required,not_required,False,2026-09-02T03:27:07Z
600148,长春一东,44.190393166004895,34.706038199782625,38.0771934819905,46.47416021271677,completed,False,not_required,not_required,False,2026-09-02T03:27:07Z
600149,廊坊发展,19.761561854292978,27.605166082828333,26.81941232383201,47.580654846739975,completed,False,not_required,not_required,False,2026-09-02T03:27:07Z
600150,中国船舶,57.494054682521366,39.83980644077193,50.40623139048203,79.85070106812515,completed,False,not_required,not_required,False,2026-09-02T03:27:07Z
600151,航天机电,41.9084785929297,44.91787532175169,61.46229625384125,59.10431006985565,completed,False,not_required,not_required,False,2026-09-02T03:27:07Z
600152,维科技术,49.342399109751106,41.72477799931777,49.68944308375523,40.259181480222146,completed,False,not_required,not_required,False,2026-09-02T03:27:07Z
600153,建发股份,51.72630739634456,41.09054815646169,43.72674916364611,56.16864040298832,completed,False,not_required,not_required,False,2026-09-02T03:27:07Z
600155,华创云信,58.072745653382306,42.03419399345362,43.4360024463915,74.8769164852537,completed,False,not_required,not_required,False,2026-09-02T03:27:07Z
600156,华升股份,23.642391209396987,28.049961244272897,27.630884274665974,63.725182309401,completed,False,not_required,not_required,False,2026-09-02T03:27:07Z
600157,永泰能源,42.533113981241186,35.92454773220462,37.9984877751299,57.4239713028432,completed,False,not_required,not_required,False,2026-09-02T03:27:07Z
600158,中体产业,24.139009883327596,26.285814014224442,28.582644042191475,39.18915310806207,completed,False,not_required,not_required,False,2026-09-02T03:27:07Z
600159,大龙地产,24.30701425565421,42.66170959559382,28.710425578437302,53.77968828870233,completed,False,not_required,not_required,False,2026-09-02T03:27:07Z
600160,巨化股份,57.68788807690316,48.37967065588253,52.20179932759391,61.9194629221657,completed,False,not_required,not_required,False,2026-09-02T03:27:07Z
600161,天坛生物,30.738679944711006,42.2000163355486,33.56228639311561,62.09977532762962,completed,False,not_required,not_required,False,2026-09-02T03:27:07Z
600162,香江控股,47.02626737977461,48.93864527102119,39.62714966257523,49.02305573843604,completed,False,not_required,not_required,False,2026-09-02T03:27:07Z
600163,中闽能源,59.98019407062228,52.16813263524626,56.572046912553674,69.2550000914375,completed,False,not_required,not_required,False,2026-09-02T03:27:07Z
600165,宁科生物,54.298095386456076,52.03326506763639,53.790246187082225,58.34018513236362,completed,False,not_required,not_required,False,2026-09-02T03:27:07Z
600166,福田汽车,63.95935728613947,46.68614156116417,53.71387306491212,64.780023694515,completed,False,not_required,not_required,False,2026-09-02T03:27:07Z
600167,联美控股,20.65155667958663,25.489201136273586,30.627491458868498,64.51760920854448,completed,False,not_required,not_required,False,2026-09-02T03:27:07Z
600168,武汉控股,48.29918261739179,46.60645574678114,47.206730556228344,49.365980215404626,completed,False,not_required,not_required,False,2026-09-02T03:27:07Z
600169,ST太重,39.00703580101256,37.68955581198596,37.08569823275524,59.39005477180447,completed,False,not_required,not_required,False,2026-09-02T03:27:07Z
600170,上海建工,15.97195511473019,26.943908878293833,25.493813936120873,38.341654526404255,completed,False,not_required,not_required,False,2026-09-02T03:27:07Z
600171,上海贝岭,46.80851643447045,38.751917200785904,41.01170056876982,46.64598404720894,completed,False,not_required,not_required,False,2026-09-02T03:27:07Z
600172,黄河旋风,26.709426808056342,38.451497167236894,34.55657653999931,27.34854718668923,completed,False,not_required,not_required,False,2026-09-02T03:27:07Z
600173,卧龙新能,43.0120083583881,53.852674141277845,42.44695762625443,57.722307157077736,completed,False,not_required,not_required,False,2026-09-02T03:27:07Z
600176,中国巨石,70.03239321884423,62.86778415570642,55.60893723024994,85.43940565408208,completed,False,not_required,not_required,False,2026-09-02T03:27:07Z
600177,雅戈尔,53.48388248622982,44.491466482898126,49.94677143623351,77.5975535584636,completed,False,not_required,not_required,False,2026-09-02T03:27:07Z
600178,东安动力,57.87127809447334,51.277935291093954,58.819823010836735,55.415811599761405,completed,False,not_required,not_required,False,2026-09-02T03:27:07Z
600179,安通控股,67.31585261858231,53.09218976046386,66.1006499990569,79.61148164947748,completed,False,not_required,not_required,False,2026-09-02T03:27:07Z
600180,*ST瑞茂,4.6136853581657284,23.6243990304018,21.244680278898784,0.0,completed,False,not_required,not_required,False,2026-09-02T03:27:07Z
600182,S佳通,50.08871125449834,42.04640644490467,45.07848275478669,46.62308067654741,completed,False,not_required,not_required,False,2026-09-02T03:27:07Z
600183,生益科技,73.10317830433584,57.004319834366726,53.48519596375715,70.93645646645001,completed,False,not_required,not_required,False,2026-09-02T03:27:07Z
600184,光电股份,49.35282925167533,50.8789764292756,52.23273161043396,51.939849397424695,completed,False,not_required,not_required,False,2026-09-02T03:27:07Z
600185,珠免集团,56.041278708891866,42.730580053456045,50.92911290721091,75.36436324296615,completed,False,not_required,not_required,False,2026-09-02T03:27:07Z
600186,莲花控股,55.057817376156684,39.47804557997249,44.974126987942675,76.7371845724486,completed,False,not_required,not_required,False,2026-09-02T03:27:07Z
600187,*ST国中,20.790635408375344,32.4172402922059,25.344844643837263,16.118351666039906,completed,False,not_required,not_required,False,2026-09-02T03:27:07Z
600188,兖矿能源,70.18539370137196,52.79562995164581,54.15744473229055,79.00046162504691,completed,False,not_required,not_required,False,2026-09-02T03:27:07Z
600189,泉阳泉,60.32340707427042,51.60599591214668,43.48943690517298,74.46972430666597,completed,False,not_required,not_required,False,2026-09-02T03:27:07Z
600191,华资实业,61.90234423041673,47.07083532041902,66.51631772968678,52.502156161965175,completed,False,not_required,not_required,False,2026-09-02T03:27:07Z
600192,长城电工,18.981023810219003,28.321095905781558,25.380855777490204,41.85993299035765,completed,False,not_required,not_required,False,2026-09-02T03:27:07Z
600195,中牧股份,46.612240933775766,50.6392439533514,51.030203279691975,68.15990562668964,completed,False,not_required,not_required,False,2026-09-02T03:27:07Z
600196,复星医药,49.95074586599691,44.93970804134946,49.18178561169611,69.48100204182613,completed,False,not_required,not_required,False,2026-09-02T03:27:07Z
600197,伊力特,17.22852179414934,29.863257910088358,27.25585054277158,56.62154748859533,completed,False,not_required,not_required,False,2026-09-02T03:27:07Z
600198,大唐电信,46.274871572083384,39.00852320888166,50.00752896110856,53.90708760927661,completed,False,not_required,not_required,False,2026-09-02T03:27:07Z
600199,金种子酒,26.873281039588136,34.267673240037546,36.147053745448225,49.82233363999024,completed,False,not_required,not_required,False,2026-09-02T03:27:07Z
600201,生物股份,70.29828607862363,61.963600118462146,70.745193852073,81.56668850488597,completed,True,completed_or_best_effort,completed,False,2026-09-02T03:27:07Z
600202,哈空调,14.484868819960287,25.180326548525933,15.798361490103781,58.60260798037387,completed,False,not_required,not_required,False,2026-09-02T03:27:07Z
600203,福日电子,29.31574425905073,21.893693452691046,19.379170945575307,43.1875343036478,completed,False,not_required,not_required,False,2026-09-02T03:27:07Z
600206,有研新材,51.322597654613794,35.69985982429105,39.625359849496746,55.58652232597496,completed,False,not_required,not_required,False,2026-09-02T03:27:07Z
600207,安彩高科,18.881483569418762,29.555448390695094,21.469375751108135,45.268074890294116,completed,False,not_required,not_required,False,2026-09-02T03:27:07Z
600208,衢州发展,33.08450100997502,41.87958683870305,32.95141831635408,65.61618987320259,completed,False,not_required,not_required,False,2026-09-02T03:27:07Z
600210,紫江企业,46.687747531882955,43.81081152878778,46.767132684355175,61.94419253187732,completed,False,not_required,not_required,False,2026-09-02T03:27:07Z
600211,西藏药业,49.13183261020546,35.609986427125754,47.569469417203926,75.45054452687965,completed,False,not_required,not_required,False,2026-09-02T03:27:07Z
600212,绿能慧充,18.96095322814587,20.021666662855957,13.528128499165442,59.90115782313321,completed,False,not_required,not_required,False,2026-09-02T03:27:07Z
600215,派斯林,55.070299088306136,41.14290324727928,53.371074650591176,71.70033305009574,completed,False,not_required,not_required,False,2026-09-02T03:27:07Z
600216,浙江医药,54.90788757237538,47.856600336092,51.82606876593198,74.91416702988604,completed,False,not_required,not_required,False,2026-09-02T03:27:07Z
600217,中再资环,52.41211661163881,61.874377299512304,58.74257586298898,50.14828242676101,completed,False,not_required,not_required,False,2026-09-02T03:27:07Z
600218,全柴动力,42.2785920352588,35.96247459646348,40.765763113324525,56.52961487187199,completed,False,not_required,not_required,False,2026-09-02T03:27:07Z
600219,南山铝业,56.29027174584748,46.18786386106031,49.81349099363291,78.19844559965259,completed,False,not_required,not_required,False,2026-09-02T03:27:07Z
600221,海航控股,41.83008538569234,30.713483451146537,26.875987626390657,56.59731243036209,completed,False,not_required,not_required,False,2026-09-02T03:27:07Z
600222,太龙药业,20.263389691610037,26.960673475819654,21.327182965866196,56.7689158881074,completed,False,not_required,not_required,False,2026-09-02T03:27:07Z
600223,福瑞达,54.849904739861174,48.587780870933855,54.19270978455303,62.578071303440275,completed,False,not_required,not_required,False,2026-09-02T03:27:07Z
600226,亨通股份,35.77553530542349,34.42215485834145,26.85053969380962,42.44011321139385,completed,False,not_required,not_required,False,2026-09-02T03:27:07Z
600227,赤天化,78.2347963098297,60.281171649935004,75.47104035943435,65.88833996345257,completed,True,completed_or_best_effort,completed,False,2026-09-02T03:27:07Z
600228,返利科技,40.678806985351926,32.44571574864768,49.700107635808486,24.081938295538677,completed,False,not_required,not_required,False,2026-09-02T03:27:07Z
600229,城市传媒,26.745096861501978,31.008399664817777,36.70385660843102,52.62452804932891,completed,False,not_required,not_required,False,2026-09-02T03:27:07Z
600230,沧州大化,57.69888751535104,40.222178837145975,57.15724057814404,62.71599488364912,completed,False,not_required,not_required,False,2026-09-02T03:27:07Z
600231,凌钢股份,41.3210554431015,42.897868945414245,37.2467691961617,61.01459451333928,completed,False,not_required,not_required,False,2026-09-02T03:27:07Z
600232,金鹰股份,48.49910796350162,43.172357829806735,53.81305081721912,55.2756911286653,completed,False,not_required,not_required,False,2026-09-02T03:27:07Z
600233,圆通速递,68.57128961544383,52.569970952917544,66.44065352894033,77.92138641457761,completed,False,not_required,not_required,False,2026-09-02T03:27:07Z
600234,科新发展,44.03636085371497,41.510772459256806,44.54181015354197,43.93620391290691,completed,False,not_required,not_required,False,2026-09-02T03:27:07Z
600235,民丰特纸,34.68656256223958,33.72604814915091,33.62655591125693,51.999740093767585,completed,False,not_required,not_required,False,2026-09-02T03:27:07Z
600236,桂冠电力,69.30484508978553,51.74665135437716,57.90828103728097,64.20559516675934,completed,False,not_required,not_required,False,2026-09-02T03:27:07Z
600237,铜峰电子,48.16540363755316,45.57762820165636,44.48176101881117,72.75510644141566,completed,False,not_required,not_required,False,2026-09-02T03:27:07Z
600238,ST椰岛,20.00824629833467,11.883122451519615,22.750084918927314,2.7759601311479223,completed,False,not_required,not_required,False,2026-09-02T03:27:07Z
600239,ST云城,47.55734316965573,40.79062292510375,57.94500420995679,70.73857002885855,completed,False,not_required,not_required,False,2026-09-02T03:27:07Z
600241,时代万恒,39.864235113771954,35.897823811412664,32.01860901182878,46.2392554694446,completed,False,not_required,not_required,False,2026-09-02T03:27:07Z
600243,*ST海华,22.79666729101831,27.715134106091767,23.96234227048828,4.697191932053842,completed,False,not_required,not_required,False,2026-09-02T03:27:07Z
600246,万通发展,26.46021840791643,34.070226134109554,14.144680345727933,59.646509909231376,completed,False,not_required,not_required,False,2026-09-02T03:27:07Z
600248,陕建股份,16.5011098756072,35.680730272448024,27.793783172694734,66.08072485969731,completed,False,not_required,not_required,False,2026-09-02T03:27:07Z
600249,两面针,45.7792966717894,42.87475548706069,52.452430388778104,75.75824771337878,completed,False,not_required,not_required,False,2026-09-02T03:27:07Z
600250,南京商旅,44.73890577314654,39.380688463311344,32.57405753472952,46.81312713380736,completed,False,not_required,not_required,False,2026-09-02T03:27:07Z
600251,冠农股份,65.56447616889562,50.6443224906366,56.07684380193286,64.44633896921064,completed,False,not_required,not_required,False,2026-09-02T03:27:07Z
600252,中恒集团,18.113072244806112,35.99333891277826,28.35113464789365,64.66588157369648,completed,False,not_required,not_required,False,2026-09-02T03:27:07Z
600255,鑫科材料,58.085471499302315,49.790078096937606,43.351026403375435,59.639435196452034,completed,False,not_required,not_required,False,2026-09-02T03:27:07Z
600256,广汇能源,79.5249711303113,63.1045056564556,71.07941032798514,60.178210052420724,completed,False,not_required,not_required,False,2026-09-02T03:27:07Z
600257,大湖股份,70.33855406985147,60.76036696148878,59.77131280330348,67.49359068532095,completed,False,not_required,not_required,False,2026-09-02T03:27:07Z
600258,首旅酒店,56.38115701901527,46.255843325769455,57.84522209344441,65.27002197761968,completed,False,not_required,not_required,False,2026-09-02T03:27:07Z
600259,中稀有色,62.685776835345976,53.04855619399584,52.425719601639344,54.57255338443356,completed,False,not_required,not_required,False,2026-09-02T03:27:07Z
600261,阳光照明,49.396456176469904,46.87729025517991,51.15426319302715,45.999318814524614,completed,False,not_required,not_required,False,2026-09-02T03:27:07Z
600262,北方股份,68.27936265993229,49.47405313319601,53.93941263341442,51.890843528244304,completed,False,not_required,not_required,False,2026-09-02T03:27:07Z
600265,*ST景谷,23.358550752217,38.00980416709045,50.44277839884133,15.654972584776601,completed,False,not_required,not_required,False,2026-09-02T03:27:07Z
600266,城建发展,0.9042026047247997,13.900946298406316,6.691484820278084,36.02556402858164,completed,False,not_required,not_required,False,2026-09-02T03:27:07Z
600267,海正药业,64.78745754727943,59.41369881499655,67.14875435645833,84.93859944617083,completed,True,completed_or_best_effort,completed,True,2026-09-02T03:27:07Z
600268,国电南自,44.57049790975803,44.000039624412906,44.115180077666864,69.0970610968627,completed,False,not_required,not_required,False,2026-09-02T03:27:07Z
600269,赣粤高速,32.610051184747824,37.2658995415636,39.79656006504646,64.5820619902096,completed,False,not_required,not_required,False,2026-09-02T03:27:07Z
600271,航天信息,17.120887316996583,26.504303372015514,21.758318933192328,48.45071271300257,completed,False,not_required,not_required,False,2026-09-02T03:27:07Z
600272,开开实业,50.47348004207568,39.426851494978145,37.0487860346637,65.91756019998176,completed,False,not_required,not_required,False,2026-09-02T03:27:07Z
600273,嘉化能源,32.96408601396427,31.45395393197307,38.600158470158384,69.17912896734299,completed,False,not_required,not_required,False,2026-09-02T03:27:07Z
600276,恒瑞医药,42.0562481710134,37.92507507369092,43.30190604304383,69.00362546724564,completed,False,not_required,not_required,False,2026-09-02T03:27:07Z
600278,东方创业,50.85309429206959,45.14664061037592,47.211237151821386,66.86800714706273,completed,False,not_required,not_required,False,2026-09-02T03:27:07Z
600279,重庆港,57.08673030221581,46.893618868124136,57.28335191083206,75.52706046716253,completed,False,not_required,not_required,False,2026-09-02T03:27:07Z
600280,中央商场,19.751152710199527,38.90290584576067,23.634144874131806,34.726353451235816,completed,False,not_required,not_required,False,2026-09-02T03:27:07Z
600281,华阳新材,55.13718747816961,51.16944035286558,52.97922675730296,39.530694677581394,completed,False,not_required,not_required,False,2026-09-02T03:27:07Z
600282,南钢股份,54.29106789509098,45.13218599956071,45.962607687523644,52.96044117054585,completed,False,not_required,not_required,False,2026-09-02T03:27:07Z
600283,钱江水利,55.50237773780863,56.860865797760155,51.631873232678906,49.95632558673619,completed,False,not_required,not_required,False,2026-09-02T03:27:07Z
600284,浦东建设,33.226026309450724,49.704786683893985,40.78999963593211,62.98039209632347,completed,False,not_required,not_required,False,2026-09-02T03:27:07Z
600285,羚锐制药,47.851088556081706,40.24472813645139,44.5224238139593,58.51787398377235,completed,False,not_required,not_required,False,2026-09-02T03:27:07Z
600287,苏豪时尚,47.73351101183104,42.514159790033816,43.5956572008967,76.02115791157414,completed,False,not_required,not_required,False,2026-09-02T03:27:07Z
600288,大恒科技,44.79983259103971,37.49765095910621,45.79343405943839,76.65743234665773,completed,False,not_required,not_required,False,2026-09-02T03:27:07Z
600289,ST信通,28.809709767000165,22.08822914457957,35.08527415910891,29.72426037209216,completed,False,not_required,not_required,False,2026-09-02T03:27:07Z
600292,电投水电,69.26016135464894,56.3988061483492,52.674959974705295,74.24220458831263,completed,False,not_required,not_required,False,2026-09-02T03:27:07Z
600293,三峡新材,31.11478598515977,44.5366084957959,39.904087840885964,49.38090872529944,completed,False,not_required,not_required,False,2026-09-02T03:27:07Z
600295,鄂尔多斯,62.67648705236015,47.60965755167491,55.95738324861947,63.807237725272905,completed,False,not_required,not_required,False,2026-09-02T03:27:07Z
600298,安琪酵母,53.00467314282608,44.36834217394969,43.31934730533503,75.17321804827634,completed,False,not_required,not_required,False,2026-09-02T03:27:07Z
600299,安迪苏,70.22488145127649,57.34985274766849,62.205620286493755,48.724239825463236,completed,False,not_required,not_required,False,2026-09-02T03:27:07Z
600300,维维股份,51.89208915322629,40.15560664848369,51.66807239391085,59.87445679793162,completed,False,not_required,not_required,False,2026-09-02T03:27:07Z
600301,华锡有色,72.99854341106706,55.1513547540088,57.94738762311389,69.92440776620923,completed,False,not_required,not_required,False,2026-09-02T03:27:07Z
600302,ST标准,9.797322626909192,24.24894735774862,24.30102572491156,20.77661588359198,completed,False,not_required,not_required,False,2026-09-02T03:27:07Z
600303,曙光股份,25.15179044801667,34.2279788581507,33.962836605610285,53.15372524637419,completed,False,not_required,not_required,False,2026-09-02T03:27:07Z
600305,恒顺醋业,51.34318184219017,41.20414454762712,40.800835955673406,72.83500059989161,completed,False,not_required,not_required,False,2026-09-02T03:27:07Z
600307,酒钢宏兴,36.57226857659468,38.80290752388926,42.44681675660777,40.004896447555836,completed,False,not_required,not_required,False,2026-09-02T03:27:07Z
600308,华泰股份,20.375914232183373,28.06179404027741,21.56803557517253,47.591944782248184,completed,False,not_required,not_required,False,2026-09-02T03:27:07Z
600309,万华化学,75.18736800013725,57.94769607714956,61.03504509799868,56.50956267192383,completed,False,not_required,not_required,False,2026-09-02T03:27:07Z
600310,广西能源,67.96329652787901,54.81037775759088,52.63826183099092,69.2942573988683,completed,False,not_required,not_required,False,2026-09-02T03:27:07Z
600312,平高电气,47.45848362024055,52.13394261440528,50.138386191576,78.19843382636995,completed,False,not_required,not_required,False,2026-09-02T03:27:07Z
600313,农发种业,70.23178570760246,53.84336531619488,54.365874113252275,64.88998559405726,completed,False,not_required,not_required,False,2026-09-02T03:27:07Z
600315,上海家化,72.169343314134,55.56609343821975,65.03769235872974,59.72527839113751,completed,False,not_required,not_required,False,2026-09-02T03:27:07Z
600316,洪都航空,44.69571204676666,34.581496229255414,25.8922358030534,50.96333636088225,completed,False,not_required,not_required,False,2026-09-02T03:27:07Z
600318,新力金融,51.41190777487275,44.77719541973828,38.474236953016714,46.28993729703174,completed,False,not_required,not_required,False,2026-09-02T03:27:07Z
600319,亚星化学,50.885241643837496,53.19468121337222,50.84151193950083,33.423909660458996,completed,False,not_required,not_required,False,2026-09-02T03:27:07Z
600320,振华重工,57.418011543044315,46.29994781106672,50.30173276207706,62.65473125253938,completed,False,not_required,not_required,False,2026-09-02T03:27:07Z
600322,津投城开,38.21325045681287,47.699212924262554,56.71384962619041,63.80209981952029,completed,False,not_required,not_required,False,2026-09-02T03:27:07Z
600323,瀚蓝环境,59.54838214934435,45.49585257843831,54.0601940277278,66.16530052302708,completed,False,not_required,not_required,False,2026-09-02T03:27:07Z
600325,华发股份,24.881349225111997,44.807829807057665,22.851777761387357,56.02877101968127,completed,False,not_required,not_required,False,2026-09-02T03:27:07Z
600326,西藏天路,9.977121461575027,26.50741908962423,21.215889833464374,49.30965217808193,completed,False,not_required,not_required,False,2026-09-02T03:27:07Z
600327,大东方,42.49406496306235,38.59972880242623,46.65201505823757,73.3542419154721,completed,False,not_required,not_required,False,2026-09-02T03:27:07Z
600328,中盐化工,26.555506181542306,31.96226520465112,32.17675056027252,57.77869578999474,completed,False,not_required,not_required,False,2026-09-02T03:27:07Z
600329,达仁堂,37.29860479654779,39.63115979649143,38.09978003553263,72.03473650282848,completed,False,not_required,not_required,False,2026-09-02T03:27:07Z
600330,天通股份,19.572335246968006,33.18099479348014,21.763400574295673,61.94610959365925,completed,False,not_required,not_required,False,2026-09-02T03:27:07Z
600331,宏达股份,59.659554135678135,52.46629002234952,68.46681452407833,59.73311153511995,completed,False,not_required,not_required,False,2026-09-02T03:27:07Z
600332,白云山,37.53418749375581,39.9084974108743,36.73248374974404,69.1006352899504,completed,False,not_required,not_required,False,2026-09-02T03:27:07Z
600333,长春燃气,48.09911216049278,39.04879425495774,42.850391759376144,48.99918538421531,completed,False,not_required,not_required,False,2026-09-02T03:27:07Z
600335,国机汽车,52.90730487018384,57.84694163116529,52.77763831176504,70.89426072098011,completed,False,not_required,not_required,False,2026-09-02T03:27:07Z
600336,澳柯玛,12.820526418305107,30.00492994974244,17.54931958861701,46.0721188635297,completed,False,not_required,not_required,False,2026-09-02T03:27:07Z
600337,ST美克,6.606227095845444,24.962024580981844,14.690128399407337,14.661937263553025,completed,False,not_required,not_required,False,2026-09-02T03:27:07Z
600338,西藏珠峰,63.09554956599822,45.76310600138643,53.99105580483269,44.32748744547195,completed,False,not_required,not_required,False,2026-09-02T03:27:07Z
600339,中油工程,48.43711405102844,45.97792687141287,37.23422401049539,66.01916704670882,completed,False,not_required,not_required,False,2026-09-02T03:27:07Z
600340,*ST华幸,15.14948025564562,25.088810562641587,31.647868067928627,11.108032893128065,completed,False,not_required,not_required,False,2026-09-02T03:27:07Z
600343,航天动力,39.55664872630237,48.49218947830785,46.04741731550503,51.90389507798712,completed,False,not_required,not_required,False,2026-09-02T03:27:07Z
600345,长江通信,50.94741548059029,45.773770177628876,44.16045396187028,71.1740568095896,completed,False,not_required,not_required,False,2026-09-02T03:27:07Z
600346,恒力石化,71.06603589584543,54.18119086628855,58.326631926759106,75.72044148139605,completed,False,not_required,not_required,False,2026-09-02T03:27:07Z
600348,华阳股份,67.39996952379175,61.63454277542506,67.17952860279117,53.56739168663647,completed,False,not_required,not_required,False,2026-09-02T03:27:07Z
600350,山东高速,49.424230784181354,41.3694512775599,45.26372149165589,67.89342316860196,completed,False,not_required,not_required,False,2026-09-02T03:27:07Z
600351,亚宝药业,62.69747014526757,55.38930457758089,59.01725381221785,87.32704159097193,completed,True,completed_or_best_effort,completed,True,2026-09-02T03:27:07Z
600352,浙江龙盛,51.95689163710521,44.77049989908001,44.10287628394042,65.55469601174674,completed,False,not_required,not_required,False,2026-09-02T03:27:07Z
600353,旭光电子,45.28597976582291,39.61078065931825,30.393378559551067,62.07422875955062,completed,False,not_required,not_required,False,2026-09-02T03:27:07Z
600354,敦煌种业,82.19675883169721,61.842517115845496,71.06027494663519,64.21369892280065,completed,True,completed_or_best_effort,completed,False,2026-09-02T03:27:07Z
600356,恒丰纸业,49.77384922282066,42.412491965232824,49.17682929363126,80.8032666232179,completed,False,not_required,not_required,False,2026-09-02T03:27:07Z
600358,国旅联合,39.00831420643597,32.05249177789224,55.64669084413784,56.17526435224007,completed,False,not_required,not_required,False,2026-09-02T03:27:07Z
600359,新农开发,39.192986973162405,45.00199143517541,47.033400198972245,44.18710943325987,completed,False,not_required,not_required,False,2026-09-02T03:27:07Z
600360,华微电子,49.1405331249424,42.15834564710686,39.05068457834076,20.832389656284498,completed,False,not_required,not_required,False,2026-09-02T03:27:07Z
600361,创新新材,56.189649577883884,39.37858309778014,46.123411064032624,73.15254783528623,completed,False,not_required,not_required,False,2026-09-02T03:27:07Z
600362,江西铜业,69.6569973355098,48.20059549290443,59.761137749067196,66.53900724854448,completed,False,not_required,not_required,False,2026-09-02T03:27:07Z
600363,联创光电,27.885731984901078,38.381897512590896,30.990574155915034,21.235195986759237,completed,False,not_required,not_required,False,2026-09-02T03:27:07Z
600365,ST通葡,30.629304572068044,35.039406633725214,47.50800378930413,61.10519893547352,completed,False,not_required,not_required,False,2026-09-02T03:27:07Z
600366,宁波韵升,63.18479461844937,49.43845450190775,50.6367073553893,72.46030812767607,completed,False,not_required,not_required,False,2026-09-02T03:27:07Z
600367,红星发展,58.736566538397916,50.55140069836018,47.266478217994226,46.056754622816065,completed,False,not_required,not_required,False,2026-09-02T03:27:07Z
600368,五洲交通,53.70660998774286,51.27383436791777,56.37052536131788,60.633142083387916,completed,False,not_required,not_required,False,2026-09-02T03:27:07Z
600369,西南证券,53.97348507016985,44.69409003177712,40.81801971462132,49.722871665275136,completed,False,not_required,not_required,False,2026-09-02T03:27:07Z
600370,*ST三房,26.26031004706688,27.44656379388651,41.87470059105566,7.838261846841164,completed,False,not_required,not_required,False,2026-09-02T03:27:07Z
600371,万向德农,48.47507504418936,49.95098431118184,39.19713699783118,71.05128144357701,completed,False,not_required,not_required,False,2026-09-02T03:27:07Z
600372,中航机载,27.849426391249764,37.61667591318691,27.160217385083826,63.25230833662263,completed,False,not_required,not_required,False,2026-09-02T03:27:07Z
600373,中文传媒,42.68745839761992,44.80223235281133,45.79470210184183,54.55772947398442,completed,False,not_required,not_required,False,2026-09-02T03:27:07Z
600375,汉马科技,41.705370771508996,26.727651892285458,32.640866603407424,60.65778890751212,completed,False,not_required,not_required,False,2026-09-02T03:27:07Z
600376,首开股份,5.792885412051813,18.823283546026218,11.251135349200919,32.72277796102963,completed,False,not_required,not_required,False,2026-09-02T03:27:07Z
600377,宁沪高速,55.73401946482392,49.617590484264014,51.476765634963215,72.84827097224226,completed,False,not_required,not_required,False,2026-09-02T03:27:07Z
600378,昊华科技,57.15525394369727,40.27942159057877,48.67358231707555,68.90009114573859,completed,False,not_required,not_required,False,2026-09-02T03:27:07Z
600379,宝光股份,66.58882676807127,57.43171665000539,50.85397459424693,63.43915844924588,completed,False,not_required,not_required,False,2026-09-02T03:27:07Z
600380,健康元,38.88042006954342,39.90756498098133,43.098629111843586,71.48630912936439,completed,False,not_required,not_required,False,2026-09-02T03:27:07Z
600381,*ST春天,1.6271838570957868,22.49011515902182,20.58541500871457,8.246566900285975,completed,False,not_required,not_required,False,2026-09-02T03:27:07Z
600382,广东明珠,41.1139975585978,29.935859605947734,41.356160119932284,73.7539961010668,completed,False,not_required,not_required,False,2026-09-02T03:27:07Z
600383,金地集团,34.07873162995151,38.32150711387257,46.40095482001636,46.49098092369685,completed,False,not_required,not_required,False,2026-09-02T03:27:07Z
600386,北巴传媒,12.54881346459264,27.536666771591776,20.993061390365646,41.61892630653033,completed,False,not_required,not_required,False,2026-09-02T03:27:07Z
600388,紫金龙净,49.70608139393327,47.38536515658151,43.229927670013204,65.26343743959502,completed,False,not_required,not_required,False,2026-09-02T03:27:07Z
600389,江山股份,50.3475256662992,41.91723534735263,40.51902213759888,54.77048400035467,completed,False,not_required,not_required,False,2026-09-02T03:27:07Z
600390,五矿资本,65.8117266093456,52.279279614421206,56.77573811319848,62.097396799782345,completed,False,not_required,not_required,False,2026-09-02T03:27:07Z
600391,航发科技,58.11524091597028,55.59702924463707,49.081521251956225,58.644792486735874,completed,False,not_required,not_required,False,2026-09-02T03:27:07Z
600392,盛和资源,67.40794467346217,54.66144954990657,51.13554339529895,75.79892260550521,completed,False,not_required,not_required,False,2026-09-02T03:27:07Z
600395,盘江股份,43.38877571459671,40.67910609186418,43.80051505075036,61.160189209649985,completed,False,not_required,not_required,False,2026-09-02T03:27:07Z
600396,华电辽能,63.3248246019372,52.350174360976645,47.98676772813085,50.412525999542,completed,False,not_required,not_required,False,2026-09-02T03:27:07Z
600397,江钨装备,48.889252218662385,47.03687795832699,55.18226496550715,58.307057159381344,completed,False,not_required,not_required,False,2026-09-02T03:27:07Z
600398,海澜之家,51.189036968808374,38.884156446467685,43.62676253820145,63.25798571210785,completed,False,not_required,not_required,False,2026-09-02T03:27:07Z
600399,抚顺特钢,49.6793189799795,46.753229825957256,52.24425252493267,68.33217305059419,completed,False,not_required,not_required,False,2026-09-02T03:27:07Z
600400,红豆股份,25.63271391020531,30.25068672799888,31.20247594356173,58.03031329284524,completed,False,not_required,not_required,False,2026-09-02T03:27:07Z
600403,大有能源,51.48641444493801,48.69044982785417,51.473273116201455,65.36050239155165,completed,False,not_required,not_required,False,2026-09-02T03:27:07Z
600405,动力源,43.198441604653404,50.94520921230651,44.928875399789895,66.39439698944739,completed,False,not_required,not_required,False,2026-09-02T03:27:07Z
600406,国电南瑞,51.5339435245335,44.75262166336367,41.0608727629581,70.01071971890535,completed,False,not_required,not_required,False,2026-09-02T03:27:07Z
600408,安泰集团,33.21606325610799,32.78812163711421,42.400455259473034,40.737787675434156,completed,False,not_required,not_required,False,2026-09-02T03:27:07Z
600409,三友化工,64.5849323581173,54.89595905495981,54.931528883043946,61.14173594007273,completed,False,not_required,not_required,False,2026-09-02T03:27:07Z
600410,华胜天成,15.787023166811977,25.002735786776192,15.196608408838266,32.80920309569858,completed,False,not_required,not_required,False,2026-09-02T03:27:07Z
600415,小商品城,53.226890255398985,41.46282330945914,43.37323829247186,61.197926848032644,completed,False,not_required,not_required,False,2026-09-02T03:27:07Z
600416,湘电股份,8.417193003916866,25.247801180164505,14.234046364077088,47.92601781972707,completed,False,not_required,not_required,False,2026-09-02T03:27:07Z
600418,江淮汽车,57.05723277201096,48.74594243692888,60.09721004773132,68.59255546281555,completed,False,not_required,not_required,False,2026-09-02T03:27:07Z
600419,天润乳业,46.76821444458826,39.743400678515634,39.834148061399674,54.769122495587474,completed,False,not_required,not_required,False,2026-09-02T03:27:07Z
600420,国药现代,34.08991495080952,43.55330745635786,37.979818274286316,65.2500550566715,completed,False,not_required,not_required,False,2026-09-02T03:27:07Z
600422,昆药集团,9.502826418253566,28.91674977743691,21.247774613589257,47.74805274313894,completed,False,not_required,not_required,False,2026-09-02T03:27:07Z
600423,*ST柳化,63.64836753427508,52.721266912352974,62.229502658849015,26.581243336307516,completed,False,not_required,not_required,False,2026-09-02T03:27:07Z
600425,青松建化,45.749433485111595,40.831536372737105,52.128502569442524,59.32560593212784,completed,False,not_required,not_required,False,2026-09-02T03:27:07Z
600426,华鲁恒升,65.59801033605652,51.57425769862897,62.323651955416906,79.71304781538699,completed,False,not_required,not_required,False,2026-09-02T03:27:07Z
600428,中远海特,78.2991353302274,57.97298874878647,65.48988267631206,65.60277445999225,completed,False,not_required,not_required,False,2026-09-02T03:27:07Z
600429,三元股份,46.8425840934991,36.6463135769649,38.83360433894522,71.5821168572257,completed,False,not_required,not_required,False,2026-09-02T03:27:07Z
600433,冠豪高新,54.864174048386374,44.46798833415689,58.88263353279311,53.670618321424946,completed,False,not_required,not_required,False,2026-09-02T03:27:07Z
600435,北方导航,0.0,15.99573049442145,5.024773626916198,33.340335373663635,completed,False,not_required,not_required,False,2026-09-02T03:27:07Z
600436,片仔癀,44.58545746418531,42.72800254572129,41.029892145618966,55.84610831069647,completed,False,not_required,not_required,False,2026-09-02T03:27:07Z
600438,通威股份,27.4634319148363,39.19956746426135,27.69960176029168,48.03122794198887,completed,False,not_required,not_required,False,2026-09-02T03:27:07Z
600439,ST瑞贝卡,32.1377860116621,31.3679332149633,32.51463635535271,20.75635560002101,completed,False,not_required,not_required,False,2026-09-02T03:27:07Z
600444,国机通用,50.86756069361406,43.455582132009546,35.92864142114053,39.36433067512658,completed,False,not_required,not_required,False,2026-09-02T03:27:07Z
600446,金证股份,40.38081585707877,42.68183920251009,42.237400812522665,42.52190162659554,completed,False,not_required,not_required,False,2026-09-02T03:27:07Z
600448,华纺股份,38.703004664404105,42.54082840135619,42.25989636228369,42.5628877704243,completed,False,not_required,not_required,False,2026-09-02T03:27:07Z
600449,宁夏建材,41.51661757530239,44.94333772741972,49.417496643115115,70.21872937146276,completed,False,not_required,not_required,False,2026-09-02T03:27:07Z
600452,涪陵电力,52.63544151056585,47.692834642506725,55.70223078265838,53.82844039549833,completed,False,not_required,not_required,False,2026-09-02T03:27:07Z
600455,博通股份,49.19187835981955,47.44439427410828,44.56752037821723,49.449893210224,completed,False,not_required,not_required,False,2026-09-02T03:27:07Z
600456,宝钛股份,28.05998991792695,32.8281573904752,25.27765415579093,56.748800284561106,completed,False,not_required,not_required,False,2026-09-02T03:27:07Z
600458,时代新材,47.27694378863787,45.02672836586095,40.46325682643541,67.8358507649731,completed,False,not_required,not_required,False,2026-09-02T03:27:07Z
600459,贵研铂业,48.833547812000056,37.1254335981344,49.32246589820172,74.18329729917961,completed,False,not_required,not_required,False,2026-09-02T03:27:07Z
600460,士兰微,59.41180399141259,47.41030654862647,44.83397995463031,69.30256501684231,completed,False,not_required,not_required,False,2026-09-02T03:27:07Z
600461,洪城环境,54.02472621660023,57.64992859564588,54.95196188464273,56.59910842161722,completed,False,not_required,not_required,False,2026-09-02T03:27:07Z
600463,空港股份,31.826660849388098,29.470693614918527,34.08855541716599,53.899266861544845,completed,False,not_required,not_required,False,2026-09-02T03:27:07Z
600467,好当家,51.180362664618976,40.79181127516808,41.30881268165999,46.37287328325146,completed,False,not_required,not_required,False,2026-09-02T03:27:07Z
600468,百利电气,34.15059772834716,35.56340060062809,23.3473324917908,49.64436272467708,completed,False,not_required,not_required,False,2026-09-02T03:27:07Z
600469,风神股份,39.32358091509534,37.71759680761446,37.349565169394985,56.73991054165142,completed,False,not_required,not_required,False,2026-09-02T03:27:07Z
600470,六国化工,40.83748697837804,45.29648430287059,45.846335066473635,37.25760057758783,completed,False,not_required,not_required,False,2026-09-02T03:27:07Z
600475,华光环能,45.591641313210154,52.44100636304584,48.6492737996837,74.5416900331505,completed,False,not_required,not_required,False,2026-09-02T03:27:07Z
600476,*ST湘邮,24.167224319890437,31.207857215306518,51.19235609788298,9.578707440814236,completed,False,not_required,not_required,False,2026-09-02T03:27:07Z
600477,杭萧钢构,42.74115080999162,48.58662738892019,48.62529033239061,71.72200753573743,completed,False,not_required,not_required,False,2026-09-02T03:27:07Z
600478,科力远,52.10758110003369,48.013238158962,36.3606121463186,49.332368791827584,completed,False,not_required,not_required,False,2026-09-02T03:27:07Z
600479,千金药业,61.35296458671209,54.52841534149183,52.17595478711578,63.73772376187652,completed,False,not_required,not_required,False,2026-09-02T03:27:07Z
600480,凌云股份,47.99072673676059,41.49792040523584,47.99479947562582,73.93869731326099,completed,False,not_required,not_required,False,2026-09-02T03:27:07Z
600481,双良节能,20.831115503024556,44.39179017282275,32.305116402498186,18.60923211698096,completed,False,not_required,not_required,False,2026-09-02T03:27:07Z
600482,中国动力,63.25468524656743,48.75110881827139,51.45045926767534,64.23474862373763,completed,False,not_required,not_required,False,2026-09-02T03:27:07Z
600483,福能股份,59.18283022310121,54.39560678165761,56.89379028013418,64.10084246244185,completed,False,not_required,not_required,False,2026-09-02T03:27:07Z
600486,扬农化工,54.676687711933944,43.64463450726419,52.37040269209623,72.35164478974427,completed,False,not_required,not_required,False,2026-09-02T03:27:07Z
600487,亨通光电,63.43407016454579,53.773512451109504,49.5326471506324,84.63241686979501,completed,False,not_required,not_required,False,2026-09-02T03:27:07Z
600488,津药药业,62.694406817359926,59.88799137350386,71.10492394670132,67.32616615987067,completed,False,not_required,not_required,False,2026-09-02T03:27:07Z
600489,中金黄金,51.76791872322602,37.56983653318918,44.6120929277224,59.34813092500224,completed,False,not_required,not_required,False,2026-09-02T03:27:07Z
600490,鹏欣资源,72.3148350375815,53.093077811595215,64.9224126170528,78.63857992683799,completed,True,completed_or_best_effort,completed,False,2026-09-02T03:27:07Z
600491,ST龙元,0.0,13.774606482723549,11.433930579862652,40.93050677544649,completed,False,not_required,not_required,False,2026-09-02T03:27:07Z
600493,凤竹纺织,58.77314364926326,50.92124468719692,53.93720637446294,55.03541681692009,completed,False,not_required,not_required,False,2026-09-02T03:27:07Z
600495,晋西车轴,71.78799452675031,60.16213775789782,61.55274341184119,73.60468921163414,completed,False,not_required,not_required,False,2026-09-02T03:27:07Z
600496,精工钢构,39.4836170026489,43.94474536654305,43.280570589846974,67.12372294726248,completed,False,not_required,not_required,False,2026-09-02T03:27:07Z
600497,驰宏锌锗,76.74514278654293,55.57145770336069,62.16735644432313,76.80101495687519,completed,False,not_required,not_required,False,2026-09-02T03:27:07Z
600498,烽火通信,44.156449195093174,41.327588662679105,33.33534879306934,67.45827551495488,completed,False,not_required,not_required,False,2026-09-02T03:27:07Z
600499,科达制造,67.29681421678416,51.39524875953339,55.345768550503784,74.15443118043912,completed,False,not_required,not_required,False,2026-09-02T03:27:07Z
600500,中化国际,43.88602631860653,45.42681043127257,49.17118277320823,66.2029886562794,completed,False,not_required,not_required,False,2026-09-02T03:27:07Z
600501,航天晨光,65.68255659460227,54.42199150000011,69.20714635295872,51.43112278473033,completed,False,not_required,not_required,False,2026-09-02T03:27:07Z
600502,安徽建工,28.77323674132679,45.99668756490349,38.618126212841105,66.57033127208989,completed,False,not_required,not_required,False,2026-09-02T03:27:07Z
600503,华丽家族,20.002888064267168,25.155619145296725,33.099829768418395,45.22514199986723,completed,False,not_required,not_required,False,2026-09-02T03:27:07Z
600505,西昌电力,47.86639038119137,38.257774224971584,44.45188179828978,51.81784595479676,completed,False,not_required,not_required,False,2026-09-02T03:27:07Z
600506,统一股份,77.31044689428155,50.755918144052956,60.758330634311086,47.1067324736072,completed,False,not_required,not_required,False,2026-09-02T03:27:07Z
600507,方大特钢,46.375489934881244,43.531331251635066,47.80427537087386,70.02646312702298,completed,False,not_required,not_required,False,2026-09-02T03:27:07Z
600508,上海能源,75.73556629192095,58.921117050133056,65.94961130327405,70.98395500696572,completed,False,not_required,not_required,False,2026-09-02T03:27:07Z
600509,天富能源,58.15739408953166,55.59995777175069,49.08984644988769,76.98444680076422,completed,False,not_required,not_required,False,2026-09-02T03:27:07Z
600510,黑牡丹,16.89260036492724,27.397705455253988,14.66077520220581,38.62945937806895,completed,False,not_required,not_required,False,2026-09-02T03:27:07Z
600511,国药股份,37.259464370984404,33.82050811718858,41.01600080570797,51.24258139030627,completed,False,not_required,not_required,False,2026-09-02T03:27:07Z
600512,腾达建设,33.129236266159374,46.591661566273885,37.3540381680503,75.65908885174476,completed,False,not_required,not_required,False,2026-09-02T03:27:07Z
600513,联环药业,47.441796044592095,48.21060348045424,49.37305142427645,49.79540968504294,completed,False,not_required,not_required,False,2026-09-02T03:27:07Z
600515,海南机场,31.04125558715086,32.207736041952536,23.001996104108326,52.179459975697654,completed,False,not_required,not_required,False,2026-09-02T03:27:07Z
600516,方大炭素,60.9499779809459,55.39648004969083,54.37284698630505,78.65563880335208,completed,False,not_required,not_required,False,2026-09-02T03:27:07Z
600517,国网英大,47.54893312332204,44.36831829694647,49.463533962181366,63.5362487986319,completed,False,not_required,not_required,False,2026-09-02T03:27:07Z
600518,康美药业,61.495638028228726,58.06156113210511,56.52281611750601,58.50611988075979,completed,False,not_required,not_required,False,2026-09-02T03:27:07Z
600519,贵州茅台,47.982639694784524,37.94528208613446,44.087189565660296,77.31449730706699,completed,False,not_required,not_required,False,2026-09-02T03:27:07Z
600520,三佳科技,33.8515231239825,35.44010878655196,21.91138262048682,37.73796363532437,completed,False,not_required,not_required,False,2026-09-02T03:27:07Z
600521,华海药业,66.2439112025007,60.29107644353291,46.016348942087795,71.03703191178363,completed,False,not_required,not_required,False,2026-09-02T03:27:07Z
600522,中天科技,61.20176050168718,51.800437919185406,51.16068555244855,84.16158496415615,completed,False,not_required,not_required,False,2026-09-02T03:27:07Z
600523,贵航股份,55.560413897677265,51.90907866201992,54.465033485951594,66.97399058246334,completed,False,not_required,not_required,False,2026-09-02T03:27:07Z
600525,长园集团,61.30199655827761,48.476353426680674,65.90349644326432,26.68556656626151,completed,False,not_required,not_required,False,2026-09-02T03:27:07Z
600526,菲达环保,39.98270526333958,45.305351358113576,43.26498577860962,68.7457881460261,completed,False,not_required,not_required,False,2026-09-02T03:27:07Z
600527,江南高纤,60.52927353117561,48.41587842974508,55.52006990743177,51.14295347384981,completed,False,not_required,not_required,False,2026-09-02T03:27:07Z
600528,中铁工业,26.5051828994593,43.85748648973085,35.7573805097667,65.2994074712722,completed,False,not_required,not_required,False,2026-09-02T03:27:07Z
600529,山东药玻,51.26098504712983,46.783018380337126,52.02978113007599,80.54567017900101,completed,False,not_required,not_required,False,2026-09-02T03:27:07Z
600530,ST交昂,0.0,14.523885236518016,8.328838206383347,23.68088639731464,completed,False,not_required,not_required,False,2026-09-02T03:27:07Z
600531,豫光金铅,49.485614718755905,34.96780949527676,38.30250515176496,39.6712565229514,completed,False,not_required,not_required,False,2026-09-02T03:27:07Z
600533,栖霞建设,12.907087537763719,25.467090366797937,17.244585643337572,30.363418413426366,completed,False,not_required,not_required,False,2026-09-02T03:27:07Z
600535,天士力,53.93298792138389,49.89691568009795,57.3218893437026,66.07216881335034,completed,False,not_required,not_required,False,2026-09-02T03:27:07Z
600536,中国软件,54.02065570215637,46.61760276837773,63.220826955356635,48.75843414890898,completed,False,not_required,not_required,False,2026-09-02T03:27:07Z
600537,*ST亿晶,11.020820827720222,23.74746337709033,26.30542586540507,1.9538391306575313,completed,False,not_required,not_required,False,2026-09-02T03:27:07Z
600538,国发股份,43.7866270656886,42.894844044857884,57.24801034695036,58.77739600620486,completed,False,not_required,not_required,False,2026-09-02T03:27:07Z
600539,狮头股份,47.700918346417374,44.59216034702659,52.34065590257874,58.51445195049577,completed,False,not_required,not_required,False,2026-09-02T03:27:07Z
600540,新赛股份,82.83868475441705,54.191648762973976,71.83519980060107,46.5296657152498,completed,False,not_required,not_required,False,2026-09-02T03:27:07Z
600543,*ST莫高,23.655630366960757,22.22693110026875,35.9610352035947,11.408878248040816,completed,False,not_required,not_required,False,2026-09-02T03:27:07Z
600545,卓郎智能,25.923590668356056,25.577565273808936,29.508528036588324,31.488486635387297,completed,False,not_required,not_required,False,2026-09-02T03:27:07Z
600546,山煤国际,65.34815041178352,43.35663190481261,59.35817591148427,62.001692227801186,completed,False,not_required,not_required,False,2026-09-02T03:27:07Z
600547,山东黄金,55.52889995536453,43.95260398541394,51.991657211279275,66.73898494443478,completed,False,not_required,not_required,False,2026-09-02T03:27:07Z
600548,深高速,45.68225245284145,41.19604849937677,46.18485918449075,53.34819680492859,completed,False,not_required,not_required,False,2026-09-02T03:27:07Z
600549,厦门钨业,55.55899805127041,38.362876373228985,40.812170018912006,73.68088024939027,completed,False,not_required,not_required,False,2026-09-02T03:27:07Z
600550,保变电气,48.855057222066606,39.7069692064194,27.767141371035066,54.206234243949645,completed,False,not_required,not_required,False,2026-09-02T03:27:07Z
600551,时代出版,40.26724404921768,40.72486087233419,50.43954021258941,54.82556811570688,completed,False,not_required,not_required,False,2026-09-02T03:27:07Z
600552,凯盛科技,55.26563184293343,47.05957352619456,44.670817512656015,54.638899248027286,completed,False,not_required,not_required,False,2026-09-02T03:27:07Z
600556,天下秀,30.905124759299312,26.83321236192406,24.88302209439808,48.165409896710756,completed,False,not_required,not_required,False,2026-09-02T03:27:07Z
600557,康缘药业,58.70369114394646,61.86303765538894,56.784669795645534,72.54150271588185,completed,False,not_required,not_required,False,2026-09-02T03:27:07Z
600558,大西洋,52.051337675275825,38.97079344565522,48.4285444726655,50.12574691295277,completed,False,not_required,not_required,False,2026-09-02T03:27:07Z
600559,老白干酒,32.19945272769347,31.340911125893435,31.02727233885505,50.83945880315615,completed,False,not_required,not_required,False,2026-09-02T03:27:07Z
600560,金自天正,36.5442633935036,37.14444319692911,21.61831860958273,42.77527728276806,completed,False,not_required,not_required,False,2026-09-02T03:27:07Z
600561,江西长运,45.499439491658585,42.123506295512506,41.015119107109356,57.569547604308134,completed,False,not_required,not_required,False,2026-09-02T03:27:07Z
600562,国睿科技,30.493846260732262,39.93085703683365,33.22685171277677,65.02580266256606,completed,False,not_required,not_required,False,2026-09-02T03:27:07Z
600563,法拉电子,57.07268484984358,46.34578920695037,47.755869975661284,56.79373804414072,completed,False,not_required,not_required,False,2026-09-02T03:27:07Z
600566,济川药业,61.8133727881199,63.388950300361316,65.22115894934338,89.72306468079391,completed,True,completed_or_best_effort,completed,True,2026-09-02T03:27:07Z
600567,山鹰国际,26.375154584891966,36.412548588993815,24.148117867360973,50.860850143306024,completed,False,not_required,not_required,False,2026-09-02T03:27:07Z
600568,ST中珠,7.87881832197877,23.729226192747284,13.846045644756929,30.721927782200645,completed,False,not_required,not_required,False,2026-09-02T03:27:07Z
600569,安阳钢铁,23.647936814790313,32.58036894783214,20.157151614123585,48.38537061191065,completed,False,not_required,not_required,False,2026-09-02T03:27:07Z
600570,恒生电子,27.155886024629623,32.881599252018596,28.047036001062743,59.28296136784503,completed,False,not_required,not_required,False,2026-09-02T03:27:07Z
600571,信雅达,45.681453272397526,38.705644628999124,58.79374852937748,36.42449571020512,completed,False,not_required,not_required,False,2026-09-02T03:27:07Z
600572,康恩贝,58.090744800224314,50.633900546248036,56.7681901038275,60.07071658189233,completed,False,not_required,not_required,False,2026-09-02T03:27:07Z
600573,惠泉啤酒,60.65943796166413,48.69951677807617,59.92993463572303,63.97887566947511,completed,False,not_required,not_required,False,2026-09-02T03:27:07Z
600575,淮河能源,47.257396214264105,40.17506864216194,46.45986740649203,59.33907247508073,completed,False,not_required,not_required,False,2026-09-02T03:27:07Z
600576,祥源文旅,43.279060402495986,37.87007200740366,36.06738076579603,39.98720728630178,completed,False,not_required,not_required,False,2026-09-02T03:27:07Z
600577,精达股份,55.398809073492636,41.9063463649129,43.01366475785263,42.14450304880219,completed,False,not_required,not_required,False,2026-09-02T03:27:07Z
600578,京能电力,51.38784954385913,42.69733080684347,51.27667677085458,43.148036229069334,completed,False,not_required,not_required,False,2026-09-02T03:27:07Z
600579,中化装备,14.071719343352228,26.773299078616276,22.504929098959323,64.68011892514028,completed,False,not_required,not_required,False,2026-09-02T03:27:07Z
600580,卧龙电驱,31.92088858396413,32.61038622567377,27.96336824811271,68.03906953676025,completed,False,not_required,not_required,False,2026-09-02T03:27:07Z
600581,*ST八钢,36.552240752394354,40.16746016756446,43.6688439166882,7.838609327386575,completed,False,not_required,not_required,False,2026-09-02T03:27:07Z
600582,天地科技,32.335820689213925,42.62039734238723,40.667057780039805,48.2626474524217,completed,False,not_required,not_required,False,2026-09-02T03:27:07Z
600583,海油工程,60.98477991283404,57.997258307601065,56.348644906076586,75.94747729451612,completed,False,not_required,not_required,False,2026-09-02T03:27:07Z
600584,长电科技,69.56648188661231,56.95461661768299,57.5407345033313,72.80783175895645,completed,False,not_required,not_required,False,2026-09-02T03:27:07Z
600585,海螺水泥,36.82459441581828,38.57012255178531,42.34274247368998,71.6742678893749,completed,False,not_required,not_required,False,2026-09-02T03:27:07Z
600586,金晶科技,21.111665552229326,34.24434165328537,27.89716234752583,44.64771597890623,completed,False,not_required,not_required,False,2026-09-02T03:27:07Z
600587,新华医疗,50.412207935399714,49.72443986980487,43.063106957272595,74.88941774626039,completed,False,not_required,not_required,False,2026-09-02T03:27:07Z
600588,用友网络,39.00413436320778,44.06527768814111,47.28283330700326,52.712068157836626,completed,False,not_required,not_required,False,2026-09-02T03:27:07Z
600589,大位科技,11.424402853652985,26.410291599650282,5.619046779003481,49.15208534575145,completed,False,not_required,not_required,False,2026-09-02T03:27:07Z
600590,泰豪科技,29.42391693264473,36.60804691875056,18.193275178250893,48.705302359919486,completed,False,not_required,not_required,False,2026-09-02T03:27:07Z
600592,龙溪股份,59.4800082556263,59.08101612714694,60.99050360439454,61.090398196527886,completed,False,not_required,not_required,False,2026-09-02T03:27:07Z
600593,大连圣亚,56.89976264285846,43.45555396375127,58.321029001701696,48.508125329120695,completed,False,not_required,not_required,False,2026-09-02T03:27:07Z
600594,益佰制药,13.753086566908763,33.87813153402506,22.62467097159404,39.15692842890067,completed,False,not_required,not_required,False,2026-09-02T03:27:07Z
600595,中孚实业,67.0617887330361,48.215822333907035,58.93184789287746,66.01539748221813,completed,False,not_required,not_required,False,2026-09-02T03:27:07Z
600596,新安股份,63.11789470427384,52.09470746802643,62.06267407462198,59.448117656889934,completed,False,not_required,not_required,False,2026-09-02T03:27:07Z
600597,光明乳业,59.9781017059378,47.61343461219238,57.584441051069035,72.65236158075479,completed,False,not_required,not_required,False,2026-09-02T03:27:07Z
600598,北大荒,10.7342621041782,23.97608455771354,29.355671936288964,43.00697339683813,completed,False,not_required,not_required,False,2026-09-02T03:27:07Z
600600,青岛啤酒,54.104145759147684,42.515819212270245,51.711441052733555,66.10342731004454,completed,False,not_required,not_required,False,2026-09-02T03:27:07Z
600601,方正科技,76.27650536126072,61.98705260943472,55.67018419593614,53.647649589641446,completed,False,not_required,not_required,False,2026-09-02T03:27:07Z
600602,云赛智联,37.09564950780945,36.63026425923639,36.72462134325813,56.88826230857991,completed,False,not_required,not_required,False,2026-09-02T03:27:07Z
600603,广汇物流,26.05911103542205,28.08977485382175,26.83818546674484,66.11060076122996,completed,False,not_required,not_required,False,2026-09-02T03:27:07Z
600604,市北高新,53.42297032586008,54.869805277625524,54.759358255037,59.62646533926215,completed,False,not_required,not_required,False,2026-09-02T03:27:07Z
600605,汇通能源,56.778962303554984,42.33098434646808,47.59035658987288,69.8043257507695,completed,False,not_required,not_required,False,2026-09-02T03:27:07Z
600606,绿地控股,17.735659133705667,24.001223953780002,30.09306962210419,38.743003163882584,completed,False,not_required,not_required,False,2026-09-02T03:27:07Z
600609,金杯汽车,65.40672289118247,52.91081962882308,59.54236901037012,70.16326340285481,completed,False,not_required,not_required,False,2026-09-02T03:27:07Z
600610,中毅达,51.54840236241466,41.03951745262209,31.386265294843195,48.15175182944596,completed,False,not_required,not_required,False,2026-09-02T03:27:07Z
600611,大众交通,18.12042812100927,37.34837757617369,19.188649552509876,28.683645854497108,completed,False,not_required,not_required,False,2026-09-02T03:27:07Z
600612,老凤祥,34.744849398193026,35.334180840406425,43.033234693430785,67.35290110931102,completed,False,not_required,not_required,False,2026-09-02T03:27:07Z
600613,神奇制药,39.80479970736134,33.46992906788901,37.60504633886994,33.75753167985094,completed,False,not_required,not_required,False,2026-09-02T03:27:07Z
600615,鑫源智造,20.627737033334718,27.955075783052592,21.00404563554194,45.59415090553,completed,False,not_required,not_required,False,2026-09-02T03:27:07Z
600616,金枫酒业,43.62709921408714,46.283365851284266,54.5056622977781,57.15820929652936,completed,False,not_required,not_required,False,2026-09-02T03:27:07Z
600617,国新能源,60.61315073120339,48.18849399888723,58.50122985952738,50.01798597721848,completed,False,not_required,not_required,False,2026-09-02T03:27:07Z
600618,氯碱化工,47.497798090235094,41.45971043267436,50.02257356872251,50.16306119106666,completed,False,not_required,not_required,False,2026-09-02T03:27:07Z
600619,海立股份,65.67528116834312,50.98057719461268,56.904891504272435,54.662016127064284,completed,False,not_required,not_required,False,2026-09-02T03:27:07Z
600620,天宸股份,22.90914676379613,36.474696783635835,27.646303243782512,43.54221237441394,completed,False,not_required,not_required,False,2026-09-02T03:27:07Z
600621,华鑫股份,70.48246918049284,50.728506847829316,53.69915919822449,57.68204437658913,completed,False,not_required,not_required,False,2026-09-02T03:27:07Z
600622,光大嘉宝,29.40935930688385,36.03247664302336,43.97329959403665,36.425064362130016,completed,False,not_required,not_required,False,2026-09-02T03:27:07Z
600623,华谊集团,56.426982925687156,43.490922731336624,51.85840318604152,68.3432061047308,completed,False,not_required,not_required,False,2026-09-02T03:27:07Z
600624,ST复华,2.5924434157181473,14.21336300600686,8.023500069002802,20.905869209250326,completed,False,not_required,not_required,False,2026-09-02T03:27:07Z
600626,申达股份,65.00748708419196,51.361748928552146,67.9078604674136,63.47934465224384,completed,False,not_required,not_required,False,2026-09-02T03:27:07Z
600628,新世界,48.11376429517517,45.55060521240477,45.644015257674035,58.70842880687056,completed,False,not_required,not_required,False,2026-09-02T03:27:07Z
600629,华建集团,18.059548540873458,30.319531186796738,18.334781451368407,59.13405775769279,completed,False,not_required,not_required,False,2026-09-02T03:27:07Z
600630,龙头股份,58.56901327682616,42.201496581054556,43.991424651860186,57.43461623045221,completed,False,not_required,not_required,False,2026-09-02T03:27:07Z
600633,浙数文化,40.87837270834944,30.59762358804523,38.52261146069306,52.49869232728312,completed,False,not_required,not_required,False,2026-09-02T03:27:07Z
600635,大众公用,62.73662236740748,52.88464833837146,55.61392730620804,55.860522923867286,completed,False,not_required,not_required,False,2026-09-02T03:27:07Z
600637,东方明珠,48.75657858640892,52.438966206667956,51.787485603229925,62.394428663853155,completed,False,not_required,not_required,False,2026-09-02T03:27:07Z
600638,新黄浦,58.92769662752352,50.204529968588865,49.76021051299008,48.870159056843534,completed,False,not_required,not_required,False,2026-09-02T03:27:07Z
600639,浦东金桥,41.32166641462662,32.28568009205379,36.875653887507355,50.12983132414595,completed,False,not_required,not_required,False,2026-09-02T03:27:07Z
600640,国脉文化,48.94178613424174,41.114112599967,49.40552487236144,77.5520208139447,completed,False,not_required,not_required,False,2026-09-02T03:27:07Z
600641,先导基电,45.895231284712715,38.13783052779563,37.95741642498618,68.05029922187178,completed,False,not_required,not_required,False,2026-09-02T03:27:07Z
600642,申能股份,50.86106901553422,46.6464800746287,47.43490057667798,63.03972340824699,completed,False,not_required,not_required,False,2026-09-02T03:27:07Z
600643,爱建集团,50.408349827475206,53.97411355154422,51.47265025464811,65.84398713769224,completed,False,not_required,not_required,False,2026-09-02T03:27:07Z
600644,乐山电力,51.590802229679305,46.232295609158506,48.95631384028037,60.95294018419914,completed,False,not_required,not_required,False,2026-09-02T03:27:07Z
600645,中源协和,55.2188618751907,50.9943352299556,55.761940141237034,61.27127751449891,completed,False,not_required,not_required,False,2026-09-02T03:27:07Z
600648,外高桥,48.086015411325214,48.9358407059833,39.535161529777994,50.58002975943872,completed,False,not_required,not_required,False,2026-09-02T03:27:07Z
600649,城投控股,25.99821273946953,35.61402363525871,29.76858076065558,58.117153115559454,completed,False,not_required,not_required,False,2026-09-02T03:27:07Z
600650,锦江在线,38.81832695135564,39.38157660870475,42.3048685156794,59.267246417025575,completed,False,not_required,not_required,False,2026-09-02T03:27:07Z
600651,飞乐音响,31.420206317657524,36.34358106703924,30.548843120810275,50.631677451262476,completed,False,not_required,not_required,False,2026-09-02T03:27:07Z
600653,申华控股,40.43671346626536,43.064979832531094,56.09918041944016,51.18144872282359,completed,False,not_required,not_required,False,2026-09-02T03:27:07Z
600654,中安科,50.22661660480627,44.806924132235416,62.85655962439925,72.88834452931688,completed,False,not_required,not_required,False,2026-09-02T03:27:07Z
600655,豫园股份,37.294532265297654,35.04205549464787,36.87065333968913,68.88121371742156,completed,False,not_required,not_required,False,2026-09-02T03:27:07Z
600657,信达地产,32.93861032890817,40.963470486053616,47.93975842582132,45.2572861422701,completed,False,not_required,not_required,False,2026-09-02T03:27:07Z
600658,电子城,29.826311283581504,43.86684810382677,36.759562453262554,49.24862119497822,completed,False,not_required,not_required,False,2026-09-02T03:27:07Z
600660,福耀玻璃,51.0846336209238,46.556894749272374,47.38489530560108,61.13343058995323,completed,False,not_required,not_required,False,2026-09-02T03:27:07Z
600661,昂立教育,72.44783992907321,49.37232342561669,66.84699624912898,59.35977933302413,completed,False,not_required,not_required,False,2026-09-02T03:27:07Z
600662,外服控股,45.21451131721103,35.39577756099895,39.70341436185994,68.77903321568837,completed,False,not_required,not_required,False,2026-09-02T03:27:07Z
600663,陆家嘴,82.28112446542033,66.03966270639829,62.68932009064778,66.80644176079949,completed,True,completed_or_best_effort,completed,True,2026-09-02T03:27:07Z
600664,哈药股份,65.68615513758729,58.0033105111435,54.39696546048041,65.35743184293548,completed,False,not_required,not_required,False,2026-09-02T03:27:07Z
600665,天地源,0.0,14.128093046503864,5.593018576115778,31.46873355018886,completed,False,not_required,not_required,False,2026-09-02T03:27:07Z
600666,奥瑞德,23.40265228942104,39.289885760133856,23.263765291077803,58.73130977519636,completed,False,not_required,not_required,False,2026-09-02T03:27:07Z
600667,太极实业,42.97733584118683,40.94320381851112,39.020779922206614,58.04906321044223,completed,False,not_required,not_required,False,2026-09-02T03:27:07Z
600668,尖峰集团,11.435889523621867,37.101605802769825,29.16943497841907,36.42183177548637,completed,False,not_required,not_required,False,2026-09-02T03:27:07Z
600671,天目药业,48.445641672076164,47.496033593115534,36.04645176166528,65.68128119713943,completed,False,not_required,not_required,False,2026-09-02T03:27:07Z
600673,东阳光,59.5608529787959,50.453583579509406,40.38834794326544,77.0016632223624,completed,False,not_required,not_required,False,2026-09-02T03:27:07Z
600674,川投能源,49.5604767840293,51.99905818089461,49.910285018002625,65.30246814176999,completed,False,not_required,not_required,False,2026-09-02T03:27:07Z
600675,中华企业,14.687304934098073,21.46469614162596,13.504999268811625,44.12472852679115,completed,False,not_required,not_required,False,2026-09-02T03:27:07Z
600676,久事动娱,65.28687770325517,57.77194739302506,79.61955910748037,69.11567154236197,completed,True,completed_or_best_effort,completed,False,2026-09-02T03:27:07Z
600678,ST金顶,51.99072545986406,44.88100288406405,45.97717682753154,51.473811034354085,completed,False,not_required,not_required,False,2026-09-02T03:27:07Z
600679,上海凤凰,63.547600374970806,53.25929327100951,55.98390291198635,78.45182712724582,completed,False,not_required,not_required,False,2026-09-02T03:27:07Z
600681,百川能源,43.03024708785002,39.65342601757432,42.61764702806876,43.04277823685301,completed,False,not_required,not_required,False,2026-09-02T03:27:07Z
600682,南京新百,36.51874029009948,35.888092085422755,37.29378607082122,62.376779946847016,completed,False,not_required,not_required,False,2026-09-02T03:27:07Z
600683,京投发展,40.07610746760528,39.6643654514404,26.18600862691528,64.57750487170883,completed,False,not_required,not_required,False,2026-09-02T03:27:07Z
600684,珠江股份,47.71196556886469,47.18105085206858,51.0589548254809,60.14442539232628,completed,False,not_required,not_required,False,2026-09-02T03:27:07Z
600685,中船防务,50.08996760333622,36.74129649885724,46.43606717681729,65.39475173765817,completed,False,not_required,not_required,False,2026-09-02T03:27:07Z
600686,金龙汽车,53.92424094934321,36.45718243027173,51.34536139136501,66.19577656867213,completed,False,not_required,not_required,False,2026-09-02T03:27:07Z
600688,上海石化,46.65370452869211,39.21012707455282,45.39630702214577,62.6203051158971,completed,False,not_required,not_required,False,2026-09-02T03:27:07Z
600689,上海三毛,61.173539370930754,47.58300355750077,42.27299299792598,54.262813504219174,completed,False,not_required,not_required,False,2026-09-02T03:27:07Z
600690,海尔智家,52.87152743285761,48.858632120040255,48.350030950788394,68.78814019192238,completed,False,not_required,not_required,False,2026-09-02T03:27:07Z
600691,潞化科技,55.32150151079862,48.917935597854495,60.660830564759735,50.58028322909319,completed,False,not_required,not_required,False,2026-09-02T03:27:07Z
600692,亚通股份,59.567194155440504,52.54916020486374,37.85508999379528,62.83906508285848,completed,False,not_required,not_required,False,2026-09-02T03:27:07Z
600693,东百集团,48.08532591832379,42.15154203313479,35.10442125180487,52.419219499972215,completed,False,not_required,not_required,False,2026-09-02T03:27:07Z
600694,大商股份,44.546731617523896,38.08343888249757,41.06674583888794,66.59049798093713,completed,False,not_required,not_required,False,2026-09-02T03:27:07Z
600697,欧亚集团,53.168287921454905,46.14155633219556,46.64511272641929,53.08703180716553,completed,False,not_required,not_required,False,2026-09-02T03:27:07Z
600698,湖南天雁,37.15691071879645,32.27384059025934,35.30175380379184,60.99442794579146,completed,False,not_required,not_required,False,2026-09-02T03:27:07Z
600699,均胜电子,46.95862030805081,41.69148545200047,43.87852076179253,61.379098580269684,completed,False,not_required,not_required,False,2026-09-02T03:27:07Z
600702,舍得酒业,19.580819906294956,27.93554484994973,16.98190563992486,54.56289648508202,completed,False,not_required,not_required,False,2026-09-02T03:27:07Z
600703,三安光电,11.982606290756788,33.480908198843785,18.03192185563616,10.338949123086367,completed,False,not_required,not_required,False,2026-09-02T03:27:07Z
600704,物产中大,44.70458397505651,39.11121899377929,44.22225132309119,63.483074939006784,completed,False,not_required,not_required,False,2026-09-02T03:27:07Z
600706,曲江文旅,42.68169028300688,39.80614884990121,41.0886588103216,44.11927759111989,completed,False,not_required,not_required,False,2026-09-02T03:27:07Z
600707,彩虹股份,52.221843682460225,50.23856377775567,47.158310306072345,62.186972138227304,completed,False,not_required,not_required,False,2026-09-02T03:27:07Z
600708,光明地产,19.236000854265722,31.73921815220972,32.43950846984639,42.61472711196898,completed,False,not_required,not_required,False,2026-09-02T03:27:07Z
600710,苏美达,61.254726713693785,40.650611994611864,51.60341888387514,44.169548017185136,completed,False,not_required,not_required,False,2026-09-02T03:27:07Z
600711,盛屯矿业,54.67940740397219,36.4641573421801,43.20130901415581,75.12787975541706,completed,False,not_required,not_required,False,2026-09-02T03:27:07Z
600712,南宁百货,35.15690171751486,34.061791899516166,41.97494680378818,57.08853766935351,completed,False,not_required,not_required,False,2026-09-02T03:27:07Z
600713,南京医药,42.38926970750076,41.31833848578313,42.37189047979775,67.01150243172545,completed,False,not_required,not_required,False,2026-09-02T03:27:07Z
600714,金瑞矿业,43.89373906509888,40.36632581522551,35.56746945718141,63.44481775408815,completed,False,not_required,not_required,False,2026-09-02T03:27:07Z
600715,文投控股,16.735401950105135,33.34536257554032,22.26388852645014,36.46865836956542,completed,False,not_required,not_required,False,2026-09-02T03:27:07Z
600716,凤凰股份,27.40144341793426,35.95284861884283,21.094261357227893,38.43513297926186,completed,False,not_required,not_required,False,2026-09-02T03:27:07Z
600717,天津港,60.494740240782505,52.89187809117396,68.75130047826669,82.75808003897546,completed,True,completed_or_best_effort,completed,True,2026-09-02T03:27:07Z
600718,东软集团,16.84155315881609,32.12046538930664,23.771474973778243,47.76997893441698,completed,False,not_required,not_required,False,2026-09-02T03:27:07Z
600719,大连热电,52.471331133046206,43.94660003762368,41.01033294149901,45.99027421558091,completed,False,not_required,not_required,False,2026-09-02T03:27:07Z
600720,中交设计,22.852613243512735,28.854632467888273,33.096773743235886,65.69512426245078,completed,False,not_required,not_required,False,2026-09-02T03:27:07Z
600721,百花医药,44.87289639700747,47.27184408064792,45.04190274798699,72.1103886814165,completed,False,not_required,not_required,False,2026-09-02T03:27:07Z
600722,金牛化工,70.83468893374344,53.318410162958486,59.244361118088804,72.01007491347272,completed,False,not_required,not_required,False,2026-09-02T03:27:07Z
600724,宁波富达,50.67967682525185,45.694729194353734,54.73773101257592,57.8802727713573,completed,False,not_required,not_required,False,2026-09-02T03:27:07Z
600725,云维股份,51.357290559831654,48.106159856509265,56.63430596605484,78.02527794343592,completed,False,not_required,not_required,False,2026-09-02T03:27:07Z
600726,华电能源,61.65780383089145,54.238706791140025,51.58411093173294,66.31493791706568,completed,False,not_required,not_required,False,2026-09-02T03:27:07Z
600727,鲁北化工,74.2774566875619,58.100448610508515,55.712907669972225,49.32529182175612,completed,False,not_required,not_required,False,2026-09-02T03:27:07Z
600728,佳都科技,45.0820334656905,46.52995701252462,42.03278444490692,54.00715788522745,completed,False,not_required,not_required,False,2026-09-02T03:27:07Z
600729,重百集团,48.981238744826804,40.31082967439589,48.59310735602376,70.47000296904554,completed,False,not_required,not_required,False,2026-09-02T03:27:07Z
600730,*ST高科,16.551872122224232,30.833095828117997,29.921407978422287,57.325628575359566,completed,False,not_required,not_required,False,2026-09-02T03:27:07Z
600731,湖南海利,34.980899441361245,30.71819945715953,37.03813254138044,74.64011346061476,completed,False,not_required,not_required,False,2026-09-02T03:27:07Z
600732,爱旭股份,18.63775663549614,32.65662525004037,19.684747140982793,48.51759376024333,completed,False,not_required,not_required,False,2026-09-02T03:27:07Z
600733,北汽蓝谷,50.591684835812366,51.65004414980642,49.549665964644326,54.3651843497937,completed,False,not_required,not_required,False,2026-09-02T03:27:07Z
600734,*ST实达,20.575954784035233,26.69010007233126,44.722308670172076,8.326011521196456,completed,False,not_required,not_required,False,2026-09-02T03:27:07Z
600735,ST新华锦,25.884472178348105,27.247739185680416,36.13533983334128,18.25940576342165,completed,False,not_required,not_required,False,2026-09-02T03:27:07Z
600736,苏州高新,60.49060955844365,56.494349540653744,52.53491933077154,69.98104497156275,completed,False,not_required,not_required,False,2026-09-02T03:27:07Z
600737,中粮糖业,58.01483135503599,49.23444641254569,56.40682936088533,59.25334899859185,completed,False,not_required,not_required,False,2026-09-02T03:27:07Z
600738,丽尚国潮,64.94117647352374,52.229916336552364,63.91917810376132,75.38242902559442,completed,False,not_required,not_required,False,2026-09-02T03:27:07Z
600739,辽宁成大,64.179210741655,56.371519951372996,64.37389455909201,68.85680831018053,completed,False,not_required,not_required,False,2026-09-02T03:27:07Z
600740,山西焦化,64.674890391312,53.49496605509881,75.39615217215118,54.985002276081225,completed,False,not_required,not_required,False,2026-09-02T03:27:07Z
600741,华域汽车,50.100777188660395,43.1684334828045,50.688349808748114,59.72550877719698,completed,False,not_required,not_required,False,2026-09-02T03:27:07Z
600742,富维股份,44.70095130267177,40.27394495629673,51.27351347580099,61.050298724574226,completed,False,not_required,not_required,False,2026-09-02T03:27:07Z
600743,华远控股,15.705948067736674,19.831428834994128,12.683359318533999,42.80653658900546,completed,False,not_required,not_required,False,2026-09-02T03:27:07Z
600744,华银电力,28.785522746901954,29.07785428431075,21.945027203880443,41.02563452913575,completed,False,not_required,not_required,False,2026-09-02T03:27:07Z
600745,*ST闻泰,7.830063767415691,28.70636759333221,23.959495742600332,26.093425675682127,completed,False,not_required,not_required,False,2026-09-02T03:27:07Z
600746,江苏索普,76.99972572748229,63.56686939327085,65.85343660776508,60.849623538537834,completed,False,not_required,not_required,False,2026-09-02T03:27:07Z
600748,上实发展,42.38942667066127,38.621341671066446,43.507627696533234,45.89152122546074,completed,False,not_required,not_required,False,2026-09-02T03:27:07Z
600749,西藏旅游,54.16665992025113,53.622653259452676,51.70032735465837,57.88120567128312,completed,False,not_required,not_required,False,2026-09-02T03:27:07Z
600750,华润江中,51.60376782508127,44.54692289120194,48.002674447781175,75.60148135439665,completed,False,not_required,not_required,False,2026-09-02T03:27:07Z
600751,海航科技,42.98161626768378,43.49316121273813,47.6412954400933,63.843468347473106,completed,False,not_required,not_required,False,2026-09-02T03:27:07Z
600753,ST海钦,29.42504213688604,18.470438802621604,26.49354119452008,16.17256764141685,completed,False,not_required,not_required,False,2026-09-02T03:27:07Z
600754,锦江酒店,54.46118485017034,45.121760498194696,52.09394949919628,75.283228351785,completed,False,not_required,not_required,False,2026-09-02T03:27:07Z
600755,厦门国贸,55.735605175731834,48.159478310031474,44.679886920024124,61.08902041087938,completed,False,not_required,not_required,False,2026-09-02T03:27:07Z
600756,浪潮软件,35.5120577485778,38.76028321975264,47.242696504670604,54.918863161674864,completed,False,not_required,not_required,False,2026-09-02T03:27:07Z
600757,长江传媒,35.696223141313624,36.139830921938504,40.72693157001722,59.24973004147886,completed,False,not_required,not_required,False,2026-09-02T03:27:07Z
600758,辽宁能源,23.280124036982528,29.21217822500083,27.900743897221478,35.77534188420918,completed,False,not_required,not_required,False,2026-09-02T03:27:07Z
600759,ST洲际,68.19780917372798,56.08899237325838,67.014789367631,39.261079627036395,completed,False,not_required,not_required,False,2026-09-02T03:27:07Z
600760,中航沈飞,31.4570518481538,41.50448824423144,29.443687709360827,66.55772238712623,completed,False,not_required,not_required,False,2026-09-02T03:27:07Z
600761,安徽合力,48.11538431668805,38.23825735831455,43.115637720923296,67.54418112396988,completed,False,not_required,not_required,False,2026-09-02T03:27:07Z
600763,通策医疗,67.62092331101312,53.4873925128264,60.229561779874416,73.54461057281354,completed,False,not_required,not_required,False,2026-09-02T03:27:07Z
600764,中国海防,17.795744977890603,28.095931822970858,21.409923217133766,47.43363222719668,completed,False,not_required,not_required,False,2026-09-02T03:27:07Z
600765,中航重机,36.913818603298694,38.447364036862155,38.108654974775405,71.75799459733079,completed,False,not_required,not_required,False,2026-09-02T03:27:07Z
600768,富邦新材,63.96001596076462,46.18927525141295,49.14921277117373,63.45580554784932,completed,False,not_required,not_required,False,2026-09-02T03:27:07Z
600769,祥龙电业,43.70032004617153,42.93682154211594,34.468326938552515,53.633340181583655,completed,False,not_required,not_required,False,2026-09-02T03:27:07Z
600770,综艺股份,53.423982721705656,42.29913785942975,42.29768343903595,55.920992592798704,completed,False,not_required,not_required,False,2026-09-02T03:27:07Z
600771,广誉远,53.15318755317645,39.24834686550233,46.26650305266075,71.6927166852996,completed,False,not_required,not_required,False,2026-09-02T03:27:07Z
600773,西藏城投,51.62234187323888,54.498381130920926,54.825491475204416,52.602270387228096,completed,False,not_required,not_required,False,2026-09-02T03:27:07Z
600774,汉商集团,54.64966045175713,45.43302866185148,63.27929715811622,38.64800373914636,completed,False,not_required,not_required,False,2026-09-02T03:27:07Z
600775,南京熊猫,35.07701160652508,26.043134208944863,33.48765132487867,51.67706918450079,completed,False,not_required,not_required,False,2026-09-02T03:27:07Z
600776,东方通信,45.66417279690668,35.23130346586,41.034146249111835,58.95383059297735,completed,False,not_required,not_required,False,2026-09-02T03:27:07Z
600777,新潮能源,44.986798312147904,45.015274349361725,44.79264845509631,19.19198214587623,completed,False,not_required,not_required,False,2026-09-02T03:27:07Z
600778,友好集团,50.05478575072671,42.0389070404454,40.376373277407005,52.895228129254875,completed,False,not_required,not_required,False,2026-09-02T03:27:07Z
600779,水井坊,15.13830141768749,19.982879740667947,23.873052675974407,43.02506433717289,completed,False,not_required,not_required,False,2026-09-02T03:27:07Z
600780,通宝能源,62.186589647900306,51.005150023234066,63.126316545388015,61.32807059819647,completed,False,not_required,not_required,False,2026-09-02T03:27:07Z
600782,新钢股份,47.92327470963189,45.76760926027514,47.70007594754996,44.81907469970943,completed,False,not_required,not_required,False,2026-09-02T03:27:07Z
600783,鲁信创投,49.530381552703034,43.71508784089629,37.22224099132811,31.85932627517152,completed,False,not_required,not_required,False,2026-09-02T03:27:07Z
600784,鲁银投资,55.35118099741185,45.762168347666524,48.18921478512002,70.1002688560519,completed,False,not_required,not_required,False,2026-09-02T03:27:07Z
600785,新华百货,48.04467835064074,39.64765093601099,41.58396182889339,67.42440004552974,completed,False,not_required,not_required,False,2026-09-02T03:27:07Z
600787,中储股份,33.490263008118724,29.068796435236727,35.827127826526656,54.93450652102936,completed,False,not_required,not_required,False,2026-09-02T03:27:07Z
600789,鲁抗医药,66.71753787757288,61.38211559062383,57.79022753572036,70.76023345279513,completed,False,not_required,not_required,False,2026-09-02T03:27:07Z
600790,轻纺城,30.312328483653594,29.15360583036409,24.036710559121346,60.74144587537934,completed,False,not_required,not_required,False,2026-09-02T03:27:07Z
600791,京能置业,30.2562648043572,32.26596614487747,39.53233194499565,47.124675138559006,completed,False,not_required,not_required,False,2026-09-02T03:27:07Z
600792,云煤能源,22.230215681838303,29.39670045249238,24.923748068808194,36.415917208714454,completed,False,not_required,not_required,False,2026-09-02T03:27:07Z
600793,宜宾纸业,15.48236200780456,32.72617816236473,11.45022349603372,36.41412129774667,completed,False,not_required,not_required,False,2026-09-02T03:27:07Z
600794,保税科技,65.5780440745007,52.599908326759085,58.20146534784645,50.815942616685646,completed,False,not_required,not_required,False,2026-09-02T03:27:07Z
600795,国电电力,54.86692159914557,47.1674950226649,48.52472214028052,59.333493009305236,completed,False,not_required,not_required,False,2026-09-02T03:27:07Z
600796,钱江生化,42.40476115185542,46.39636797702223,40.24253350157368,46.120759935098256,completed,False,not_required,not_required,False,2026-09-02T03:27:07Z
600797,浙大网新,19.945247491602665,23.928072587796063,30.422647398671927,43.57100917171934,completed,False,not_required,not_required,False,2026-09-02T03:27:07Z
600798,宁波海运,22.629589349640845,24.53659871707952,23.437321207421355,51.05946667930933,completed,False,not_required,not_required,False,2026-09-02T03:27:07Z
600800,渤海化学,32.36278466147025,39.35093320405015,37.42487504075601,54.399289460152964,completed,False,not_required,not_required,False,2026-09-02T03:27:07Z
600801,华新建材,59.32438757400422,44.73406175126624,53.44826232629946,69.65892565440234,completed,False,not_required,not_required,False,2026-09-02T03:27:07Z
600802,福建水泥,17.763843073726367,23.853222930671254,18.357613259037347,34.94464996674344,completed,False,not_required,not_required,False,2026-09-02T03:27:07Z
600803,新奥股份,59.17480346750471,46.99585573857179,52.320566903473576,77.11294112805693,completed,False,not_required,not_required,False,2026-09-02T03:27:07Z
600805,悦达投资,68.98506248332355,59.00794817704411,72.95087499345728,68.9023092729893,completed,False,not_required,not_required,False,2026-09-02T03:27:07Z
600807,济高发展,24.834253368179596,32.75599972087977,14.801998960842138,42.20349414216076,completed,False,not_required,not_required,False,2026-09-02T03:27:07Z
600808,马钢股份,18.88826279278715,28.65930632984216,18.55478965642362,44.643310924359625,completed,False,not_required,not_required,False,2026-09-02T03:27:07Z
600809,山西汾酒,40.38301189188902,37.30329172073866,37.73504736164309,52.5840948099941,completed,False,not_required,not_required,False,2026-09-02T03:27:07Z
600810,神马股份,69.53818940137609,58.72844516276502,77.32174059493997,80.95809712822698,completed,True,completed_or_best_effort,completed,False,2026-09-02T03:27:07Z
600812,华北制药,35.70562180647517,42.012400567869754,33.550340180268215,56.08582813354934,completed,False,not_required,not_required,False,2026-09-02T03:27:07Z
600814,杭州解百,47.21044316217542,41.98871955165987,47.88325636745399,60.12377855458415,completed,False,not_required,not_required,False,2026-09-02T03:27:07Z
600815,厦工股份,22.312280852233116,31.906745535206493,29.379154768093812,39.68751171320303,completed,False,not_required,not_required,False,2026-09-02T03:27:07Z
600816,建元信托,44.06527900681244,40.990030472047444,35.5273646561601,52.46832606571081,completed,False,not_required,not_required,False,2026-09-02T03:27:07Z
600817,宇通重工,53.60152949118324,44.915152900811584,58.09795789233745,79.73218382656621,completed,False,not_required,not_required,False,2026-09-02T03:27:07Z
600818,ST中路,35.87880529456073,40.96672764024714,57.18218864955406,12.341138609178985,completed,False,not_required,not_required,False,2026-09-02T03:27:07Z
600819,耀皮玻璃,40.071022487735036,40.901062823206566,36.30217741370749,49.98991596705218,completed,False,not_required,not_required,False,2026-09-02T03:27:07Z
600820,隧道股份,35.51953134292074,40.12841015976075,35.51113216921878,55.73678699759222,completed,False,not_required,not_required,False,2026-09-02T03:27:07Z
600821,金开新能,39.31207451036454,40.35007413820303,36.64215480083118,67.42319915709321,completed,False,not_required,not_required,False,2026-09-02T03:27:07Z
600822,上海物贸,45.19458885652492,42.052171740199796,45.75749173637105,60.031794469576425,completed,False,not_required,not_required,False,2026-09-02T03:27:07Z
600824,益民集团,19.296066692535504,33.24957283778845,29.957556539909675,49.58054319155203,completed,False,not_required,not_required,False,2026-09-02T03:27:07Z
600825,新华传媒,48.50169351615635,44.50552572936439,43.897101048014434,58.78605807785896,completed,False,not_required,not_required,False,2026-09-02T03:27:07Z
600826,兰生股份,21.000376635650557,24.204263357031145,30.435582678468542,56.09870952035912,completed,False,not_required,not_required,False,2026-09-02T03:27:07Z
600827,百联股份,43.47853734373868,37.76026978024811,39.28923611656529,66.8557118097979,completed,False,not_required,not_required,False,2026-09-02T03:27:07Z
600828,茂业商业,6.369087090892307,20.563733415996353,11.99505837243074,35.32552005941686,completed,False,not_required,not_required,False,2026-09-02T03:27:07Z
600829,人民同泰,43.43615062542937,40.675349629248466,42.330215551662064,38.84989657215351,completed,False,not_required,not_required,False,2026-09-02T03:27:07Z
600830,香溢融通,52.58824753853815,44.50713009220791,44.34056762813206,50.72656834107979,completed,False,not_required,not_required,False,2026-09-02T03:27:07Z
600831,广电网络,16.143291672632486,32.946778981410844,17.978498930094624,35.40431290726036,completed,False,not_required,not_required,False,2026-09-02T03:27:07Z
600833,第一医药,38.36245763661953,31.68022843590442,30.108215529348932,52.79804598175693,completed,False,not_required,not_required,False,2026-09-02T03:27:07Z
600834,申通地铁,63.02936517498592,55.01932035410712,52.677784605555075,58.88213463174279,completed,False,not_required,not_required,False,2026-09-02T03:27:07Z
600835,上海机电,45.44623152418697,41.70674853638129,44.48038589994126,75.56127398507202,completed,False,not_required,not_required,False,2026-09-02T03:27:07Z
600838,上海九百,40.780167151374755,39.114845040654444,44.791152288515065,55.242782597249224,completed,False,not_required,not_required,False,2026-09-02T03:27:07Z
600839,四川长虹,59.01175692434239,47.0879745234525,48.974348839112864,53.806609575535376,completed,False,not_required,not_required,False,2026-09-02T03:27:07Z
600841,动力新科,71.70223553385823,54.81681803043637,81.39244292671862,62.81597882183061,completed,True,completed_or_best_effort,completed,False,2026-09-02T03:27:07Z
600843,上工申贝,35.03331089713315,32.17851692892553,31.132347494621236,56.48674037582735,completed,False,not_required,not_required,False,2026-09-02T03:27:07Z
600844,金煤科技,74.72808556631242,56.44958863645174,69.13476949085319,58.390482687849584,completed,False,not_required,not_required,False,2026-09-02T03:27:07Z
600845,宝信软件,61.40300888649056,50.7199569010076,41.78043763537817,65.01873182951178,completed,False,not_required,not_required,False,2026-09-02T03:27:07Z
600846,同济科技,51.107590831684696,53.25548315863551,37.73914381664901,63.449934065533,completed,False,not_required,not_required,False,2026-09-02T03:27:07Z
600847,万里股份,23.561771413802138,30.1038694599627,28.164038178449477,52.612796781252484,completed,False,not_required,not_required,False,2026-09-02T03:27:07Z
600848,上海临港,52.79583037077099,48.340199475066164,43.81565241351052,52.79505092307242,completed,False,not_required,not_required,False,2026-09-02T03:27:07Z
600850,电科数字,36.79363110013477,41.177556067735985,30.583029391345953,16.511140477089466,completed,False,not_required,not_required,False,2026-09-02T03:27:07Z
600851,海欣股份,58.018638214876525,57.59406155180991,55.884729585751124,45.73486927674508,completed,False,not_required,not_required,False,2026-09-02T03:27:07Z
600853,龙建股份,33.8987059607504,45.74804757872296,43.609973546436684,71.07694473685926,completed,False,not_required,not_required,False,2026-09-02T03:27:07Z
600854,春兰股份,47.05336673884052,43.13353722113342,37.48181026525257,43.264269544732706,completed,False,not_required,not_required,False,2026-09-02T03:27:07Z
600855,航天长峰,25.274527311007276,31.681100754018114,30.243725887430806,49.481588854701705,completed,False,not_required,not_required,False,2026-09-02T03:27:07Z
600857,宁波中百,20.58652893261845,29.332585433861922,27.75245593675308,46.90204488037731,completed,False,not_required,not_required,False,2026-09-02T03:27:07Z
600858,银座股份,40.96344003026787,33.555968055915194,36.478889526489425,61.28596137288106,completed,False,not_required,not_required,False,2026-09-02T03:27:07Z
600859,王府井,39.12158254932421,41.23230560754032,36.32814768965512,74.4198898021383,completed,False,not_required,not_required,False,2026-09-02T03:27:07Z
600860,京城股份,19.91450737227139,27.720801394167434,20.166917754111342,40.582240787221416,completed,False,not_required,not_required,False,2026-09-02T03:27:07Z
600861,北京人力,38.35080648646582,33.72453014369558,43.550459452504064,47.60416268842858,completed,False,not_required,not_required,False,2026-09-02T03:27:07Z
600862,中航高科,46.62947121990666,46.14944216599592,42.75452753503968,68.50664063735599,completed,False,not_required,not_required,False,2026-09-02T03:27:07Z
600863,华能蒙电,45.03828860932879,41.51826285408012,45.26772772962834,52.21830794921618,completed,False,not_required,not_required,False,2026-09-02T03:27:07Z
600864,哈投股份,55.27370353786451,47.279045945332584,46.18693411670838,51.00812691630152,completed,False,not_required,not_required,False,2026-09-02T03:27:07Z
600865,百大集团,22.473473818574806,21.93504992771836,25.9663750777261,42.61304624665661,completed,False,not_required,not_required,False,2026-09-02T03:27:07Z
600866,星湖科技,32.27517091382965,40.581279323710035,29.716423294735524,41.21383773076211,completed,False,not_required,not_required,False,2026-09-02T03:27:07Z
600867,通化东宝,61.06843656845413,56.354167387013334,61.18767234702237,74.2509660973763,completed,False,not_required,not_required,False,2026-09-02T03:27:07Z
600868,梅雁吉祥,49.96058453962283,52.95463578045593,62.028873547959684,63.54212700543497,completed,False,not_required,not_required,False,2026-09-02T03:27:07Z
600869,远东股份,46.30249918681156,42.28988193827767,36.4845310562623,55.578308812359886,completed,False,not_required,not_required,False,2026-09-02T03:27:07Z
600871,石化油服,55.58764924469988,49.05648835469751,47.14172146221188,64.64068887029961,completed,False,not_required,not_required,False,2026-09-02T03:27:07Z
600872,中炬高新,70.00409519737651,51.51922489036917,60.905056251971125,83.35890052291232,completed,True,completed_or_best_effort,completed,True,2026-09-02T03:27:07Z
600873,梅花生物,46.41079983718521,44.04281006146667,41.65658696945682,66.44391748071178,completed,False,not_required,not_required,False,2026-09-02T03:27:07Z
600874,创业环保,53.437869658466795,48.216788358229785,55.79300823812925,47.83527138576673,completed,False,not_required,not_required,False,2026-09-02T03:27:07Z
600875,东方电气,46.87341820359692,41.436356399234114,42.95750850661231,46.189772723267474,completed,False,not_required,not_required,False,2026-09-02T03:27:07Z
600876,凯盛新能,19.91657238306373,30.66001116382056,25.934885469076775,38.53914696823177,completed,False,not_required,not_required,False,2026-09-02T03:27:07Z
600877,电科芯片,22.056155186982856,33.35108638368685,24.66824471581429,51.555471682351936,completed,False,not_required,not_required,False,2026-09-02T03:27:07Z
600879,航天电子,16.02623710658274,31.99112963370431,19.922090620640542,53.809276254012794,completed,False,not_required,not_required,False,2026-09-02T03:27:07Z
600880,博瑞传播,28.303555911811344,29.147586425019806,23.350968041074772,57.12364520497089,completed,False,not_required,not_required,False,2026-09-02T03:27:07Z
600881,亚泰集团,21.9386287918947,33.02054095215361,34.501649533349635,42.25200085638959,completed,False,not_required,not_required,False,2026-09-02T03:27:07Z
600882,妙可蓝多,63.35242242707682,45.43910520840809,51.06808150199584,71.1688661292605,completed,False,not_required,not_required,False,2026-09-02T03:27:07Z
600883,博闻科技,24.589824500025152,28.330778954158,29.99229779656251,48.43798978691493,completed,False,not_required,not_required,False,2026-09-02T03:27:07Z
600884,杉杉股份,61.98045288960448,46.101403239621554,48.11451012143607,77.91838655539496,completed,False,not_required,not_required,False,2026-09-02T03:27:07Z
600885,宏发股份,56.3872380778967,46.88859565264849,43.76012079756067,64.11999715317795,completed,False,not_required,not_required,False,2026-09-02T03:27:07Z
600886,国投电力,46.0394050586083,40.99442804580918,44.736262435869335,59.264415151101936,completed,False,not_required,not_required,False,2026-09-02T03:27:07Z
600887,伊利股份,46.061238905841606,35.34563352874165,38.575848732917436,55.28556274246479,completed,False,not_required,not_required,False,2026-09-02T03:27:07Z
600888,新疆众和,64.94761147584587,58.00512621642664,57.715694748751275,59.48702526632904,completed,False,not_required,not_required,False,2026-09-02T03:27:07Z
600889,*ST京化,56.82610105068666,49.32066647158814,70.19983622191168,34.70317843151078,completed,False,not_required,not_required,False,2026-09-02T03:27:07Z
600892,大晟文化,45.28845775778758,42.54643551334897,43.63317046085987,11.261004219298872,completed,False,not_required,not_required,False,2026-09-02T03:27:07Z
600893,航发动力,49.20602954507918,51.64359964778134,34.51185110244476,35.255393754235754,completed,False,not_required,not_required,False,2026-09-02T03:27:07Z
600894,广日股份,31.718837240507046,29.625349907366317,38.54503316476075,68.79014019080434,completed,False,not_required,not_required,False,2026-09-02T03:27:07Z
600895,张江高科,55.51068152769544,52.5597905432067,35.3485736604393,39.622384662056646,completed,False,not_required,not_required,False,2026-09-02T03:27:07Z
600897,厦门空港,47.0309560094151,45.79627377959423,50.55064613950412,60.98637935301085,completed,False,not_required,not_required,False,2026-09-02T03:27:07Z
600900,长江电力,55.08260603148695,45.67226773093987,50.23751080870592,71.51578242549537,completed,False,not_required,not_required,False,2026-09-02T03:27:07Z
600901,江苏金租,44.58930779447226,32.95096042732289,35.24756107752479,54.54379349927983,completed,False,not_required,not_required,False,2026-09-02T03:27:07Z
600903,贵州燃气,41.00714782483319,39.18388610196928,32.178346496511665,71.59165086027338,completed,False,not_required,not_required,False,2026-09-02T03:27:07Z
600905,三峡能源,34.299669171700685,36.17875665730746,34.45083485178683,60.262393999786646,completed,False,not_required,not_required,False,2026-09-02T03:27:07Z
600906,财达证券,63.19912411790377,46.93302243601409,44.62756477835624,49.53451424401231,completed,False,not_required,not_required,False,2026-09-02T03:27:07Z
600908,无锡银行,48.73943095947274,37.14243836097188,44.01798849086569,38.66766258293068,completed,False,not_required,not_required,False,2026-09-02T03:27:07Z
600909,华安证券,76.60242801183928,54.75309490880609,55.51724938930099,79.49385039597551,completed,False,not_required,not_required,False,2026-09-02T03:27:07Z
600916,中国黄金,26.808743613898965,27.464133625851986,31.33457294791028,61.2031914696207,completed,False,not_required,not_required,False,2026-09-02T03:27:07Z
600917,重庆燃气,45.48153536816753,37.39921955381939,44.61330998225538,51.49145807428914,completed,False,not_required,not_required,False,2026-09-02T03:27:07Z
600918,中泰证券,69.21601400075237,51.521249173790586,52.954952471387045,66.03412356946777,completed,False,not_required,not_required,False,2026-09-02T03:27:07Z
600919,江苏银行,52.219344134967095,41.18991327206509,46.21448812104056,51.538672546059416,completed,False,not_required,not_required,False,2026-09-02T03:27:07Z
600925,苏能股份,54.883960556407516,43.0834091811316,36.979173945920124,50.0000100882421,completed,False,not_required,not_required,False,2026-09-02T03:27:07Z
600926,杭州银行,37.66431927644697,37.072959839870464,36.10734866053657,41.610595807461316,completed,False,not_required,not_required,False,2026-09-02T03:27:07Z
600927,永安期货,19.256725245396463,22.138305892791614,20.180107264284874,60.570371731773946,completed,False,not_required,not_required,False,2026-09-02T03:27:07Z
600928,西安银行,40.261391646344514,27.82857205148811,42.84658813872545,50.62327940141471,completed,False,not_required,not_required,False,2026-09-02T03:27:07Z
600929,雪天盐业,56.376384774623325,47.70655256068944,53.670390198036955,73.28481317629696,completed,False,not_required,not_required,False,2026-09-02T03:27:07Z
600930,华电新能,41.214796356691174,37.890887467655595,37.87306926646477,52.13652544345459,completed,False,not_required,not_required,False,2026-09-02T03:27:07Z
600933,爱柯迪,52.671656296687296,47.52622001175581,44.0570594221046,75.62021880091757,completed,False,not_required,not_required,False,2026-09-02T03:27:07Z
600935,华塑股份,36.09327056375116,34.7709981881788,42.74088196105182,32.72938411245193,completed,False,not_required,not_required,False,2026-09-02T03:27:07Z
600936,北投科技,47.952977511873165,44.77310463529044,57.66697827890267,65.6478822780112,completed,False,not_required,not_required,False,2026-09-02T03:27:07Z
600938,中国海油,70.26476592975361,54.03406834940338,60.867868225494824,72.18786223743211,completed,False,not_required,not_required,False,2026-09-02T03:27:07Z
600939,重庆建工,26.083869394890634,37.07151383222691,38.596061247309315,65.68975328433065,completed,False,not_required,not_required,False,2026-09-02T03:27:07Z
600941,中国移动,49.834657431588184,42.740940599193436,49.74398090876464,55.459696740278055,completed,False,not_required,not_required,False,2026-09-02T03:27:07Z
600955,维远股份,30.70652656406702,33.43242113994433,29.028460139593932,45.36090529510266,completed,False,not_required,not_required,False,2026-09-02T03:27:07Z
600956,新天绿能,58.721079930021304,56.4080957380203,58.80607149676052,74.80272697563304,completed,False,not_required,not_required,False,2026-09-02T03:27:07Z
600958,东方证券,62.20159665671581,43.67583999901358,47.08219175782091,55.202739705848415,completed,False,not_required,not_required,False,2026-09-02T03:27:07Z
600959,江苏有线,27.893301181435703,35.73550136504755,27.999092521237003,63.28232550670242,completed,False,not_required,not_required,False,2026-09-02T03:27:07Z
600960,渤海汽车,28.19108380244696,42.233627192186326,34.15938409728651,53.53172922698429,completed,False,not_required,not_required,False,2026-09-02T03:27:07Z
600961,株冶集团,66.91301502714234,40.48774951849092,57.49270343710074,59.11213046335223,completed,False,not_required,not_required,False,2026-09-02T03:27:07Z
600962,国投中鲁,49.762569117479956,48.77827105624722,37.68384503552354,71.78772381950465,completed,False,not_required,not_required,False,2026-09-02T03:27:07Z
600963,岳阳林纸,1.5106029902700193,19.67562696270751,7.670025776676889,35.607819153073564,completed,False,not_required,not_required,False,2026-09-02T03:27:07Z
600965,*ST福成,14.418164196132079,25.67735718282988,15.519383965255045,10.315620839876868,completed,False,not_required,not_required,False,2026-09-02T03:27:07Z
600966,博汇纸业,47.45969209964479,38.61588549913908,42.54737824800266,58.61516108764376,completed,False,not_required,not_required,False,2026-09-02T03:27:07Z
600967,内蒙一机,24.863635120801995,31.01764095553859,27.171514255475074,48.16436322093031,completed,False,not_required,not_required,False,2026-09-02T03:27:07Z
600968,海油发展,46.07161152698125,43.91854564694189,46.75473527839394,50.424317868257624,completed,False,not_required,not_required,False,2026-09-02T03:27:07Z
600969,郴电国际,63.76243308375563,50.68712373901635,60.31633334705517,60.19829244112497,completed,False,not_required,not_required,False,2026-09-02T03:27:07Z
600970,中材国际,44.6521966187931,42.67737204729037,43.348116137807736,68.18320329907266,completed,False,not_required,not_required,False,2026-09-02T03:27:07Z
600971,恒源煤电,80.88940649485491,62.74642119904487,80.87215608642,71.43964055277404,completed,True,completed_or_best_effort,completed,False,2026-09-02T03:27:07Z
600973,宝胜股份,47.15129184779276,39.43945358667335,36.84043074422755,50.527916844704684,completed,False,not_required,not_required,False,2026-09-02T03:27:07Z
600975,新五丰,15.540721591483635,28.781576404763424,18.431778695826537,27.463017213026454,completed,False,not_required,not_required,False,2026-09-02T03:27:07Z
600976,健民集团,46.124520576778885,43.11290644391539,52.43640668171795,54.5229476802166,completed,False,not_required,not_required,False,2026-09-02T03:27:07Z
600977,中国电影,29.552505962332148,35.84496446605311,29.8227288642246,51.888081423893254,completed,False,not_required,not_required,False,2026-09-02T03:27:07Z
600979,广安爱众,52.820423712955446,49.609587980309556,45.42528710549169,69.96806830003943,completed,False,not_required,not_required,False,2026-09-02T03:27:07Z
600980,北矿科技,62.897348811321784,53.87580861652326,49.20302183989469,71.05890935148282,completed,False,not_required,not_required,False,2026-09-02T03:27:07Z
600981,苏豪汇鸿,21.90414931538085,22.128277626601985,23.640426422725163,47.849879301437355,completed,False,not_required,not_required,False,2026-09-02T03:27:07Z
600982,宁波能源,52.72704735242678,45.88856583095376,49.83549864907344,72.58267540805475,completed,False,not_required,not_required,False,2026-09-02T03:27:07Z
600983,惠而浦,48.2167603195224,48.124170478188056,45.19818072095626,55.80423080838597,completed,False,not_required,not_required,False,2026-09-02T03:27:07Z
600984,建设机械,22.38359976013814,33.10939825046124,30.505595767548684,34.81652659737333,completed,False,not_required,not_required,False,2026-09-02T03:27:07Z
600985,淮北矿业,70.48142248137022,58.09350116935597,63.68546280157429,59.82843747639599,completed,False,not_required,not_required,False,2026-09-02T03:27:07Z
600986,浙文互联,22.143287322222264,34.816207635857396,16.433055728419422,35.35489679196973,completed,False,not_required,not_required,False,2026-09-02T03:27:07Z
600987,航民股份,47.21000605550535,40.72709793570681,47.91733937766876,66.26386313858339,completed,False,not_required,not_required,False,2026-09-02T03:27:07Z
600988,赤峰黄金,59.44343418443642,45.41273111616708,51.11673246569619,80.01346793146836,completed,False,not_required,not_required,False,2026-09-02T03:27:07Z
600989,宝丰能源,77.79497671284055,58.317383020779126,64.1410942452064,73.4325956490886,completed,False,not_required,not_required,False,2026-09-02T03:27:07Z
600990,四创电子,19.22710088952659,34.514627088661825,18.22811694157402,59.476060574290386,completed,False,not_required,not_required,False,2026-09-02T03:27:07Z
600992,贵绳股份,15.769191004537173,26.647625047141364,18.171789241686323,40.123772826483325,completed,False,not_required,not_required,False,2026-09-02T03:27:07Z
600993,马应龙,53.1520093865885,45.03752292124382,50.60832749621969,63.65412666419361,completed,False,not_required,not_required,False,2026-09-02T03:27:07Z
600995,南网储能,66.91060841951092,53.79707603147706,55.555055159219435,65.61495106496469,completed,False,not_required,not_required,False,2026-09-02T03:27:07Z
600996,贵广网络,18.37395313253476,33.25344361594847,28.84995992469745,37.75612566764625,completed,False,not_required,not_required,False,2026-09-02T03:27:07Z
600997,开滦股份,20.19223795611287,28.594302071943154,18.78007297831893,29.64550235260574,completed,False,not_required,not_required,False,2026-09-02T03:27:07Z
600998,九州通,44.56970761760776,48.0420925217767,42.97291603045361,60.70892434938023,completed,False,not_required,not_required,False,2026-09-02T03:27:07Z
600999,招商证券,72.96181291941372,50.15065080638125,54.179798486973525,57.30016186156135,completed,False,not_required,not_required,False,2026-09-02T03:27:07Z
601000,唐山港,57.36900317118357,43.209092196539714,60.792432332484346,63.2517747058575,completed,False,not_required,not_required,False,2026-09-02T03:27:07Z
601001,晋控煤业,49.667421794477306,37.37800176738604,54.373831552575844,60.31202109265605,completed,False,not_required,not_required,False,2026-09-02T03:27:07Z
601002,晋亿实业,69.49584352833185,57.095529107353116,64.98242525056519,77.7726409934568,completed,True,completed_or_best_effort,completed,True,2026-09-02T03:27:07Z
601003,柳钢股份,48.495035028338066,42.815647219040684,48.291310788597855,64.61047791975312,completed,False,not_required,not_required,False,2026-09-02T03:27:07Z
601005,重庆钢铁,48.0650623242352,49.759201179131914,59.361364106289564,52.267984082097364,completed,False,not_required,not_required,False,2026-09-02T03:27:07Z
601006,大秦铁路,58.614124038785256,48.81724639107393,60.38706438761993,76.14303475917454,completed,False,not_required,not_required,False,2026-09-02T03:27:07Z
601007,金陵饭店,50.748533248379424,42.178777990943814,47.17941103081339,47.1357016072468,completed,False,not_required,not_required,False,2026-09-02T03:27:07Z
601008,连云港,61.27368757968495,48.9779981015528,55.87749825309606,60.98366284183536,completed,False,not_required,not_required,False,2026-09-02T03:27:07Z
601009,南京银行,50.129168383221646,38.126643081344326,46.305811596442155,51.400725587529784,completed,False,not_required,not_required,False,2026-09-02T03:27:07Z
601010,ST文峰,21.426649973507953,26.488810425739565,28.20148343900081,65.09709073022272,completed,False,not_required,not_required,False,2026-09-02T03:27:07Z
601011,宝泰隆,0.577349510684444,18.514608195626884,8.372422189916367,41.20995552193119,completed,False,not_required,not_required,False,2026-09-02T03:27:07Z
601012,隆基绿能,28.83465415786781,40.358366658473706,33.403287784615756,45.837260212395655,completed,False,not_required,not_required,False,2026-09-02T03:27:07Z
601015,陕西黑猫,48.605892236391796,49.54224351034868,52.76323366953865,53.182406610583726,completed,False,not_required,not_required,False,2026-09-02T03:27:07Z
601016,节能风电,43.35843434842185,44.78804448553085,41.941196332386546,56.43860069135476,completed,False,not_required,not_required,False,2026-09-02T03:27:07Z
601018,宁波港,49.60214587706607,40.19926046704223,49.47444473236102,58.669898114190325,completed,False,not_required,not_required,False,2026-09-02T03:27:07Z
601019,山东出版,36.234257558130075,38.86501495365268,46.926990842755885,53.19055124062505,completed,False,not_required,not_required,False,2026-09-02T03:27:07Z
601020,华钰矿业,35.281107782857475,42.69740234947276,31.935777703415717,65.20864440047683,completed,False,not_required,not_required,False,2026-09-02T03:27:07Z
601021,春秋航空,49.89962136376133,42.396429390927615,35.91579971614209,72.5855972425556,completed,False,not_required,not_required,False,2026-09-02T03:27:07Z
601022,宁波远洋,60.09947843578101,45.52400095785924,53.06232975758829,61.42146307111478,completed,False,not_required,not_required,False,2026-09-02T03:27:07Z
601026,道生天合,49.12793585385357,50.18679042130477,43.271234867710945,63.21685260875958,completed,False,not_required,not_required,False,2026-09-02T03:27:07Z
601033,永兴股份,47.830859953106916,39.39193970498785,48.897927253744044,49.562338706547635,completed,False,not_required,not_required,False,2026-09-02T03:27:07Z
601038,一拖股份,62.31825421907236,47.44123000447472,48.70648454108148,42.98146416763509,completed,False,not_required,not_required,False,2026-09-02T03:27:07Z
601058,赛轮轮胎,63.83338308017245,54.99481691226181,55.414687402814835,70.21264603142414,completed,False,not_required,not_required,False,2026-09-02T03:27:07Z
601059,信达证券,47.849708089746095,35.01935946070105,29.177110604799637,74.36218982467942,completed,False,not_required,not_required,False,2026-09-02T03:27:07Z
601061,中信金属,62.46274602334139,34.415745711171404,52.40063479364686,60.99718313098135,completed,False,not_required,not_required,False,2026-09-02T03:27:07Z
601065,江盐集团,38.01273493006673,35.8793199377646,42.12042601123557,37.34256947372068,completed,False,not_required,not_required,False,2026-09-02T03:27:07Z
601066,中信建投,54.51499760673327,29.823843818504507,42.582651549548615,57.05452360388706,completed,False,not_required,not_required,False,2026-09-02T03:27:07Z
601068,中铝国际,51.27217732767685,51.84476543403428,43.495514266473926,76.78018584554404,completed,False,not_required,not_required,False,2026-09-02T03:27:07Z
601069,西部黄金,44.81440846168469,29.901014663953045,33.60204873626862,35.07495492283351,completed,False,not_required,not_required,False,2026-09-02T03:27:07Z
601077,渝农商行,49.98732956459791,43.004242624330026,45.52177809359949,50.73584556951172,completed,False,not_required,not_required,False,2026-09-02T03:27:07Z
601083,锦江航运,56.80438014681681,40.98452266932956,49.46115689242936,66.59018712810222,completed,False,not_required,not_required,False,2026-09-02T03:27:07Z
601086,国芳集团,61.313115727737724,46.79278395922351,49.07057434305167,45.48257542032591,completed,False,not_required,not_required,False,2026-09-02T03:27:07Z
601088,中国神华,64.82728938315445,50.04814652977636,55.47246073672659,66.91767293012356,completed,False,not_required,not_required,False,2026-09-02T03:27:07Z
601089,福元医药,48.49373810059447,45.873077250403654,41.73931776606462,60.796173540092425,completed,False,not_required,not_required,False,2026-09-02T03:27:07Z
601096,宏盛华源,32.49900635690231,40.731965148298485,32.362479658698284,69.07429151870159,completed,False,not_required,not_required,False,2026-09-02T03:27:07Z
601098,中南传媒,38.73837617054442,37.18951704533308,47.803389554005165,55.08280563139102,completed,False,not_required,not_required,False,2026-09-02T03:27:07Z
601099,太平洋,70.55960862417317,54.54021223205166,52.168303582478615,60.436020648031,completed,False,not_required,not_required,False,2026-09-02T03:27:07Z
601100,恒立液压,53.18650654498022,40.241695389177494,39.62370059504702,57.147922012844,completed,False,not_required,not_required,False,2026-09-02T03:27:07Z
601101,昊华能源,77.99525510698058,60.47504683785747,66.86347068542258,62.914181756515276,completed,False,not_required,not_required,False,2026-09-02T03:27:07Z
601106,中国一重,31.038509347383304,31.706252229957943,42.3775512179199,47.60676632034126,completed,False,not_required,not_required,False,2026-09-02T03:27:07Z
601107,四川成渝,54.94629416574329,43.770676748537916,50.54283493241889,51.79558257158148,completed,False,not_required,not_required,False,2026-09-02T03:27:07Z
601108,财通证券,40.33434622492164,28.794629027241534,35.3381057654601,48.455969481868664,completed,False,not_required,not_required,False,2026-09-02T03:27:07Z
601111,中国国航,9.921674027813935,22.606967250716448,11.121764992313993,41.85353805543842,completed,False,not_required,not_required,False,2026-09-02T03:27:07Z
601112,振石股份,50.68846997396721,40.582129018330356,42.128350805199794,54.86263224834117,completed,False,not_required,not_required,False,2026-09-02T03:27:07Z
601113,华鼎股份,47.619541926211376,43.010618922547046,46.24350367820647,52.427802465091865,completed,False,not_required,not_required,False,2026-09-02T03:27:07Z
601116,三江购物,35.19288371585354,34.602185735955196,37.3756287495368,43.66832901076347,completed,False,not_required,not_required,False,2026-09-02T03:27:07Z
601117,中国化学,47.64916428270503,40.8228198664702,47.67054816733703,69.56702124891876,completed,False,not_required,not_required,False,2026-09-02T03:27:07Z
601118,海南橡胶,37.1793040787177,39.236539427326164,53.25492091712067,45.13214841847354,completed,False,not_required,not_required,False,2026-09-02T03:27:07Z
601121,宝地矿业,77.82619352364314,66.05501687498612,64.96308940966243,55.88496280148186,completed,True,completed_or_best_effort,completed,False,2026-09-02T03:27:07Z
601126,四方股份,45.522324649851605,38.55909642752882,36.83143035554457,72.80153271828515,completed,False,not_required,not_required,False,2026-09-02T03:27:07Z
601127,赛力斯,16.852785787808852,20.47582150313013,27.011460657654936,65.50670004489419,completed,False,not_required,not_required,False,2026-09-02T03:27:07Z
601128,常熟银行,37.395219808865924,37.268267210328105,36.46286185486055,44.26320142846019,completed,False,not_required,not_required,False,2026-09-02T03:27:07Z
601133,柏诚股份,57.18971343034539,56.86371906872771,46.23117640989806,77.8189282010876,completed,False,not_required,not_required,False,2026-09-02T03:27:07Z
601136,首创证券,43.75785086941945,32.510256701457934,34.1536383188505,41.89316290924857,completed,False,not_required,not_required,False,2026-09-02T03:27:07Z
601137,博威合金,52.08211047978624,46.53796421695053,37.000249303303136,69.73533103138975,completed,False,not_required,not_required,False,2026-09-02T03:27:07Z
601138,工业富联,64.87045407255823,44.08622837981064,46.214187416755095,77.55349428519838,completed,False,not_required,not_required,False,2026-09-02T03:27:07Z
601139,深圳燃气,62.59283048397538,52.48169676944583,59.42933801158414,58.06293526905966,completed,False,not_required,not_required,False,2026-09-02T03:27:07Z
601155,新城控股,47.58690495192359,47.095881410206744,43.10378433342197,51.733190075317324,completed,False,not_required,not_required,False,2026-09-02T03:27:07Z
601156,东航物流,63.86628215882748,45.7402362112873,53.908215978883675,54.10152835819345,completed,False,not_required,not_required,False,2026-09-02T03:27:07Z
601158,重庆水务,54.17331367653361,54.15773837340758,52.50154327053978,67.09051671075518,completed,False,not_required,not_required,False,2026-09-02T03:27:07Z
601162,天风证券,72.1147557352473,55.62398044988958,55.40492439563519,27.982821730397962,completed,False,not_required,not_required,False,2026-09-02T03:27:07Z
601163,三角轮胎,44.358400085997204,36.689052629666136,47.82848308262449,61.71248153968738,completed,False,not_required,not_required,False,2026-09-02T03:27:07Z
601166,兴业银行,38.937341478077805,35.54745332126457,34.775394832648175,46.355275132093105,completed,False,not_required,not_required,False,2026-09-02T03:27:07Z
601168,西部矿业,79.68679577382848,60.69428853640488,62.28079802630755,66.99262346813481,completed,False,not_required,not_required,False,2026-09-02T03:27:07Z
601169,北京银行,39.79350980770782,34.27023614806799,39.44221949689462,47.32511028708664,completed,False,not_required,not_required,False,2026-09-02T03:27:07Z
601177,杭齿前进,55.36707502900888,48.122754383082174,50.11902531056482,69.23918184301372,completed,False,not_required,not_required,False,2026-09-02T03:27:07Z
601179,中国西电,51.81686046099616,55.72226002633809,44.64512370133037,65.96732929071818,completed,False,not_required,not_required,False,2026-09-02T03:27:07Z
601186,中国铁建,30.76630864345237,41.03267345716794,35.94459188345881,45.0258314306019,completed,False,not_required,not_required,False,2026-09-02T03:27:07Z
601187,厦门银行,49.86381934346214,39.24679312119372,45.93090787540417,40.16425972627869,completed,False,not_required,not_required,False,2026-09-02T03:27:07Z
601188,龙江交通,40.69128993655479,41.44326580746411,46.291241599458445,47.67829312989607,completed,False,not_required,not_required,False,2026-09-02T03:27:07Z
601198,东兴证券,68.15558201886458,47.781575283221336,51.33799971705062,79.03606289067977,completed,False,not_required,not_required,False,2026-09-02T03:27:07Z
601199,江南水务,50.47239566954048,54.1562379874873,50.678442461942744,67.89526505959483,completed,False,not_required,not_required,False,2026-09-02T03:27:07Z
601200,上海环境,46.30250063656655,44.78180792557625,53.26544553272032,53.55685640522396,completed,False,not_required,not_required,False,2026-09-02T03:27:07Z
601208,东材科技,55.93373721386394,41.78935613210141,40.1977193220163,51.34128869198046,completed,False,not_required,not_required,False,2026-09-02T03:27:07Z
601211,国泰海通,68.31626951625016,52.98767259862881,56.5413371550743,76.05643138084352,completed,False,not_required,not_required,False,2026-09-02T03:27:07Z
601212,白银有色,39.28510692081025,35.47167365792401,39.47552815298385,20.368567236513325,completed,False,not_required,not_required,False,2026-09-02T03:27:07Z
601216,君正集团,56.82855537604349,45.37040334952481,52.312440141935724,57.22903272810235,completed,False,not_required,not_required,False,2026-09-02T03:27:07Z
601218,吉鑫科技,54.7663335483104,37.687317030257574,45.84211156105077,51.10529573878885,completed,False,not_required,not_required,False,2026-09-02T03:27:07Z
601222,林洋能源,55.20650644375654,55.65456390755978,45.214305504984175,78.94671561812781,completed,False,not_required,not_required,False,2026-09-02T03:27:07Z
601225,陕西煤业,75.17489332311878,58.83011478856647,68.98984749493839,63.581079030237106,completed,False,not_required,not_required,False,2026-09-02T03:27:07Z
601226,华电科工,41.30269011612272,44.49266248502119,32.839753224488895,65.87772864673529,completed,False,not_required,not_required,False,2026-09-02T03:27:07Z
601228,广州港,61.87481855521867,55.38193036208254,57.947479039882666,57.281334995874154,completed,False,not_required,not_required,False,2026-09-02T03:27:07Z
601229,上海银行,42.99682145795979,35.99010585438745,37.2573061508067,46.990287042717156,completed,False,not_required,not_required,False,2026-09-02T03:27:07Z
601231,环旭电子,46.722774156081265,42.418161647386796,42.61416740134332,71.42450615768108,completed,False,not_required,not_required,False,2026-09-02T03:27:07Z
601233,桐昆股份,72.46525344627878,54.81582722403955,59.98283864891537,75.91869261542152,completed,False,not_required,not_required,False,2026-09-02T03:27:07Z
601236,红塔证券,48.88907558951486,40.8011101725476,40.66041827660361,70.80401540803656,completed,False,not_required,not_required,False,2026-09-02T03:27:07Z
601238,广汽集团,33.1217213093885,38.32917228720769,29.981433851321754,51.24991834518571,completed,False,not_required,not_required,False,2026-09-02T03:27:07Z
601279,英利汽车,6.870409920340872,22.669876747899565,14.828793700624132,25.04730963574628,completed,False,not_required,not_required,False,2026-09-02T03:27:07Z
601288,农业银行,49.174797779949856,39.809115607540996,43.1964704248868,52.90855282918568,completed,False,not_required,not_required,False,2026-09-02T03:27:07Z
601298,青岛港,59.67060145902905,48.97249250704432,56.752408035150815,57.26694674825523,completed,False,not_required,not_required,False,2026-09-02T03:27:07Z
601311,骆驼股份,39.45388444977773,41.01186007259676,40.56022524430159,46.20626040749162,completed,False,not_required,not_required,False,2026-09-02T03:27:07Z
601318,中国平安,65.51608080301183,44.56457012938352,50.94661829989905,55.93903088084572,completed,False,not_required,not_required,False,2026-09-02T03:27:07Z
601319,中国人保,68.80480916875956,50.400496388283344,54.517826071483775,54.68867007868155,completed,False,not_required,not_required,False,2026-09-02T03:27:07Z
601326,秦港股份,59.017393521514514,46.84721084011369,58.647198375996126,58.55905519035633,completed,False,not_required,not_required,False,2026-09-02T03:27:07Z
601328,交通银行,47.70258936748422,43.91037755021247,43.57242908910188,52.58719627652453,completed,False,not_required,not_required,False,2026-09-02T03:27:07Z
601330,绿色动力,62.43735691048633,55.84535305302574,56.95871731089753,79.13593238353536,completed,False,not_required,not_required,False,2026-09-02T03:27:07Z
601333,广深铁路,52.40739406009892,42.666719214804495,55.06929718677834,66.54578396757378,completed,False,not_required,not_required,False,2026-09-02T03:27:07Z
601336,新华保险,67.84458251861854,46.819907577324486,50.817792695564904,52.61828211977142,completed,False,not_required,not_required,False,2026-09-02T03:27:07Z
601339,百隆东方,65.38302053770583,49.407288276097695,55.37647889641575,56.042332160703204,completed,False,not_required,not_required,False,2026-09-02T03:27:07Z
601360,三六零,64.72815917927683,55.88375299770716,71.56558234554738,53.68592520054833,completed,False,not_required,not_required,False,2026-09-02T03:27:07Z
601366,利群股份,11.18564902646002,26.135080922546273,17.229754514956785,39.20099719892135,completed,False,not_required,not_required,False,2026-09-02T03:27:07Z
601368,绿城水务,41.466033580405245,38.78240913967954,42.228375845592524,49.70012814873422,completed,False,not_required,not_required,False,2026-09-02T03:27:07Z
601369,陕鼓动力,51.74964560819302,47.28543854515749,49.091100394964904,78.45180152608356,completed,False,not_required,not_required,False,2026-09-02T03:27:07Z
601375,中原证券,62.07466205739457,44.96422050735254,45.034722651280624,57.663727430189816,completed,False,not_required,not_required,False,2026-09-02T03:27:07Z
601377,兴业证券,61.14332759482616,43.99141357016017,48.3746858212736,55.56889841303428,completed,False,not_required,not_required,False,2026-09-02T03:27:07Z
601388,怡球资源,66.5343093746122,55.799551708324834,59.14049828284596,45.99950295424497,completed,False,not_required,not_required,False,2026-09-02T03:27:07Z
601390,中国中铁,31.534946525270627,46.64973743040941,35.8602472924217,70.74310263779996,completed,False,not_required,not_required,False,2026-09-02T03:27:07Z
601398,工商银行,49.71929203864316,38.868412176718884,44.45248890042839,53.85463552458296,completed,False,not_required,not_required,False,2026-09-02T03:27:07Z
601399,国机重装,38.32521874214854,43.574650901602155,37.79040446238506,33.09952895630419,completed,False,not_required,not_required,False,2026-09-02T03:27:07Z
601456,国联民生,45.800294273949596,35.56281163012725,39.11599394878454,53.16469260323525,completed,False,not_required,not_required,False,2026-09-02T03:27:07Z
601500,通用股份,75.53224650370855,62.57404951049611,75.8972943409248,71.38762750675734,completed,True,completed_or_best_effort,completed,False,2026-09-02T03:27:07Z
601512,中新集团,44.869015306847935,49.89910068105077,52.15879469634787,40.652534918156405,completed,False,not_required,not_required,False,2026-09-02T03:27:07Z
601515,衢州东峰,46.16696037732862,44.130998638483284,50.73291598391802,74.12219234979709,completed,False,not_required,not_required,False,2026-09-02T03:27:07Z
601518,吉林高速,47.43320390193068,47.59764442907507,55.18581002166081,76.40904328390155,completed,False,not_required,not_required,False,2026-09-02T03:27:07Z
601519,大智慧,56.42867740260685,47.230427824155775,72.54469463759493,79.8177188064595,completed,False,not_required,not_required,False,2026-09-02T03:27:07Z
601528,瑞丰银行,48.05097036661921,37.140049477301346,44.57867902995587,55.24132459254838,completed,False,not_required,not_required,False,2026-09-02T03:27:07Z
601555,东吴证券,64.2769067699804,47.585322349389635,51.002329792265606,66.12263628207774,completed,False,not_required,not_required,False,2026-09-02T03:27:07Z
601566,九牧王,44.551324594316036,38.17291165672183,47.45641808979313,45.04470150073017,completed,False,not_required,not_required,False,2026-09-02T03:27:07Z
601567,三星电气,38.373057955595016,46.81170796512631,34.533015646680234,75.03844354590919,completed,False,not_required,not_required,False,2026-09-02T03:27:07Z
601568,北元化工,52.950489715453074,40.92716506262859,48.253224507206475,50.90351482511489,completed,False,not_required,not_required,False,2026-09-02T03:27:07Z
601577,长沙银行,34.591822325451126,33.38349861890823,33.852601435555044,49.99530289040585,completed,False,not_required,not_required,False,2026-09-02T03:27:07Z
601579,会稽山,63.846655952654466,56.08517899861233,58.01804466458794,50.501405322958924,completed,False,not_required,not_required,False,2026-09-02T03:27:07Z
601588,北辰实业,26.369169442182503,30.25727869586981,34.939541519042294,50.56753486833634,completed,False,not_required,not_required,False,2026-09-02T03:27:07Z
601595,上海电影,54.44384744749247,51.00154921263723,57.29503796586916,56.07563299076454,completed,False,not_required,not_required,False,2026-09-02T03:27:07Z
601598,中国外运,44.346500882927984,40.308391107832264,45.92327107730461,51.694172293036814,completed,False,not_required,not_required,False,2026-09-02T03:27:07Z
601599,浙文影业,43.58596627608303,41.61006139672679,35.2554148973696,53.40766773971027,completed,False,not_required,not_required,False,2026-09-02T03:27:07Z
601600,中国铝业,73.30755805432054,52.711526424667724,66.15293603184567,82.2762651042615,completed,False,not_required,not_required,False,2026-09-02T03:27:07Z
601601,中国太保,55.30386661002728,38.32662106490545,44.95829872527342,54.4011770896096,completed,False,not_required,not_required,False,2026-09-02T03:27:07Z
601606,长城军工,3.604974067474112,22.225353559954126,6.125176642042948,40.16154171105354,completed,False,not_required,not_required,False,2026-09-02T03:27:07Z
601607,上海医药,44.526546632295286,42.93679062908653,43.934166601070054,73.596990451122,completed,False,not_required,not_required,False,2026-09-02T03:27:07Z
601608,中信重工,49.56153764237952,44.5098375297033,42.49910700044622,55.96261115375527,completed,False,not_required,not_required,False,2026-09-02T03:27:07Z
601609,金田股份,50.520632739312894,37.242501756397466,40.45569090355409,63.84962512886,completed,False,not_required,not_required,False,2026-09-02T03:27:07Z
601611,中国核建,30.524405740226037,39.44942329896978,31.41707630664564,38.166863232818265,completed,False,not_required,not_required,False,2026-09-02T03:27:07Z
601615,明阳智能,22.480361032250073,35.69455628648675,26.721192090575848,57.0345243874912,completed,False,not_required,not_required,False,2026-09-02T03:27:07Z
601616,广电电气,41.091674580477445,38.356826279115744,39.89698189903496,53.34510327733589,completed,False,not_required,not_required,False,2026-09-02T03:27:07Z
601618,中国中冶,24.173023491550094,32.622639348102645,25.76989800832052,60.26809931504041,completed,False,not_required,not_required,False,2026-09-02T03:27:07Z
601619,嘉泽新能,40.696720219520955,41.55584159495922,40.637953291119466,68.2431901298384,completed,False,not_required,not_required,False,2026-09-02T03:27:07Z
601628,中国人寿,74.0723148805881,52.426732207352835,57.13674272596952,53.92521938927352,completed,False,not_required,not_required,False,2026-09-02T03:27:07Z
601633,长城汽车,46.54519899545516,41.07061670488504,43.319827237235245,74.89603522952001,completed,False,not_required,not_required,False,2026-09-02T03:27:07Z
601636,旗滨集团,7.85082538513603,22.70150390753409,15.902853124486139,34.377421683880264,completed,False,not_required,not_required,False,2026-09-02T03:27:07Z
601658,邮储银行,49.52831766022372,40.39831382130811,46.35022947608024,68.92707748281353,completed,False,not_required,not_required,False,2026-09-02T03:27:07Z
601665,齐鲁银行,50.92669124556517,41.74249157764703,47.855846051858734,51.746123047086286,completed,False,not_required,not_required,False,2026-09-02T03:27:07Z
601666,平煤股份,67.68526721279406,51.593968708076666,54.062182516732435,64.27150182300169,completed,False,not_required,not_required,False,2026-09-02T03:27:07Z
601668,中国建筑,30.480844559662394,41.455884810259946,34.04559196034375,66.18496230882704,completed,False,not_required,not_required,False,2026-09-02T03:27:07Z
601669,中国电建,29.28763346508459,35.872710665957484,36.1155448007446,57.589576137861286,completed,False,not_required,not_required,False,2026-09-02T03:27:07Z
601677,明泰铝业,64.6048034507673,46.32009410937863,57.20535011084,70.56524486246836,completed,False,not_required,not_required,False,2026-09-02T03:27:07Z
601678,滨化股份,78.57417970379775,61.204455582341666,68.22000711205966,56.92221863851744,completed,True,completed_or_best_effort,completed,False,2026-09-02T03:27:07Z
601686,友发集团,57.36115730890877,46.68846944160722,50.41658986768287,61.11710089069555,completed,False,not_required,not_required,False,2026-09-02T03:27:07Z
601688,华泰证券,64.45583192599118,44.842955892513125,52.06544213023433,60.5684964019528,completed,False,not_required,not_required,False,2026-09-02T03:27:07Z
601689,拓普集团,45.12005404909045,38.83582619840787,40.42653526551182,51.1497505854513,completed,False,not_required,not_required,False,2026-09-02T03:27:07Z
601696,中银证券,60.48571568559606,39.168073260605325,44.158679928020675,61.091850189958606,completed,False,not_required,not_required,False,2026-09-02T03:27:07Z
601698,中国卫通,45.06189962342801,44.116273487933036,43.72335455666173,57.51047460255197,completed,False,not_required,not_required,False,2026-09-02T03:27:07Z
601699,潞安环能,64.01987816248383,55.17514402004865,58.39107940042888,58.89053959264216,completed,False,not_required,not_required,False,2026-09-02T03:27:07Z
601700,风范股份,48.996628947958726,45.74386222248123,38.70033660816729,79.2509664659128,completed,False,not_required,not_required,False,2026-09-02T03:27:07Z
601702,华峰铝业,55.163589696876805,47.236081236734506,46.266913979425986,61.338258028053396,completed,False,not_required,not_required,False,2026-09-02T03:27:07Z
601717,中创智领,36.93152456290112,34.54724523553136,37.492575779654906,59.9702559839274,completed,False,not_required,not_required,False,2026-09-02T03:27:07Z
601718,ST际华,16.181584942734112,28.554003243229403,30.51089879986114,49.88321847523667,completed,False,not_required,not_required,False,2026-09-02T03:27:07Z
601727,上海电气,55.0556768289897,46.01830212396622,40.340811193505424,54.90566373461113,completed,False,not_required,not_required,False,2026-09-02T03:27:07Z
601728,中国电信,51.06305726975361,44.414369700237565,51.525974604938554,54.74166005165865,completed,False,not_required,not_required,False,2026-09-02T03:27:07Z
601766,中国中车,42.94247665519158,47.698449076736814,41.01253210534377,66.39154399017997,completed,False,not_required,not_required,False,2026-09-02T03:27:07Z
601777,千里科技,66.21610476363435,53.44092515768549,60.82567704764394,75.40615726362708,completed,False,not_required,not_required,False,2026-09-02T03:27:07Z
601778,晶科科技,6.489554810615861,31.57421779728311,9.796566341886145,42.540344407613084,completed,False,not_required,not_required,False,2026-09-02T03:27:07Z
601788,光大证券,53.359142841010865,34.40800119239712,43.869094043442246,57.09657587102439,completed,False,not_required,not_required,False,2026-09-02T03:27:07Z
601789,宁波建工,27.774982549124786,39.098421215550445,30.48864249862505,71.69346903883307,completed,False,not_required,not_required,False,2026-09-02T03:27:07Z
601798,蓝科高新,53.045036636648874,51.1124225563742,47.854277547166056,43.383891995494594,completed,False,not_required,not_required,False,2026-09-02T03:27:07Z
601799,星宇股份,43.63842398865938,38.46741440018152,45.51564051323396,77.12320811607812,completed,False,not_required,not_required,False,2026-09-02T03:27:07Z
601800,中国交建,33.775795678943716,39.01814621770828,36.701571791050924,64.41423149966133,completed,False,not_required,not_required,False,2026-09-02T03:27:07Z
601801,皖新传媒,36.42232617994245,38.53382851392735,42.69263368873947,55.83729430032152,completed,False,not_required,not_required,False,2026-09-02T03:27:07Z
601808,中海油服,43.94503920061039,44.579608850565066,49.4466134726895,59.34133727473368,completed,False,not_required,not_required,False,2026-09-02T03:27:07Z
601811,新华文轩,34.89591243627501,32.27424030324258,39.10695445713313,55.383638785702516,completed,False,not_required,not_required,False,2026-09-02T03:27:07Z
601816,京沪高铁,52.87148653734429,43.37377369231317,50.70656995048821,56.3451467576135,completed,False,not_required,not_required,False,2026-09-02T03:27:07Z
601818,光大银行,37.205824961784785,33.45895118718615,36.317412877878084,57.1491011408761,completed,False,not_required,not_required,False,2026-09-02T03:27:07Z
601825,沪农商行,47.680292845605805,36.654708121734366,43.02850671002398,50.38660552956519,completed,False,not_required,not_required,False,2026-09-02T03:27:07Z
601827,三峰环境,54.47811397135337,47.12576247478809,51.52565823495458,64.83732044464371,completed,False,not_required,not_required,False,2026-09-02T03:27:07Z
601828,美凯龙,67.54847519525383,54.857137538139554,78.04541165371285,61.90419682466241,completed,True,completed_or_best_effort,completed,False,2026-09-02T03:27:07Z
601838,成都银行,48.27748458712224,35.57466855663922,44.747114005911264,60.64532066147614,completed,False,not_required,not_required,False,2026-09-02T03:27:07Z
601857,中国石油,69.99779408136952,51.463546861669215,61.96959410499696,71.79284564979906,completed,False,not_required,not_required,False,2026-09-02T03:27:07Z
601858,中国科传,50.2551968087089,48.94136195255652,45.73338380956199,56.222293184509454,completed,False,not_required,not_required,False,2026-09-02T03:27:07Z
601860,紫金银行,29.126504663294668,30.625893374764658,34.06835899801237,42.573689277874514,completed,False,not_required,not_required,False,2026-09-02T03:27:07Z
601865,福莱特,5.041967868636917,21.127001529630256,16.315018200462816,55.258890930188834,completed,False,not_required,not_required,False,2026-09-02T03:27:07Z
601866,中远海发,56.5521283735424,46.43757849342606,48.27675356775872,61.36664605757874,completed,False,not_required,not_required,False,2026-09-02T03:27:07Z
601868,中国能建,30.928437651060932,44.220413435927306,33.34222657856279,57.61641065944194,completed,False,not_required,not_required,False,2026-09-02T03:27:07Z
601869,长飞光纤,79.74720490531146,64.60048611869772,57.71213379837049,58.256060005917234,completed,False,not_required,not_required,False,2026-09-02T03:27:07Z
601872,招商轮船,77.66878561791096,58.87658977330802,64.26466335976758,63.562664035975956,completed,False,not_required,not_required,False,2026-09-02T03:27:07Z
601877,正泰电器,55.18042202790966,37.071104083154616,46.47173315412666,58.75917987197461,completed,False,not_required,not_required,False,2026-09-02T03:27:07Z
601878,浙商证券,63.168984531799026,40.75459823326105,47.24434557694978,66.54119766959694,completed,False,not_required,not_required,False,2026-09-02T03:27:07Z
601880,辽港股份,41.67989212418974,30.232246880062384,46.200840644252274,61.63615761434977,completed,False,not_required,not_required,False,2026-09-02T03:27:07Z
601881,中国银河,59.47621410630227,40.45542861300574,47.4207606867054,55.83324890953995,completed,False,not_required,not_required,False,2026-09-02T03:27:07Z
601882,海天精工,61.81679012762377,50.80397168574815,44.1818627817475,67.59357863818852,completed,False,not_required,not_required,False,2026-09-02T03:27:07Z
601886,江河集团,57.65363194628073,55.224563123880266,49.33957113227051,73.1822735236072,completed,False,not_required,not_required,False,2026-09-02T03:27:07Z
601888,中国中免,52.48987455654688,47.564769922794056,48.807761855773215,74.39205938960309,completed,False,not_required,not_required,False,2026-09-02T03:27:07Z
601890,亚星锚链,46.0501618762101,41.35366370043895,34.2648396459062,50.940108817397444,completed,False,not_required,not_required,False,2026-09-02T03:27:07Z
601898,中煤能源,63.831687664156455,51.92707013329193,58.15603342517128,72.72972521545599,completed,False,not_required,not_required,False,2026-09-02T03:27:07Z
601899,紫金矿业,62.91442250448574,43.85547550353951,55.74594784762594,77.14233982755452,completed,False,not_required,not_required,False,2026-09-02T03:27:07Z
601900,南方传媒,57.54163346585875,55.99868575441317,59.87799061273711,57.307055146486796,completed,False,not_required,not_required,False,2026-09-02T03:27:07Z
601901,方正证券,58.57705491496217,39.931658997955445,41.46722394561705,47.28346301482165,completed,False,not_required,not_required,False,2026-09-02T03:27:07Z
601908,京运通,10.02870490336964,21.53315501457591,17.403755567463882,38.52258814662775,completed,False,not_required,not_required,False,2026-09-02T03:27:07Z
601916,浙商银行,48.29392903808735,42.494552506330045,46.64089956401378,54.177439464158724,completed,False,not_required,not_required,False,2026-09-02T03:27:07Z
601918,新集能源,70.47825881274592,51.90423498556227,54.37185944163079,60.07884559278729,completed,False,not_required,not_required,False,2026-09-02T03:27:07Z
601919,中远海控,64.33116929754755,52.318730202145545,56.74474986714646,68.08231812947037,completed,False,not_required,not_required,False,2026-09-02T03:27:07Z
601921,浙版传媒,49.619665777822746,47.39260516219873,53.20111038609207,61.434757206405976,completed,False,not_required,not_required,False,2026-09-02T03:27:07Z
601928,凤凰传媒,37.50712317434541,32.05579492550613,39.79776769146673,53.425877759130024,completed,False,not_required,not_required,False,2026-09-02T03:27:07Z
601929,吉视传媒,32.70135354069775,41.78754448346823,40.898539657,44.34771299793032,completed,False,not_required,not_required,False,2026-09-02T03:27:07Z
601933,永辉超市,58.64951596366166,48.209438763377314,51.26547202829663,49.73817369538699,completed,False,not_required,not_required,False,2026-09-02T03:27:07Z
601939,建设银行,48.21113077647899,39.18096706488251,43.64883461217593,56.83268527927802,completed,False,not_required,not_required,False,2026-09-02T03:27:07Z
601949,中国出版,34.74737220816345,45.111419426655225,38.922117875757024,45.26983440149061,completed,False,not_required,not_required,False,2026-09-02T03:27:07Z
601952,苏垦农发,42.781017066962534,40.914743424439614,40.52779279014213,59.07928155512773,completed,False,not_required,not_required,False,2026-09-02T03:27:07Z
601956,东贝集团,8.511453991778986,21.661905596282004,16.97057465383303,57.146392033355816,completed,False,not_required,not_required,False,2026-09-02T03:27:07Z
601958,金钼股份,57.67720910389157,41.06789450502194,57.5031662977881,73.74980032843912,completed,False,not_required,not_required,False,2026-09-02T03:27:07Z
601963,重庆银行,51.8219361959563,42.15937452640947,47.057220046608194,51.67419625993467,completed,False,not_required,not_required,False,2026-09-02T03:27:07Z
601965,中国汽研,57.35225517791924,53.42676299257241,52.140742125230375,64.85822865547237,completed,False,not_required,not_required,False,2026-09-02T03:27:07Z
601966,玲珑轮胎,46.91645407408265,43.26479498103987,46.799803688174045,71.84588614690823,completed,False,not_required,not_required,False,2026-09-02T03:27:07Z
601968,宝钢包装,52.92505037760618,46.739098446682114,50.54992507932486,49.53873418999439,completed,False,not_required,not_required,False,2026-09-02T03:27:07Z
601969,海南矿业,74.40155242754585,62.841999226616885,58.638414416828866,82.20819740607716,completed,True,completed_or_best_effort,completed,False,2026-09-02T03:27:07Z
601975,招商南油,66.90856790774245,52.476748399239156,62.1103560294825,78.77267552730713,completed,False,not_required,not_required,False,2026-09-02T03:27:07Z
601985,中国核电,39.39091061988287,40.95493714723395,34.08437952493672,66.82193443169669,completed,False,not_required,not_required,False,2026-09-02T03:27:07Z
601988,中国银行,49.056641705680896,42.249110236296836,45.05486485704384,53.91217927891068,completed,False,not_required,not_required,False,2026-09-02T03:27:07Z
601990,南京证券,55.84025068753882,43.190152455857465,40.613198131715535,66.75900608627983,completed,False,not_required,not_required,False,2026-09-02T03:27:07Z
601991,大唐发电,61.219242779830864,49.46042245495036,51.742192014026735,63.833887773951815,completed,False,not_required,not_required,False,2026-09-02T03:27:07Z
601992,金隅集团,9.04093072531104,25.966481426830633,17.29448678941452,37.15485140827669,completed,False,not_required,not_required,False,2026-09-02T03:27:07Z
601995,中金公司,61.2356680308622,39.97224855063242,50.77150255816631,78.59548373849849,completed,False,not_required,not_required,False,2026-09-02T03:27:07Z
601996,丰林集团,17.980624255118336,25.08399827303425,21.972275862695497,65.64425056424355,completed,False,not_required,not_required,False,2026-09-02T03:27:07Z
601997,贵阳银行,44.01341895854608,36.36556584173255,40.646447653538715,49.57914078683788,completed,False,not_required,not_required,False,2026-09-02T03:27:07Z
601998,中信银行,46.88803568993008,39.591227355228256,44.26168265444554,60.14266289109334,completed,False,not_required,not_required,False,2026-09-02T03:27:07Z
601999,出版传媒,28.432324473293257,37.206078773444546,38.779063174737956,52.64523602614352,completed,False,not_required,not_required,False,2026-09-02T03:27:07Z
603000,人民网,54.5434865474625,51.984295200356556,53.64246148840578,55.99270482054463,completed,False,not_required,not_required,False,2026-09-02T03:27:07Z
603001,奥康国际,52.99940911847044,44.670937327218375,63.65115237495461,51.6840434153536,completed,False,not_required,not_required,False,2026-09-02T03:27:07Z
603002,宏昌电子,68.66434629615858,54.02492877242078,59.55749017293526,53.904348620088804,completed,False,not_required,not_required,False,2026-09-02T03:27:07Z
603004,鼎龙科技,30.792687424712202,30.92781354325706,34.73971555595144,63.67064679080164,completed,False,not_required,not_required,False,2026-09-02T03:27:07Z
603005,晶方科技,43.272862296903384,39.237347497096664,45.0227095094235,72.85359858971654,completed,False,not_required,not_required,False,2026-09-02T03:27:07Z
603006,联明股份,43.23274561890479,37.17299100738895,45.54066588494038,44.785689295126296,completed,False,not_required,not_required,False,2026-09-02T03:27:07Z
603007,顺景科技,72.0200867534583,53.962599112539976,67.76373337885637,31.64823920215083,completed,False,not_required,not_required,False,2026-09-02T03:27:07Z
603008,ST喜临门,12.05853577878258,17.32839403921062,24.963096481835997,8.417316539084643,completed,False,not_required,not_required,False,2026-09-02T03:27:07Z
603009,北特科技,52.47664613363222,49.246468384056676,41.994881635483495,62.82810236758919,completed,False,not_required,not_required,False,2026-09-02T03:27:07Z
603010,万盛股份,31.245409374497143,26.272084940169062,24.314409592948163,65.09456306523133,completed,False,not_required,not_required,False,2026-09-02T03:27:07Z
603011,合锻智能,30.656035301273327,41.65244758292039,33.27987176378208,45.3704183010076,completed,False,not_required,not_required,False,2026-09-02T03:27:07Z
603012,创力集团,45.45225170488242,40.67117671279561,45.44698664741692,45.10585768241369,completed,False,not_required,not_required,False,2026-09-02T03:27:07Z
603013,亚普股份,48.32931135419725,39.932856174335676,51.16547483306052,72.55140523973543,completed,False,not_required,not_required,False,2026-09-02T03:27:07Z
603014,威高血净,43.72583565364749,39.06492255032358,43.714575189719916,77.86595211000623,completed,False,not_required,not_required,False,2026-09-02T03:27:07Z
603015,弘讯科技,56.31900962355196,50.92282988117842,45.395759749198916,48.87427322752643,completed,False,not_required,not_required,False,2026-09-02T03:27:07Z
603016,新宏泰,45.94635967550876,41.55077450832824,41.390967247095496,57.49919495551817,completed,False,not_required,not_required,False,2026-09-02T03:27:07Z
603017,中衡设计,52.94051162175474,45.17230945042652,39.81572968628682,65.858387700326,completed,False,not_required,not_required,False,2026-09-02T03:27:07Z
603018,华设集团,35.40273055774155,38.25917651126932,38.246323060942466,50.19989951959322,completed,False,not_required,not_required,False,2026-09-02T03:27:07Z
603019,中科曙光,59.13909372049248,51.21494513464935,42.20053617417248,74.25952669124841,completed,False,not_required,not_required,False,2026-09-02T03:27:07Z
603020,爱普股份,40.84025971216731,37.22425237979519,38.31644611080578,74.43207012820456,completed,False,not_required,not_required,False,2026-09-02T03:27:07Z
603021,*ST华鹏,16.20489014283134,28.6394296141571,27.08912700437154,3.1801647972357685,completed,False,not_required,not_required,False,2026-09-02T03:27:07Z
603022,新通联,54.5774443214117,44.02786274265919,48.359026719350084,52.87199987048912,completed,False,not_required,not_required,False,2026-09-02T03:27:07Z
603023,威帝股份,25.08725914508306,35.500582831742896,24.21979123275764,67.7033947390603,completed,False,not_required,not_required,False,2026-09-02T03:27:07Z
603025,大豪科技,63.90603116527027,47.337173560436106,50.1254271905621,51.02196962534986,completed,False,not_required,not_required,False,2026-09-02T03:27:07Z
603026,石大胜华,61.088209803599156,46.70804506924304,54.14035297795994,64.13999489022538,completed,False,not_required,not_required,False,2026-09-02T03:27:07Z
603027,千禾味业,75.88113724780055,61.19138980163022,66.19415969950538,80.93448980543295,completed,True,completed_or_best_effort,completed,False,2026-09-02T03:27:07Z
603028,赛福天,21.621513758911505,32.07578954824865,30.410082005728547,52.892604790107484,completed,False,not_required,not_required,False,2026-09-02T03:27:07Z
603029,天鹅股份,33.17344204667921,36.0366380749704,32.772215513393895,46.60139219674239,completed,False,not_required,not_required,False,2026-09-02T03:27:07Z
603030,全筑股份,39.39404225007952,31.70388442872442,49.2269807760207,43.23453504303991,completed,False,not_required,not_required,False,2026-09-02T03:27:07Z
603031,安孚科技,64.30998533810829,47.24501544065392,55.48055344516164,67.12088348575378,completed,False,not_required,not_required,False,2026-09-02T03:27:07Z
603032,德新科技,48.76939789799965,37.01683851217068,45.38407367373934,67.90726423041653,completed,False,not_required,not_required,False,2026-09-02T03:27:07Z
603033,三维股份,28.911786937091314,42.50108376417041,26.123759728344663,38.977448481579096,completed,False,not_required,not_required,False,2026-09-02T03:27:07Z
603035,常熟汽饰,42.792949656432036,36.49870487057839,38.44210340454006,60.32926219227949,completed,False,not_required,not_required,False,2026-09-02T03:27:07Z
603036,如通股份,38.735039895725755,40.32384992436184,43.53240423072316,38.33206910260707,completed,False,not_required,not_required,False,2026-09-02T03:27:07Z
603037,凯众股份,47.68064496206215,46.01846195444049,38.85558849129329,75.25086799551356,completed,False,not_required,not_required,False,2026-09-02T03:27:07Z
603038,华立股份,42.93311285167199,38.512642928019694,36.20839397290797,43.75185241774481,completed,False,not_required,not_required,False,2026-09-02T03:27:07Z
603039,泛微网络,53.23147881516608,42.89261188042451,44.62247470580466,69.4172822351472,completed,False,not_required,not_required,False,2026-09-02T03:27:07Z
603040,新坐标,46.38003215356041,38.891053230287234,44.19939362837131,61.35439778988703,completed,False,not_required,not_required,False,2026-09-02T03:27:07Z
603041,美思德,56.41127087541168,42.78610205744507,53.83866058717641,58.892765973338754,completed,False,not_required,not_required,False,2026-09-02T03:27:07Z
603042,华脉科技,56.547711197747866,51.89200318569347,67.82982824053465,76.14492796227543,completed,False,not_required,not_required,False,2026-09-02T03:27:07Z
603043,广州酒家,45.29818917150072,40.10906510317413,43.581150855870845,74.14975123018108,completed,False,not_required,not_required,False,2026-09-02T03:27:07Z
603045,福达合金,60.40096281810962,42.07902776613036,41.790314570209794,52.5390170367691,completed,False,not_required,not_required,False,2026-09-02T03:27:07Z
603048,浙江黎明,43.47139137407957,42.70172702447223,32.08470991319379,48.92723754328737,completed,False,not_required,not_required,False,2026-09-02T03:27:07Z
603049,中策橡胶,52.91075330404315,47.87646612710175,46.49974811630299,59.0839457158583,completed,False,not_required,not_required,False,2026-09-02T03:27:07Z
603050,科林电气,40.43095260208157,39.69013132987994,33.517636473465295,32.53674116268608,completed,False,not_required,not_required,False,2026-09-02T03:27:07Z
603051,鹿山新材,67.5684489374509,58.674854437824244,65.2840929740216,74.6171732720755,completed,False,not_required,not_required,False,2026-09-02T03:27:07Z
603052,可川科技,18.160205003904164,24.96718453251852,17.06752963411968,33.32630592090883,completed,False,not_required,not_required,False,2026-09-02T03:27:07Z
603053,成都燃气,52.62624183655752,42.012360400418316,53.1276687808254,67.68485874057755,completed,False,not_required,not_required,False,2026-09-02T03:27:07Z
603055,台华新材,71.31633728337732,60.50551200726666,60.42747080385917,72.5126918990851,completed,False,not_required,not_required,False,2026-09-02T03:27:07Z
603057,紫燕食品,25.395881480630504,28.28733498572267,20.760028940934372,62.8071540252364,completed,False,not_required,not_required,False,2026-09-02T03:27:07Z
603058,永吉股份,60.63164139339627,49.6067294399075,51.81288974490995,63.817234479387416,completed,False,not_required,not_required,False,2026-09-02T03:27:07Z
603059,倍加洁,47.9723783133269,36.71992762883761,41.075485830810344,46.85047856152039,completed,False,not_required,not_required,False,2026-09-02T03:27:07Z
603060,国检集团,30.028363457643678,31.669259552211603,33.46062931208176,46.242745825037936,completed,False,not_required,not_required,False,2026-09-02T03:27:07Z
603061,金海通,56.24458246684236,40.66132124487986,41.807203510575306,44.0713726651509,completed,False,not_required,not_required,False,2026-09-02T03:27:07Z
603062,麦加芯彩,34.01642129453124,41.79209186665092,35.83269013580574,54.7938738401328,completed,False,not_required,not_required,False,2026-09-02T03:27:07Z
603063,禾望电气,50.13261878146091,51.12994922576273,45.937117181860145,61.22227790024116,completed,False,not_required,not_required,False,2026-09-02T03:27:07Z
603065,宿迁联盛,44.50179021463728,39.9595949061233,36.088276949917244,57.19741894609912,completed,False,not_required,not_required,False,2026-09-02T03:27:07Z
603066,音飞储存,35.14973062226388,35.0071327956629,24.806727976743755,67.02949261428613,completed,False,not_required,not_required,False,2026-09-02T03:27:07Z
603067,振华股份,53.46969544489223,42.809262546192635,35.13255234290631,46.033617400719876,completed,False,not_required,not_required,False,2026-09-02T03:27:07Z
603068,博通集成,58.88432926031289,45.20863480126668,50.304089275594464,53.805164324292306,completed,False,not_required,not_required,False,2026-09-02T03:27:07Z
603069,海汽集团,14.919294191874943,28.718459971259595,19.581410876076188,60.99751544395345,completed,False,not_required,not_required,False,2026-09-02T03:27:07Z
603070,万控智造,27.197007400194785,34.75317982137728,33.489315761134414,54.2069717010441,completed,False,not_required,not_required,False,2026-09-02T03:27:07Z
603071,物产环能,55.2251872913712,47.94762518893762,48.85182689491683,56.67909359779706,completed,False,not_required,not_required,False,2026-09-02T03:27:07Z
603072,天和磁材,67.37652141040847,57.75586745142087,53.13993092620684,52.49854773059408,completed,False,not_required,not_required,False,2026-09-02T03:27:07Z
603073,彩蝶实业,33.62208941233628,37.90295769409351,33.57032106322486,52.06882742804272,completed,False,not_required,not_required,False,2026-09-02T03:27:07Z
603075,热威股份,50.43310973411958,40.14183499810246,44.924873123990764,73.32213072240586,completed,False,not_required,not_required,False,2026-09-02T03:27:07Z
603076,乐惠国际,27.594270474058256,30.69656103979139,19.591426328254137,44.118801922741774,completed,False,not_required,not_required,False,2026-09-02T03:27:07Z
603077,和邦生物,49.02936117743038,47.342287967377686,51.73277872187594,80.77391446029583,completed,False,not_required,not_required,False,2026-09-02T03:27:07Z
603078,江化微,50.23962930169431,41.639078512156544,40.885907031575364,75.39009504942355,completed,False,not_required,not_required,False,2026-09-02T03:27:07Z
603079,圣达生物,40.24072004589726,45.21500815048658,37.84441650858484,65.54046956192056,completed,False,not_required,not_required,False,2026-09-02T03:27:07Z
603080,新疆火炬,52.51845591400001,45.53133935318741,53.542682323008506,45.43107167052934,completed,False,not_required,not_required,False,2026-09-02T03:27:07Z
603081,大丰实业,45.76014450478954,46.50128420525052,45.41504591299909,62.2438898218782,completed,False,not_required,not_required,False,2026-09-02T03:27:07Z
603082,北自科技,47.818478730417105,44.470919124335836,32.77624748402179,55.384325968121736,completed,False,not_required,not_required,False,2026-09-02T03:27:07Z
603083,剑桥科技,45.59963315102883,42.9221217364941,40.00739190887483,54.27800165403325,completed,False,not_required,not_required,False,2026-09-02T03:27:07Z
603085,天成自控,71.18492779993566,51.38165016311738,61.51018879254263,51.15400960028567,completed,False,not_required,not_required,False,2026-09-02T03:27:07Z
603086,先达股份,34.363608706306074,30.363787597473586,29.813039957858496,50.98199903817198,completed,False,not_required,not_required,False,2026-09-02T03:27:07Z
603087,甘李药业,62.44062829884981,55.2502676248403,50.69225178977186,79.71682300574017,completed,False,not_required,not_required,False,2026-09-02T03:27:07Z
603088,宁波精达,66.65904005316746,57.90800666124141,52.51256783188632,67.3255019804961,completed,False,not_required,not_required,False,2026-09-02T03:27:07Z
603089,正裕工业,5.522058773684453,22.62213967650831,14.160076564217302,33.614229062229185,completed,False,not_required,not_required,False,2026-09-02T03:27:07Z
603090,宏盛股份,44.91550955667788,39.724815088290256,35.46652251983261,38.437484461225736,completed,False,not_required,not_required,False,2026-09-02T03:27:07Z
603091,众鑫股份,74.75507135853778,62.20116291410904,60.785320836507054,80.88066728093311,completed,True,completed_or_best_effort,completed,True,2026-09-02T03:27:07Z
603092,德力佳,34.67281458708179,36.529812019798925,34.97064566462221,54.38963707449037,completed,False,not_required,not_required,False,2026-09-02T03:27:07Z
603093,南华期货,54.06588523935029,28.751701171502056,39.90951581641783,67.32905078806445,completed,False,not_required,not_required,False,2026-09-02T03:27:07Z
603095,越剑智能,41.204249028534235,40.89268552090136,38.020447887650235,48.05539658013449,completed,False,not_required,not_required,False,2026-09-02T03:27:07Z
603096,新经典,49.58584138446743,49.842603950163785,52.59641306322981,43.94837117284876,completed,False,not_required,not_required,False,2026-09-02T03:27:07Z
603097,江苏华辰,0.8018126329266799,23.038415110132647,11.342728408345105,54.177569436645136,completed,False,not_required,not_required,False,2026-09-02T03:27:07Z
603098,森特股份,39.64340352022371,48.22678783141394,47.401380345983085,71.27951781675007,completed,False,not_required,not_required,False,2026-09-02T03:27:07Z
603099,长白山,45.75630594311126,39.02795417091318,45.862761569215294,54.80700989574686,completed,False,not_required,not_required,False,2026-09-02T03:27:07Z
603100,川仪股份,46.08947267976543,41.36502373684583,39.801091029468985,75.0431704771673,completed,False,not_required,not_required,False,2026-09-02T03:27:07Z
603101,汇嘉时代,70.23089772470648,51.7984500930446,58.03218150633877,42.75935142319317,completed,False,not_required,not_required,False,2026-09-02T03:27:07Z
603102,百合股份,54.02322295579588,45.08889862121242,53.286723298999526,56.647638142711585,completed,False,not_required,not_required,False,2026-09-02T03:27:07Z
603103,横店影视,41.986095245691295,43.33601817191139,38.58686041665208,38.664739198496925,completed,False,not_required,not_required,False,2026-09-02T03:27:07Z
603105,芯能科技,38.716821170557466,41.87562402213113,39.76398292692871,49.40242029255862,completed,False,not_required,not_required,False,2026-09-02T03:27:07Z
603106,恒银科技,23.498039441130615,37.39581442830441,33.176962806352556,40.69835614363883,completed,False,not_required,not_required,False,2026-09-02T03:27:07Z
603107,上海汽配,42.10019795897428,41.300475603234986,38.99031419362539,48.79679162168017,completed,False,not_required,not_required,False,2026-09-02T03:27:07Z
603108,润达医疗,32.260848564855074,40.96332775993025,43.41999601043512,27.127868955414563,completed,False,not_required,not_required,False,2026-09-02T03:27:07Z
603109,神驰机电,50.75210165138865,45.68409485515667,43.93174587800795,55.08378286105713,completed,False,not_required,not_required,False,2026-09-02T03:27:07Z
603110,东方材料,44.31756037903152,40.94224378805498,58.665479400048554,65.45727319017033,completed,False,not_required,not_required,False,2026-09-02T03:27:07Z
603111,康尼机电,50.94268905076349,45.83410854926197,48.70418587315047,69.33412666377312,completed,False,not_required,not_required,False,2026-09-02T03:27:07Z
603112,华翔股份,42.253814455293785,37.548821061167644,34.36166092868966,69.01822720667403,completed,False,not_required,not_required,False,2026-09-02T03:27:07Z
603113,金能科技,53.06458880396352,45.80663070880926,55.63189708847393,49.01959065705852,completed,False,not_required,not_required,False,2026-09-02T03:27:07Z
603115,海星股份,58.77733758533331,47.77881295934666,46.29982316930855,55.39572662828394,completed,False,not_required,not_required,False,2026-09-02T03:27:07Z
603116,红蜻蜓,49.82551535523418,41.123816678922985,54.85003587115439,47.709064827907255,completed,False,not_required,not_required,False,2026-09-02T03:27:07Z
603117,万林物流,24.941269360798238,32.55389143642616,28.055221104950185,36.78702644957068,completed,False,not_required,not_required,False,2026-09-02T03:27:07Z
603118,共进股份,49.26428536322542,45.75819495318044,35.68990680081273,69.64090656986865,completed,False,not_required,not_required,False,2026-09-02T03:27:07Z
603119,浙江荣泰,66.69502273431527,54.92393758739655,47.51429429975018,61.70814355902894,completed,False,not_required,not_required,False,2026-09-02T03:27:07Z
603120,肯特催化,49.971094651289526,42.47426346982645,44.669662853745216,48.646286729550035,completed,False,not_required,not_required,False,2026-09-02T03:27:07Z
603121,华培动力,3.341933634114465,17.47244643926288,8.769371330716803,44.69312077880571,completed,False,not_required,not_required,False,2026-09-02T03:27:07Z
603122,合富中国,35.5684465076773,41.640508505157165,56.300024473145704,31.95686609843034,completed,False,not_required,not_required,False,2026-09-02T03:27:07Z
603123,翠微股份,35.17365227334245,37.673143646873704,46.008461335957705,51.2607582384035,completed,False,not_required,not_required,False,2026-09-02T03:27:07Z
603124,江南新材,50.266925689432966,36.5300240229916,33.13551257037476,55.993671662716515,completed,False,not_required,not_required,False,2026-09-02T03:27:07Z
603125,常青科技,60.19690303212308,45.33193449491316,54.317835773402,63.13445293894275,completed,False,not_required,not_required,False,2026-09-02T03:27:07Z
603126,中材节能,32.454672058469214,33.7049700524008,37.36307046658082,45.70254676187829,completed,False,not_required,not_required,False,2026-09-02T03:27:07Z
603127,昭衍新药,55.544964366616654,45.05055167774948,45.37470431500873,77.3126439604124,completed,False,not_required,not_required,False,2026-09-02T03:27:07Z
603128,华贸物流,50.206022018842994,43.46785924674665,49.758606834364116,56.84109130512116,completed,False,not_required,not_required,False,2026-09-02T03:27:07Z
603129,春风动力,64.12171601162798,48.41201500967284,45.29288097538435,62.28653512796477,completed,False,not_required,not_required,False,2026-09-02T03:27:07Z
603130,云中马,56.21230724023702,47.71518079910649,47.09498850945047,60.41052438231082,completed,False,not_required,not_required,False,2026-09-02T03:27:07Z
603131,上海沪工,28.050519411384293,33.875367965141336,23.453182625925155,34.64638489605357,completed,False,not_required,not_required,False,2026-09-02T03:27:07Z
603132,金徽股份,60.73093189072011,42.90834942199542,49.59086862769014,63.8684523765584,completed,False,not_required,not_required,False,2026-09-02T03:27:07Z
603135,中重科技,66.60464959301679,54.17449989141196,53.45814456042592,73.32862418469614,completed,False,not_required,not_required,False,2026-09-02T03:27:07Z
603136,天目湖,41.91090335406042,36.18909560033219,44.740059468554406,48.23903591473632,completed,False,not_required,not_required,False,2026-09-02T03:27:07Z
603137,恒尚节能,36.84598820235394,42.24963446633154,31.4683999010937,59.915217731639125,completed,False,not_required,not_required,False,2026-09-02T03:27:07Z
603138,海量数据,18.720079515349216,33.33743611428383,35.17392587302915,65.00275933190832,completed,False,not_required,not_required,False,2026-09-02T03:27:07Z
603139,康惠股份,45.21860296032396,55.894319990737756,44.04007283971008,75.35027971223595,completed,False,not_required,not_required,False,2026-09-02T03:27:07Z
603150,万朗磁塑,42.88984916915763,36.077427398025264,29.824973195397604,33.25540703530296,completed,False,not_required,not_required,False,2026-09-02T03:27:07Z
603151,邦基科技,2.487720886331516,18.78671786484791,15.80744877707018,51.58301980418762,completed,False,not_required,not_required,False,2026-09-02T03:27:07Z
603153,上海建科,40.56618532785024,43.19058043148438,51.07497468270534,65.64237224818827,completed,False,not_required,not_required,False,2026-09-02T03:27:07Z
603155,新亚强,66.28160766250375,54.939378725401234,57.94791910255802,76.27585942991033,completed,False,not_required,not_required,False,2026-09-02T03:27:07Z
603156,养元饮品,52.535137198972414,34.52305650426559,31.057921629637207,58.97922392657149,completed,False,not_required,not_required,False,2026-09-02T03:27:07Z
603158,腾龙股份,63.215820519211555,55.00205527273966,46.97344652440142,62.504907434334115,completed,False,not_required,not_required,False,2026-09-02T03:27:07Z
603159,上海亚虹,51.46543025769442,48.77679352853759,67.81099094729348,73.64625908098579,completed,False,not_required,not_required,False,2026-09-02T03:27:07Z
603160,汇顶科技,38.79798794946045,37.08735233020835,39.127724668039725,59.443433226668155,completed,False,not_required,not_required,False,2026-09-02T03:27:07Z
603161,科华控股,4.610053697391425,18.381944989368996,12.619892621553147,27.820859262633192,completed,False,not_required,not_required,False,2026-09-02T03:27:07Z
603162,海通发展,85.12626925890537,65.94929545599742,70.78233320279763,83.8662651462286,completed,True,completed_or_best_effort,completed,True,2026-09-02T03:27:07Z
603163,圣晖集成,51.521819315836304,45.154299521289914,49.49531342828479,80.62105386017983,completed,False,not_required,not_required,False,2026-09-02T03:27:07Z
603165,荣晟环保,68.88492566274905,54.745474001335545,58.92336248339293,65.4461774750641,completed,False,not_required,not_required,False,2026-09-02T03:27:07Z
603166,福达股份,55.85885544111808,49.87682330014297,45.25696351111604,74.34988993101383,completed,False,not_required,not_required,False,2026-09-02T03:27:07Z
603167,渤海轮渡,39.367869932682645,29.648733906778574,41.207555800581645,55.65940614043392,completed,False,not_required,not_required,False,2026-09-02T03:27:07Z
603168,莎普爱思,43.615072147295926,49.66520477729426,48.48734631753158,50.778606472970154,completed,False,not_required,not_required,False,2026-09-02T03:27:07Z
603169,兰石重装,8.59347452180867,19.967537405336937,11.005466305871984,11.978257220457865,completed,False,not_required,not_required,False,2026-09-02T03:27:07Z
603170,宝立食品,58.35114354025605,43.33657434295083,51.01319686212052,54.58741257404876,completed,False,not_required,not_required,False,2026-09-02T03:27:07Z
603171,税友股份,52.303416658209684,46.67763068563426,45.39159968826569,52.24701627927204,completed,False,not_required,not_required,False,2026-09-02T03:27:07Z
603172,万丰股份,50.046510152810555,43.5734576821859,44.658955975478484,60.42288793191813,completed,False,not_required,not_required,False,2026-09-02T03:27:07Z
603173,福斯达,34.36565694474741,36.29191331328694,34.64746970928384,59.539596783610115,completed,False,not_required,not_required,False,2026-09-02T03:27:07Z
603175,超颖电子,21.77405883084081,37.82469700516524,9.618853394825406,47.74576451199897,completed,False,not_required,not_required,False,2026-09-02T03:27:07Z
603176,汇通集团,14.993120308712928,24.16851656676175,22.45158724819605,63.87997857598504,completed,False,not_required,not_required,False,2026-09-02T03:27:07Z
603177,德创环保,2.783691632100844,19.059931787427466,8.136803012556008,47.97403961114184,completed,False,not_required,not_required,False,2026-09-02T03:27:07Z
603178,圣龙股份,56.4124364665057,48.808381230327264,57.306892245707054,47.32161378436938,completed,False,not_required,not_required,False,2026-09-02T03:27:07Z
603179,新泉股份,54.170568580462785,51.14075424001374,45.909376893966716,70.36161324746531,completed,False,not_required,not_required,False,2026-09-02T03:27:07Z
603180,金牌家居,13.907150209837226,23.72282943176534,17.773427922592525,45.74346553716721,completed,False,not_required,not_required,False,2026-09-02T03:27:07Z
603181,皇马科技,57.29271588766116,49.56987582009902,54.337736997032614,54.33665046594339,completed,False,not_required,not_required,False,2026-09-02T03:27:07Z
603182,嘉华股份,59.98112861700686,46.859971424304376,50.80304838933626,77.53177992634267,completed,False,not_required,not_required,False,2026-09-02T03:27:07Z
603183,建研院,5.662347025635881,20.470066071900455,17.372936204549916,31.65975579387706,completed,False,not_required,not_required,False,2026-09-02T03:27:07Z
603185,弘元绿能,43.14603956226135,53.91626834408321,38.316188654153635,55.31878160616496,completed,False,not_required,not_required,False,2026-09-02T03:27:07Z
603186,华正新材,81.51918091173005,61.539914759605274,61.34111588472593,57.16204949782853,completed,True,completed_or_best_effort,completed,False,2026-09-02T03:27:07Z
603187,海容冷链,42.19002459242697,43.518263896987634,39.04815303327834,71.05166749032658,completed,False,not_required,not_required,False,2026-09-02T03:27:07Z
603188,亚邦股份,19.038186745609885,25.26068275533654,18.989307675989817,43.53112831571064,completed,False,not_required,not_required,False,2026-09-02T03:27:07Z
603189,*ST网达,4.425452216182027,14.253000381299492,18.163818699626326,12.236161363619674,completed,False,not_required,not_required,False,2026-09-02T03:27:07Z
603190,亚通精工,55.08511097048835,56.808965667946964,47.87027151637977,76.13923231698331,completed,False,not_required,not_required,False,2026-09-02T03:27:07Z
603191,望变电气,17.7463484953167,25.143282426250476,17.351304621165326,50.5962311964938,completed,False,not_required,not_required,False,2026-09-02T03:27:07Z
603192,汇得科技,46.66450116070229,41.42138500675429,41.746773409614995,74.69646212703906,completed,False,not_required,not_required,False,2026-09-02T03:27:07Z
603193,润本股份,65.69729069629116,51.58741254033821,57.607045024700376,60.31177614268919,completed,False,not_required,not_required,False,2026-09-02T03:27:07Z
603194,中力股份,53.282442173384545,49.82661673437491,47.23123543785393,71.41062457555265,completed,False,not_required,not_required,False,2026-09-02T03:27:07Z
603195,公牛集团,54.635033002058776,42.77710769947654,48.85572695639864,80.69590698536233,completed,False,not_required,not_required,False,2026-09-02T03:27:07Z
603196,璞源材料,49.82231242304012,38.75083940882333,33.638215748622024,56.09253277860332,completed,False,not_required,not_required,False,2026-09-02T03:27:07Z
603197,保隆科技,70.30393546486148,56.40313231684944,57.00770411627807,75.7490460423002,completed,False,not_required,not_required,False,2026-09-02T03:27:07Z
603198,迎驾贡酒,54.52636144948511,49.105343486887925,49.1791322649523,57.782883318445755,completed,False,not_required,not_required,False,2026-09-02T03:27:07Z
603199,九华旅游,62.65710085277297,52.34226796183459,59.474445049981696,73.07535698298304,completed,False,not_required,not_required,False,2026-09-02T03:27:07Z
603200,上海洗霸,14.525254816496357,19.681253319372416,18.494857228844783,19.45520257256377,completed,False,not_required,not_required,False,2026-09-02T03:27:07Z
603201,常润股份,60.61270536271558,52.87131298885601,54.765863740225875,76.7294129363051,completed,False,not_required,not_required,False,2026-09-02T03:27:07Z
603202,天有为,43.67005324820984,44.876369314770834,39.81369752914088,61.12016295392382,completed,False,not_required,not_required,False,2026-09-02T03:27:07Z
603203,快克智能,56.35278519085429,40.8509349936686,39.19506872457823,79.1806813516757,completed,False,not_required,not_required,False,2026-09-02T03:27:07Z
603205,健尔康,61.20081300950816,53.97957438984906,56.10550788034515,61.21932969720798,completed,False,not_required,not_required,False,2026-09-02T03:27:07Z
603206,嘉环科技,25.36067210927066,33.77710179515297,24.288726572401757,45.31912039767231,completed,False,not_required,not_required,False,2026-09-02T03:27:07Z
603207,小方制药,42.961862338289045,36.308780164242265,41.270423354607814,78.6127941925269,completed,False,not_required,not_required,False,2026-09-02T03:27:07Z
603208,江山欧派,24.057306683368424,34.922677055059495,34.00306301573457,40.05129933711615,completed,False,not_required,not_required,False,2026-09-02T03:27:07Z
603209,兴通股份,71.35753131781357,56.59433324631319,62.3918603068301,67.00977769402601,completed,False,not_required,not_required,False,2026-09-02T03:27:07Z
603210,泰鸿万立,51.74803836251277,43.20482113015682,44.89893921372485,67.05170000334495,completed,False,not_required,not_required,False,2026-09-02T03:27:07Z
603211,晋拓股份,35.673808042540436,41.072954274064614,25.706015944741846,36.80268075101313,completed,False,not_required,not_required,False,2026-09-02T03:27:07Z
603212,赛伍技术,37.520919614531664,44.493237617711884,60.651846342329314,32.29157752863201,completed,False,not_required,not_required,False,2026-09-02T03:27:07Z
603213,镇洋发展,24.631104447289697,23.49166432528976,27.523299187498694,68.00143112344992,completed,False,not_required,not_required,False,2026-09-02T03:27:07Z
603214,爱婴室,49.02300831598835,37.16669684691527,47.33537015796628,67.47745462370438,completed,False,not_required,not_required,False,2026-09-02T03:27:07Z
603215,比依股份,4.343236184712172,21.215091496827178,13.965042929706591,53.41771127339009,completed,False,not_required,not_required,False,2026-09-02T03:27:07Z
603216,梦天家居,38.91591724221285,41.69392208348902,36.580665425545995,63.04884213508251,completed,False,not_required,not_required,False,2026-09-02T03:27:07Z
603217,元利科技,59.198767857527514,50.767411956800906,52.652219312795644,63.177489744423724,completed,False,not_required,not_required,False,2026-09-02T03:27:07Z
603218,日月股份,35.96648113880758,45.82109889730168,44.561329730106245,78.31832738565777,completed,False,not_required,not_required,False,2026-09-02T03:27:07Z
603219,富佳股份,52.45289570363943,46.865867586025786,49.01765197287652,52.876018017660684,completed,False,not_required,not_required,False,2026-09-02T03:27:07Z
603220,中贝通信,24.174091080945953,47.89328308658184,24.204790444688538,59.624884664938556,completed,False,not_required,not_required,False,2026-09-02T03:27:07Z
603221,爱丽家居,10.106013029516046,25.96104738617231,8.250596130599845,51.333929575154485,completed,False,not_required,not_required,False,2026-09-02T03:27:07Z
603222,济民健康,40.81732356841554,47.18023221094242,47.42985303019608,63.215160698771136,completed,False,not_required,not_required,False,2026-09-02T03:27:07Z
603223,恒通股份,61.04862855579901,46.836072069127496,59.31338447566109,83.21569194404344,completed,False,not_required,not_required,False,2026-09-02T03:27:07Z
603225,新凤鸣,63.63816583528357,51.04202335888914,53.41401037776141,73.05308671996114,completed,False,not_required,not_required,False,2026-09-02T03:27:07Z
603226,菲林格尔,14.559046631805874,25.761457542998023,22.44039303502968,50.2736415697446,completed,False,not_required,not_required,False,2026-09-02T03:27:07Z
603227,雪峰科技,56.71199977535052,50.57548513492992,59.30244927455169,69.50475289243812,completed,False,not_required,not_required,False,2026-09-02T03:27:07Z
603228,景旺电子,57.78218260285368,55.720446783373326,41.86717130821984,81.3902975618764,completed,False,not_required,not_required,False,2026-09-02T03:27:07Z
603229,奥翔药业,30.801362245811138,39.69192430516292,27.593550927534732,64.04377543278164,completed,False,not_required,not_required,False,2026-09-02T03:27:07Z
603230,内蒙新华,37.73211158711837,41.19111481687658,36.42984889434394,45.114327928080975,completed,False,not_required,not_required,False,2026-09-02T03:27:07Z
603231,索宝蛋白,45.143781963434115,39.67115653218761,40.846039379161894,50.78465471469713,completed,False,not_required,not_required,False,2026-09-02T03:27:07Z
603232,格尔软件,12.325131063199912,17.75080102822824,22.66832871512056,57.66507163401965,completed,False,not_required,not_required,False,2026-09-02T03:27:07Z
603233,大参林,62.92464206765098,49.01941410078321,51.921126514937534,63.56052340902097,completed,False,not_required,not_required,False,2026-09-02T03:27:07Z
603235,天新药业,60.93193549092736,50.09931947394701,48.57908241174586,59.4423720841945,completed,False,not_required,not_required,False,2026-09-02T03:27:07Z
603236,移远通信,58.83771906810816,48.991967749658905,48.28438126183127,52.201936838219204,completed,False,not_required,not_required,False,2026-09-02T03:27:07Z
603237,五芳斋,64.34316897755463,53.70392961696052,60.44802971586466,81.19564230310367,completed,False,not_required,not_required,False,2026-09-02T03:27:07Z
603238,诺邦股份,49.087448611577315,38.84605502548018,42.180927361668566,51.65385396715671,completed,False,not_required,not_required,False,2026-09-02T03:27:07Z
603239,浙江仙通,45.52641605671821,44.77113693440716,39.004790951214346,62.48644813832737,completed,False,not_required,not_required,False,2026-09-02T03:27:07Z
603248,锡华科技,22.439213168268395,28.322727041550852,28.328270765545,51.48042071526204,completed,False,not_required,not_required,False,2026-09-02T03:27:07Z
603255,鼎际得,69.63654714593534,55.40803686345795,51.220013632499416,72.37602076970494,completed,False,not_required,not_required,False,2026-09-02T03:27:07Z
603256,宏和科技,73.26804790407952,59.23352009126073,51.89161852950336,59.88855131114629,completed,False,not_required,not_required,False,2026-09-02T03:27:07Z
603257,中国瑞林,26.86042383679255,34.14278446108926,31.57720238748353,53.252223959837686,completed,False,not_required,not_required,False,2026-09-02T03:27:07Z
603258,电魂网络,30.625962790473537,34.76046766984713,36.339676720649734,44.64307342313714,completed,False,not_required,not_required,False,2026-09-02T03:27:07Z
603259,药明康德,68.36272979457894,56.063204335731264,56.34566068989505,70.53737810102572,completed,False,not_required,not_required,False,2026-09-02T03:27:07Z
603260,合盛硅业,75.83433690854821,62.49064973793962,75.55529213833412,41.624481718577236,completed,True,completed_or_best_effort,completed,False,2026-09-02T03:27:07Z
603261,立航科技,57.63414224852251,54.112492528374986,56.249239679592534,18.294994731788123,completed,False,not_required,not_required,False,2026-09-02T03:27:07Z
603262,技源集团,53.36539424626926,53.804163844328954,52.76495676168891,71.0922234612859,completed,False,not_required,not_required,False,2026-09-02T03:27:07Z
603266,天龙股份,41.906062922003215,37.96259799180798,38.28720465891784,61.87208517893972,completed,False,not_required,not_required,False,2026-09-02T03:27:07Z
603267,鸿远电子,40.06615573847784,38.51882792430287,36.612728149265635,53.75816592342283,completed,False,not_required,not_required,False,2026-09-02T03:27:07Z
603268,松发股份,80.83523768721743,61.43647515329102,57.59447291061504,53.69119881066266,completed,False,not_required,not_required,False,2026-09-02T03:27:07Z
603269,海鸥股份,35.74425469920634,38.183999968845626,33.21734361611797,63.055559355819256,completed,False,not_required,not_required,False,2026-09-02T03:27:07Z
603270,金帝股份,35.054526063413704,37.238322971584225,23.769735852517993,65.13921545835365,completed,False,not_required,not_required,False,2026-09-02T03:27:07Z
603271,永杰新材,67.59352639873315,49.015902589262424,57.72582745026726,79.66890497307992,completed,False,not_required,not_required,False,2026-09-02T03:27:07Z
603272,*ST联翔,16.050350024275147,38.778376863779364,27.248696025931324,13.095196786635382,completed,False,not_required,not_required,False,2026-09-02T03:27:07Z
603273,天元智能,43.29426809738506,39.44265663375171,34.08378644418122,73.8078756529591,completed,False,not_required,not_required,False,2026-09-02T03:27:07Z
603275,众辰科技,50.21245839792987,43.05375475890103,41.44416750954661,71.82338487676141,completed,False,not_required,not_required,False,2026-09-02T03:27:07Z
603276,恒兴新材,57.1500665115522,44.41416993258136,55.05427415329815,74.99367475273986,completed,False,not_required,not_required,False,2026-09-02T03:27:07Z
603277,银都股份,51.467505921802385,46.25518961025686,53.18832987280071,78.46430555346807,completed,False,not_required,not_required,False,2026-09-02T03:27:07Z
603278,大业股份,22.885982426878414,38.40131299648043,25.03108631834489,34.35943837732065,completed,False,not_required,not_required,False,2026-09-02T03:27:07Z
603279,景津装备,37.19389172326375,33.817421632623976,31.123351354224972,48.835772367051405,completed,False,not_required,not_required,False,2026-09-02T03:27:07Z
603280,南方路机,28.833550412502202,37.21434014196807,33.57843509387373,54.40571949029391,completed,False,not_required,not_required,False,2026-09-02T03:27:07Z
603281,江瀚新材,49.097314369581554,42.11424471643079,42.56383481623106,71.77969161878774,completed,False,not_required,not_required,False,2026-09-02T03:27:07Z
603282,亚光股份,58.60215175350012,58.286538673986286,52.10100508834311,53.93089793235504,completed,False,not_required,not_required,False,2026-09-02T03:27:07Z
603283,赛腾股份,59.3969159124065,52.29203826827658,47.36061425789436,66.7192584428847,completed,False,not_required,not_required,False,2026-09-02T03:27:07Z
603284,林平发展,69.63473162467146,51.67980759910257,59.54398343265981,60.107435378903176,completed,False,not_required,not_required,False,2026-09-02T03:27:07Z
603285,键邦股份,60.17882824058744,51.53978352014996,52.18234317400041,75.90398240411321,completed,False,not_required,not_required,False,2026-09-02T03:27:07Z
603286,日盈电子,26.60139541337921,31.287664526728083,23.985910416447446,54.618074420178516,completed,False,not_required,not_required,False,2026-09-02T03:27:07Z
603288,海天味业,53.152175208538665,41.87164929917858,49.231932373435626,73.8463910951599,completed,False,not_required,not_required,False,2026-09-02T03:27:07Z
603289,泰瑞机器,14.743437179541239,25.344159816547236,24.37308875497288,38.663840671765776,completed,False,not_required,not_required,False,2026-09-02T03:27:07Z
603290,斯达半导,38.67345955215025,40.34860973554867,29.15662408396585,43.64153272833357,completed,False,not_required,not_required,False,2026-09-02T03:27:07Z
603291,联合水务,45.22958671110226,51.70720326496622,47.87573857930491,57.57769767485941,completed,False,not_required,not_required,False,2026-09-02T03:27:07Z
603293,埃泰克,55.19083492308331,47.72018346844445,43.20792602057635,57.89170640978591,completed,False,not_required,not_required,False,2026-09-02T03:27:07Z
603296,华勤技术,61.68200129056922,47.01254192433129,51.913892964521565,77.79451881261934,completed,False,not_required,not_required,False,2026-09-02T03:27:07Z
603297,永新光学,53.3040312074503,45.099671773931576,37.77723902395748,70.6457911314227,completed,False,not_required,not_required,False,2026-09-02T03:27:07Z
603298,杭叉集团,55.80651055115203,45.87907189077783,51.873423403515815,65.02365393048464,completed,False,not_required,not_required,False,2026-09-02T03:27:07Z
603299,苏盐井神,35.211258818831745,38.08097949929671,34.78789852437208,65.7376895146161,completed,False,not_required,not_required,False,2026-09-02T03:27:07Z
603300,海南华铁,49.873697838342274,40.98917222334556,46.238249713983016,33.1617513215654,completed,False,not_required,not_required,False,2026-09-02T03:27:07Z
603301,振德医疗,54.83894722026265,50.174481351066866,45.73248054731171,72.22235385339114,completed,False,not_required,not_required,False,2026-09-02T03:27:07Z
603303,得邦照明,38.64874881519463,33.5734348902308,37.48334574092696,77.20301731407089,completed,False,not_required,not_required,False,2026-09-02T03:27:07Z
603305,旭升集团,52.53783291898814,45.93323633975413,50.71454558096657,79.08733465280964,completed,False,not_required,not_required,False,2026-09-02T03:27:07Z
603306,华懋科技,42.42221731452354,43.53379774795913,35.85010116333323,74.3401173865909,completed,False,not_required,not_required,False,2026-09-02T03:27:07Z
603307,扬州金泉,49.44777645026377,36.92428452660262,50.35339769749911,72.84890371504578,completed,False,not_required,not_required,False,2026-09-02T03:27:07Z
603308,应流股份,40.39280754805456,38.86447841106036,25.43702522526781,46.74826996992493,completed,False,not_required,not_required,False,2026-09-02T03:27:07Z
603309,维力医疗,47.353547128779915,46.051289680063235,39.744916342608214,67.03532485121406,completed,False,not_required,not_required,False,2026-09-02T03:27:07Z
603310,巍华新材,35.87609203752109,30.699606066645906,30.268675739367527,64.23332406393035,completed,False,not_required,not_required,False,2026-09-02T03:27:07Z
603311,金海高科,39.08788627196082,37.92974861113497,35.366930493433365,77.00685712435339,completed,False,not_required,not_required,False,2026-09-02T03:27:07Z
603312,西典新能,41.71886999058067,41.86825848226464,39.624809195831126,69.26303128647453,completed,False,not_required,not_required,False,2026-09-02T03:27:07Z
603313,梦百合,47.06999204454639,44.376202333589745,46.42514741341128,62.53116611100026,completed,False,not_required,not_required,False,2026-09-02T03:27:07Z
603315,福鞍股份,36.41611162253275,37.33995283157335,38.765962887446875,58.04239212001171,completed,False,not_required,not_required,False,2026-09-02T03:27:07Z
603316,诚邦股份,42.70206438684479,29.613361108778477,34.92056061549112,61.05500920146537,completed,False,not_required,not_required,False,2026-09-02T03:27:07Z
603317,天味食品,57.35855941369968,37.27080026055664,53.31301931100268,80.5462907296451,completed,False,not_required,not_required,False,2026-09-02T03:27:07Z
603318,水发燃气,70.39964323892629,60.34052595016084,70.57956543568653,51.7515358509359,completed,False,not_required,not_required,False,2026-09-02T03:27:07Z
603319,美湖股份,46.46727124588511,46.36456194481402,35.142057722234604,61.372176028941425,completed,False,not_required,not_required,False,2026-09-02T03:27:07Z
603320,迪贝电气,49.52926416170115,44.17656117200743,45.966481216368244,56.062167592881465,completed,False,not_required,not_required,False,2026-09-02T03:27:07Z
603321,梅轮电梯,44.64955146636517,44.92006828164346,41.91661408098555,69.264807309801,completed,False,not_required,not_required,False,2026-09-02T03:27:07Z
603322,超讯科技,31.651087621171598,35.04861505244548,31.57850115877221,33.25639546382929,completed,False,not_required,not_required,False,2026-09-02T03:27:07Z
603323,苏农银行,34.66615642615941,33.022163621209685,33.124054299904834,43.30182870017278,completed,False,not_required,not_required,False,2026-09-02T03:27:07Z
603324,盛剑科技,23.07432973778652,33.481307585524725,14.17762122525007,60.216774580536146,completed,False,not_required,not_required,False,2026-09-02T03:27:07Z
603325,博隆技术,28.664509498251018,36.54580225761689,29.459403381212134,54.030036642793256,completed,False,not_required,not_required,False,2026-09-02T03:27:07Z
603326,我乐家居,50.08166461614125,50.985192736680986,48.69925794314906,45.773582228551696,completed,False,not_required,not_required,False,2026-09-02T03:27:07Z
603327,福蓉科技,44.63675095097426,37.53685202722823,37.19180710042243,49.97714109789043,completed,False,not_required,not_required,False,2026-09-02T03:27:07Z
603328,依顿电子,45.59119679577664,42.09014771102742,39.49856357625673,68.4101370384748,completed,False,not_required,not_required,False,2026-09-02T03:27:07Z
603329,上海雅仕,67.30602435493851,50.72889837018375,68.2967391944236,68.2047098021067,completed,False,not_required,not_required,False,2026-09-02T03:27:07Z
603330,天洋新材,57.08807693776107,54.20738132867652,74.18312913827185,55.426988678789165,completed,False,not_required,not_required,False,2026-09-02T03:27:07Z
603331,百达精工,62.17970586142919,56.35155125607808,49.93863300057331,48.72697645168476,completed,False,not_required,not_required,False,2026-09-02T03:27:07Z
603332,苏州龙杰,75.47907035038726,54.2251946784433,64.74508409494966,53.29854231644654,completed,False,not_required,not_required,False,2026-09-02T03:27:07Z
603333,福华尚纬,58.86508505270177,58.81169882148329,57.6589879746199,43.55856634069694,completed,False,not_required,not_required,False,2026-09-02T03:27:07Z
603334,丰倍生物,40.04002270390388,29.10298588518978,35.85177691477339,51.17073515479744,completed,False,not_required,not_required,False,2026-09-02T03:27:07Z
603335,迪生力,35.314414961969256,44.55390201655675,42.32627211383717,52.95290887126723,completed,False,not_required,not_required,False,2026-09-02T03:27:07Z
603336,宏辉果蔬,50.26400544487191,48.0511125670639,49.989407004757766,70.6280360028279,completed,False,not_required,not_required,False,2026-09-02T03:27:07Z
603337,杰克科技,56.957087702331854,42.9025523881288,46.11913516492032,77.25248923227296,completed,False,not_required,not_required,False,2026-09-02T03:27:07Z
603338,浙江鼎力,44.97304313737509,36.346726202721655,38.156781390700424,56.193924173198006,completed,False,not_required,not_required,False,2026-09-02T03:27:07Z
603339,四方科技,66.57547232655836,59.03237002866562,53.713495204892425,62.29366522422614,completed,False,not_required,not_required,False,2026-09-02T03:27:07Z
603341,龙旗科技,59.125565955118866,55.34887471743458,52.26822521619401,76.23035060943944,completed,False,not_required,not_required,False,2026-09-02T03:27:07Z
603344,星德胜,44.04892927573309,40.79365833655359,39.97870765757578,73.66500138864187,completed,False,not_required,not_required,False,2026-09-02T03:27:07Z
603345,安井食品,49.54945559915605,39.7005934171772,47.460424982001385,59.141680967492285,completed,False,not_required,not_required,False,2026-09-02T03:27:07Z
603348,文灿股份,25.61447219985321,36.352114081167024,28.426750964214463,39.621021761189965,completed,False,not_required,not_required,False,2026-09-02T03:27:07Z
603350,安乃达,43.11784864788832,38.744078562412795,38.64348193115933,60.91230918921219,completed,False,not_required,not_required,False,2026-09-02T03:27:07Z
603351,威尔药业,58.830088541499634,48.54483623635911,51.16367848973421,50.62220992776647,completed,False,not_required,not_required,False,2026-09-02T03:27:07Z
603352,至信股份,46.75401921574191,48.30509551263694,34.98255508980145,56.63843412821701,completed,False,not_required,not_required,False,2026-09-02T03:27:07Z
603353,和顺石油,72.35599501546642,55.22394948540202,64.92523338731925,78.43207829562557,completed,True,completed_or_best_effort,completed,False,2026-09-02T03:27:07Z
603355,莱克电气,52.344178262915605,45.76867291387613,48.19922274806006,59.1497965526183,completed,False,not_required,not_required,False,2026-09-02T03:27:07Z
603356,华菱精工,27.097152193338374,36.4804636388299,29.413663134789523,35.663085618344695,completed,False,not_required,not_required,False,2026-09-02T03:27:07Z
603357,设计总院,19.881445880289952,29.925408034728708,38.9404071097071,71.09370491851115,completed,False,not_required,not_required,False,2026-09-02T03:27:07Z
603358,华达科技,19.722868803837187,24.458704324665103,22.937739230280748,36.65535476151528,completed,False,not_required,not_required,False,2026-09-02T03:27:07Z
603359,*ST东珠,5.324218010136612,34.79724806913603,20.939540423758764,2.599984684411236,completed,False,not_required,not_required,False,2026-09-02T03:27:07Z
603360,百傲化学,46.157712040142066,49.66251776900814,33.888764664793484,68.16216486755656,completed,False,not_required,not_required,False,2026-09-02T03:27:07Z
603363,傲农生物,19.48263694462054,21.770164609052383,18.743068721795865,29.021305131748484,completed,False,not_required,not_required,False,2026-09-02T03:27:07Z
603365,水星家纺,40.705738067607804,38.478814636631604,44.20819136368639,67.44221169714692,completed,False,not_required,not_required,False,2026-09-02T03:27:07Z
603366,日出东方,46.03212178422314,37.74482522225504,41.493595637225056,46.71293076859996,completed,False,not_required,not_required,False,2026-09-02T03:27:07Z
603367,辰欣药业,60.137091373182336,47.81414722581556,58.936523336894616,53.512053537807816,completed,False,not_required,not_required,False,2026-09-02T03:27:07Z
603368,柳药集团,48.39665163729521,43.10756278676536,46.91470294002904,71.62494580183446,completed,False,not_required,not_required,False,2026-09-02T03:27:07Z
603369,今世缘,62.08652089277125,56.706215947063484,51.993466645635756,51.20302019504721,completed,False,not_required,not_required,False,2026-09-02T03:27:07Z
603370,华新精科,42.057963533810685,45.19615470211131,37.331611050612324,51.13420489886017,completed,False,not_required,not_required,False,2026-09-02T03:27:07Z
603373,安邦护卫,46.833558606579075,43.68292772015995,48.69331599004086,55.64467276754111,completed,False,not_required,not_required,False,2026-09-02T03:27:07Z
603375,盛景微,21.51335023619781,22.957297535367104,26.328070281022388,58.365397067326086,completed,False,not_required,not_required,False,2026-09-02T03:27:07Z
603376,大明电子,38.45867325621198,40.41314223298389,35.471365712637436,63.172548839232654,completed,False,not_required,not_required,False,2026-09-02T03:27:07Z
603377,ST东时,12.594231166187889,22.917030514003446,17.361091165746636,3.9191627163658076,completed,False,not_required,not_required,False,2026-09-02T03:27:07Z
603378,*ST亚士,13.769998098216128,34.66596195218324,27.40826228225753,2.9281152439467846,completed,False,not_required,not_required,False,2026-09-02T03:27:07Z
603379,三美股份,58.526794802140444,48.945708436992035,50.98208548473727,48.9749110813785,completed,False,not_required,not_required,False,2026-09-02T03:27:07Z
603380,易德龙,60.28807013849951,50.962475164980205,46.35409910399939,70.1859195293332,completed,False,not_required,not_required,False,2026-09-02T03:27:07Z
603381,永臻股份,27.205549630341935,35.323195826803016,32.56435124511215,61.02353308407928,completed,False,not_required,not_required,False,2026-09-02T03:27:07Z
603382,海阳科技,62.77892027667533,56.01223512541146,54.00712182688061,59.57146473330428,completed,False,not_required,not_required,False,2026-09-02T03:27:07Z
603383,顶点软件,34.59226606932324,32.4034211497224,34.7642977699954,66.68423363662976,completed,False,not_required,not_required,False,2026-09-02T03:27:07Z
603385,惠达卫浴,19.700654469059277,29.717934517195236,29.040890123964296,43.41777921194557,completed,False,not_required,not_required,False,2026-09-02T03:27:07Z
603386,骏亚科技,23.3854853894779,34.761701464420725,23.513592338179507,40.8914557772326,completed,False,not_required,not_required,False,2026-09-02T03:27:07Z
603387,基蛋生物,63.45953790381611,52.21003025671571,61.60166339447959,67.21689940326372,completed,False,not_required,not_required,False,2026-09-02T03:27:07Z
603389,亚振家居,55.27152596954655,45.123327772019664,40.299602750195966,16.692558449998735,completed,False,not_required,not_required,False,2026-09-02T03:27:07Z
603390,通达电气,37.4517137320379,38.29370848892381,41.838744479732576,71.95409023661153,completed,False,not_required,not_required,False,2026-09-02T03:27:07Z
603391,力聚热能,56.145912828831825,56.58022084568726,47.34009187614222,54.95607640072194,completed,False,not_required,not_required,False,2026-09-02T03:27:07Z
603392,万泰生物,39.128443916294074,47.74487166574958,47.98917387741552,56.41404699914459,completed,False,not_required,not_required,False,2026-09-02T03:27:07Z
603393,新天然气,57.03320038850943,52.070298300712416,55.328681475139376,43.41324443894402,completed,False,not_required,not_required,False,2026-09-02T03:27:07Z
603395,红四方,41.11804716756949,34.79028498904767,31.311200554776125,63.29290322803756,completed,False,not_required,not_required,False,2026-09-02T03:27:07Z
603396,金辰股份,39.538694731872724,47.81268224220572,41.122293227081556,69.17554306148914,completed,False,not_required,not_required,False,2026-09-02T03:27:07Z
603398,*ST沐邦,11.611333870482412,19.802733642660893,26.41579877632298,2.775613274417381,completed,False,not_required,not_required,False,2026-09-02T03:27:07Z
603399,永杉锂业,60.20790324101557,35.61453222341109,56.30702364182256,45.71914407778055,completed,False,not_required,not_required,False,2026-09-02T03:27:07Z
603400,华之杰,30.318625783651882,31.311456783655434,29.911700582516232,47.3946358522427,completed,False,not_required,not_required,False,2026-09-02T03:27:07Z
603402,陕西旅游,43.94482467310436,40.863977784990205,46.182822028675524,58.21776723857974,completed,False,not_required,not_required,False,2026-09-02T03:27:07Z
603406,天富龙,58.65281730217474,53.56417388426459,57.46997005726803,63.8790934982451,completed,False,not_required,not_required,False,2026-09-02T03:27:07Z
603407,长裕集团,57.92316117487528,48.83663878917604,52.77154208714365,63.56756533435377,completed,False,not_required,not_required,False,2026-09-02T03:27:07Z
603408,建霖家居,55.73078764391355,48.53000072294279,48.49329994595377,58.33512608310018,completed,False,not_required,not_required,False,2026-09-02T03:27:07Z
603409,汇通控股,53.601645516301154,49.463236273234365,47.540559348068925,75.24985097066951,completed,False,not_required,not_required,False,2026-09-02T03:27:07Z
603416,信捷电气,56.412178374884725,42.954514108676975,41.67370220955468,73.12231284336977,completed,False,not_required,not_required,False,2026-09-02T03:27:07Z
603418,友升股份,47.96343557513498,44.57483514109995,53.064064347078265,56.50976979548198,completed,False,not_required,not_required,False,2026-09-02T03:27:07Z
603421,鼎信通讯,14.272779946357645,22.422070473338728,24.7740554856984,20.00673939793287,completed,False,not_required,not_required,False,2026-09-02T03:27:07Z
603429,*ST集友,10.707635484137924,27.825358399920027,24.183819695166584,44.97431362184355,completed,False,not_required,not_required,False,2026-09-02T03:27:07Z
603435,嘉德利,54.53950694570611,45.484385844830946,39.446682742401315,58.37463620618904,completed,False,not_required,not_required,False,2026-09-02T03:27:07Z
603439,三力制药,31.876131356604205,33.88151192236405,34.74936224523471,74.17542139663828,completed,False,not_required,not_required,False,2026-09-02T03:27:07Z
603444,吉比特,62.8815365738164,38.802258349784445,53.456403406429246,62.38572385443444,completed,False,not_required,not_required,False,2026-09-02T03:27:07Z
603456,九洲药业,49.55997856116542,49.022492230154356,47.705602511445576,74.95729509862848,completed,False,not_required,not_required,False,2026-09-02T03:27:07Z
603458,勘设股份,24.339667336964332,34.90796665475203,33.02392808595237,43.379124975438195,completed,False,not_required,not_required,False,2026-09-02T03:27:07Z
603459,红板科技,66.21640859305772,52.606356605147845,49.32095322817371,68.25426811808362,completed,False,not_required,not_required,False,2026-09-02T03:27:07Z
603466,风语筑,69.94940010647652,60.63190790357809,66.58454424683416,52.02797625144988,completed,False,not_required,not_required,False,2026-09-02T03:27:07Z
603468,津富士达,61.693673667145035,45.725860123107914,51.05492721418702,60.10852909321452,completed,False,not_required,not_required,False,2026-09-02T03:27:07Z
603477,巨星农牧,15.665131763413534,28.41665843811729,15.480303449027923,21.26281929746402,completed,False,not_required,not_required,False,2026-09-02T03:27:07Z
603486,科沃斯,59.036506800318,47.96231615834628,51.208468451078005,79.36301570638803,completed,False,not_required,not_required,False,2026-09-02T03:27:07Z
603488,展鹏科技,39.353138984415814,38.73572072041975,42.21682653576499,37.45743325989929,completed,False,not_required,not_required,False,2026-09-02T03:27:07Z
603489,八方股份,74.16942703419,59.606465853351466,65.76743646215563,62.496088509594664,completed,False,not_required,not_required,False,2026-09-02T03:27:07Z
603496,恒为科技,34.01171107650876,32.923110141517256,35.29712128581527,53.01182288511893,completed,False,not_required,not_required,False,2026-09-02T03:27:07Z
603499,翔港科技,59.40224149977118,47.52575259047131,49.788207044405105,52.15339952939221,completed,False,not_required,not_required,False,2026-09-02T03:27:07Z
603500,祥和实业,57.08464449204337,53.22702986706413,50.81976055771119,78.52162752028609,completed,False,not_required,not_required,False,2026-09-02T03:27:07Z
603501,豪威集团,41.570100852676426,41.55419994634021,35.87243949860257,73.47067990551156,completed,False,not_required,not_required,False,2026-09-02T03:27:07Z
603505,金石资源,44.89906544338059,37.84955239194894,27.532319038417075,53.417341023878826,completed,False,not_required,not_required,False,2026-09-02T03:27:07Z
603506,南都物业,40.47124416678313,34.76121910710058,39.816744913737175,53.50242611777589,completed,False,not_required,not_required,False,2026-09-02T03:27:07Z
603507,振江股份,62.53886576377854,42.16306387888189,46.2202132666481,71.56832156470833,completed,False,not_required,not_required,False,2026-09-02T03:27:07Z
603508,思维列控,42.22756626730635,32.85395069146258,44.11734533084521,73.740249697097,completed,False,not_required,not_required,False,2026-09-02T03:27:07Z
603511,爱慕股份,60.76679602248195,49.47934493371541,60.7419563159218,81.03428028819019,completed,False,not_required,not_required,False,2026-09-02T03:27:07Z
603515,欧普照明,41.40434541170397,37.04588538543997,41.267112120210975,72.80400731883405,completed,False,not_required,not_required,False,2026-09-02T03:27:07Z
603516,淳中科技,44.0245793419691,37.2962432807281,52.78883179702138,65.22533352061136,completed,False,not_required,not_required,False,2026-09-02T03:27:07Z
603517,ST绝味,33.017993475580745,37.862920998024485,37.93356747389074,38.88809239785314,completed,False,not_required,not_required,False,2026-09-02T03:27:07Z
603518,锦泓集团,54.01038649757953,44.83164826316484,53.13729342001573,72.13181083683145,completed,False,not_required,not_required,False,2026-09-02T03:27:07Z
603519,立霸股份,63.40382273807991,49.60531224105068,53.70425033876034,50.881671206375415,completed,False,not_required,not_required,False,2026-09-02T03:27:07Z
603520,司太立,50.54696041419121,42.979956934387786,42.04067483155931,48.131062187463996,completed,False,not_required,not_required,False,2026-09-02T03:27:07Z
603527,众源新材,52.19349329654594,41.996593047458106,42.735799442281134,40.54852394416637,completed,False,not_required,not_required,False,2026-09-02T03:27:07Z
603528,多伦科技,36.92653862530882,45.350594901033006,31.247157430336046,30.44533055413705,completed,False,not_required,not_required,False,2026-09-02T03:27:07Z
603529,爱玛科技,42.78096016995958,44.714084854519186,40.97754939425257,69.22173974376551,completed,False,not_required,not_required,False,2026-09-02T03:27:07Z
603530,神马电力,59.4965883069555,52.00480406917551,49.055386705164935,79.99942451207409,completed,False,not_required,not_required,False,2026-09-02T03:27:07Z
603533,掌阅科技,48.1456570300532,31.183825296421144,52.35719077639646,49.088396825132094,completed,False,not_required,not_required,False,2026-09-02T03:27:07Z
603535,嘉诚国际,35.82691079391216,39.54158821257213,36.07561710140186,36.92810413985328,completed,False,not_required,not_required,False,2026-09-02T03:27:07Z
603536,惠发食品,58.582456658659595,45.03559905695072,70.08951627369744,75.39913627323968,completed,False,not_required,not_required,False,2026-09-02T03:27:07Z
603538,美诺华,48.80498408468766,41.93445139117992,35.011678192756115,71.84113650131991,completed,False,not_required,not_required,False,2026-09-02T03:27:07Z
603551,奥普科技,47.191244304472285,40.97236201115846,45.78275627319254,76.30908173161266,completed,False,not_required,not_required,False,2026-09-02T03:27:07Z
603556,海兴电力,43.13280563144501,42.63077729163145,40.75266469689539,72.21428723135328,completed,False,not_required,not_required,False,2026-09-02T03:27:07Z
603557,*ST起步,38.2315204842478,34.877839424783716,36.91380880816618,4.957047695809319,completed,False,not_required,not_required,False,2026-09-02T03:27:07Z
603558,健盛集团,52.33373823315739,52.47384904670407,46.40046968169785,81.11604559946477,completed,False,not_required,not_required,False,2026-09-02T03:27:07Z
603559,中通国脉,41.87259544085063,36.69921720690292,48.2391809307181,49.40969662820005,completed,False,not_required,not_required,False,2026-09-02T03:27:07Z
603565,中谷物流,64.3491624263257,52.73816547851094,58.28374076968845,56.76564701238542,completed,False,not_required,not_required,False,2026-09-02T03:27:07Z
603566,普莱柯,34.84804541703781,43.703287839816504,39.79449227351984,50.860708938906896,completed,False,not_required,not_required,False,2026-09-02T03:27:07Z
603567,珍宝岛,28.502493434019968,43.394470289875755,40.06383609383508,48.24872391668523,completed,False,not_required,not_required,False,2026-09-02T03:27:07Z
603568,伟明环保,44.3801249940988,52.71203542348365,44.25637518598976,79.05820223117385,completed,False,not_required,not_required,False,2026-09-02T03:27:07Z
603569,长久物流,54.04663215906737,48.17740381213079,52.95754986909686,67.15757215297069,completed,False,not_required,not_required,False,2026-09-02T03:27:07Z
603577,汇金通,32.57354877889638,30.559403006480718,32.850340049922366,50.31447405911783,completed,False,not_required,not_required,False,2026-09-02T03:27:07Z
603578,三星新材,38.41050562029004,36.02875674180638,44.15576583291649,44.29319738760618,completed,False,not_required,not_required,False,2026-09-02T03:27:07Z
603579,荣泰健康,51.246751628359775,42.14609182562941,42.12500076773332,72.1854219819263,completed,False,not_required,not_required,False,2026-09-02T03:27:07Z
603580,艾艾精工,42.64932130631025,33.908154909302915,28.360247921179795,18.2403116987595,completed,False,not_required,not_required,False,2026-09-02T03:27:07Z
603583,捷昌驱动,58.62725067210063,52.75069749536841,51.71753651581522,79.45969815478371,completed,False,not_required,not_required,False,2026-09-02T03:27:07Z
603585,苏利股份,51.441176887677486,48.741918132976764,48.02618033044209,64.6759295739969,completed,False,not_required,not_required,False,2026-09-02T03:27:07Z
603586,金麒麟,41.6278530116069,43.14152571242227,48.05555687236703,58.43061824308534,completed,False,not_required,not_required,False,2026-09-02T03:27:07Z
603587,地素时尚,58.05339330659759,41.82956227937137,55.60118479785212,73.07870515379918,completed,False,not_required,not_required,False,2026-09-02T03:27:07Z
603588,高能环境,55.488277616145204,48.36461141321417,40.938685968119024,73.59135195413243,completed,False,not_required,not_required,False,2026-09-02T03:27:07Z
603589,口子窖,26.235989242205896,34.16307772618955,28.899297816210712,39.593858827393596,completed,False,not_required,not_required,False,2026-09-02T03:27:07Z
603590,康辰药业,47.22644202720033,43.612569431767064,50.01292447818123,76.24732190199852,completed,False,not_required,not_required,False,2026-09-02T03:27:07Z
603595,ST东尼,50.36033110098694,41.834877082503866,55.568580496502754,20.382309223006697,completed,False,not_required,not_required,False,2026-09-02T03:27:07Z
603596,伯特利,68.56259091148745,56.68034349548918,55.249754927665904,75.853781814913,completed,False,not_required,not_required,False,2026-09-02T03:27:07Z
603598,引力传媒,32.84698190360866,29.24156193268677,20.54937188514962,34.650205883939144,completed,False,not_required,not_required,False,2026-09-02T03:27:07Z
603599,广信股份,50.28921207828879,48.988271859505474,57.988912514901045,42.148477686235665,completed,False,not_required,not_required,False,2026-09-02T03:27:07Z
603600,永艺股份,54.85103652696315,42.50204182272383,47.5522247766917,57.605503641506374,completed,False,not_required,not_required,False,2026-09-02T03:27:07Z
603601,再升科技,52.71482086616896,47.26903163543896,47.4143093489773,48.279601808905035,completed,False,not_required,not_required,False,2026-09-02T03:27:07Z
603602,纵横通信,52.778468632290256,39.02918220867243,44.35604284517721,72.874979339276,completed,False,not_required,not_required,False,2026-09-02T03:27:07Z
603605,珀莱雅,68.02883178518734,51.60667731106595,61.50593008542876,83.1608454196729,completed,True,completed_or_best_effort,completed,True,2026-09-02T03:27:07Z
603606,东方电缆,49.435217431378405,48.19493907887362,39.52319161075912,68.12786132889606,completed,False,not_required,not_required,False,2026-09-02T03:27:07Z
603607,京华激光,49.64319730988421,42.58231959510764,47.5034329849137,55.223063961617456,completed,False,not_required,not_required,False,2026-09-02T03:27:07Z
603608,天创时尚,54.6181581896637,41.32880319224703,46.36746557451858,83.22500224545554,completed,False,not_required,not_required,False,2026-09-02T03:27:07Z
603609,禾丰股份,24.44069265494943,24.542823733949106,29.304566801137398,58.60437405716555,completed,False,not_required,not_required,False,2026-09-02T03:27:07Z
603610,麒盛科技,40.74800927630021,38.322796965786544,30.65872515598767,43.15370479900263,completed,False,not_required,not_required,False,2026-09-02T03:27:07Z
603611,诺力股份,39.54121961357311,42.14496931801937,34.11303682388712,44.80123414425749,completed,False,not_required,not_required,False,2026-09-02T03:27:07Z
603612,索通发展,37.715780075056884,32.530611317898014,29.32988638571938,51.14547031342761,completed,False,not_required,not_required,False,2026-09-02T03:27:07Z
603613,国联股份,42.280301112257305,38.512000900935156,47.66538425588799,45.73674280265758,completed,False,not_required,not_required,False,2026-09-02T03:27:07Z
603615,茶花股份,36.82197697740319,23.01216385722773,41.3449299169124,42.47719246858087,completed,False,not_required,not_required,False,2026-09-02T03:27:07Z
603616,韩建河山,20.740829281689706,49.46937264265745,26.661358360795546,67.51573281501229,completed,False,not_required,not_required,False,2026-09-02T03:27:07Z
603617,君禾股份,68.52698040202915,59.30204356856956,57.73869222993133,74.59577152053667,completed,False,not_required,not_required,False,2026-09-02T03:27:07Z
603618,杭电股份,63.909797488787135,52.13563674154424,51.46975564112363,45.770566678106896,completed,False,not_required,not_required,False,2026-09-02T03:27:07Z
603619,中曼石油,49.314748619790485,50.287722283847,44.44347329066649,56.56016630218317,completed,False,not_required,not_required,False,2026-09-02T03:27:07Z
603626,科森科技,32.691720781389314,34.28586141773607,27.08397467488501,42.38193957421419,completed,False,not_required,not_required,False,2026-09-02T03:27:07Z
603628,清源股份,39.03930066030137,42.95724557118356,45.8700979221687,70.740140763225,completed,False,not_required,not_required,False,2026-09-02T03:27:07Z
603629,利通电子,71.07412951864673,45.789549203590326,52.992074562696324,56.35250196078931,completed,False,not_required,not_required,False,2026-09-02T03:27:07Z
603630,拉芳家化,68.17941961199257,59.30519732595827,76.58293567518706,64.54836430907244,completed,False,not_required,not_required,False,2026-09-02T03:27:07Z
603633,徕木股份,16.293269970588664,32.58567971783088,12.107993649191254,25.876888264570894,completed,False,not_required,not_required,False,2026-09-02T03:27:07Z
603636,南威软件,19.02573945672696,39.99992545016306,27.167910893689232,24.926640772178978,completed,False,not_required,not_required,False,2026-09-02T03:27:07Z
603637,镇海股份,45.44568103535294,40.11942402362961,41.08738553356313,66.8672042021748,completed,False,not_required,not_required,False,2026-09-02T03:27:07Z
603638,艾迪精密,58.74253296383034,44.24982732850486,47.22768917888491,75.44667148122186,completed,False,not_required,not_required,False,2026-09-02T03:27:07Z
603639,海利尔,29.24776906292969,35.896204430847746,36.43633039425946,51.17140648716616,completed,False,not_required,not_required,False,2026-09-02T03:27:07Z
603648,畅联股份,56.81985178829757,46.92569570104641,55.94271185696174,51.10385150816366,completed,False,not_required,not_required,False,2026-09-02T03:27:07Z
603650,彤程新材,55.6921063305549,46.55124951936925,36.454207526735075,73.24025955080957,completed,False,not_required,not_required,False,2026-09-02T03:27:07Z
603655,朗博科技,50.19458127373045,47.813222015717756,46.71506935346404,47.51241742502657,completed,False,not_required,not_required,False,2026-09-02T03:27:07Z
603656,泰禾智能,47.826623774017044,38.43048399312606,39.79490215728846,66.29151424317669,completed,False,not_required,not_required,False,2026-09-02T03:27:07Z
603657,春光科技,30.718158492502376,43.638150809325865,23.047490143278473,24.583857964645837,completed,False,not_required,not_required,False,2026-09-02T03:27:07Z
603658,安图生物,49.27914714888613,54.911767724061,49.35124710288456,54.83845894535023,completed,False,not_required,not_required,False,2026-09-02T03:27:07Z
603659,璞泰来,57.61148893646882,44.4781675306971,38.497932992875704,73.93171858569727,completed,False,not_required,not_required,False,2026-09-02T03:27:07Z
603660,苏州科达,36.42349230260318,44.89432301783607,35.89861272043886,54.816012434134926,completed,False,not_required,not_required,False,2026-09-02T03:27:07Z
603661,恒林股份,49.29380996274442,40.26201327269485,39.609171822207806,53.54617071456617,completed,False,not_required,not_required,False,2026-09-02T03:27:07Z
603662,柯力传感,57.6632407203649,53.388040980965926,46.1055889568374,65.59096721056937,completed,False,not_required,not_required,False,2026-09-02T03:27:07Z
603663,三祥新材,50.50639696132625,40.66353175243883,44.55808324834914,78.34134114162518,completed,False,not_required,not_required,False,2026-09-02T03:27:07Z
603665,康隆达,74.20174283057439,62.49205990347647,69.44541565582102,52.19866189324286,completed,False,not_required,not_required,False,2026-09-02T03:27:07Z
603666,亿嘉和,10.524336584384404,31.849494137102674,24.17192660744515,36.175013614703246,completed,False,not_required,not_required,False,2026-09-02T03:27:07Z
603667,五洲新春,43.836684043031774,46.46058697573999,41.815975064325414,51.9463456175381,completed,False,not_required,not_required,False,2026-09-02T03:27:07Z
603668,天马科技,41.015060985559266,40.61750077624119,29.70595094308177,41.36643445505078,completed,False,not_required,not_required,False,2026-09-02T03:27:07Z
603669,灵康药业,61.600478370094905,47.66612296832822,67.28454413815521,63.966132373966346,completed,False,not_required,not_required,False,2026-09-02T03:27:07Z
603676,卫信康,43.94106939256638,36.21914923123066,45.6539786220452,56.991858030091116,completed,False,not_required,not_required,False,2026-09-02T03:27:07Z
603677,奇精机械,27.179522323182276,30.034383871711583,24.836280597182437,50.05650193418871,completed,False,not_required,not_required,False,2026-09-02T03:27:07Z
603678,火炬电子,46.51293214663506,39.51903972781634,35.30656532703272,55.36558065127949,completed,False,not_required,not_required,False,2026-09-02T03:27:07Z
603679,华体科技,48.252158794398945,43.597000698600404,53.537773179059066,46.818466335397574,completed,False,not_required,not_required,False,2026-09-02T03:27:07Z
603680,今创集团,48.721796409483034,42.217882982908456,55.72071187917129,52.23280240571281,completed,False,not_required,not_required,False,2026-09-02T03:27:07Z
603681,永冠新材,71.0830066095157,58.01286463640286,63.47443845600406,77.88391944389488,completed,False,not_required,not_required,False,2026-09-02T03:27:07Z
603682,锦和商管,46.347711230605285,45.39616505484286,41.95774351514623,50.64052847521372,completed,False,not_required,not_required,False,2026-09-02T03:27:07Z
603683,晶华新材,55.47668039132322,45.46797286892151,47.54341800311095,77.42505137628329,completed,False,not_required,not_required,False,2026-09-02T03:27:07Z
603685,晨丰科技,40.00986703839576,42.19392257252795,37.116956757291476,71.95658711335425,completed,False,not_required,not_required,False,2026-09-02T03:27:07Z
603686,福龙马,52.17158760969258,52.054220566210574,53.10438527911015,80.07990636174056,completed,False,not_required,not_required,False,2026-09-02T03:27:07Z
603687,大胜达,56.181045754948315,50.197128146874604,51.163337401633356,74.11809474651972,completed,False,not_required,not_required,False,2026-09-02T03:27:07Z
603688,石英股份,47.67354532173822,49.33839169307312,37.8352872565196,45.514119363765765,completed,False,not_required,not_required,False,2026-09-02T03:27:07Z
603689,皖天然气,60.90305101364307,50.181394691347094,58.14987987489913,70.87365978718692,completed,False,not_required,not_required,False,2026-09-02T03:27:07Z
603690,至纯科技,5.544971553747462,26.376423683775336,13.651237803721102,27.610006782000205,completed,False,not_required,not_required,False,2026-09-02T03:27:07Z
603693,江苏新能,35.13747032518923,37.15663120529628,37.76995453597238,55.182535358682586,completed,False,not_required,not_required,False,2026-09-02T03:27:07Z
603696,安记食品,36.02328360716475,33.33977942646426,37.716246829520166,45.33556312098897,completed,False,not_required,not_required,False,2026-09-02T03:27:07Z
603697,有友食品,52.642503858100696,36.21764259630505,43.236077613729066,51.403226059714235,completed,False,not_required,not_required,False,2026-09-02T03:27:07Z
603698,航天工程,36.79361078182649,35.76721315832235,30.585806148974413,51.558995972722975,completed,False,not_required,not_required,False,2026-09-02T03:27:07Z
603699,纽威股份,54.21895902602879,43.905208276305174,42.0825106023554,75.47204482671957,completed,False,not_required,not_required,False,2026-09-02T03:27:07Z
603700,宁水集团,32.50003715754598,35.27407459283989,36.8910000620198,54.66526632411331,completed,False,not_required,not_required,False,2026-09-02T03:27:07Z
603701,德宏股份,30.566562597095917,28.32356161485621,21.170139390306723,37.68623098852396,completed,False,not_required,not_required,False,2026-09-02T03:27:07Z
603703,盛洋科技,30.81542939962295,29.70816131652369,17.914845714669774,53.31082959788546,completed,False,not_required,not_required,False,2026-09-02T03:27:07Z
603706,东方环宇,37.59568228761795,33.17496317383723,42.15447878739527,53.399934666368864,completed,False,not_required,not_required,False,2026-09-02T03:27:07Z
603707,健友股份,33.9106471079056,32.270499598136,33.38447890698152,71.06616215249323,completed,False,not_required,not_required,False,2026-09-02T03:27:07Z
603708,家家悦,54.091425157739195,40.80301995785873,45.16279565870582,61.1975262743029,completed,False,not_required,not_required,False,2026-09-02T03:27:07Z
603709,中源家居,65.00164775613277,51.245911609943256,63.46967524501163,69.6788603563881,completed,False,not_required,not_required,False,2026-09-02T03:27:07Z
603711,香飘飘,32.59989922082298,33.59829258257177,41.04512219193682,49.0065850128373,completed,False,not_required,not_required,False,2026-09-02T03:27:07Z
603712,七一二,39.95040213012212,40.86620467425326,38.634152110002134,52.45132313601306,completed,False,not_required,not_required,False,2026-09-02T03:27:07Z
603713,密尔克卫,56.05684245313539,44.76114685887682,47.383945752517256,64.27295542205427,completed,False,not_required,not_required,False,2026-09-02T03:27:07Z
603716,塞力医疗,33.169920547150106,37.59201455467335,45.99804570720271,62.76246733078347,completed,False,not_required,not_required,False,2026-09-02T03:27:07Z
603717,天域生物,16.0339537409872,29.013756035556487,11.685512573281356,5.123116501983353,completed,False,not_required,not_required,False,2026-09-02T03:27:07Z
603718,*ST海利,35.27908475674562,33.443175688126416,27.337406160207024,58.77197295573872,completed,False,not_required,not_required,False,2026-09-02T03:27:07Z
603719,良品铺子,53.740583345718065,38.55234013497346,57.59720767648173,67.53228269509424,completed,False,not_required,not_required,False,2026-09-02T03:27:07Z
603721,中广天择,27.39227769529125,29.026947676624864,40.99825399419508,19.124151656096004,completed,False,not_required,not_required,False,2026-09-02T03:27:07Z
603722,阿科力,30.320385337018806,34.03205827720625,26.94581493526791,66.18193707622142,completed,False,not_required,not_required,False,2026-09-02T03:27:07Z
603725,天安新材,32.67298086610591,32.303925722639484,26.88838192149382,61.540379788661134,completed,False,not_required,not_required,False,2026-09-02T03:27:07Z
603726,朗迪集团,58.80031848919231,48.18083584363398,49.79113057546431,70.98062701491995,completed,False,not_required,not_required,False,2026-09-02T03:27:07Z
603727,博迈科,23.007115870472944,39.21858705997494,25.704778194308663,48.230336908003004,completed,False,not_required,not_required,False,2026-09-02T03:27:07Z
603728,鸣志电器,51.76623638969697,48.10445839671837,41.10152499033878,56.99637514353346,completed,False,not_required,not_required,False,2026-09-02T03:27:07Z
603729,ST龙韵,46.65736539063131,42.27458431948065,67.21903878769243,70.91943793608372,completed,False,not_required,not_required,False,2026-09-02T03:27:07Z
603730,岱美股份,65.32632461140874,52.68854077219728,58.30990319349327,53.70042859391771,completed,False,not_required,not_required,False,2026-09-02T03:27:07Z
603733,仙鹤股份,56.32860359142363,49.19433890195985,49.04165349923786,23.14171875917862,completed,False,not_required,not_required,False,2026-09-02T03:27:07Z
603737,三棵树,37.89540963607509,34.88008367450968,31.874854526758767,52.511917069333,completed,False,not_required,not_required,False,2026-09-02T03:27:07Z
603738,泰晶科技,58.04763033468001,46.18843670807587,50.678626831825554,65.72495778970814,completed,False,not_required,not_required,False,2026-09-02T03:27:07Z
603739,蔚蓝生物,48.21755237773524,44.29169478514189,44.312604635261806,66.3207561607791,completed,False,not_required,not_required,False,2026-09-02T03:27:07Z
603755,日辰股份,43.43967261857219,33.95559191962788,37.137773370419346,59.87497156162876,completed,False,not_required,not_required,False,2026-09-02T03:27:07Z
603757,大元泵业,33.99132510833971,38.226300283593645,30.90266116016196,68.28518811479005,completed,False,not_required,not_required,False,2026-09-02T03:27:07Z
603758,秦安股份,39.31956553429635,37.44136328426637,43.09642923012967,54.25450310302564,completed,False,not_required,not_required,False,2026-09-02T03:27:07Z
603759,海天股份,46.636139213676024,36.74929842406853,45.19653945060154,40.114300660331445,completed,False,not_required,not_required,False,2026-09-02T03:27:07Z
603766,隆鑫通用,56.13905352199793,43.4689321190189,49.07807125672261,63.06775038710365,completed,False,not_required,not_required,False,2026-09-02T03:27:07Z
603767,中马传动,54.63381485440879,48.777651121064636,55.90298606313795,50.8737622914624,completed,False,not_required,not_required,False,2026-09-02T03:27:07Z
603768,常青股份,59.46263033191927,57.7087125605494,63.19905889246321,63.500649794860834,completed,False,not_required,not_required,False,2026-09-02T03:27:07Z
603773,沃格光电,18.41382627531123,31.455620970670264,20.68921973117435,43.60040703156775,completed,False,not_required,not_required,False,2026-09-02T03:27:07Z
603776,永安行,56.644196988553716,49.53795090409902,60.82448231189091,56.27381417834159,completed,False,not_required,not_required,False,2026-09-02T03:27:07Z
603777,来伊份,31.082808087096993,33.40228008695173,36.405589328015,24.389894991525253,completed,False,not_required,not_required,False,2026-09-02T03:27:07Z
603778,国晟科技,34.376504044594256,35.097250564349864,46.38808086028058,57.274560312309845,completed,False,not_required,not_required,False,2026-09-02T03:27:07Z
603779,威龙股份,43.397690273619986,42.757507784918936,43.859374062038974,66.18800886390241,completed,False,not_required,not_required,False,2026-09-02T03:27:07Z
603786,科博达,38.62215331656079,38.131616649849626,39.303238833786295,59.49488817689209,completed,False,not_required,not_required,False,2026-09-02T03:27:07Z
603787,新日股份,41.237739277633814,36.581708839620454,36.166254483955505,51.96413468135654,completed,False,not_required,not_required,False,2026-09-02T03:27:07Z
603788,宁波高发,44.293218391672475,41.241399449710094,45.56560598801225,49.69629504329952,completed,False,not_required,not_required,False,2026-09-02T03:27:07Z
603789,ST星农,5.873270750997442,17.243065396918528,14.585301748536805,1.86547896164004,completed,False,not_required,not_required,False,2026-09-02T03:27:07Z
603790,雅运股份,59.12359773162819,45.80102147744321,48.92090765729799,48.81647357026886,completed,False,not_required,not_required,False,2026-09-02T03:27:07Z
603797,联泰环保,51.58063592302108,43.950294032066985,52.37296235029041,58.08239005129444,completed,False,not_required,not_required,False,2026-09-02T03:27:07Z
603798,康普顿,45.281333464379586,39.3140977975752,40.25974053018639,48.212542599925186,completed,False,not_required,not_required,False,2026-09-02T03:27:07Z
603799,华友钴业,54.577671606215084,45.998571350124436,40.64542159314354,73.91469668900373,completed,False,not_required,not_required,False,2026-09-02T03:27:07Z
603800,洪田股份,10.596202181197086,25.4775213052462,2.8352540299684934,47.42879928308944,completed,False,not_required,not_required,False,2026-09-02T03:27:07Z
603801,志邦家居,23.344959368668423,34.71911337977685,30.171266255390172,52.337565039013796,completed,False,not_required,not_required,False,2026-09-02T03:27:07Z
603803,瑞斯康达,40.52698115653916,31.322394611556618,41.75844608761384,45.71751970436835,completed,False,not_required,not_required,False,2026-09-02T03:27:07Z
603806,福斯特,66.73954445038382,54.29348510958108,70.32915409970344,75.22754323999843,completed,False,not_required,not_required,False,2026-09-02T03:27:07Z
603808,歌力思,62.31657655067462,47.689725119183294,62.272343928883565,72.60207426316657,completed,False,not_required,not_required,False,2026-09-02T03:27:07Z
603809,豪能股份,52.03410719181344,49.14923070764981,36.83933293163215,62.14411788139209,completed,False,not_required,not_required,False,2026-09-02T03:27:07Z
603810,丰山集团,31.530216950416225,38.6366279985694,26.425602025808445,54.61532962587164,completed,False,not_required,not_required,False,2026-09-02T03:27:07Z
603811,诚意药业,49.513675018620056,47.86074323511774,50.91195852439011,45.93022065746992,completed,False,not_required,not_required,False,2026-09-02T03:27:07Z
603813,原尚股份,23.30911137368451,35.42890106387815,21.037744940906354,4.40669298142242,completed,False,not_required,not_required,False,2026-09-02T03:27:07Z
603815,交建股份,20.1471850300027,29.79046396373448,22.682091812447467,21.46164539143809,completed,False,not_required,not_required,False,2026-09-02T03:27:07Z
603816,顾家家居,48.9583297727441,41.81196683545825,46.8983067399985,62.34341366733926,completed,False,not_required,not_required,False,2026-09-02T03:27:07Z
603817,海峡环保,39.27610427750358,41.8614017894394,48.29183052349872,50.0182289898315,completed,False,not_required,not_required,False,2026-09-02T03:27:07Z
603818,曲美家居,13.987629131892255,24.3556510962336,17.820921977562776,36.33638858586917,completed,False,not_required,not_required,False,2026-09-02T03:27:07Z
603819,神力股份,55.91914529107649,43.1290488487862,48.121009153463454,51.035310193780795,completed,False,not_required,not_required,False,2026-09-02T03:27:07Z
603822,ST嘉澳,76.64257743950236,60.06075204987505,64.75927245263817,61.010729345023535,completed,False,not_required,not_required,False,2026-09-02T03:27:07Z
603823,百合花,61.91738736527241,51.12287725010243,49.69793716679854,35.881680479660375,completed,False,not_required,not_required,False,2026-09-02T03:27:07Z
603825,ST华扬,24.248170046342004,23.68780280547661,42.20741635406604,57.864345916405206,completed,False,not_required,not_required,False,2026-09-02T03:27:07Z
603826,坤彩科技,62.72437358708422,40.23954253083698,41.56646010805062,29.71921894085855,completed,False,not_required,not_required,False,2026-09-02T03:27:07Z
603828,*ST利达,2.0092049661177924,18.87898383785907,13.471941351638106,0.05878515102222437,completed,False,not_required,not_required,False,2026-09-02T03:27:07Z
603829,洛凯股份,34.4905429931791,47.24402816578961,33.912864274090474,48.35408685786083,completed,False,not_required,not_required,False,2026-09-02T03:27:07Z
603833,欧派家居,36.23011977952464,39.270928042867574,43.624277657597624,70.22974452089944,completed,False,not_required,not_required,False,2026-09-02T03:27:07Z
603836,海程邦达,49.51728889205476,41.869014874686705,36.45483921289766,73.3821293655831,completed,False,not_required,not_required,False,2026-09-02T03:27:07Z
603838,*ST四通,19.018454635741172,27.308087320540494,32.68683206036581,14.197251010773057,completed,False,not_required,not_required,False,2026-09-02T03:27:07Z
603839,安正时尚,62.35567423757165,46.94061421888287,67.1343136504935,51.56014276819367,completed,False,not_required,not_required,False,2026-09-02T03:27:07Z
603843,*ST正平,12.481258728778826,23.414665713833617,24.71128039131095,2.5079773819758664,completed,False,not_required,not_required,False,2026-09-02T03:27:07Z
603848,好太太,55.67435019231029,44.97936430740992,56.25883122833291,39.569898939991,completed,False,not_required,not_required,False,2026-09-02T03:27:07Z
603855,华荣股份,54.60518761725675,52.040876912146885,53.80283489713658,76.17945915528153,completed,False,not_required,not_required,False,2026-09-02T03:27:07Z
603856,东宏股份,47.783399435454946,52.7715133931984,51.28534003138673,82.874814239853,completed,False,not_required,not_required,False,2026-09-02T03:27:07Z
603858,步长制药,37.016152405867835,40.08187025297417,30.85586217090342,78.40504231457686,completed,False,not_required,not_required,False,2026-09-02T03:27:07Z
603859,能科科技,35.050012159315926,42.839469040482385,38.5016537089632,52.45564778625005,completed,False,not_required,not_required,False,2026-09-02T03:27:07Z
603860,中公高科,42.24220302972806,47.83267976407091,45.871083521790325,52.71969033248183,completed,False,not_required,not_required,False,2026-09-02T03:27:07Z
603861,白云电器,38.88241259540662,47.37705275072573,37.693594307963544,69.89730927934522,completed,False,not_required,not_required,False,2026-09-02T03:27:07Z
603863,松炀资源,46.07924447541201,41.774598660513625,43.766608286687,45.74959876700252,completed,False,not_required,not_required,False,2026-09-02T03:27:07Z
603866,桃李面包,50.42652349053446,44.8712476869295,50.93161079960352,42.708383212471105,completed,False,not_required,not_required,False,2026-09-02T03:27:07Z
603867,新化股份,54.843612577881395,45.89027986374694,45.913432883533154,64.33823640196947,completed,False,not_required,not_required,False,2026-09-02T03:27:07Z
603868,飞科电器,66.29375374719712,53.10267768063558,59.6572069222666,61.8778929914537,completed,False,not_required,not_required,False,2026-09-02T03:27:07Z
603869,ST智知,20.116134842412166,27.38426806068422,34.2642925888199,60.46944400975386,completed,False,not_required,not_required,False,2026-09-02T03:27:07Z
603871,嘉友国际,68.87142769480083,54.2983533478389,59.78924714154641,80.87401764415655,completed,True,completed_or_best_effort,completed,False,2026-09-02T03:27:07Z
603876,鼎胜新材,71.7787038035159,52.547583000796116,57.291403475060896,66.1645842990318,completed,False,not_required,not_required,False,2026-09-02T03:27:07Z
603877,太平鸟,57.27881759990442,47.443398276529166,57.960573998191556,72.0124169571847,completed,False,not_required,not_required,False,2026-09-02T03:27:07Z
603878,武进不锈,15.884643882537222,27.915606857836746,20.16368262944937,42.75026289268941,completed,False,not_required,not_required,False,2026-09-02T03:27:07Z
603879,永悦科技,20.86562691754215,21.362385140646147,23.767896843087158,38.92248266462275,completed,False,not_required,not_required,False,2026-09-02T03:27:07Z
603880,南卫股份,7.388128808033997,22.592572987981175,13.5606272688425,26.9085888886151,completed,False,not_required,not_required,False,2026-09-02T03:27:07Z
603881,数据港,53.46758892941933,48.505631715741046,44.12929624546947,50.07490113521369,completed,False,not_required,not_required,False,2026-09-02T03:27:07Z
603882,金域医学,66.09312628052297,56.92149649069651,75.27751618200243,70.11340028636361,completed,False,not_required,not_required,False,2026-09-02T03:27:07Z
603883,老百姓,61.047144201555014,45.56296399538728,52.20790164136019,76.28230855141821,completed,False,not_required,not_required,False,2026-09-02T03:27:07Z
603885,吉祥航空,35.6534033672105,33.239654602364396,27.779868077583142,65.4246763706309,completed,False,not_required,not_required,False,2026-09-02T03:27:07Z
603886,元祖股份,23.220867286225584,33.92208126231208,36.60659866603667,28.821786197482453,completed,False,not_required,not_required,False,2026-09-02T03:27:07Z
603887,城地香江,18.483910001714257,42.38305702826095,20.631522349390373,60.95323852525707,completed,False,not_required,not_required,False,2026-09-02T03:27:07Z
603888,新华网,40.73214254414453,36.47682198105206,43.685932409720536,64.59696412757577,completed,False,not_required,not_required,False,2026-09-02T03:27:07Z
603889,新澳股份,57.44041323623118,45.88227976731648,45.647754633433756,70.65227140809111,completed,False,not_required,not_required,False,2026-09-02T03:27:07Z
603890,春秋电子,40.222281956750045,36.90512893065894,39.30782650358805,48.57219771800506,completed,False,not_required,not_required,False,2026-09-02T03:27:07Z
603893,瑞芯微,70.25823173120257,51.468862629797144,51.425174480655876,82.7900045405086,completed,False,not_required,not_required,False,2026-09-02T03:27:07Z
603895,天永智能,41.38702826067145,44.71798042798161,26.64703978882941,47.369988762059485,completed,False,not_required,not_required,False,2026-09-02T03:27:07Z
603896,寿仙谷,38.15167848663706,45.10892941294369,35.82950026363911,51.56897285112793,completed,False,not_required,not_required,False,2026-09-02T03:27:07Z
603897,长城科技,61.22943754236957,47.6430828642235,49.46831850156892,67.25716572202943,completed,False,not_required,not_required,False,2026-09-02T03:27:07Z
603898,好莱客,29.396135675922956,35.53079525198032,34.87426122854223,59.36230914984341,completed,False,not_required,not_required,False,2026-09-02T03:27:07Z
603899,晨光股份,53.536811920562485,44.010749126419704,50.58907305419629,68.77391904180443,completed,False,not_required,not_required,False,2026-09-02T03:27:07Z
603900,莱绅通灵,17.384514114702796,30.121762172875613,28.434045687151386,59.79280325389697,completed,False,not_required,not_required,False,2026-09-02T03:27:07Z
603901,永创智能,59.33863782341381,48.02434600646295,48.377354645174734,76.75309486423416,completed,False,not_required,not_required,False,2026-09-02T03:27:07Z
603903,中持股份,21.203786822220437,29.555745254459026,26.92900027132928,60.817183235020266,completed,False,not_required,not_required,False,2026-09-02T03:27:07Z
603906,龙蟠科技,53.75393471562806,38.787518774344875,49.80445402678998,74.28736562583957,completed,False,not_required,not_required,False,2026-09-02T03:27:07Z
603908,牧高笛,57.67271341842406,43.440457505894905,38.66091088013848,65.82347216566755,completed,False,not_required,not_required,False,2026-09-02T03:27:07Z
603909,建发合诚,57.34578294624826,39.51364437339518,47.48964777598673,56.441895547110285,completed,False,not_required,not_required,False,2026-09-02T03:27:07Z
603912,佳力图,12.855818750283877,25.209915597324787,15.99777171167979,30.99573726281416,completed,False,not_required,not_required,False,2026-09-02T03:27:07Z
603915,国茂股份,58.27375466427147,46.42826267577821,48.56294850331479,68.56345239148882,completed,False,not_required,not_required,False,2026-09-02T03:27:07Z
603916,苏博特,48.76307393437774,45.205019125651646,52.793353255083396,69.50870366219071,completed,False,not_required,not_required,False,2026-09-02T03:27:07Z
603917,合力科技,15.6107629486159,36.988449538776585,30.770119108173617,39.150027927349825,completed,False,not_required,not_required,False,2026-09-02T03:27:07Z
603918,金桥信息,35.72542226884876,39.45844211982608,47.74423734223286,62.537894996735965,completed,False,not_required,not_required,False,2026-09-02T03:27:07Z
603919,金徽酒,42.103952886850266,39.55871578602391,29.185722749657373,57.576724223988975,completed,False,not_required,not_required,False,2026-09-02T03:27:07Z
603920,世运电路,45.19285121108249,41.57586954148602,34.719857082741754,59.55566174346738,completed,False,not_required,not_required,False,2026-09-02T03:27:07Z
603922,ST金鸿顺,40.36936093064386,39.30650729620791,36.3336006654815,21.43662672463603,completed,False,not_required,not_required,False,2026-09-02T03:27:07Z
603926,铁流股份,64.70750049240452,50.05836455073236,61.018889654527364,52.95932524894147,completed,False,not_required,not_required,False,2026-09-02T03:27:07Z
603927,中科软,38.12787054958941,38.71701849007758,27.90414695291605,42.24565353800043,completed,False,not_required,not_required,False,2026-09-02T03:27:07Z
603928,兴业股份,56.58769963816847,43.415594892569594,50.25182195217119,51.4701573398488,completed,False,not_required,not_required,False,2026-09-02T03:27:07Z
603929,亚翔集成,74.24801162713462,54.86041204434212,56.13872415818379,57.88826536411761,completed,False,not_required,not_required,False,2026-09-02T03:27:07Z
603931,格林达,55.541605968521225,47.17029378275912,53.28059906511411,65.08952098478198,completed,False,not_required,not_required,False,2026-09-02T03:27:07Z
603933,睿能科技,54.0937364620765,41.13539168371266,33.76955598565263,48.916243766236455,completed,False,not_required,not_required,False,2026-09-02T03:27:07Z
603936,博敏电子,21.748605822507137,37.574537600670915,16.86240027013585,35.30932635503971,completed,False,not_required,not_required,False,2026-09-02T03:27:07Z
603937,丽岛新材,65.48397275812438,51.49766287548147,67.944074171323,63.56127400691843,completed,False,not_required,not_required,False,2026-09-02T03:27:07Z
603938,三孚股份,74.14895293100801,56.83288617885053,62.56971828826534,56.384040619227896,completed,False,not_required,not_required,False,2026-09-02T03:27:07Z
603939,益丰药房,57.61891845672903,43.63765152724429,49.15646527764344,74.44469315488892,completed,False,not_required,not_required,False,2026-09-02T03:27:07Z
603948,建业股份,38.68676852997714,36.20881129257592,40.12214564477457,58.28145377747621,completed,False,not_required,not_required,False,2026-09-02T03:27:07Z
603949,雪龙集团,50.375444520789394,45.32617109388766,46.66175466022094,73.13322335764451,completed,False,not_required,not_required,False,2026-09-02T03:27:07Z
603950,长源东谷,46.51456321222503,44.05162857820946,38.380828264375346,76.20439076284768,completed,False,not_required,not_required,False,2026-09-02T03:27:07Z
603955,大千生态,29.628768573562667,30.412484442332058,33.88873396874996,26.72817624118288,completed,False,not_required,not_required,False,2026-09-02T03:27:07Z
603956,威派格,7.893819085926516,23.62772537266359,17.858757536496526,44.54685847239202,completed,False,not_required,not_required,False,2026-09-02T03:27:07Z
603958,哈森股份,67.59392869368928,51.49712757462388,60.78157653857925,80.17516827447137,completed,False,not_required,not_required,False,2026-09-02T03:27:07Z
603959,ST百利,0.0,9.855124170789185,1.2145042163450217,17.222616087848095,completed,False,not_required,not_required,False,2026-09-02T03:27:07Z
603960,克来机电,0.0,17.912853308962795,7.829222924437881,35.23987240732752,completed,False,not_required,not_required,False,2026-09-02T03:27:07Z
603966,法兰泰克,35.68972399029183,32.96583474361749,37.2290355096368,74.93969608652084,completed,False,not_required,not_required,False,2026-09-02T03:27:07Z
603967,中创物流,57.29459407147692,42.20834872801704,46.68481983061428,50.65263194236661,completed,False,not_required,not_required,False,2026-09-02T03:27:07Z
603968,醋化股份,50.48262476629258,45.451050975149144,53.68729733404657,52.838693379581905,completed,False,not_required,not_required,False,2026-09-02T03:27:07Z
603969,银龙股份,66.88319786684026,56.63712303820141,60.42315980778383,76.5576672045804,completed,False,not_required,not_required,False,2026-09-02T03:27:07Z
603970,中农立华,47.30337559810433,35.32736308402878,41.559384561581936,45.4185726226069,completed,False,not_required,not_required,False,2026-09-02T03:27:07Z
603976,正川股份,55.07754670637206,45.87981740061385,48.937217434554135,55.00049594970935,completed,False,not_required,not_required,False,2026-09-02T03:27:07Z
603977,国泰集团,34.181657850766285,39.19151642433437,27.843149269014813,37.701967651166434,completed,False,not_required,not_required,False,2026-09-02T03:27:07Z
603978,深圳新星,62.28075509299407,45.41964693376974,59.571697330872894,61.9594426583172,completed,False,not_required,not_required,False,2026-09-02T03:27:07Z
603979,金诚信,66.5047908897157,51.038691513807635,55.722983851082475,69.03592465304695,completed,False,not_required,not_required,False,2026-09-02T03:27:07Z
603980,吉华集团,49.35342383526282,38.39934374905904,49.49747622529671,83.33844550216799,completed,False,not_required,not_required,False,2026-09-02T03:27:07Z
603982,泉峰汽车,36.189850184956775,45.65993172586198,33.47196848108889,47.8661757718597,completed,False,not_required,not_required,False,2026-09-02T03:27:07Z
603983,丸美生物,52.66009682327637,44.533319775784776,52.2423734861253,59.849091717886004,completed,False,not_required,not_required,False,2026-09-02T03:27:07Z
603985,恒润股份,25.016622582483443,31.251405600508228,28.170252831150783,56.6634553788328,completed,False,not_required,not_required,False,2026-09-02T03:27:07Z
603986,兆易创新,76.17992515200946,56.394926868860615,56.475985889784916,82.13710274999215,completed,False,not_required,not_required,False,2026-09-02T03:27:07Z
603987,康德莱,44.67612419341833,40.324399717078286,48.01097498819552,61.787260404219616,completed,False,not_required,not_required,False,2026-09-02T03:27:07Z
603988,中电电机,23.284162761960935,25.874830187504656,24.429934089468993,36.6979091062557,completed,False,not_required,not_required,False,2026-09-02T03:27:07Z
603989,艾华集团,60.07617480090563,47.300641615590564,46.96884223539385,64.25434032897752,completed,False,not_required,not_required,False,2026-09-02T03:27:07Z
603990,麦迪科技,28.239748662677428,37.791843956129334,31.221287931904605,45.877418555779514,completed,False,not_required,not_required,False,2026-09-02T03:27:07Z
603991,领先股份,63.35219469141471,40.80462701846276,63.35200010218187,62.86948997007043,completed,False,not_required,not_required,False,2026-09-02T03:27:07Z
603992,松霖科技,53.53197746574855,39.278743055624155,43.602580187196864,73.45147752807645,completed,False,not_required,not_required,False,2026-09-02T03:27:07Z
603993,洛阳钼业,67.541959258054,44.42859266841949,51.93094953224748,52.41335706599681,completed,False,not_required,not_required,False,2026-09-02T03:27:07Z
603995,甬金股份,61.61183742269567,47.9199534639153,49.99523895638543,53.19582470938913,completed,False,not_required,not_required,False,2026-09-02T03:27:07Z
603997,继峰股份,71.41569076954279,54.31189732284128,58.68830583786816,58.25363892098111,completed,False,not_required,not_required,False,2026-09-02T03:27:07Z
603998,方盛制药,69.32568796405036,60.87871085031817,59.939826241097435,67.87780468327563,completed,False,not_required,not_required,False,2026-09-02T03:27:07Z
603999,读者传媒,45.915939529412164,49.91308693793465,47.90050725523696,59.47305649998058,completed,False,not_required,not_required,False,2026-09-02T03:27:07Z
605001,威奥股份,3.362564042581763,17.991992779936936,12.912834093873304,31.539669556763776,completed,False,not_required,not_required,False,2026-09-02T03:27:07Z
605003,众望布艺,65.29507268349194,59.0823550378464,62.99339005631085,50.987369205841304,completed,False,not_required,not_required,False,2026-09-02T03:27:07Z
605005,合兴股份,39.91378116802451,38.49406867762644,38.92642072925097,51.236647082389844,completed,False,not_required,not_required,False,2026-09-02T03:27:07Z
605006,山东玻纤,68.33363977136658,53.74007491012367,65.82800276458212,68.4684734284263,completed,False,not_required,not_required,False,2026-09-02T03:27:07Z
605007,五洲特纸,69.74366275737766,58.1113107542196,55.64966359973486,66.78847002599053,completed,False,not_required,not_required,False,2026-09-02T03:27:07Z
605008,长鸿高科,6.163019944104462,22.178111977086616,13.161386167014314,35.550132834938196,completed,False,not_required,not_required,False,2026-09-02T03:27:07Z
605009,豪悦护理,61.21115538867035,49.899496688130114,52.325380427181436,76.70716846844269,completed,False,not_required,not_required,False,2026-09-02T03:27:07Z
605011,杭州热电,39.9165240859048,36.60368510796032,40.06239620053096,58.451585556058426,completed,False,not_required,not_required,False,2026-09-02T03:27:07Z
605016,百龙创园,55.19039489516682,44.51383729640105,50.43121838888338,57.73789714570814,completed,False,not_required,not_required,False,2026-09-02T03:27:07Z
605018,长华集团,30.102401651082527,31.35512974888968,33.10749231254212,67.10293451146819,completed,False,not_required,not_required,False,2026-09-02T03:27:07Z
605020,永和股份,71.02500640175984,57.94169630430412,59.83410691365866,77.66107642990508,completed,True,completed_or_best_effort,completed,True,2026-09-02T03:27:07Z
605028,世茂能源,46.974476719775794,47.92716393307911,52.684947290914394,66.95108988034349,completed,False,not_required,not_required,False,2026-09-02T03:27:07Z
605033,美邦股份,56.99666549534745,52.25906542847622,54.54439844561448,38.527901410970955,completed,False,not_required,not_required,False,2026-09-02T03:27:07Z
605050,福然德,44.26025982682463,42.31231280291343,45.694874712365106,53.07429571292597,completed,False,not_required,not_required,False,2026-09-02T03:27:07Z
605055,迎丰股份,51.48960638463282,54.173347307407404,58.80413933524759,60.079861056641896,completed,False,not_required,not_required,False,2026-09-02T03:27:07Z
605056,咸亨国际,36.422537595651896,30.007559711784978,33.4976601163127,63.064274009143546,completed,False,not_required,not_required,False,2026-09-02T03:27:07Z
605058,澳弘电子,55.334046499645176,49.86397422963289,44.52062038194957,68.79067854152552,completed,False,not_required,not_required,False,2026-09-02T03:27:07Z
605060,联德股份,60.24232943275415,50.17052257091768,51.53382860680359,80.96621830019399,completed,False,not_required,not_required,False,2026-09-02T03:27:07Z
605066,天正电气,33.60285014053254,34.33028927891683,31.796139441063254,70.03522056931388,completed,False,not_required,not_required,False,2026-09-02T03:27:07Z
605068,明新旭腾,33.7307592011918,46.65336405525821,40.5678258260094,30.196242117369216,completed,False,not_required,not_required,False,2026-09-02T03:27:07Z
605069,正和生态,6.319325469724479,21.384449612536528,19.054114499615928,55.45756208136862,completed,False,not_required,not_required,False,2026-09-02T03:27:07Z
605077,华康股份,43.15545683539719,36.18569299197157,38.37566119102329,69.29418142523656,completed,False,not_required,not_required,False,2026-09-02T03:27:07Z
605080,浙江自然,49.572636128713974,46.060294596594666,49.86406436909524,76.22859630921276,completed,False,not_required,not_required,False,2026-09-02T03:27:07Z
605086,龙高股份,51.952917662942426,51.72411175716562,54.23808550120182,54.90582632502423,completed,False,not_required,not_required,False,2026-09-02T03:27:07Z
605088,冠盛股份,45.970313795842536,40.3340815814442,42.02428959465018,73.50185957206102,completed,False,not_required,not_required,False,2026-09-02T03:27:07Z
605089,味知香,51.60590819587562,46.546897946356125,54.54093408979513,56.85727662596973,completed,False,not_required,not_required,False,2026-09-02T03:27:07Z
605090,九丰能源,69.73748804489914,57.45968498202589,67.03773939949926,79.76870850779176,completed,True,completed_or_best_effort,completed,True,2026-09-02T03:27:07Z
605098,行动教育,64.2580325399479,39.93003020553219,52.32767187213111,67.56328569368571,completed,False,not_required,not_required,False,2026-09-02T03:27:07Z
605099,共创草坪,48.46266697616376,43.87499496995517,47.231078308930336,80.22888251554144,completed,False,not_required,not_required,False,2026-09-02T03:27:07Z
605100,华丰股份,61.10066819773401,53.04992230816248,54.460212605628904,68.8638787052154,completed,False,not_required,not_required,False,2026-09-02T03:27:07Z
605108,同庆楼,28.19855235120923,29.04613522653623,29.06208175703787,53.160774908440295,completed,False,not_required,not_required,False,2026-09-02T03:27:07Z
605111,新洁能,58.27298294358477,41.436357179015495,42.413664318534224,48.68394057193732,completed,False,not_required,not_required,False,2026-09-02T03:27:07Z
605116,奥锐特,47.04264879325134,45.67120144587148,39.27039292725627,58.35055849447968,completed,False,not_required,not_required,False,2026-09-02T03:27:07Z
605117,德业股份,73.89158611155918,54.030612268094714,52.58807867283362,66.03443897143102,completed,False,not_required,not_required,False,2026-09-02T03:27:07Z
605118,力鼎光电,70.16791198620118,54.62160290692453,52.8050120500305,78.29658164673248,completed,False,not_required,not_required,False,2026-09-02T03:27:07Z
605122,四方新材,48.93728780478577,43.46434065060643,67.51195511154883,54.49272544158522,completed,False,not_required,not_required,False,2026-09-02T03:27:07Z
605123,派克新材,54.051691250591524,48.453834299988884,48.30293782163529,50.96686387694855,completed,False,not_required,not_required,False,2026-09-02T03:27:07Z
605128,上海沿浦,51.34442553597957,43.22158038786356,43.99243062976491,54.78211262521455,completed,False,not_required,not_required,False,2026-09-02T03:27:07Z
605133,嵘泰股份,55.97614834220733,49.95943138056257,47.95817355900531,73.29900698626662,completed,False,not_required,not_required,False,2026-09-02T03:27:07Z
605136,丽人丽妆,60.868631874477586,48.902263555504874,72.25731809975345,55.81782986223622,completed,False,not_required,not_required,False,2026-09-02T03:27:07Z
605138,盛泰集团,41.96913178592326,36.211420087876284,26.77364935879607,60.42534456804211,completed,False,not_required,not_required,False,2026-09-02T03:27:07Z
605151,西上海,60.363077084034714,48.763979605088906,60.105896537299984,54.38677648403465,completed,False,not_required,not_required,False,2026-09-02T03:27:07Z
605155,西大门,51.903904590901796,44.521656843330106,51.34077299819736,78.1073337231215,completed,False,not_required,not_required,False,2026-09-02T03:27:07Z
605158,华达新材,71.18911649927246,53.89492658093101,54.39874601119749,56.79647002812136,completed,False,not_required,not_required,False,2026-09-02T03:27:07Z
605162,新中港,42.384031110176885,43.188001696243035,39.520798972035045,65.00700319553111,completed,False,not_required,not_required,False,2026-09-02T03:27:07Z
605166,聚合顺,58.20563692314269,51.60080013697975,53.0107259080022,48.84052633023419,completed,False,not_required,not_required,False,2026-09-02T03:27:07Z
605167,利柏特,41.79891405007844,45.99052204034207,46.61502366434709,69.10821351626393,completed,False,not_required,not_required,False,2026-09-02T03:27:07Z
605168,三人行,46.547108479030875,37.37917177413044,44.22740854586894,51.6647306261749,completed,False,not_required,not_required,False,2026-09-02T03:27:07Z
605169,洪通燃气,69.77147453594442,59.23951867533843,70.22425587452055,66.45233274804455,completed,False,not_required,not_required,False,2026-09-02T03:27:07Z
605177,东亚药业,19.70815356338724,36.245361967023534,24.448198720135952,65.9395396764508,completed,False,not_required,not_required,False,2026-09-02T03:27:07Z
605178,时空科技,34.80350466986144,46.45083250755317,46.31314649330063,77.86799985180662,completed,False,not_required,not_required,False,2026-09-02T03:27:07Z
605179,一鸣食品,54.68737170409608,46.18778704907703,41.48116060862166,43.35055806643282,completed,False,not_required,not_required,False,2026-09-02T03:27:07Z
605180,华生科技,13.635722874462285,18.271633866029674,22.914880989632138,39.02147768617712,completed,False,not_required,not_required,False,2026-09-02T03:27:07Z
605183,确成股份,49.594618347013395,44.4338827584413,45.62537786074543,76.36971231740274,completed,False,not_required,not_required,False,2026-09-02T03:27:07Z
605186,健麾信息,42.7917885839345,42.97489965599954,36.42122140243439,55.948064350733866,completed,False,not_required,not_required,False,2026-09-02T03:27:07Z
605188,国光连锁,42.258788110189094,35.22167396531331,29.85115083407866,38.467307246729355,completed,False,not_required,not_required,False,2026-09-02T03:27:07Z
605189,富春染织,60.22717725981731,46.3413096280354,44.14863335016934,50.4610750945448,completed,False,not_required,not_required,False,2026-09-02T03:27:07Z
605196,华通线缆,47.474947273138554,43.40220507456346,32.417342412035474,64.20700207807549,completed,False,not_required,not_required,False,2026-09-02T03:27:07Z
605198,安德利,40.00152194587015,41.48755161579089,38.62654376940139,49.55425564186578,completed,False,not_required,not_required,False,2026-09-02T03:27:07Z
605199,ST葫芦娃,0.6747080020461382,31.296358396891396,7.921375021558974,5.084682328435239,completed,False,not_required,not_required,False,2026-09-02T03:27:07Z
605208,永茂泰,60.646609101746606,54.4444211910757,55.128444265504044,55.27470351865876,completed,False,not_required,not_required,False,2026-09-02T03:27:07Z
605218,伟时电子,24.89052924533945,28.223884485847474,23.47433275738664,25.03480482018373,completed,False,not_required,not_required,False,2026-09-02T03:27:07Z
605222,起帆电缆,41.722558638261006,34.472618453023834,34.122453343529045,38.90177704218716,completed,False,not_required,not_required,False,2026-09-02T03:27:07Z
605228,神通科技,42.02633804451268,37.14697961886867,45.92831905496818,75.54781206902689,completed,False,not_required,not_required,False,2026-09-02T03:27:07Z
605255,天普股份,9.56444428901333,24.932326892801925,9.412361885748291,58.912900026746705,completed,False,not_required,not_required,False,2026-09-02T03:27:07Z
605258,协和电子,52.63754074158894,44.534008721140275,54.492217906006005,42.499970981738734,completed,False,not_required,not_required,False,2026-09-02T03:27:07Z
605259,绿田机械,39.91774795659976,39.48937999976044,35.08905684250192,69.20736670578171,completed,False,not_required,not_required,False,2026-09-02T03:27:07Z
605266,健之佳,45.38839162145028,38.063026127567746,41.100054725468524,59.42366107363789,completed,False,not_required,not_required,False,2026-09-02T03:27:07Z
605268,王力安防,44.38676259091961,38.71071201414033,43.730541664942486,66.05607519537298,completed,False,not_required,not_required,False,2026-09-02T03:27:07Z
605277,新亚电子,64.62052515465841,50.045695859062135,55.3386010271963,69.38089977385661,completed,False,not_required,not_required,False,2026-09-02T03:27:07Z
605286,同力天启,27.11107221124326,41.97774641374391,26.93581576959526,45.89472272952351,completed,False,not_required,not_required,False,2026-09-02T03:27:07Z
605287,德才股份,62.806602669309086,62.8804031657532,53.119777465193046,74.4747152040735,completed,False,not_required,not_required,False,2026-09-02T03:27:07Z
605288,凯迪股份,13.44090300419376,24.988063498160415,19.274369793325373,52.98092394284827,completed,False,not_required,not_required,False,2026-09-02T03:27:07Z
605289,罗曼股份,75.206913454046,55.897801700224825,65.86060828581823,84.77250094269722,completed,True,completed_or_best_effort,completed,False,2026-09-02T03:27:07Z
605296,神农集团,19.94269805050519,37.046512171124604,22.279402437560023,49.20177425384556,completed,False,not_required,not_required,False,2026-09-02T03:27:07Z
605298,必得科技,29.72195122935637,31.679116900474618,30.597376290177053,43.88914503243476,completed,False,not_required,not_required,False,2026-09-02T03:27:07Z
605299,舒华体育,53.91363683801589,42.25435070937216,41.58025090172644,73.65522320623849,completed,False,not_required,not_required,False,2026-09-02T03:27:07Z
605300,佳禾食品,50.307449386593305,41.630679089204065,50.64853614085225,62.67065659802839,completed,False,not_required,not_required,False,2026-09-02T03:27:07Z
605303,园林股份,32.79677294169119,41.4609191588572,36.609567281262095,56.74620803060886,completed,False,not_required,not_required,False,2026-09-02T03:27:07Z
605305,中际联合,40.714114007435086,31.115219670723732,41.7574921456183,47.187735810516095,completed,False,not_required,not_required,False,2026-09-02T03:27:07Z
605318,法狮龙,24.51237573276549,33.90358615570516,29.46566436794506,61.27408305590752,completed,False,not_required,not_required,False,2026-09-02T03:27:07Z
605319,无锡振华,46.999571227647465,42.56485438859084,41.76339384479248,49.14748213460012,completed,False,not_required,not_required,False,2026-09-02T03:27:07Z
605333,沪光股份,29.105687077579347,32.697504105550316,31.613120112501818,51.979498113497534,completed,False,not_required,not_required,False,2026-09-02T03:27:07Z
605336,*ST帅电,0.7175759449291306,26.16690689332494,17.955134486916805,23.429032634495986,completed,False,not_required,not_required,False,2026-09-02T03:27:07Z
605337,李子园,38.623582523304606,38.930866023180954,30.155734148131852,65.92135835729698,completed,False,not_required,not_required,False,2026-09-02T03:27:07Z
605338,巴比食品,53.47354369169979,45.63403466648413,54.465114292179486,60.059139351024356,completed,False,not_required,not_required,False,2026-09-02T03:27:07Z
605339,南侨食品,30.428816470067133,32.34593285246225,32.88701063472755,58.98885164611872,completed,False,not_required,not_required,False,2026-09-02T03:27:07Z
605358,立昂微,71.00412261837377,58.877678488107854,70.61479859078102,58.63399004787715,completed,False,not_required,not_required,False,2026-09-02T03:27:07Z
605365,立达信,69.12705394186806,59.057715403403236,65.01579140262757,53.88374937400857,completed,False,not_required,not_required,False,2026-09-02T03:27:07Z
605366,宏柏新材,52.931766080605534,49.42258474061276,54.98441616547297,26.42041019905153,completed,False,not_required,not_required,False,2026-09-02T03:27:07Z
605368,蓝天燃气,58.71131598655383,48.54577691382433,50.83765974544252,27.811866793332925,completed,False,not_required,not_required,False,2026-09-02T03:27:07Z
605369,拱东医疗,49.90076403277244,41.86218075913851,47.21662181293546,69.30406548419855,completed,False,not_required,not_required,False,2026-09-02T03:27:07Z
605376,博迁新材,53.23821295043986,43.34902454952862,29.387554449885574,29.818803096331,completed,False,not_required,not_required,False,2026-09-02T03:27:07Z
605377,华旺科技,50.513500003600086,47.446009662423904,51.39995177680766,54.79536278648873,completed,False,not_required,not_required,False,2026-09-02T03:27:07Z
605378,野马电池,8.42236647535249,20.136477704371956,18.380159753588426,37.550977714030275,completed,False,not_required,not_required,False,2026-09-02T03:27:07Z
605388,均瑶健康,37.833330480278704,43.66891039663549,40.976595383691446,57.60013498131,completed,False,not_required,not_required,False,2026-09-02T03:27:07Z
605389,长龄液压,50.31878292040018,43.816457013093775,45.25970997325984,78.61812066264933,completed,False,not_required,not_required,False,2026-09-02T03:27:07Z
605398,新炬网络,19.960720159337484,19.24863254488573,27.498239873736814,46.553936609061374,completed,False,not_required,not_required,False,2026-09-02T03:27:07Z
605399,晨光新材,31.14416289967413,33.1747180567167,31.68041946441391,65.2413019876423,completed,False,not_required,not_required,False,2026-09-02T03:27:07Z
605488,福莱新材,61.31628924789262,47.07830927161158,52.73802739711033,77.04749275358219,completed,False,not_required,not_required,False,2026-09-02T03:27:07Z
605499,东鹏饮料,58.44235012371901,47.17237420021604,54.46162117147079,73.41573234397319,completed,False,not_required,not_required,False,2026-09-02T03:27:07Z
605500,森林包装,62.220996186251085,44.24502418616642,70.17677238720901,54.059677756801335,completed,False,not_required,not_required,False,2026-09-02T03:27:07Z
605507,国邦医药,44.0057693702714,40.22659376534678,43.01793273308859,73.1268180173054,completed,False,not_required,not_required,False,2026-09-02T03:27:07Z
605555,德昌股份,52.33041054764056,49.03619192137571,44.269180059421,54.18077610383412,completed,False,not_required,not_required,False,2026-09-02T03:27:07Z
605566,福莱蒽特,44.71191570067762,34.640089510995985,41.17053780409462,63.42914620146962,completed,False,not_required,not_required,False,2026-09-02T03:27:07Z
605567,春雪食品,67.45343693889323,52.484265912886784,60.5556621175336,74.05370632717388,completed,False,not_required,not_required,False,2026-09-02T03:27:07Z
605577,龙版传媒,28.630537800808035,27.200246338228755,28.517174798318184,51.67133159799846,completed,False,not_required,not_required,False,2026-09-02T03:27:07Z
605580,恒盛能源,63.777591304578216,47.2381186273891,52.69195992149469,47.014979217370964,completed,False,not_required,not_required,False,2026-09-02T03:27:07Z
605588,冠石科技,9.31557127844031,25.08497222830625,14.617295651802046,54.6706422494706,completed,False,not_required,not_required,False,2026-09-02T03:27:07Z
605589,圣泉集团,44.555994584967316,43.76979758204288,37.072531093917995,66.76328647666394,completed,False,not_required,not_required,False,2026-09-02T03:27:07Z
605598,上海港湾,11.893627147610026,22.498943006959376,18.314980565780736,38.79100357347787,completed,False,not_required,not_required,False,2026-09-02T03:27:07Z
605599,菜百股份,39.19573260520279,28.123825486953624,37.230656449683465,47.92799640138277,completed,False,not_required,not_required,False,2026-09-02T03:27:07Z
688001,华兴源创,44.65994872558388,35.435542275816786,35.2667002105254,73.77983615394051,completed,False,not_required,not_required,False,2026-09-02T03:27:07Z
688002,睿创微纳,75.42975421566001,57.82507684543726,58.158903044465916,78.52136002968464,completed,False,not_required,not_required,False,2026-09-02T03:27:07Z
688003,天准科技,66.77495097139962,50.92777690950599,50.019015840679316,69.10373480609438,completed,False,not_required,not_required,False,2026-09-02T03:27:07Z
688004,博汇科技,24.865041546217633,30.305349168508044,35.9904553629492,54.061589415544645,completed,False,not_required,not_required,False,2026-09-02T03:27:07Z
688005,容百科技,61.32882380865854,54.38278650812257,57.75388132493602,48.23349178890839,completed,False,not_required,not_required,False,2026-09-02T03:27:07Z
688006,杭可科技,37.20592372780012,36.69938953636469,36.07560385687671,48.64620363871152,completed,False,not_required,not_required,False,2026-09-02T03:27:07Z
688007,光峰科技,43.94008319864405,52.30458814552976,56.951978378971404,43.851054734552,completed,False,not_required,not_required,False,2026-09-02T03:27:07Z
688008,澜起科技,71.07309183388124,54.98434049681805,56.70464619469065,85.54490119293044,completed,False,not_required,not_required,False,2026-09-02T03:27:07Z
688009,中国通号,38.145410571777184,45.71640703342803,43.46113091365617,69.11286031666704,completed,False,not_required,not_required,False,2026-09-02T03:27:07Z
688010,福光股份,43.19202767660342,40.57868685811515,57.22408873846708,60.73067974805648,completed,False,not_required,not_required,False,2026-09-02T03:27:07Z
688011,新光光电,22.447568389695753,37.48788091149526,27.566710461015433,65.86256584091262,completed,False,not_required,not_required,False,2026-09-02T03:27:07Z
688012,中微公司,68.88700374761763,54.34318525211162,51.5713633983097,83.58664638436703,completed,False,not_required,not_required,False,2026-09-02T03:27:07Z
688013,天臣医疗,25.22339986315874,32.66797202230437,32.53982846050366,66.10361603741418,completed,False,not_required,not_required,False,2026-09-02T03:27:07Z
688015,交控科技,44.68528136300547,56.357493997198446,45.367311527404404,64.81893732482847,completed,False,not_required,not_required,False,2026-09-02T03:27:07Z
688016,心脉医疗,52.26886903756897,52.09836473302754,50.17320408313619,76.48194725543236,completed,False,not_required,not_required,False,2026-09-02T03:27:07Z
688017,绿的谐波,44.26091048086739,39.103031915328934,31.414744522570103,40.2083441116635,completed,False,not_required,not_required,False,2026-09-02T03:27:07Z
688018,乐鑫科技,56.643389855579485,47.02624012201308,48.148691526405365,82.97922871175655,completed,False,not_required,not_required,False,2026-09-02T03:27:07Z
688019,安集科技,61.401658377969845,49.606698428079405,46.955204350294814,75.28180907444734,completed,False,not_required,not_required,False,2026-09-02T03:27:07Z
688020,方邦股份,39.43741077581132,43.495606970707136,44.26483294515967,43.310831108434925,completed,False,not_required,not_required,False,2026-09-02T03:27:07Z
688021,奥福科技,53.868406641779956,47.83043852478047,56.47962983247805,55.8111779105527,completed,False,not_required,not_required,False,2026-09-02T03:27:07Z
688022,ST瀚川,20.26451334266727,23.975647374866874,26.71762909436137,27.669566032500015,completed,False,not_required,not_required,False,2026-09-02T03:27:07Z
688023,安恒信息,41.86939236545791,42.383253307347566,51.11882715893389,69.60111928917735,completed,False,not_required,not_required,False,2026-09-02T03:27:07Z
688025,杰普特,56.72831679108711,39.95772254630427,39.761095045124655,76.11868515229894,completed,False,not_required,not_required,False,2026-09-02T03:27:07Z
688026,洁特生物,52.588751688692135,50.12026135148824,42.462638850922005,70.90820871422797,completed,False,not_required,not_required,False,2026-09-02T03:27:07Z
688027,国盾量子,20.014123082617104,26.123557675025843,22.81374016983824,48.049979762605204,completed,False,not_required,not_required,False,2026-09-02T03:27:07Z
688028,沃尔德,58.43137779758324,50.495366398167604,49.25580464164144,66.63587357665955,completed,False,not_required,not_required,False,2026-09-02T03:27:07Z
688029,南微医学,45.217445251441795,38.724122662455954,43.92837467411562,63.70582974192421,completed,False,not_required,not_required,False,2026-09-02T03:27:07Z
688030,山石网科,54.92513195699551,46.665532631661975,68.02011393010079,61.44680899198108,completed,False,not_required,not_required,False,2026-09-02T03:27:07Z
688031,星环科技,29.761214457664202,33.933953049937855,44.32547907160013,32.57244013378112,completed,False,not_required,not_required,False,2026-09-02T03:27:07Z
688032,禾迈股份,25.681759174453276,29.64851665369591,25.61795334861214,63.34453500617874,completed,False,not_required,not_required,False,2026-09-02T03:27:07Z
688033,*ST天宜,16.609012281006734,35.92115436760423,30.369771406106253,11.728700334783424,completed,False,not_required,not_required,False,2026-09-02T03:27:07Z
688035,德邦科技,60.792908177763415,50.65615946814259,51.12995520145452,72.3914640235145,completed,False,not_required,not_required,False,2026-09-02T03:27:07Z
688036,传音控股,54.67535188735318,43.24997121176508,44.65370325186251,64.01622826182836,completed,False,not_required,not_required,False,2026-09-02T03:27:07Z
688037,芯源微,26.355406155498585,33.23174348461803,12.339065810417424,52.20120590292625,completed,False,not_required,not_required,False,2026-09-02T03:27:07Z
688038,中科通达,52.57844968065148,50.14801857778339,57.14474413955629,39.85080954904934,completed,False,not_required,not_required,False,2026-09-02T03:27:07Z
688039,当虹科技,8.154468065718774,23.221076345977664,23.600701815019512,51.89350085566068,completed,False,not_required,not_required,False,2026-09-02T03:27:07Z
688041,海光信息,57.7499205627132,42.55920608233284,37.10815020469509,75.60130781442726,completed,False,not_required,not_required,False,2026-09-02T03:27:07Z
688045,必易微,69.80042167266927,51.33966749566622,59.92890673009277,78.26171812804817,completed,True,completed_or_best_effort,completed,False,2026-09-02T03:27:07Z
688046,药康生物,60.88431852297786,48.57582046239317,51.616085689331506,72.59521584859716,completed,False,not_required,not_required,False,2026-09-02T03:27:07Z
688047,龙芯中科,42.98722926112234,46.5895127103044,46.89060386749762,46.96739366245503,completed,False,not_required,not_required,False,2026-09-02T03:27:07Z
688048,长光华芯,43.030946230220565,39.117267170511205,27.08509806955772,37.62492244136828,completed,False,not_required,not_required,False,2026-09-02T03:27:07Z
688049,炬芯科技,56.22999718065661,43.82389735017115,41.835963329323825,78.20674317123758,completed,False,not_required,not_required,False,2026-09-02T03:27:07Z
688050,爱博医疗,47.45855801507169,41.980278422805966,35.787914290410974,60.232480571739934,completed,False,not_required,not_required,False,2026-09-02T03:27:07Z
688051,佳华科技,23.236942789226795,42.76412133602344,37.62953600160396,31.113622916758274,completed,False,not_required,not_required,False,2026-09-02T03:27:07Z
688052,纳芯微,56.064433457256065,51.01390225269599,53.86177984843384,70.86507753248519,completed,False,not_required,not_required,False,2026-09-02T03:27:07Z
688053,ST思科瑞,33.37946278661215,34.40919057035619,45.02933439639511,42.807967561773566,completed,False,not_required,not_required,False,2026-09-02T03:27:07Z
688055,龙腾光电,16.75684067985168,30.41675218189909,19.265206483861338,45.61824750583409,completed,False,not_required,not_required,False,2026-09-02T03:27:07Z
688056,莱伯泰科,37.655111420151606,42.268464903026555,35.27518470937147,57.15711968859483,completed,False,not_required,not_required,False,2026-09-02T03:27:07Z
688057,金达莱,22.47914106790295,25.137444880306838,29.8988240980822,63.574169203225,completed,False,not_required,not_required,False,2026-09-02T03:27:07Z
688058,宝兰德,44.97481466592209,45.04378015377074,56.2131368487657,52.769813502203355,completed,False,not_required,not_required,False,2026-09-02T03:27:07Z
688059,华锐精密,42.13897943623119,36.63060401713495,41.21164281595576,62.20166817776928,completed,False,not_required,not_required,False,2026-09-02T03:27:07Z
688060,云涌科技,8.481138920316177,21.83647065546772,22.23060510714766,52.70072811225286,completed,False,not_required,not_required,False,2026-09-02T03:27:07Z
688061,灿瑞科技,50.46262414633709,45.915575186194324,59.13675564158358,76.04903474056681,completed,False,not_required,not_required,False,2026-09-02T03:27:07Z
688062,迈威生物,33.736473556568,38.76026039096004,23.206704960552038,55.55291058158034,completed,False,not_required,not_required,False,2026-09-02T03:27:07Z
688063,派能科技,39.29268548050903,35.75982504895859,33.45631402418985,66.81662743647179,completed,False,not_required,not_required,False,2026-09-02T03:27:07Z
688065,凯赛生物,57.66463512193961,50.97870593255023,53.23563958840973,66.72196099709687,completed,False,not_required,not_required,False,2026-09-02T03:27:07Z
688066,*ST航图,3.9785195078527416,27.056775600106317,16.251658576474057,1.7453083268821175,completed,False,not_required,not_required,False,2026-09-02T03:27:07Z
688067,爱威科技,54.44002201214435,53.726040209776194,50.72110055380533,67.7949694162737,completed,False,not_required,not_required,False,2026-09-02T03:27:07Z
688068,热景生物,47.157596038229116,51.53523125442147,48.13699249552682,71.92018591402467,completed,False,not_required,not_required,False,2026-09-02T03:27:07Z
688069,德林海,44.56903007448155,40.38450573922721,42.4588153592079,62.75047285722487,completed,False,not_required,not_required,False,2026-09-02T03:27:07Z
688070,纵横股份,35.52499553721006,39.81343407942571,34.01154559431034,60.900557998214886,completed,False,not_required,not_required,False,2026-09-02T03:27:07Z
688071,华依科技,68.69686036683814,58.62056209072457,72.90316968320025,50.52915168320544,completed,False,not_required,not_required,False,2026-09-02T03:27:07Z
688072,拓荆科技,60.49011648124619,43.52229470145485,40.76233125688885,81.19547944441803,completed,False,not_required,not_required,False,2026-09-02T03:27:07Z
688073,毕得医药,57.05529770409656,44.952592383586,51.419440636697445,66.6018121788896,completed,False,not_required,not_required,False,2026-09-02T03:27:07Z
688075,安旭生物,28.402602270670656,39.14064234553249,36.57578224138736,66.90071778287749,completed,False,not_required,not_required,False,2026-09-02T03:27:07Z
688076,ST诺泰,35.05023403700423,41.56992704495915,23.447334055715288,57.726937324934674,completed,False,not_required,not_required,False,2026-09-02T03:27:07Z
688077,大地熊,56.236353918654146,46.18076255657953,36.27384017742508,49.28217130411881,completed,False,not_required,not_required,False,2026-09-02T03:27:07Z
688078,龙软科技,29.675719154079836,35.99916885422052,28.259335027167793,38.15845663664779,completed,False,not_required,not_required,False,2026-09-02T03:27:07Z
688079,美迪凯,31.6593090248222,42.2524267938267,25.319293177057954,57.01132237883588,completed,False,not_required,not_required,False,2026-09-02T03:27:07Z
688080,映翰通,44.25767862131943,40.871200022102066,46.86775055224553,77.19578578842084,completed,False,not_required,not_required,False,2026-09-02T03:27:07Z
688081,兴图新科,8.549139802356851,20.70464388905915,22.152492576363606,50.540344822468555,completed,False,not_required,not_required,False,2026-09-02T03:27:07Z
688082,盛美上海,55.144847118934784,48.716307585250576,41.620031833746935,76.39465237303037,completed,False,not_required,not_required,False,2026-09-02T03:27:07Z
688083,中望软件,51.33753380567921,47.13153138221431,66.25842065860394,73.36092022299803,completed,False,not_required,not_required,False,2026-09-02T03:27:07Z
688084,晶品特装,7.1158240723723125,18.360511659177327,20.92965068867572,62.69579152708405,completed,False,not_required,not_required,False,2026-09-02T03:27:07Z
688085,三友医疗,50.70562536293824,50.89660855159922,45.918983348363426,66.22541887733317,completed,False,not_required,not_required,False,2026-09-02T03:27:07Z
688087,英科再生,68.55260288299752,55.01400664745684,59.532278561697346,76.76061410619222,completed,True,completed_or_best_effort,completed,False,2026-09-02T03:27:07Z
688088,虹软科技,42.35346638513246,39.99367518312899,41.95336028699077,66.16426496742422,completed,False,not_required,not_required,False,2026-09-02T03:27:07Z
688089,ST嘉必优,0.0,22.70965272308431,14.328006139407846,38.87473899793878,completed,False,not_required,not_required,False,2026-09-02T03:27:07Z
688090,瑞松科技,69.5427636194022,53.15392188546212,55.64335965846343,84.5506551303859,completed,True,completed_or_best_effort,completed,False,2026-09-02T03:27:07Z
688091,上海谊众,41.975786631472886,41.241543344450236,45.03431992145078,77.64598105348674,completed,False,not_required,not_required,False,2026-09-02T03:27:07Z
688092,爱科科技,34.81963199868374,32.812114446631035,30.18802010189618,66.55221092237693,completed,False,not_required,not_required,False,2026-09-02T03:27:07Z
688093,世华科技,33.3207385191656,33.56412794388313,42.380773535433455,65.78336760276169,completed,False,not_required,not_required,False,2026-09-02T03:27:07Z
688095,福昕软件,52.57782388701464,38.4584646781778,48.453663640165466,80.73271998445783,completed,False,not_required,not_required,False,2026-09-02T03:27:07Z
688096,京源环保,44.07131313182029,49.25997504628878,37.49777191622335,50.4312819949217,completed,False,not_required,not_required,False,2026-09-02T03:27:07Z
688097,博众精工,37.38968519360128,28.156323769447276,23.635878911071465,59.802732091508275,completed,False,not_required,not_required,False,2026-09-02T03:27:07Z
688098,申联生物,26.415888952511423,40.70341324432031,28.087072795746614,55.25887751843185,completed,False,not_required,not_required,False,2026-09-02T03:27:07Z
688099,晶晨股份,60.040037749051834,48.950270931130554,46.862595002935166,75.24453025718846,completed,False,not_required,not_required,False,2026-09-02T03:27:07Z
688100,威胜信息,27.371416671557853,37.47983038082906,30.579134753085885,77.27752116563312,completed,False,not_required,not_required,False,2026-09-02T03:27:07Z
688101,三达膜,31.20905883894105,35.92248312966243,36.40672759608914,44.208948978038606,completed,False,not_required,not_required,False,2026-09-02T03:27:07Z
688102,斯瑞新材,51.28663782605774,48.1795764537906,35.575691548375254,70.41976636301523,completed,False,not_required,not_required,False,2026-09-02T03:27:07Z
688103,国力电子,46.77239184710208,39.16441906670451,33.59047298755515,67.7089638195594,completed,False,not_required,not_required,False,2026-09-02T03:27:07Z
688105,诺唯赞,67.07334184776529,55.2688751754669,63.458916533475374,74.34025367034856,completed,False,not_required,not_required,False,2026-09-02T03:27:07Z
688106,金宏气体,63.24515290141171,53.05457502431108,51.980424682649804,70.71574190407047,completed,False,not_required,not_required,False,2026-09-02T03:27:07Z
688107,安路科技,49.38979357683726,41.36186834852824,41.58012426541902,35.5584343060433,completed,False,not_required,not_required,False,2026-09-02T03:27:07Z
688108,赛诺医疗,61.734097255423606,48.02433572218916,52.81942499210949,85.88973142239792,completed,True,completed_or_best_effort,completed,False,2026-09-02T03:27:07Z
688109,品茗科技,28.073203431116703,41.152646584044504,31.042453504659427,63.75747522598962,completed,False,not_required,not_required,False,2026-09-02T03:27:07Z
688110,东芯股份,76.14701758492632,56.00525015146815,67.05630243319904,87.23521829820557,completed,True,completed_or_best_effort,completed,False,2026-09-02T03:27:07Z
688111,金山办公,53.828294069998975,36.51613816275698,38.662580024700716,75.76918089457973,completed,False,not_required,not_required,False,2026-09-02T03:27:07Z
688112,鼎阳科技,66.61457870237543,55.484732535630464,53.345838541236255,72.60063537401213,completed,False,not_required,not_required,False,2026-09-02T03:27:07Z
688113,联测科技,42.84216175868551,34.19992982015737,35.71030104984716,67.39039136811307,completed,False,not_required,not_required,False,2026-09-02T03:27:07Z
688114,华大智造,16.22731658571824,29.70226315721355,20.47537878143463,58.02650633148699,completed,False,not_required,not_required,False,2026-09-02T03:27:07Z
688115,思林杰,44.715346162490604,46.71376296963491,62.99716400876167,51.96215212284049,completed,False,not_required,not_required,False,2026-09-02T03:27:07Z
688116,天奈科技,63.66528087702057,57.3094421594862,51.75349334786882,76.73680767370682,completed,False,not_required,not_required,False,2026-09-02T03:27:07Z
688117,圣诺生物,70.62343751189465,58.04784962734342,51.48432135954065,76.61307309241671,completed,False,not_required,not_required,False,2026-09-02T03:27:07Z
688118,普元信息,11.109342779520993,23.799404508217755,22.310184809434023,42.236548793096965,completed,False,not_required,not_required,False,2026-09-02T03:27:07Z
688119,中钢洛耐,23.199051491389074,32.56935157680188,23.968485537390627,35.91279095063873,completed,False,not_required,not_required,False,2026-09-02T03:27:07Z
688120,华海清科,53.96490779935705,41.23596335608597,32.326632560428855,73.97549965491487,completed,False,not_required,not_required,False,2026-09-02T03:27:07Z
688121,*ST卓然,0.0,21.896298224558507,10.865016801942192,0.0,completed,False,not_required,not_required,False,2026-09-02T03:27:07Z
688122,西部超导,35.94287023534451,39.60224823865257,29.32054656582106,46.076562117283984,completed,False,not_required,not_required,False,2026-09-02T03:27:07Z
688123,聚辰股份,61.3335856988813,46.59784612527781,50.29099867658521,78.70439603183577,completed,False,not_required,not_required,False,2026-09-02T03:27:07Z
688125,安达智能,63.22324996997503,58.072948935770555,66.81671490298294,78.73122302294415,completed,False,not_required,not_required,False,2026-09-02T03:27:07Z
688126,沪硅产业,30.477747173928556,40.373830108821934,27.366570881713788,38.21613198054584,completed,False,not_required,not_required,False,2026-09-02T03:27:07Z
688127,蓝特光学,69.9577241107324,51.75943190979624,55.92635176951967,74.71712578150658,completed,False,not_required,not_required,False,2026-09-02T03:27:07Z
688128,中国电研,50.59577772418342,44.091039921323514,39.66272007098793,41.54708252090853,completed,False,not_required,not_required,False,2026-09-02T03:27:07Z
688129,东来技术,50.255124606903436,48.024589347946176,44.67406419088768,69.3430639326242,completed,False,not_required,not_required,False,2026-09-02T03:27:07Z
688130,晶华微,57.02853575439106,46.35759428726257,64.34497150497477,67.69207775946361,completed,False,not_required,not_required,False,2026-09-02T03:27:07Z
688131,皓元医药,59.218950366724734,50.15047585446768,41.17268784579077,69.71681786819853,completed,False,not_required,not_required,False,2026-09-02T03:27:07Z
688132,邦彦技术,7.0341985835289655,29.30299950838471,19.05069410486881,56.852829685253376,completed,False,not_required,not_required,False,2026-09-02T03:27:07Z
688133,泰坦科技,37.46346348035202,44.426388216446895,34.54991646595031,61.41675643914832,completed,False,not_required,not_required,False,2026-09-02T03:27:07Z
688135,利扬芯片,73.27885311148853,58.631913712986794,68.7960788342114,46.472132839500276,completed,False,not_required,not_required,False,2026-09-02T03:27:07Z
688136,科兴制药,58.540697414052524,51.29036581117934,50.397199453033146,70.83042631051623,completed,False,not_required,not_required,False,2026-09-02T03:27:07Z
688137,近岸蛋白,25.71231037981648,36.158347283795145,34.37501827381541,67.53109277835449,completed,False,not_required,not_required,False,2026-09-02T03:27:07Z
688138,清溢光电,58.70580832632024,49.97682446255859,55.49091953619602,69.77174985750717,completed,False,not_required,not_required,False,2026-09-02T03:27:07Z
688139,海尔生物,69.53061249796228,56.7082849355648,61.36290747303252,79.16145069765686,completed,True,completed_or_best_effort,completed,False,2026-09-02T03:27:07Z
688141,杰华特,36.602282926775324,37.927272803768524,27.176416811236145,54.735570111689704,completed,False,not_required,not_required,False,2026-09-02T03:27:07Z
688143,长盈通,29.343338677168063,33.123792543014154,22.04007567126329,55.13507061382556,completed,False,not_required,not_required,False,2026-09-02T03:27:07Z
688146,中船特气,67.05861219325905,55.63860778366265,49.68000572438302,59.370367068187655,completed,False,not_required,not_required,False,2026-09-02T03:27:07Z
688147,微导纳米,51.95924624657109,47.630123244206096,27.912769976562036,68.62390980337469,completed,False,not_required,not_required,False,2026-09-02T03:27:07Z
688148,芳源股份,62.1791143296752,40.904003007181004,46.677924928556244,59.558071125110466,completed,False,not_required,not_required,False,2026-09-02T03:27:07Z
688150,莱特光电,52.43424773433457,48.52179694239944,38.2124121827062,69.53149180974624,completed,False,not_required,not_required,False,2026-09-02T03:27:07Z
688151,华强科技,36.189895522755,36.776237066708234,44.56963648263008,58.717817803541905,completed,False,not_required,not_required,False,2026-09-02T03:27:07Z
688152,麒麟信安,34.16675502280786,32.712911042139964,43.91671037243601,56.85566108965262,completed,False,not_required,not_required,False,2026-09-02T03:27:07Z
688153,唯捷创芯,22.826335534981197,29.130350517917403,20.48773680084801,67.04472758111478,completed,False,not_required,not_required,False,2026-09-02T03:27:07Z
688155,先惠技术,30.977764052923,24.409687825959722,23.003210629172102,46.8973969718403,completed,False,not_required,not_required,False,2026-09-02T03:27:07Z
688156,路德科技,50.014541502006644,40.92718641586599,52.917321272823536,70.97305645341109,completed,False,not_required,not_required,False,2026-09-02T03:27:07Z
688157,松井股份,19.90870594510892,37.54832555993606,21.838864673155022,24.325615584220486,completed,False,not_required,not_required,False,2026-09-02T03:27:07Z
688158,优刻得,47.34089577717375,44.59270949678375,40.91517513013628,67.8126212707222,completed,False,not_required,not_required,False,2026-09-02T03:27:07Z
688159,有方科技,50.41078755509343,42.545603914870334,44.432258604744796,77.37397380800503,completed,False,not_required,not_required,False,2026-09-02T03:27:07Z
688160,步科股份,55.203501606395854,45.59492965814452,42.04219304160494,49.56133195295989,completed,False,not_required,not_required,False,2026-09-02T03:27:07Z
688161,威高骨科,41.75664292102067,37.705029847725235,42.12254286218023,69.93999660307615,completed,False,not_required,not_required,False,2026-09-02T03:27:07Z
688162,巨一科技,63.222094429127566,52.17784449434447,51.93051201122185,75.30107095238186,completed,False,not_required,not_required,False,2026-09-02T03:27:07Z
688163,赛伦生物,48.65914124331381,49.50048738825604,50.07380459202951,59.76294382760312,completed,False,not_required,not_required,False,2026-09-02T03:27:07Z
688165,埃夫特,46.64240403316817,46.98956066462107,43.44670071634686,45.81646218749354,completed,False,not_required,not_required,False,2026-09-02T03:27:07Z
688166,博瑞医药,67.52216373651709,64.62114479631165,57.5387564216191,81.01742065540152,completed,True,completed_or_best_effort,completed,False,2026-09-02T03:27:07Z
688167,炬光科技,18.383992649859366,33.09442228589701,25.298319885332557,66.22855328482598,completed,False,not_required,not_required,False,2026-09-02T03:27:07Z
688168,安博通,15.203542612955886,27.247626776216087,26.903489311659825,51.290857385899415,completed,False,not_required,not_required,False,2026-09-02T03:27:07Z
688169,石头科技,64.03083400410812,48.7485389727974,51.302321381610405,76.96612304130768,completed,False,not_required,not_required,False,2026-09-02T03:27:07Z
688170,德龙激光,20.522535077043308,32.141481121431774,18.80692134739292,53.13283840418815,completed,False,not_required,not_required,False,2026-09-02T03:27:07Z
688171,纬德信息,14.297794745680836,28.846068119486453,29.312048744415797,71.80703641176623,completed,False,not_required,not_required,False,2026-09-02T03:27:07Z
688172,燕东微,14.695127010690019,22.37032858962788,12.242237036531687,51.067941652896174,completed,False,not_required,not_required,False,2026-09-02T03:27:07Z
688173,希荻微,28.757748582145858,28.74834986870732,31.229341243409678,45.43492100517621,completed,False,not_required,not_required,False,2026-09-02T03:27:07Z
688175,高凌信息,28.368048300858035,34.91492406653471,48.9936422022406,73.77785255323599,completed,False,not_required,not_required,False,2026-09-02T03:27:07Z
688176,亚虹医药,29.312321671480888,37.29425766664017,34.92612273234908,56.86567762417514,completed,False,not_required,not_required,False,2026-09-02T03:27:07Z
688177,百奥泰,14.043920534573772,35.969361996697884,15.84279202860501,43.92861174042174,completed,False,not_required,not_required,False,2026-09-02T03:27:07Z
688178,万德斯,59.66692767111772,54.9617005774119,55.40188650640525,70.45969760204395,completed,False,not_required,not_required,False,2026-09-02T03:27:07Z
688179,阿拉丁,67.05002607190843,53.527333040276666,52.66708279717924,78.42866802013523,completed,False,not_required,not_required,False,2026-09-02T03:27:07Z
688180,君实生物,60.50404229878217,55.82876873183936,62.37762050382911,65.90639006619146,completed,False,not_required,not_required,False,2026-09-02T03:27:07Z
688181,八亿时空,51.49550382157169,50.826151607485414,46.78926417632407,69.26939569704817,completed,False,not_required,not_required,False,2026-09-02T03:27:07Z
688182,灿勤科技,52.04877185077055,49.630896147895776,38.478122680709134,61.30473786411689,completed,False,not_required,not_required,False,2026-09-02T03:27:07Z
688183,生益电子,67.30454544003175,51.48068889033015,48.89841075452048,75.13257414534216,completed,False,not_required,not_required,False,2026-09-02T03:27:07Z
688184,ST帕瓦,61.751391296001,42.69501402157378,70.24062512847624,59.296191640130914,completed,False,not_required,not_required,False,2026-09-02T03:27:07Z
688185,康希诺,51.75559989460635,50.74288054781832,56.663501548716866,66.82508644354061,completed,False,not_required,not_required,False,2026-09-02T03:27:07Z
688186,广大特材,19.85581819808433,33.61631350955909,22.18770734767201,56.64057266658353,completed,False,not_required,not_required,False,2026-09-02T03:27:07Z
688187,时代电气,47.78534032748908,45.3838371891364,48.72161003850138,63.67730511226117,completed,False,not_required,not_required,False,2026-09-02T03:27:07Z
688188,柏楚电子,58.46401974710671,40.52341733410113,45.82571984191305,71.83843018682639,completed,False,not_required,not_required,False,2026-09-02T03:27:07Z
688189,ST南新,29.74152659578155,42.79196016059812,35.21940830373128,30.65416923047671,completed,False,not_required,not_required,False,2026-09-02T03:27:07Z
688190,云路股份,37.57874621888996,29.61142143366766,37.82643787612579,47.86696356039687,completed,False,not_required,not_required,False,2026-09-02T03:27:07Z
688191,智洋创新,5.068193350687185,20.905230687889127,8.307135046906431,56.95431545906609,completed,False,not_required,not_required,False,2026-09-02T03:27:07Z
688192,迪哲医药,46.909823065197585,37.73373537505476,47.028507674272085,53.88133497694302,completed,False,not_required,not_required,False,2026-09-02T03:27:07Z
688193,仁度生物,50.14661897960609,45.78419390138221,56.94051649211823,78.73422071507136,completed,False,not_required,not_required,False,2026-09-02T03:27:07Z
688195,腾景科技,69.71468193191899,58.79539888695701,50.0364134264649,63.81803953657036,completed,False,not_required,not_required,False,2026-09-02T03:27:07Z
688196,卓越新能,32.475345038210094,43.274267525107014,29.01647853355707,39.380815889745065,completed,False,not_required,not_required,False,2026-09-02T03:27:07Z
688197,首药控股,28.98165337943915,31.823010207651954,41.65477459620959,53.358217163317235,completed,False,not_required,not_required,False,2026-09-02T03:27:07Z
688198,佰仁医疗,28.28939033410919,34.887278611158386,32.36553984373911,64.09825130126355,completed,False,not_required,not_required,False,2026-09-02T03:27:07Z
688199,久日新材,67.86358227562705,57.16711093941369,61.95719582656217,58.39256436849903,completed,False,not_required,not_required,False,2026-09-02T03:27:07Z
688200,华峰测控,64.74841017634878,51.13169117554006,50.019221014061365,81.48387400092584,completed,False,not_required,not_required,False,2026-09-02T03:27:07Z
688201,ST信安,15.912288445776298,22.095591003621507,30.07141110130422,62.915956599912484,completed,False,not_required,not_required,False,2026-09-02T03:27:07Z
688202,美迪西,77.41286406235139,62.31887101557893,67.65669654441773,51.840411272738294,completed,True,completed_or_best_effort,completed,False,2026-09-02T03:27:07Z
688203,海正生材,74.28075168248631,60.43288185351769,61.42730978553579,70.82590651967689,completed,False,not_required,not_required,False,2026-09-02T03:27:07Z
688205,德科立,56.74272561069588,51.47926143779042,45.96391052496367,54.71364802049639,completed,False,not_required,not_required,False,2026-09-02T03:27:07Z
688206,概伦电子,32.69988442262198,34.00848042331155,32.92553927396999,67.74057414219315,completed,False,not_required,not_required,False,2026-09-02T03:27:07Z
688207,格灵深瞳,9.07405853084359,21.252050866246023,23.464570637241103,55.19346400759125,completed,False,not_required,not_required,False,2026-09-02T03:27:07Z
688208,道通科技,52.77951214337503,42.982239689580034,46.47090967536609,76.05337531539362,completed,False,not_required,not_required,False,2026-09-02T03:27:07Z
688209,英集芯,48.626855411981566,39.96490153264808,44.131731499245355,49.33804449552573,completed,False,not_required,not_required,False,2026-09-02T03:27:07Z
688210,统联精密,12.482864682757654,32.89239970314285,19.183350747533915,46.52170689246884,completed,False,not_required,not_required,False,2026-09-02T03:27:07Z
688211,中科微至,64.9618709885157,53.228338567616326,73.20402545930975,79.0355331896919,completed,True,completed_or_best_effort,completed,False,2026-09-02T03:27:07Z
688212,澳华内镜,21.5032847196958,32.802584217386986,24.108310629126596,40.409350389196504,completed,False,not_required,not_required,False,2026-09-02T03:27:07Z
688213,思特威,63.98065576592591,48.85227444339353,47.49147249045492,56.18872933665225,completed,False,not_required,not_required,False,2026-09-02T03:27:07Z
688215,瑞晟智能,62.38674216792967,51.188880046358264,48.61270896369236,60.728276298399145,completed,False,not_required,not_required,False,2026-09-02T03:27:07Z
688216,气派科技,70.44927974106349,53.37565080168001,69.31767844895977,74.9298598306542,completed,False,not_required,not_required,False,2026-09-02T03:27:07Z
688217,睿昂基因,11.446694560209963,28.752938854502254,26.32979764335284,39.29096914931165,completed,False,not_required,not_required,False,2026-09-02T03:27:07Z
688218,江苏北人,70.71932159396626,54.78795315653057,68.17540923149568,71.51930551703191,completed,False,not_required,not_required,False,2026-09-02T03:27:07Z
688219,会通股份,56.957954082438754,43.65136528226305,46.46159166067941,74.25638389419956,completed,False,not_required,not_required,False,2026-09-02T03:27:07Z
688220,翱捷科技,62.091751443509565,54.11384226164901,62.762521746734606,60.993814585287176,completed,False,not_required,not_required,False,2026-09-02T03:27:07Z
688221,前沿生物,44.40603544930008,39.26903251535928,40.380436032604734,73.98688475734187,completed,False,not_required,not_required,False,2026-09-02T03:27:07Z
688222,成都先导,70.36820516435624,54.39512880497386,56.21650426437205,73.72084322640676,completed,False,not_required,not_required,False,2026-09-02T03:27:07Z
688223,晶科能源,26.043043958294454,40.73415279427192,35.299839239057434,60.43347931215853,completed,False,not_required,not_required,False,2026-09-02T03:27:07Z
688225,亚信安全,37.25863777566197,32.525352919151764,46.548233648924366,51.87063075396591,completed,False,not_required,not_required,False,2026-09-02T03:27:07Z
688226,威腾电气,57.1698568707998,54.84624942237899,46.86142434959675,59.091009719881036,completed,False,not_required,not_required,False,2026-09-02T03:27:07Z
688227,品高股份,54.770706809875264,58.33735821255718,57.90305324898324,60.79443562348655,completed,False,not_required,not_required,False,2026-09-02T03:27:07Z
688228,开普云,17.13694924569356,33.93439673663839,25.466754039480513,63.75823093315304,completed,False,not_required,not_required,False,2026-09-02T03:27:07Z
688229,博睿数据,19.55727855954631,29.596745600906722,35.817156358708175,48.55160803330537,completed,False,not_required,not_required,False,2026-09-02T03:27:07Z
688230,芯导科技,61.319503078915915,41.52895784501701,55.49195436362916,78.08178891092737,completed,False,not_required,not_required,False,2026-09-02T03:27:07Z
688231,隆达股份,58.26556504535116,53.44100985213345,49.22878431170102,66.76340825062718,completed,False,not_required,not_required,False,2026-09-02T03:27:07Z
688232,新点软件,20.78837672305426,36.1806969287541,29.959381932893393,75.52261703170673,completed,False,not_required,not_required,False,2026-09-02T03:27:07Z
688233,神工股份,46.943014470819875,39.386168913027205,41.73527984480189,56.68233855029611,completed,False,not_required,not_required,False,2026-09-02T03:27:07Z
688234,天岳先进,48.88285589390968,56.25953491113505,42.41971090425408,44.35637698844464,completed,False,not_required,not_required,False,2026-09-02T03:27:07Z
688235,百济神州,62.66363425666886,40.394225715310625,47.064050789226066,63.443513213904815,completed,False,not_required,not_required,False,2026-09-02T03:27:07Z
688236,春立医疗,38.36416549490443,38.476479256206076,41.96472233217731,58.38026154562136,completed,False,not_required,not_required,False,2026-09-02T03:27:07Z
688237,超卓航科,38.05342873611057,35.629969751424476,39.94214399576167,75.16730695406082,completed,False,not_required,not_required,False,2026-09-02T03:27:07Z
688238,和元生物,32.56431281672177,44.67850302988676,38.55667389886293,53.660552296783415,completed,False,not_required,not_required,False,2026-09-02T03:27:07Z
688239,航宇科技,60.48448126234356,51.9145995180034,43.8676209330146,71.52176391969462,completed,False,not_required,not_required,False,2026-09-02T03:27:07Z
688244,永信至诚,9.727133302873547,21.671221947609304,26.792041193652473,60.66856797961355,completed,False,not_required,not_required,False,2026-09-02T03:27:07Z
688246,嘉和美康,30.709541531541305,42.8841491989263,46.73118609127306,35.60662754076801,completed,False,not_required,not_required,False,2026-09-02T03:27:07Z
688247,宣泰医药,37.84575059473973,43.90566383490708,39.485145484176236,74.73437861394547,completed,False,not_required,not_required,False,2026-09-02T03:27:07Z
688248,南网科技,40.21562902993996,44.57127823613129,36.97190652179017,64.17046620917515,completed,False,not_required,not_required,False,2026-09-02T03:27:07Z
688249,晶合集成,55.56806694845616,45.853832820962936,43.26743047338659,71.42749487729459,completed,False,not_required,not_required,False,2026-09-02T03:27:07Z
688251,井松智能,17.05669163694268,34.526771975490426,25.136938544505036,57.565935439602185,completed,False,not_required,not_required,False,2026-09-02T03:27:07Z
688252,天德钰,60.39953095419593,48.93177516500358,55.50233116813321,80.01227144762552,completed,False,not_required,not_required,False,2026-09-02T03:27:07Z
688253,英诺特,10.859882617214108,20.325057338833847,17.869196352204618,57.781808130970475,completed,False,not_required,not_required,False,2026-09-02T03:27:07Z
688255,凯尔达,69.38651931862141,57.14983163689208,68.4932543592219,65.59753240380954,completed,False,not_required,not_required,False,2026-09-02T03:27:07Z
688256,寒武纪,55.88618377355128,35.52850329127837,36.44279318747903,75.57528258138555,completed,False,not_required,not_required,False,2026-09-02T03:27:07Z
688257,新锐股份,62.17948004829786,44.80610075549586,47.642306628216666,78.6793256737792,completed,True,completed_or_best_effort,completed,False,2026-09-02T03:27:07Z
688258,卓易信息,62.90538938478281,52.42000364444947,58.22190703068471,66.771740613507,completed,False,not_required,not_required,False,2026-09-02T03:27:07Z
688259,创耀科技,31.825849863614415,33.67186228872819,32.16413932770589,43.384798071313796,completed,False,not_required,not_required,False,2026-09-02T03:27:07Z
688260,昀冢科技,35.26095053866077,40.43674235707421,36.37168822982868,58.970394722868456,completed,False,not_required,not_required,False,2026-09-02T03:27:07Z
688261,东微半导,65.5149759088606,59.247790514791454,53.92004972276357,71.35627001738634,completed,False,not_required,not_required,False,2026-09-02T03:27:07Z
688262,国芯科技,36.1803866766592,37.957498352797494,32.594867404867095,29.464618643838264,completed,False,not_required,not_required,False,2026-09-02T03:27:07Z
688265,南模生物,30.62366169206628,38.911763735090766,33.060460308376534,58.929355029368296,completed,False,not_required,not_required,False,2026-09-02T03:27:07Z
688266,泽璟制药,65.17321925132528,39.17788419580437,60.90061408445025,59.11322789696597,completed,False,not_required,not_required,False,2026-09-02T03:27:07Z
688267,中触媒,30.772025312305523,33.32076826612033,36.228477133550726,58.69346981484572,completed,False,not_required,not_required,False,2026-09-02T03:27:07Z
688268,华特气体,66.88431384613673,52.62244962319741,49.70306247826155,67.88296364516368,completed,False,not_required,not_required,False,2026-09-02T03:27:07Z
688269,凯立新材,37.391186484535915,33.88698185208534,18.36719430435633,50.70595477816657,completed,False,not_required,not_required,False,2026-09-02T03:27:07Z
688270,ST臻镭,19.676264148117536,18.24900573439312,25.772242079025542,23.308991336941354,completed,False,not_required,not_required,False,2026-09-02T03:27:07Z
688271,联影医疗,42.54952134612765,48.74198613849713,32.27263303249847,79.44688488596586,completed,False,not_required,not_required,False,2026-09-02T03:27:07Z
688272,富吉瑞,19.808807581765144,43.89869578686518,29.307214514202812,54.419563140952924,completed,False,not_required,not_required,False,2026-09-02T03:27:07Z
688273,麦澜德,28.791532191722418,35.15626430657428,33.63471277344272,43.938080671667564,completed,False,not_required,not_required,False,2026-09-02T03:27:07Z
688275,万润新能,66.43136066290971,50.76840484398925,58.905964700871145,68.00480289309886,completed,False,not_required,not_required,False,2026-09-02T03:27:07Z
688276,百克生物,42.82035421992519,52.229959417048796,46.96643083147921,50.08654200552307,completed,False,not_required,not_required,False,2026-09-02T03:27:07Z
688277,天智航,31.396313142209777,41.70662441603534,44.79265155453684,75.9632358617331,completed,False,not_required,not_required,False,2026-09-02T03:27:07Z
688278,特宝生物,57.5761282097539,46.81271345463816,47.30662437752195,77.6792557697577,completed,False,not_required,not_required,False,2026-09-02T03:27:07Z
688279,峰岹科技,60.1710573710273,48.48712320148707,47.5122668464278,72.53352374566589,completed,False,not_required,not_required,False,2026-09-02T03:27:07Z
688280,精进电动,20.129533599106193,32.34734633744654,26.81510533673324,33.85120500295695,completed,False,not_required,not_required,False,2026-09-02T03:27:07Z
688281,华秦科技,52.635259824881416,47.67633246477709,38.683426926652764,72.74817598579692,completed,False,not_required,not_required,False,2026-09-02T03:27:07Z
688282,理工导航,7.301901124884417,20.33398503096116,19.64611623778583,42.96822407396136,completed,False,not_required,not_required,False,2026-09-02T03:27:07Z
688283,坤恒顺维,16.951595441833504,26.6358593744308,26.643407210168878,43.70030363024649,completed,False,not_required,not_required,False,2026-09-02T03:27:07Z
688285,高铁电气,33.696011542223125,37.56997362891923,32.67380664394541,67.34436129419055,completed,False,not_required,not_required,False,2026-09-02T03:27:07Z
688286,敏芯股份,26.602365481181963,35.53966840426013,29.37135346030194,43.73329090990215,completed,False,not_required,not_required,False,2026-09-02T03:27:07Z
688288,鸿泉技术,22.669284646268263,25.059332940774436,21.25305381234342,54.34974912350942,completed,False,not_required,not_required,False,2026-09-02T03:27:07Z
688289,圣湘生物,39.97116935007978,52.200034954318234,37.59820422849138,80.37141450061186,completed,False,not_required,not_required,False,2026-09-02T03:27:07Z
688290,景业智能,6.287238752146894,23.568514735348003,16.01359516900431,58.32238356339176,completed,False,not_required,not_required,False,2026-09-02T03:27:07Z
688291,金橙子,41.13541331922196,40.25671376338938,35.32859307657588,65.15094705891914,completed,False,not_required,not_required,False,2026-09-02T03:27:07Z
688292,浩瀚深度,7.192753652666159,18.543591418446873,17.528993027405612,52.662050738331516,completed,False,not_required,not_required,False,2026-09-02T03:27:07Z
688293,奥浦迈,66.93555989352824,50.886688224021825,48.71266338433782,75.78450708854353,completed,False,not_required,not_required,False,2026-09-02T03:27:07Z
688295,中复神鹰,49.89374785241222,40.48186344786579,38.87300756496219,38.14084578441442,completed,False,not_required,not_required,False,2026-09-02T03:27:07Z
688296,和达科技,17.44483512234337,25.528329100688715,27.55595878752078,64.44170339849127,completed,False,not_required,not_required,False,2026-09-02T03:27:07Z
688297,中无人机,64.46511714126841,51.062593047013195,45.11560210799531,76.14733046571756,completed,False,not_required,not_required,False,2026-09-02T03:27:07Z
688298,东方生物,23.10267718403998,40.6201499351114,34.13562579040568,53.89841179500497,completed,False,not_required,not_required,False,2026-09-02T03:27:07Z
688299,长阳科技,51.23713744284395,48.31252086542202,61.82274763442868,54.63398519540816,completed,False,not_required,not_required,False,2026-09-02T03:27:07Z
688300,联瑞新材,50.35984203941677,41.181985912930955,35.0193401326625,58.39132431486124,completed,False,not_required,not_required,False,2026-09-02T03:27:07Z
688301,奕瑞科技,56.71526073306706,48.30250021724758,39.718624066216655,75.33935560693033,completed,False,not_required,not_required,False,2026-09-02T03:27:07Z
688302,海创药业,31.02491676858132,35.54225582587876,42.84576041017215,46.60753496881186,completed,False,not_required,not_required,False,2026-09-02T03:27:07Z
688303,大全能源,28.83692971920715,45.84505061136323,31.31115673384005,62.462445766502405,completed,False,not_required,not_required,False,2026-09-02T03:27:07Z
688305,科德数控,31.422400846033057,42.11884934948901,35.191083270764786,68.51659661901698,completed,False,not_required,not_required,False,2026-09-02T03:27:07Z
688306,均普智能,36.69229802719619,35.74928141771131,33.75328063435565,47.861894410521224,completed,False,not_required,not_required,False,2026-09-02T03:27:07Z
688307,中润光学,60.67747654233534,47.98232923470777,48.05366304551536,63.0338177113099,completed,False,not_required,not_required,False,2026-09-02T03:27:07Z
688308,欧科亿,54.89471711599526,40.09271402166558,52.72480274707214,63.66000022085744,completed,False,not_required,not_required,False,2026-09-02T03:27:07Z
688309,恒誉科技,68.89302919759206,50.16774701629247,58.02285791142477,62.23568901524661,completed,False,not_required,not_required,False,2026-09-02T03:27:07Z
688310,迈得医疗,27.068416764944985,36.338260307187944,25.651575614398524,59.20242708927446,completed,False,not_required,not_required,False,2026-09-02T03:27:07Z
688311,盟升电子,25.468124670579954,35.29075017685349,23.722681217173513,55.49333458380983,completed,False,not_required,not_required,False,2026-09-02T03:27:07Z
688312,燕麦科技,34.50774788744104,35.98404970423975,34.94723064765958,76.8291114756081,completed,False,not_required,not_required,False,2026-09-02T03:27:07Z
688313,仕佳光子,58.941045743397176,49.808637581433466,36.33310181186823,48.412829889335256,completed,False,not_required,not_required,False,2026-09-02T03:27:07Z
688314,康拓医疗,52.6396839620884,47.73883307907368,47.281491109850016,61.52627482809531,completed,False,not_required,not_required,False,2026-09-02T03:27:07Z
688315,诺禾致源,37.61598425906104,39.361834921279254,40.935084229541474,50.740191559993896,completed,False,not_required,not_required,False,2026-09-02T03:27:07Z
688316,青云科技,19.663745863617713,27.42546557758022,32.395679985855864,45.69542173863497,completed,False,not_required,not_required,False,2026-09-02T03:27:07Z
688317,之江生物,18.99800538498256,36.423857123084694,25.660167587717407,60.13408221160784,completed,False,not_required,not_required,False,2026-09-02T03:27:07Z
688318,财富趋势,36.0466368688892,37.14421799143085,38.520509573315294,43.95768639969732,completed,False,not_required,not_required,False,2026-09-02T03:27:07Z
688319,欧林生物,15.7557821513046,22.38642281864011,19.42819581287717,63.50170381598753,completed,False,not_required,not_required,False,2026-09-02T03:27:07Z
688320,禾川科技,71.91711218833564,59.46066406388898,67.27893421141385,66.00858432654178,completed,False,not_required,not_required,False,2026-09-02T03:27:07Z
688321,微芯生物,45.53036590952751,35.90011468197445,35.809922346868184,75.47599932133183,completed,False,not_required,not_required,False,2026-09-02T03:27:07Z
688322,奥比中光,37.660133545897054,43.22791957243465,35.60109310505448,75.4315910774978,completed,False,not_required,not_required,False,2026-09-02T03:27:07Z
688323,瑞华泰,37.08405960875008,42.393538139728086,29.442432384996764,40.52272212710256,completed,False,not_required,not_required,False,2026-09-02T03:27:07Z
688325,赛微微电,43.40851998689709,40.567892078531884,36.35944006039319,68.95032978729702,completed,False,not_required,not_required,False,2026-09-02T03:27:07Z
688326,经纬恒润,14.330088145194011,27.72528769090413,14.187315870395112,59.71037282594671,completed,False,not_required,not_required,False,2026-09-02T03:27:07Z
688327,云从科技,27.984592203413364,36.64965045581575,40.38597897868627,54.808977282181615,completed,False,not_required,not_required,False,2026-09-02T03:27:07Z
688328,深科达,79.46471696398909,60.30439341866973,60.43431165139065,60.39118089828551,completed,True,completed_or_best_effort,completed,False,2026-09-02T03:27:07Z
688329,艾隆科技,51.72073341589211,49.49549870844319,47.89805102042025,57.943379016821744,completed,False,not_required,not_required,False,2026-09-02T03:27:07Z
688330,宏力达,66.24009162032762,53.72930921915449,56.82040617986536,72.85727785720083,completed,False,not_required,not_required,False,2026-09-02T03:27:07Z
688331,荣昌生物,84.1502499694322,61.13327778911043,75.85112340639897,82.07157563028625,completed,True,completed_or_best_effort,completed,True,2026-09-02T03:27:07Z
688332,中科蓝讯,67.04492100586032,52.8690061674816,59.87309272794534,60.87943190407498,completed,False,not_required,not_required,False,2026-09-02T03:27:07Z
688333,铂力特,17.39588244429044,28.18453083274308,13.762053298726848,51.331338515915725,completed,False,not_required,not_required,False,2026-09-02T03:27:07Z
688334,西高院,54.98871516489886,42.548092671952084,52.45157356014192,52.13832398499662,completed,False,not_required,not_required,False,2026-09-02T03:27:07Z
688335,复洁科技,51.477638929067155,51.99288666914289,50.30763176258844,43.68205258721761,completed,False,not_required,not_required,False,2026-09-02T03:27:07Z
688336,三生国健,66.67511991003866,55.14015947575819,65.2084256627819,64.80076728111965,completed,False,not_required,not_required,False,2026-09-02T03:27:07Z
688337,普源精电,44.073825543377325,36.195332410271035,35.09879348253825,75.28705454568862,completed,False,not_required,not_required,False,2026-09-02T03:27:07Z
688338,赛科希德,46.82662612835289,49.64217237403439,48.04688614637169,69.00060676862714,completed,False,not_required,not_required,False,2026-09-02T03:27:07Z
688339,亿华通,27.943823685687292,35.37274492568271,44.259989269360176,52.422462238377555,completed,False,not_required,not_required,False,2026-09-02T03:27:07Z
688343,云天励飞,30.54011221554031,39.382537229262304,45.18474038797485,67.55183047634706,completed,False,not_required,not_required,False,2026-09-02T03:27:07Z
688345,博力威,61.03115207570783,44.795008480896804,38.49850656931657,75.6912076218329,completed,False,not_required,not_required,False,2026-09-02T03:27:07Z
688347,华虹宏力,63.051949650929885,50.26511580895949,50.6982460632258,85.57919555022558,completed,False,not_required,not_required,False,2026-09-02T03:27:07Z
688348,昱能科技,20.847548350321194,38.82816981876873,36.537293374645756,58.6309172525492,completed,False,not_required,not_required,False,2026-09-02T03:27:07Z
688349,三一重能,21.23954953870046,24.468700750300222,19.78336108002215,53.61992972137964,completed,False,not_required,not_required,False,2026-09-02T03:27:07Z
688350,富淼科技,29.87808307115551,31.28614222595045,32.776756564864755,74.13945406928345,completed,False,not_required,not_required,False,2026-09-02T03:27:07Z
688351,微电生理,41.28079749681252,43.136153811335895,27.357396728788885,60.668179048909224,completed,False,not_required,not_required,False,2026-09-02T03:27:07Z
688352,颀中科技,27.58689459009115,42.53036380704894,24.936639927875888,65.35696342221368,completed,False,not_required,not_required,False,2026-09-02T03:27:07Z
688353,华盛锂电,73.25267094565672,61.03877241316204,67.1218172318346,52.669221081977156,completed,False,not_required,not_required,False,2026-09-02T03:27:07Z
688355,明志科技,36.326427070632676,35.288470982111335,41.90047965178657,66.94960353935636,completed,False,not_required,not_required,False,2026-09-02T03:27:07Z
688356,键凯科技,44.316887635797066,45.49275853939023,38.78190401600902,43.70872707567675,completed,False,not_required,not_required,False,2026-09-02T03:27:07Z
688357,建龙微纳,51.53595842974653,45.48930151006734,46.826944954771044,65.85632039627185,completed,False,not_required,not_required,False,2026-09-02T03:27:07Z
688358,祥生医疗,45.14801735144498,42.26475762715803,40.86254766050182,77.67935156953124,completed,False,not_required,not_required,False,2026-09-02T03:27:07Z
688359,三孚新科,56.21633902903372,48.159480493528804,50.13434760184807,57.95012479045936,completed,False,not_required,not_required,False,2026-09-02T03:27:07Z
688360,德马科技,49.85146388385246,48.78396348316294,33.248666322794215,55.87545534335994,completed,False,not_required,not_required,False,2026-09-02T03:27:07Z
688361,中科飞测,31.74429971423735,37.36390066998836,21.18070834925252,39.023166310665516,completed,False,not_required,not_required,False,2026-09-02T03:27:07Z
688362,甬矽电子,66.50364786195053,52.55541883649302,53.938928688417995,78.13745286472178,completed,False,not_required,not_required,False,2026-09-02T03:27:07Z
688363,华熙生物,43.0521048409595,43.78726707172903,42.104021035382594,59.91081135103866,completed,False,not_required,not_required,False,2026-09-02T03:27:07Z
688365,光云科技,69.21350289682913,52.575714921321016,65.96445911618535,70.8483814940703,completed,False,not_required,not_required,False,2026-09-02T03:27:07Z
688366,昊海生科,33.545037142865375,35.12749854875924,35.13647412188436,44.247969294638686,completed,False,not_required,not_required,False,2026-09-02T03:27:07Z
688367,工大高科,41.20503349525027,51.38431549478961,31.589823822575262,63.25467827294955,completed,False,not_required,not_required,False,2026-09-02T03:27:07Z
688368,晶丰明源,56.92229256550575,38.323705645791975,37.3882465850279,79.60447532483244,completed,False,not_required,not_required,False,2026-09-02T03:27:07Z
688369,致远互联,38.32353146092733,33.69083213465724,48.98627998955032,61.52111497758013,completed,False,not_required,not_required,False,2026-09-02T03:27:07Z
688370,丛麟科技,70.61228672651684,62.93122588355995,72.74187216690963,75.7220355949542,completed,False,not_required,not_required,False,2026-09-02T03:27:07Z
688371,菲沃泰,17.28757451104341,36.245417933526376,20.27702209450333,47.388174032340224,completed,False,not_required,not_required,False,2026-09-02T03:27:07Z
688372,伟测科技,57.753749825616254,39.49985640179868,42.53942532756729,73.0363452159216,completed,False,not_required,not_required,False,2026-09-02T03:27:07Z
688373,盟科药业,47.59083906043794,41.67946365288982,44.367161393636884,34.86873853770007,completed,False,not_required,not_required,False,2026-09-02T03:27:07Z
688375,国博电子,36.372131338237274,41.84889006229285,37.242089692298244,53.62289894279496,completed,False,not_required,not_required,False,2026-09-02T03:27:07Z
688376,美埃科技,44.015324345225565,43.53018768594209,39.7318744003856,66.65214641010267,completed,False,not_required,not_required,False,2026-09-02T03:27:07Z
688377,迪威尔,42.6337389569287,43.03222671070778,40.75776503934173,68.12076645094774,completed,False,not_required,not_required,False,2026-09-02T03:27:07Z
688378,奥来德,79.10265748574328,69.53340314593112,61.425320508380864,77.88649756609128,completed,True,completed_or_best_effort,completed,False,2026-09-02T03:27:07Z
688379,华光新材,59.46749770914961,50.64496930791747,46.62205334124531,48.24477417141678,completed,False,not_required,not_required,False,2026-09-02T03:27:07Z
688380,中微半导,68.99715270280474,49.058717382001724,60.691757547549784,72.4629167942305,completed,False,not_required,not_required,False,2026-09-02T03:27:07Z
688381,帝奥微,51.858434430571315,50.982271243275754,56.256858516983606,64.8679454232518,completed,False,not_required,not_required,False,2026-09-02T03:27:07Z
688382,益方生物,20.548337947273346,30.413464741362745,36.04021673433038,69.79889747936683,completed,False,not_required,not_required,False,2026-09-02T03:27:07Z
688383,新益昌,64.39141006605809,61.50180616385222,57.40764872478048,48.21155111279458,completed,False,not_required,not_required,False,2026-09-02T03:27:07Z
688385,复旦微电,71.30708762735607,56.6858035288767,54.15537381893435,77.59659492990755,completed,False,not_required,not_required,False,2026-09-02T03:27:07Z
688386,泛亚微透,33.65315932596602,36.6814280097086,25.144751667328773,60.59201591373515,completed,False,not_required,not_required,False,2026-09-02T03:27:07Z
688387,信科移动,38.90414443624306,39.00839040933286,34.74121899616374,40.38767853205692,completed,False,not_required,not_required,False,2026-09-02T03:27:07Z
688388,嘉元科技,72.84611163512501,55.575715415665925,53.805300757685224,77.7416552829658,completed,True,completed_or_best_effort,completed,False,2026-09-02T03:27:07Z
688389,普门科技,49.68158401052341,47.979271323704495,45.056887030463166,68.68497220513952,completed,False,not_required,not_required,False,2026-09-02T03:27:07Z
688390,固德威,70.89265054533762,53.34596796653642,46.920123155299066,76.51344079994476,completed,True,completed_or_best_effort,completed,False,2026-09-02T03:27:07Z
688391,钜泉科技,44.58206345463547,39.1630005265974,38.10277977066627,68.12414316784734,completed,False,not_required,not_required,False,2026-09-02T03:27:07Z
688392,骄成超声,55.21018437263353,44.91085824184054,35.33585583087824,67.23734271472301,completed,False,not_required,not_required,False,2026-09-02T03:27:07Z
688393,安必平,58.181615623181266,58.69468236504315,74.05095169947278,57.56536026989684,completed,False,not_required,not_required,False,2026-09-02T03:27:07Z
688395,正弦电气,44.41302059687539,35.453038927043515,39.932034176011335,49.28560042784941,completed,False,not_required,not_required,False,2026-09-02T03:27:07Z
688396,华润微,55.1784845489188,40.031847904500104,47.38453390278562,70.52335553118169,completed,False,not_required,not_required,False,2026-09-02T03:27:07Z
688398,赛特新材,45.82348641456499,45.14103146350946,39.31147011228053,48.05781814511711,completed,False,not_required,not_required,False,2026-09-02T03:27:07Z
688399,硕世生物,45.1631505521093,54.94396590496617,56.47021837865857,72.0454484535563,completed,False,not_required,not_required,False,2026-09-02T03:27:07Z
688400,凌云光,61.086999789374154,51.17256712210396,50.50347822559596,71.9392043100414,completed,False,not_required,not_required,False,2026-09-02T03:27:07Z
688401,路维光电,62.46543615136475,47.25734299648233,48.87077695449165,67.53805079041821,completed,False,not_required,not_required,False,2026-09-02T03:27:07Z
688403,汇成股份,40.209404480181824,39.437334938068474,35.82869886360991,69.56073068154022,completed,False,not_required,not_required,False,2026-09-02T03:27:07Z
688408,中信博,11.580470614618182,21.871022735316608,17.42096338198954,47.64367030329256,completed,False,not_required,not_required,False,2026-09-02T03:27:07Z
688409,富创精密,57.26365582887662,42.040559995394766,43.5514728498372,70.16787672725299,completed,False,not_required,not_required,False,2026-09-02T03:27:07Z
688410,山外山,72.47148263961904,62.42829056508463,63.01967245687251,57.769398270386176,completed,False,not_required,not_required,False,2026-09-02T03:27:07Z
688411,海博思创,52.50052246891182,44.080761014093206,41.026847355217555,45.42480790195332,completed,False,not_required,not_required,False,2026-09-02T03:27:07Z
688416,恒烁股份,76.66359795512608,56.476147273801594,69.98072366677965,71.52652398778791,completed,True,completed_or_best_effort,completed,False,2026-09-02T03:27:07Z
688418,震有科技,25.30420178237035,40.09904111173031,27.51764926058056,58.125645012841524,completed,False,not_required,not_required,False,2026-09-02T03:27:07Z
688419,耐科装备,58.43788232941206,47.56996757273822,42.740690859101676,49.104395751836016,completed,False,not_required,not_required,False,2026-09-02T03:27:07Z
688420,美腾科技,0.6409919661126118,20.682188606694083,18.980378297646773,39.860002724392864,completed,False,not_required,not_required,False,2026-09-02T03:27:07Z
688425,铁建重工,24.98038486275813,36.66023027622958,32.188415046073764,63.42383923470305,completed,False,not_required,not_required,False,2026-09-02T03:27:07Z
688426,康为世纪,35.814655879132154,40.38892271833452,46.101576609333435,66.1829791365475,completed,False,not_required,not_required,False,2026-09-02T03:27:07Z
688428,诺诚健华,63.58837872151523,47.90570159380013,58.489769069799,77.25705745547124,completed,False,not_required,not_required,False,2026-09-02T03:27:07Z
688429,时创能源,17.803388918282323,25.366882548085133,18.10598072526167,55.40775222679339,completed,False,not_required,not_required,False,2026-09-02T03:27:07Z
688432,有研硅,59.86117810301192,47.98338243315346,46.06096435434902,62.7989092036226,completed,False,not_required,not_required,False,2026-09-02T03:27:07Z
688433,华曙高科,50.0136651446141,54.7879003381131,39.19953147055749,56.95445780084473,completed,False,not_required,not_required,False,2026-09-02T03:27:07Z
688435,英方软件,8.572952313010973,14.331623147840185,24.662881757454866,37.61475637255397,completed,False,not_required,not_required,False,2026-09-02T03:27:07Z
688439,振华风光,9.382195207902488,31.592875804479405,28.48644380545612,40.74278414679608,completed,False,not_required,not_required,False,2026-09-02T03:27:07Z
688443,智翔金泰,41.62792369692645,46.93278627023967,43.48413904047497,60.181512990152605,completed,False,not_required,not_required,False,2026-09-02T03:27:07Z
688448,磁谷科技,24.579668802525852,36.812834592201725,25.410726785291224,53.05992697477406,completed,False,not_required,not_required,False,2026-09-02T03:27:07Z
688449,联芸科技,67.14959532396242,51.14654287601253,49.77581267871619,75.31893789962486,completed,False,not_required,not_required,False,2026-09-02T03:27:07Z
688450,光格科技,34.46002405936941,38.65597726593887,50.36555864647667,58.19628984702661,completed,False,not_required,not_required,False,2026-09-02T03:27:07Z
688455,科捷智能,52.61331369348716,45.28927632751736,37.425382074211406,67.9011919340151,completed,False,not_required,not_required,False,2026-09-02T03:27:07Z
688456,有研粉材,41.56619321268944,27.462239955595955,29.32138216536108,55.20685438028813,completed,False,not_required,not_required,False,2026-09-02T03:27:07Z
688458,美芯晟,35.95603778371679,38.000899372201616,37.223071508469395,55.73989453889363,completed,False,not_required,not_required,False,2026-09-02T03:27:07Z
688459,哈铁科技,13.411823202566108,33.73876008848956,31.496883829447228,43.598979718452,completed,False,not_required,not_required,False,2026-09-02T03:27:07Z
688466,金科环境,47.793230134224515,52.91430897087235,47.748005237189936,60.677756317624,completed,False,not_required,not_required,False,2026-09-02T03:27:07Z
688468,科美诊断,38.55755141234533,43.43499986275413,35.40636700991951,51.00647633479047,completed,False,not_required,not_required,False,2026-09-02T03:27:07Z
688469,芯联集成,79.3315528599559,66.78990696393886,64.85230855066855,79.05262796804836,completed,True,completed_or_best_effort,completed,False,2026-09-02T03:27:07Z
688472,阿特斯,16.26766122256445,30.773183589775954,24.281844957261136,61.099131014338745,completed,False,not_required,not_required,False,2026-09-02T03:27:07Z
688475,萤石网络,61.336666326617376,50.82028423778387,51.00115627098217,66.34367190030048,completed,False,not_required,not_required,False,2026-09-02T03:27:07Z
688478,晶升股份,51.09046684957987,52.888861644922834,52.55503601901393,47.5346088899628,completed,False,not_required,not_required,False,2026-09-02T03:27:07Z
688479,友车科技,20.73625648727282,24.905048300400487,26.638488576724153,42.114045402461244,completed,False,not_required,not_required,False,2026-09-02T03:27:07Z
688480,赛恩斯,52.105357402397246,42.39004398537028,41.55251704554782,69.08384185392904,completed,False,not_required,not_required,False,2026-09-02T03:27:07Z
688484,南芯科技,21.14454598833886,28.31027349493664,21.77175069528297,69.13912645711446,completed,False,not_required,not_required,False,2026-09-02T03:27:07Z
688485,九州一轨,10.428143724058248,28.621151370395395,15.988694692232315,65.52052177639304,completed,False,not_required,not_required,False,2026-09-02T03:27:07Z
688486,龙迅股份,52.87701286154511,43.289621093911315,40.695557604401635,75.18049183023204,completed,False,not_required,not_required,False,2026-09-02T03:27:07Z
688488,艾迪药业,67.21403080539523,58.74335432226873,62.51537212834213,77.39965090684979,completed,False,not_required,not_required,False,2026-09-02T03:27:07Z
688489,三未信安,51.46221384612734,45.4249355872587,58.38996164615577,77.24913627079304,completed,False,not_required,not_required,False,2026-09-02T03:27:07Z
688496,*ST清越,13.358903081537274,29.58548368432384,28.332348130969024,9.84748427899511,completed,False,not_required,not_required,False,2026-09-02T03:27:07Z
688498,源杰科技,72.46495651116207,56.17124268908784,53.53079393464396,79.43289932436508,completed,False,not_required,not_required,False,2026-09-02T03:27:07Z
688499,利元亨,48.48940735831829,36.85224910820957,28.560334572026903,60.14635421696648,completed,False,not_required,not_required,False,2026-09-02T03:27:07Z
688500,慧辰股份,15.329041696950327,22.826909410674663,27.664207819000104,56.09111321343656,completed,False,not_required,not_required,False,2026-09-02T03:27:07Z
688501,青达环保,37.54002824436202,50.338070895934194,39.02714367225597,43.174861595634084,completed,False,not_required,not_required,False,2026-09-02T03:27:07Z
688502,茂莱光学,28.770816531634217,31.577638044153826,16.163087396231855,57.37880452219651,completed,False,not_required,not_required,False,2026-09-02T03:27:07Z
688503,聚和材料,28.574220844546254,25.942187610880584,26.572881851196552,65.42805704385914,completed,False,not_required,not_required,False,2026-09-02T03:27:07Z
688505,复旦张江,71.3673142965903,58.90740691422145,68.63342720192385,50.57462149781965,completed,False,not_required,not_required,False,2026-09-02T03:27:07Z
688506,百利天恒,19.794600268783952,29.293050765001055,21.787287805888425,58.997688737581406,completed,False,not_required,not_required,False,2026-09-02T03:27:07Z
688507,索辰科技,39.84496183887428,52.38940725761819,37.55890225132743,68.73436704021495,completed,False,not_required,not_required,False,2026-09-02T03:27:07Z
688508,芯朋微,62.40554620681922,50.51886041624114,49.379436046236215,70.69708687582124,completed,False,not_required,not_required,False,2026-09-02T03:27:07Z
688509,正元地信,22.313914349629044,32.41012964368013,25.43313478337815,41.163340688292486,completed,False,not_required,not_required,False,2026-09-02T03:27:07Z
688510,航亚科技,49.511390773474204,49.0896538670671,40.76829922993528,61.3896163362459,completed,False,not_required,not_required,False,2026-09-02T03:27:07Z
688511,天微电子,16.24437262909284,23.282357908703585,22.845335328321966,21.6888906575119,completed,False,not_required,not_required,False,2026-09-02T03:27:07Z
688512,慧智微,43.81648088013488,41.79990812889588,47.13924365197815,41.73731625223094,completed,False,not_required,not_required,False,2026-09-02T03:27:07Z
688513,苑东生物,51.494854771369205,51.19277089814697,52.051346908549014,83.88813925079727,completed,False,not_required,not_required,False,2026-09-02T03:27:07Z
688515,裕太微,42.323101504690825,33.322182406536605,44.580565645750724,71.29959101717719,completed,False,not_required,not_required,False,2026-09-02T03:27:07Z
688516,奥特维,59.06100507473473,61.17597326153813,49.334531190628425,75.48638601524154,completed,False,not_required,not_required,False,2026-09-02T03:27:07Z
688517,金冠电气,24.709259254986858,42.629514747363906,28.91731178980937,72.5325291948578,completed,False,not_required,not_required,False,2026-09-02T03:27:07Z
688518,联赢激光,66.0910574419594,58.27941740737141,51.539165189832545,60.18452739735118,completed,False,not_required,not_required,False,2026-09-02T03:27:07Z
688519,南亚新材,63.89893500519749,43.469536384177296,46.922227642730796,49.95343440552556,completed,False,not_required,not_required,False,2026-09-02T03:27:07Z
688520,神州细胞,20.359763024207794,39.51330840082257,23.05665743252994,43.75323630358477,completed,False,not_required,not_required,False,2026-09-02T03:27:07Z
688521,芯原股份,13.341653164831236,17.281436413463616,9.92138666430403,54.4291581976348,completed,False,not_required,not_required,False,2026-09-02T03:27:07Z
688522,纳睿雷达,34.151494233184295,32.697218620458585,29.051958222525254,38.65402099343362,completed,False,not_required,not_required,False,2026-09-02T03:27:07Z
688523,航天环宇,8.64835454469921,35.43830612740893,13.763061984633747,39.193150666494965,completed,False,not_required,not_required,False,2026-09-02T03:27:07Z
688525,佰维存储,56.34334016868579,36.97212799738723,49.32754455379451,75.6453201493986,completed,False,not_required,not_required,False,2026-09-02T03:27:07Z
688526,科前生物,27.35105965411897,38.07207468266488,37.15679717843556,68.15817948422685,completed,False,not_required,not_required,False,2026-09-02T03:27:07Z
688528,秦川物联,38.99745988702135,41.76094154257218,43.487945527022134,57.50474732530187,completed,False,not_required,not_required,False,2026-09-02T03:27:07Z
688529,豪森智能,1.1370135083765227,20.078313569538484,10.442115722354826,29.035015693753955,completed,False,not_required,not_required,False,2026-09-02T03:27:07Z
688530,欧莱新材,62.48573660294273,39.4621912773561,58.040638235833406,61.154170013612486,completed,False,not_required,not_required,False,2026-09-02T03:27:07Z
688531,日联科技,64.52172836413222,56.825559483347796,49.97933756895131,72.98277012288368,completed,False,not_required,not_required,False,2026-09-02T03:27:07Z
688533,上声电子,40.48896019955057,39.44510067100146,41.36542421076677,70.67645800510715,completed,False,not_required,not_required,False,2026-09-02T03:27:07Z
688535,华海诚科,66.17584798429786,54.02993661638791,56.00245542268837,65.13963505289188,completed,False,not_required,not_required,False,2026-09-02T03:27:07Z
688536,思瑞浦,65.35285959869628,46.34282195405094,50.44019924258696,83.17289703469228,completed,False,not_required,not_required,False,2026-09-02T03:27:07Z
688538,和辉光电,15.868970966981301,29.206349307158803,19.418493336613967,27.9403095277977,completed,False,not_required,not_required,False,2026-09-02T03:27:07Z
688539,高华科技,7.479578160754556,23.219779983574384,18.478438851724366,42.7536067885472,completed,False,not_required,not_required,False,2026-09-02T03:27:07Z
688543,国科军工,32.57305834400002,43.7385845346783,42.155259039792014,65.70693359270713,completed,False,not_required,not_required,False,2026-09-02T03:27:07Z
688545,兴福电子,55.92645570588943,45.79488948049098,36.667580773138845,55.844887933866616,completed,False,not_required,not_required,False,2026-09-02T03:27:07Z
688548,广钢气体,74.50422132844983,63.751145525694966,61.70922938394029,48.56391880044101,completed,False,not_required,not_required,False,2026-09-02T03:27:07Z
688549,中巨芯,39.45796454457272,41.160224927205036,31.149160934537996,44.57625666879376,completed,False,not_required,not_required,False,2026-09-02T03:27:07Z
688550,瑞联新材,37.392891756928606,32.89032799005182,37.12137682562147,65.83231869638668,completed,False,not_required,not_required,False,2026-09-02T03:27:07Z
688551,科威尔,53.31002420835082,55.192585532409225,48.538101854514906,59.821468823696186,completed,False,not_required,not_required,False,2026-09-02T03:27:07Z
688552,航天南湖,44.6370485102363,47.52226024421564,45.7096187724611,50.56908000698654,completed,False,not_required,not_required,False,2026-09-02T03:27:07Z
688553,汇宇制药,67.15142444508696,59.022697826515035,64.3269783520387,57.12773781459901,completed,False,not_required,not_required,False,2026-09-02T03:27:07Z
688556,高测股份,5.7813313555374855,17.330113111886078,11.196451330837537,48.55400040697561,completed,False,not_required,not_required,False,2026-09-02T03:27:07Z
688557,兰剑智能,31.553080942695175,30.98093346593535,33.83187201337875,68.57370213019517,completed,False,not_required,not_required,False,2026-09-02T03:27:07Z
688558,国盛智科,56.160172534734045,45.0603586889714,45.40139260564594,71.0079360108825,completed,False,not_required,not_required,False,2026-09-02T03:27:07Z
688559,海目星,66.87798639164538,49.94544907431596,66.23366269783199,65.30865719377772,completed,False,not_required,not_required,False,2026-09-02T03:27:07Z
688560,明冠新材,49.95435664981623,48.90647640412978,66.20545546497009,65.00646102024044,completed,False,not_required,not_required,False,2026-09-02T03:27:07Z
688561,奇安信,37.89290969400209,38.67637216707514,50.024408280949295,60.09022649546859,completed,False,not_required,not_required,False,2026-09-02T03:27:07Z
688562,航天软件,22.22840123765692,34.92357465556743,24.152663979243812,49.26119127592655,completed,False,not_required,not_required,False,2026-09-02T03:27:07Z
688563,航材股份,26.886148107006836,33.88029147104715,29.562611870300717,65.86256470969008,completed,False,not_required,not_required,False,2026-09-02T03:27:07Z
688565,力源科技,39.55935211966998,45.83680247842949,54.75187422047753,56.79545498157996,completed,False,not_required,not_required,False,2026-09-02T03:27:07Z
688566,吉贝尔,45.111184448548805,39.83119649426284,48.89382592298361,71.01418581480199,completed,False,not_required,not_required,False,2026-09-02T03:27:07Z
688567,孚能科技,12.758989134169465,28.471559511415244,13.110945939083987,21.641700811517595,completed,False,not_required,not_required,False,2026-09-02T03:27:07Z
688568,中科星图,18.902555818258012,38.191482301363344,20.532948810329295,42.30329435771617,completed,False,not_required,not_required,False,2026-09-02T03:27:07Z
688569,铁科轨道,59.078084284004504,53.804132721769314,57.581444114418,72.2985532983102,completed,False,not_required,not_required,False,2026-09-02T03:27:07Z
688570,天玛智控,15.207929955375363,29.05146635114322,12.809962272826674,35.40591797515763,completed,False,not_required,not_required,False,2026-09-02T03:27:07Z
688571,杭华股份,57.09821504312941,49.81717291001966,52.906961154723234,67.69197820434809,completed,False,not_required,not_required,False,2026-09-02T03:27:07Z
688573,信宇人,36.82885549663726,45.13617938105753,30.30050562965276,53.77360152734953,completed,False,not_required,not_required,False,2026-09-02T03:27:07Z
688575,亚辉龙,68.47679262458479,65.68784150768973,54.078874167863944,63.55857161673006,completed,False,not_required,not_required,False,2026-09-02T03:27:07Z
688576,西山科技,7.228259546947523,19.607483073775526,21.816225659118775,53.47988194074712,completed,False,not_required,not_required,False,2026-09-02T03:27:07Z
688577,浙海德曼,64.96415820933525,49.367489199298916,48.89234378634828,48.18340911054012,completed,False,not_required,not_required,False,2026-09-02T03:27:07Z
688578,艾力斯,61.179130743650255,37.30244732063948,51.87508430465927,62.12604016049743,completed,False,not_required,not_required,False,2026-09-02T03:27:07Z
688579,地纬智能,24.316560050903746,36.08678345723513,33.413475781367545,61.25220189129555,completed,False,not_required,not_required,False,2026-09-02T03:27:07Z
688580,伟思医疗,51.65775006120194,43.266911917130955,48.48037122630285,55.87431139705809,completed,False,not_required,not_required,False,2026-09-02T03:27:07Z
688581,安杰思,48.75856561126158,48.30098638891309,54.19043635422056,77.13175867448659,completed,False,not_required,not_required,False,2026-09-02T03:27:07Z
688582,芯动联科,23.42456540217768,36.34314418979627,26.387132949370763,49.61708605990464,completed,False,not_required,not_required,False,2026-09-02T03:27:07Z
688583,思看科技,27.708312511728707,36.96428680514574,25.523397649331322,56.53456432483526,completed,False,not_required,not_required,False,2026-09-02T03:27:07Z
688584,上海合晶,36.795265671082994,37.87321912766512,34.07476862482351,62.43362379460986,completed,False,not_required,not_required,False,2026-09-02T03:27:07Z
688585,上纬新材,11.828301444251473,23.78640249938578,17.332236513970965,59.14592215603607,completed,False,not_required,not_required,False,2026-09-02T03:27:07Z
688586,江航装备,33.52344692472911,41.78828941013682,29.298565844445704,45.12129607559748,completed,False,not_required,not_required,False,2026-09-02T03:27:07Z
688588,凌志软件,11.02044416485737,21.492570886575415,25.60576423717713,31.291671161114586,completed,False,not_required,not_required,False,2026-09-02T03:27:07Z
688589,力合微,59.10534675675424,57.148250849645954,45.31804961521933,58.638200383672356,completed,False,not_required,not_required,False,2026-09-02T03:27:07Z
688590,新致软件,27.575720763000156,29.18194860024658,19.606833270554958,56.0643285914148,completed,False,not_required,not_required,False,2026-09-02T03:27:07Z
688591,泰凌微,58.26985660993292,50.9898377153793,49.696474434679736,44.78634210492864,completed,False,not_required,not_required,False,2026-09-02T03:27:07Z
688592,司南导航,19.90388231127654,26.013922846376282,31.595869737252812,55.4018513200975,completed,False,not_required,not_required,False,2026-09-02T03:27:07Z
688593,新相微,41.9021340344404,35.91235935177359,32.607096523262584,62.99625124288211,completed,False,not_required,not_required,False,2026-09-02T03:27:07Z
688595,芯海科技,48.692448853857655,45.5312457879851,50.91104599604709,60.19019370113896,completed,False,not_required,not_required,False,2026-09-02T03:27:07Z
688596,正帆科技,15.527620444772378,20.339974145987078,13.796658212882589,40.04760672864254,completed,False,not_required,not_required,False,2026-09-02T03:27:07Z
688597,煜邦电力,22.296818661034397,33.855993240532584,26.35257149804338,36.88984708656016,completed,False,not_required,not_required,False,2026-09-02T03:27:07Z
688598,金博股份,40.29772082010088,43.212955195805044,55.09804940412438,58.027319984979755,completed,False,not_required,not_required,False,2026-09-02T03:27:07Z
688599,天合光能,37.87899456720677,43.637302465101314,54.10424050681436,63.208758105289185,completed,False,not_required,not_required,False,2026-09-02T03:27:07Z
688600,皖仪科技,53.08751425017723,41.76487746794148,40.83480727731023,70.94046747359684,completed,False,not_required,not_required,False,2026-09-02T03:27:07Z
688601,力芯微,20.21221010609183,17.75787302340396,19.871950703094658,55.44558840036106,completed,False,not_required,not_required,False,2026-09-02T03:27:07Z
688602,康鹏科技,15.252083897609076,30.547884109836698,18.096277970823266,39.497558369905704,completed,False,not_required,not_required,False,2026-09-02T03:27:07Z
688603,天承科技,59.84703501791705,47.07650671783693,46.05728942210819,46.47891838848279,completed,False,not_required,not_required,False,2026-09-02T03:27:07Z
688605,先锋精科,30.437423993571443,38.74830183930707,21.653275805084398,40.96995789043068,completed,False,not_required,not_required,False,2026-09-02T03:27:07Z
688606,奥泰生物,36.39267118248127,39.737874830601996,42.57263800211384,76.45069803342638,completed,False,not_required,not_required,False,2026-09-02T03:27:07Z
688607,康众医疗,14.283014635266955,26.143985236730714,21.226387054467853,52.19024342111511,completed,False,not_required,not_required,False,2026-09-02T03:27:07Z
688608,恒玄科技,47.638199183742266,49.43807196653249,50.721420540780905,69.69658400144596,completed,False,not_required,not_required,False,2026-09-02T03:27:07Z
688609,九联科技,71.61155678176577,57.059141891057116,65.56990026475798,72.3461815789517,completed,False,not_required,not_required,False,2026-09-02T03:27:07Z
688610,埃科光电,54.43970942475761,43.93977110613439,44.338500245001704,58.15744236825333,completed,False,not_required,not_required,False,2026-09-02T03:27:07Z
688611,杭州柯林,0.43056473008959273,19.558425141185303,11.226268340150838,49.98487813983369,completed,False,not_required,not_required,False,2026-09-02T03:27:07Z
688612,威迈斯,49.79663023668671,46.01794678675565,46.08497324571278,79.41051225014417,completed,False,not_required,not_required,False,2026-09-02T03:27:07Z
688613,奥精医疗,16.93371959604306,33.88457196845581,24.178525704776696,47.87837873494775,completed,False,not_required,not_required,False,2026-09-02T03:27:07Z
688615,合合信息,52.698591336968605,39.41937284886931,45.54429504416891,71.4516856645851,completed,False,not_required,not_required,False,2026-09-02T03:27:07Z
688616,西力科技,51.37576473715404,51.61530199957062,55.035608739259864,71.23829539136585,completed,False,not_required,not_required,False,2026-09-02T03:27:07Z
688617,惠泰医疗,62.72635988295562,52.364950179766566,49.206124941472225,89.64029398054394,completed,False,not_required,not_required,False,2026-09-02T03:27:07Z
688618,三旺通信,10.321914392936904,29.70894177978066,16.22596209087066,55.69003345533158,completed,False,not_required,not_required,False,2026-09-02T03:27:07Z
688619,罗普特,1.9373122695136473,17.970385104682414,14.889040059391382,53.68548459995318,completed,False,not_required,not_required,False,2026-09-02T03:27:07Z
688620,安凯微,77.20403980494027,65.21072397088362,70.61951050400754,77.33717151265348,completed,True,completed_or_best_effort,completed,False,2026-09-02T03:27:07Z
688621,阳光诺和,14.845615338333108,21.897871617534186,25.61930816794445,65.5021448181634,completed,False,not_required,not_required,False,2026-09-02T03:27:07Z
688622,*ST禾信,15.574593101264078,40.35306871432007,27.157923410301564,8.304299078487448,completed,False,not_required,not_required,False,2026-09-02T03:27:07Z
688623,双元科技,58.08226959645323,49.01127040163389,49.53260017978832,75.76939172958072,completed,False,not_required,not_required,False,2026-09-02T03:27:07Z
688625,呈和科技,39.00538146576953,33.81806784817002,34.49275853302448,74.58193243460423,completed,False,not_required,not_required,False,2026-09-02T03:27:07Z
688626,翔宇医疗,51.04975683956299,48.76679925617611,42.45630730736497,53.08142776569499,completed,False,not_required,not_required,False,2026-09-02T03:27:07Z
688627,精智达,38.091777362557735,35.38238270040934,30.694876089756008,70.11229842109384,completed,False,not_required,not_required,False,2026-09-02T03:27:07Z
688628,优利德,68.45921392620463,55.83433660221431,50.69493454080436,68.37463914436395,completed,False,not_required,not_required,False,2026-09-02T03:27:07Z
688629,华丰科技,31.859928834797746,29.52021067907136,23.394030789007537,55.00076233607226,completed,False,not_required,not_required,False,2026-09-02T03:27:07Z
688630,芯碁微装,59.66922165245,40.6419953826267,46.61254678494994,59.69065707204896,completed,False,not_required,not_required,False,2026-09-02T03:27:07Z
688631,莱斯信息,27.906928058161434,33.18937501243818,35.890190144817204,47.28238540098999,completed,False,not_required,not_required,False,2026-09-02T03:27:07Z
688633,星球石墨,53.209865477825815,38.52717429530734,54.065645961528986,69.95004706681705,completed,False,not_required,not_required,False,2026-09-02T03:27:07Z
688635,长进光子,24.64627637765486,32.36414111036208,26.812199149857666,54.47508978168709,completed,False,not_required,not_required,False,2026-09-02T03:27:07Z
688636,智明达,40.0150409208878,38.237237301455664,43.794924209361156,51.653886356528446,completed,False,not_required,not_required,False,2026-09-02T03:27:07Z
688638,誉辰智能,16.57072898660671,28.761525937639878,22.102807444978325,61.66029374791261,completed,False,not_required,not_required,False,2026-09-02T03:27:07Z
688639,华恒生物,49.90935347957964,45.022817309997635,42.369539614638434,44.66199919071829,completed,False,not_required,not_required,False,2026-09-02T03:27:07Z
688646,逸飞激光,34.370035554899026,42.95130544079069,23.35574018123586,28.17113678227455,completed,False,not_required,not_required,False,2026-09-02T03:27:07Z
688648,中邮科技,41.10030463951573,46.025586149016796,41.682397067676646,51.36151605704042,completed,False,not_required,not_required,False,2026-09-02T03:27:07Z
688651,盛邦安全,20.48264917264408,31.091677051485256,34.84901593200447,46.39378395261157,completed,False,not_required,not_required,False,2026-09-02T03:27:07Z
688652,京仪装备,51.69613569833141,41.93730323515613,26.55762943485361,54.07526527972559,completed,False,not_required,not_required,False,2026-09-02T03:27:07Z
688653,康希通信,63.22564408619925,50.1379595584592,61.09283352955697,82.44695624768613,completed,True,completed_or_best_effort,completed,False,2026-09-02T03:27:07Z
688655,迅捷兴,61.62246767431982,52.754379357816816,47.82643441019442,52.66797730321737,completed,False,not_required,not_required,False,2026-09-02T03:27:07Z
688656,浩欧博,57.11715319248539,50.824943654184274,53.07793670091068,72.6639326029584,completed,False,not_required,not_required,False,2026-09-02T03:27:07Z
688657,浩辰软件,51.29336411554713,41.5742280446485,51.82707210359833,72.96294668174305,completed,False,not_required,not_required,False,2026-09-02T03:27:07Z
688658,悦康药业,33.604716319032256,40.120613938387,36.11205590588146,48.59883710844504,completed,False,not_required,not_required,False,2026-09-02T03:27:07Z
688659,元琛科技,14.147782753352761,16.547939011036387,16.933080754367303,60.6148502502059,completed,False,not_required,not_required,False,2026-09-02T03:27:07Z
688660,电气风电,25.224563135935348,26.217578149771118,14.780466249943215,33.79920622026047,completed,False,not_required,not_required,False,2026-09-02T03:27:07Z
688661,和林微纳,43.61425220379843,45.68183645629531,43.407510558710975,55.799413059388115,completed,False,not_required,not_required,False,2026-09-02T03:27:07Z
688662,富信科技,53.7382811934579,52.46622323291863,42.650158730316605,59.24000283868226,completed,False,not_required,not_required,False,2026-09-02T03:27:07Z
688663,新风光,52.366846648312034,54.42465578695202,42.99964268034345,57.60924221498888,completed,False,not_required,not_required,False,2026-09-02T03:27:07Z
688665,四方光电,46.99849155027373,45.13805246568492,39.000839393733926,67.24837623122858,completed,False,not_required,not_required,False,2026-09-02T03:27:07Z
688667,菱电电控,51.31082772306452,49.61949453343907,53.43513809478395,54.64383499660587,completed,False,not_required,not_required,False,2026-09-02T03:27:07Z
688668,鼎通科技,70.1699909732962,58.43442337543965,51.37474974780258,74.55287872763184,completed,False,not_required,not_required,False,2026-09-02T03:27:07Z
688669,聚石化学,31.895217622998445,43.493092738642154,26.78847449854465,17.402817962952746,completed,False,not_required,not_required,False,2026-09-02T03:27:07Z
688670,金迪克,11.786704732441112,29.775614855887113,24.059174323044438,42.0236094375228,completed,False,not_required,not_required,False,2026-09-02T03:27:07Z
688671,碧兴物联,28.332861158709164,37.97530814285598,40.608016233205,43.26467997271876,completed,False,not_required,not_required,False,2026-09-02T03:27:07Z
688676,金盘科技,54.00749331449705,48.279853491461495,42.14119633702841,72.6335939007231,completed,False,not_required,not_required,False,2026-09-02T03:27:07Z
688677,海泰新光,53.23117435375829,44.154472817592264,38.116790172184025,71.51372563596425,completed,False,not_required,not_required,False,2026-09-02T03:27:07Z
688678,福立旺,75.90025969520875,61.24171308198694,72.21214071380639,64.87412139960877,completed,True,completed_or_best_effort,completed,False,2026-09-02T03:27:07Z
688679,通源环境,18.83400186982262,26.658955897362745,35.62339238890815,31.267795081346705,completed,False,not_required,not_required,False,2026-09-02T03:27:07Z
688680,海优新材,46.88174717049578,49.076722530100625,57.11131079250359,60.63699861398154,completed,False,not_required,not_required,False,2026-09-02T03:27:07Z
688681,科汇股份,32.645986358749,31.44466221916834,28.88447545714791,60.44142497101879,completed,False,not_required,not_required,False,2026-09-02T03:27:07Z
688682,霍莱沃,37.34243607315668,38.97324563579681,34.35795179412848,50.67850700934919,completed,False,not_required,not_required,False,2026-09-02T03:27:07Z
688683,莱尔科技,45.61335350598309,37.08911153976815,37.6001615585378,42.66887690901175,completed,False,not_required,not_required,False,2026-09-02T03:27:07Z
688685,迈信林,65.42480159224506,57.365616389794994,46.03416482681668,59.34755986725286,completed,False,not_required,not_required,False,2026-09-02T03:27:07Z
688686,奥普特,44.23979838519628,41.36748384283034,32.82476898471408,70.06890173145564,completed,False,not_required,not_required,False,2026-09-02T03:27:07Z
688687,凯因科技,38.53171387420314,39.680341624231644,39.84816666886943,51.94515909421897,completed,False,not_required,not_required,False,2026-09-02T03:27:07Z
688689,银河微电,57.14175695183739,45.38543660777853,43.96426010298505,78.62553974205801,completed,False,not_required,not_required,False,2026-09-02T03:27:07Z
688690,纳微科技,60.638614771825374,45.567255228056766,45.13718998693253,55.84194044741202,completed,False,not_required,not_required,False,2026-09-02T03:27:07Z
688691,灿芯股份,44.61008816677688,40.066032181241184,40.19436839978956,62.32471332142581,completed,False,not_required,not_required,False,2026-09-02T03:27:07Z
688692,达梦数据,41.24919184592377,35.65401180606081,38.40495594698587,72.32042723005017,completed,False,not_required,not_required,False,2026-09-02T03:27:07Z
688693,锴威特,40.52810288702121,35.73254559403862,44.18860914205352,70.27950345537461,completed,False,not_required,not_required,False,2026-09-02T03:27:07Z
688695,中创股份,28.561460059526063,46.23072155037988,48.46012713434873,62.0388736995752,completed,False,not_required,not_required,False,2026-09-02T03:27:07Z
688696,极米科技,48.153971182268336,46.76304489151068,44.9330167515659,72.89315630167596,completed,False,not_required,not_required,False,2026-09-02T03:27:07Z
688697,纽威数控,67.47531391830223,55.638218003898984,49.76053896935829,62.694737644149725,completed,False,not_required,not_required,False,2026-09-02T03:27:07Z
688698,伟创电气,33.81017231407759,32.04948166637737,26.67109024015157,51.15193924736848,completed,False,not_required,not_required,False,2026-09-02T03:27:07Z
688699,明微电子,72.39151011366783,50.916294564119504,71.86318640880073,76.52426485059574,completed,True,completed_or_best_effort,completed,False,2026-09-02T03:27:07Z
688700,东威科技,67.06384620034872,53.548963300154405,47.14517761618161,65.55515009965977,completed,False,not_required,not_required,False,2026-09-02T03:27:07Z
688701,卓锦股份,30.710373493195107,43.92621930975737,30.072792270060503,49.018600207039135,completed,False,not_required,not_required,False,2026-09-02T03:27:07Z
688702,盛科通信,57.37270652411807,48.434452392930126,52.36582311273956,53.12772343620104,completed,False,not_required,not_required,False,2026-09-02T03:27:07Z
688707,振华新材,46.47302561224736,50.11776145097774,51.0731853636317,53.15328167129898,completed,False,not_required,not_required,False,2026-09-02T03:27:07Z
688708,佳驰科技,17.01778228874158,27.821764211066327,22.799053567599643,57.42696057587006,completed,False,not_required,not_required,False,2026-09-02T03:27:07Z
688709,成都华微,18.280614396470625,38.03470002583652,20.99044165317386,42.091792623293074,completed,False,not_required,not_required,False,2026-09-02T03:27:07Z
688710,益诺思,75.35259500152216,63.69478431874052,70.97627412118207,60.12117165840486,completed,False,not_required,not_required,False,2026-09-02T03:27:07Z
688711,宏微科技,53.490775131925744,44.182680443135986,42.17224733506571,56.87680392719836,completed,False,not_required,not_required,False,2026-09-02T03:27:07Z
688712,北芯生命,65.85156154496318,50.6609571068332,52.22144306620814,74.27568270644149,completed,False,not_required,not_required,False,2026-09-02T03:27:07Z
688716,中研股份,22.502711792617696,34.92837398474259,28.022063877364204,53.743197094572416,completed,False,not_required,not_required,False,2026-09-02T03:27:07Z
688717,艾罗能源,23.897162314218818,23.471039766695867,17.480384035116792,50.60828246165654,completed,False,not_required,not_required,False,2026-09-02T03:27:07Z
688718,唯赛勃,55.824966731618495,49.03207748016965,50.64969732479706,48.2035797142334,completed,False,not_required,not_required,False,2026-09-02T03:27:07Z
688719,爱科赛博,26.56307515748476,35.59784933720522,36.09790667541338,68.17733090784958,completed,False,not_required,not_required,False,2026-09-02T03:27:07Z
688720,艾森股份,57.28923028168511,47.48880267761647,50.75132290372818,73.19091350808363,completed,False,not_required,not_required,False,2026-09-02T03:27:07Z
688721,龙图光罩,34.536253427066036,35.655229163151176,28.091072783943584,60.53983635957178,completed,False,not_required,not_required,False,2026-09-02T03:27:07Z
688722,同益中,61.61448443858851,50.02682112068404,51.23685008586531,66.17391377231569,completed,False,not_required,not_required,False,2026-09-02T03:27:07Z
688726,拉普拉斯,60.836988527529165,59.310921169418904,54.61123839981378,71.30320249577717,completed,False,not_required,not_required,False,2026-09-02T03:27:07Z
688727,恒坤新材,72.92104027469264,66.20991796886972,57.15497720339599,71.23015840456553,completed,False,not_required,not_required,False,2026-09-02T03:27:07Z
688728,格科微,31.997976709562067,30.33282454787109,20.09196192725523,56.974607057007894,completed,False,not_required,not_required,False,2026-09-02T03:27:07Z
688729,屹唐股份,58.32806333322744,52.23760192572237,55.54486168345082,62.83342457447804,completed,False,not_required,not_required,False,2026-09-02T03:27:07Z
688733,壹石通,63.248400922576344,56.703562303480716,66.60505342474909,67.02869515575229,completed,False,not_required,not_required,False,2026-09-02T03:27:07Z
688737,中自科技,27.365871919439485,25.637884543649925,25.207245117491574,35.08805794209675,completed,False,not_required,not_required,False,2026-09-02T03:27:07Z
688739,成大生物,47.85764292116011,55.36887235998314,42.83929672992628,71.37475716786632,completed,False,not_required,not_required,False,2026-09-02T03:27:07Z
688750,金天钛业,35.816406028671906,34.46430950288232,30.211764558332675,53.56037724498012,completed,False,not_required,not_required,False,2026-09-02T03:27:07Z
688755,汉邦科技,56.831206907770394,47.04519564050253,46.79927759613858,58.317410751076814,completed,False,not_required,not_required,False,2026-09-02T03:27:07Z
688757,胜科纳米,46.95890438884516,40.925979957043616,31.559513363876867,56.34190799182747,completed,False,not_required,not_required,False,2026-09-02T03:27:07Z
688758,赛分科技,75.80299079070348,61.65061959983912,60.21510961592921,78.16390454434172,completed,True,completed_or_best_effort,completed,False,2026-09-02T03:27:07Z
688759,必贝特,32.89574896621827,35.370077835374516,36.73748881270582,52.45471900227127,completed,False,not_required,not_required,False,2026-09-02T03:27:07Z
688765,禾元生物,28.672946705974404,28.652860594180254,34.17495209184727,49.2003425372012,completed,False,not_required,not_required,False,2026-09-02T03:27:07Z
688766,普冉股份,73.37663448637876,51.72176972391488,49.53230829709207,87.55161085525104,completed,True,completed_or_best_effort,completed,False,2026-09-02T03:27:07Z
688767,博拓生物,26.150186622816378,36.103203971321555,27.372725473389927,65.88906994733135,completed,False,not_required,not_required,False,2026-09-02T03:27:07Z
688768,容知日新,7.516712984915994,23.723760666351417,20.95916481490609,54.30029524954712,completed,False,not_required,not_required,False,2026-09-02T03:27:07Z
688772,珠海冠宇,7.852040271857643,22.818894514664585,12.560734824369224,50.65466189486757,completed,False,not_required,not_required,False,2026-09-02T03:27:07Z
688775,影石创新,17.609815956953344,19.811378465704607,6.964928987044836,50.90599683112264,completed,False,not_required,not_required,False,2026-09-02T03:27:07Z
688776,国光电气,18.71087242307197,42.61584053755267,26.342422897950513,33.39439139198473,completed,False,not_required,not_required,False,2026-09-02T03:27:07Z
688777,中控技术,25.599921437020306,34.19226685069042,20.54599628414305,62.99593037497006,completed,False,not_required,not_required,False,2026-09-02T03:27:07Z
688778,厦钨新能,51.90973781478506,32.195010770285556,36.52098551089244,68.94111188517363,completed,False,not_required,not_required,False,2026-09-02T03:27:07Z
688779,五矿新能,68.7941710229688,56.01103732565778,53.478839233701336,56.70603974578661,completed,False,not_required,not_required,False,2026-09-02T03:27:07Z
688781,视涯科技,62.305602742091565,57.889010799968936,56.09924944021206,66.68978462618708,completed,False,not_required,not_required,False,2026-09-02T03:27:07Z
688783,西安奕材,40.724942775767246,44.859642463430305,37.82644248426853,61.344821689268706,completed,False,not_required,not_required,False,2026-09-02T03:27:07Z
688785,恒运昌,48.94117185821727,50.40677023060125,46.35530441846733,65.74912061940059,completed,False,not_required,not_required,False,2026-09-02T03:27:07Z
688786,悦安新材,49.570203804049406,42.756636696107925,41.01587655731507,67.64302131708368,completed,False,not_required,not_required,False,2026-09-02T03:27:07Z
688787,海天瑞声,27.733034821071172,28.45481637872405,25.939483405773803,39.133174317031454,completed,False,not_required,not_required,False,2026-09-02T03:27:07Z
688788,科思科技,2.0604294654050612,22.018147190239937,16.680275766738905,38.08431282988934,completed,False,not_required,not_required,False,2026-09-02T03:27:07Z
688789,宏华数科,35.22881366180267,44.392789768255,32.89511403105305,68.14766427530625,completed,False,not_required,not_required,False,2026-09-02T03:27:07Z
688790,昂瑞微,49.764044713531334,41.61903848310399,48.43367471320126,63.88298007942812,completed,False,not_required,not_required,False,2026-09-02T03:27:07Z
688793,倍轻松,34.74985619361391,38.83972398322442,38.21621804187849,16.135228791034592,completed,False,not_required,not_required,False,2026-09-02T03:27:07Z
688795,摩尔线程,44.56796985051003,30.68755278284525,38.75290997001464,69.95805580713427,completed,False,not_required,not_required,False,2026-09-02T03:27:07Z
688796,百奥赛图,62.17397819397449,42.945458872478994,48.50102861198106,68.45719216153645,completed,False,not_required,not_required,False,2026-09-02T03:27:07Z
688797,臻宝科技,51.157474589349675,38.41785263037718,38.59803447058676,60.87448764361565,completed,False,not_required,not_required,False,2026-09-02T03:27:07Z
688798,艾为电子,33.69342277352651,35.848554287953014,26.514301308827747,59.96127887919894,completed,False,not_required,not_required,False,2026-09-02T03:27:07Z
688799,华纳药厂,49.80726197953698,51.99572575242658,47.23282715148665,65.51012236524323,completed,False,not_required,not_required,False,2026-09-02T03:27:07Z
688800,瑞可达,47.8693253418592,43.348652054759064,37.41456759582793,75.77392740892998,completed,False,not_required,not_required,False,2026-09-02T03:27:07Z
688802,沐曦股份,57.34791011862676,46.619202978915794,52.72234186209325,60.28401566204161,completed,False,not_required,not_required,False,2026-09-02T03:27:07Z
688805,健信超导,62.48688432150211,56.547501823147904,50.490527486704664,60.866211833018944,completed,False,not_required,not_required,False,2026-09-02T03:27:07Z
688806,泰诺麦博,29.543456994693415,34.38965015969322,35.90053328415751,46.26417167269753,completed,False,not_required,not_required,False,2026-09-02T03:27:07Z
688807,优迅股份,58.134714984763406,50.72835340251552,45.83224074258705,60.81592827745488,completed,False,not_required,not_required,False,2026-09-02T03:27:07Z
688808,联讯仪器,72.20537549158574,56.0041865933837,48.51697429477313,69.73042138281467,completed,False,not_required,not_required,False,2026-09-02T03:27:07Z
688809,强一股份,37.56191138496759,29.07080743623489,29.541132231485967,74.55785819357102,completed,False,not_required,not_required,False,2026-09-02T03:27:07Z
688811,有研复材,35.8617201248,34.91682711781511,39.433616040004374,65.36227520684155,completed,False,not_required,not_required,False,2026-09-02T03:27:07Z
688813,泰金新能,59.408588639295154,54.46636516780132,42.73987019348916,57.89510919758938,completed,False,not_required,not_required,False,2026-09-02T03:27:07Z
688816,易思维,6.349393410084197,24.495793464259414,21.579217201725836,46.576510006501316,completed,False,not_required,not_required,False,2026-09-02T03:27:07Z
688818,电科蓝天,24.292673454386538,30.271136226245197,17.758408989406266,51.40813945698521,completed,False,not_required,not_required,False,2026-09-02T03:27:07Z
688819,天能股份,39.836403902682875,40.88328211155322,34.02561661069774,46.50683033850938,completed,False,not_required,not_required,False,2026-09-02T03:27:07Z
688820,盛合晶微,43.53724542210744,37.29591216614735,36.49945950117276,64.21325478781668,completed,False,not_required,not_required,False,2026-09-02T03:27:07Z
688825,长鑫科技,69.38036063384605,42.93642891740161,61.73908634220835,65.92929176563536,completed,False,not_required,not_required,False,2026-09-02T03:27:07Z
688826,频准激光,51.74381267434862,39.381575019607936,34.51358091944826,58.707122349889815,completed,False,not_required,not_required,False,2026-09-02T03:27:07Z
688828,国仪公司,62.86703555567176,60.86986304973132,64.25774542581459,52.47716486255678,completed,False,not_required,not_required,False,2026-09-02T03:27:07Z
688835,高凯技术,61.36570660520455,43.708480841289145,49.36796496910013,61.18489581417785,completed,False,not_required,not_required,False,2026-09-02T03:27:07Z
688836,宇树科技,67.18694259918598,45.393348272119546,60.508253251147714,62.37089579874293,completed,False,not_required,not_required,False,2026-09-02T03:27:07Z
688981,中芯国际,73.66089906238895,60.48308058167882,55.753204243894714,84.23464941884308,completed,False,not_required,not_required,False,2026-09-02T03:27:07Z
920000,安徽凤凰,47.639674436674156,46.340469658243286,45.22311794824637,54.49216141410362,completed,False,not_required,not_required,False,2026-09-02T03:27:07Z
920001,纬达光电,9.59483798517022,18.55803080537784,16.133250663824924,47.353610857746396,completed,False,not_required,not_required,False,2026-09-02T03:27:07Z
920002,万达轴承,57.069528455800466,51.23890209806936,50.31513752508784,56.55974841909924,completed,False,not_required,not_required,False,2026-09-02T03:27:07Z
920003,中诚咨询,32.57117846167411,30.08079575381452,42.91736420914069,64.63241519018409,completed,False,not_required,not_required,False,2026-09-02T03:27:07Z
920005,鼎佳精密,52.71004048278547,46.51735762910778,47.925926291628734,69.49600334885069,completed,False,not_required,not_required,False,2026-09-02T03:27:07Z
920006,晟楠科技,31.08432007675509,45.04192200531389,20.79035618840996,41.3142979149899,completed,False,not_required,not_required,False,2026-09-02T03:27:07Z
920007,酉立智能,49.09886273817645,44.443319772488735,39.222677194469355,70.0450033873107,completed,False,not_required,not_required,False,2026-09-02T03:27:07Z
920008,成电光信,19.0183800152059,22.37064926654783,28.79309265534591,42.398040142157,completed,False,not_required,not_required,False,2026-09-02T03:27:07Z
920009,丹娜生物,50.92770378194061,53.29441859329975,51.88819415895663,69.4066480812857,completed,False,not_required,not_required,False,2026-09-02T03:27:07Z
920010,凯添燃气,57.76851215909489,47.242335960906786,42.63355256990315,48.36591486854035,completed,False,not_required,not_required,False,2026-09-02T03:27:07Z
920011,晨光电机,40.26106120254875,41.70907305533872,38.975905005124645,51.65652049656151,completed,False,not_required,not_required,False,2026-09-02T03:27:07Z
920012,创达新材,57.71961469359914,48.97812328691708,49.031143028955846,72.12940925677086,completed,False,not_required,not_required,False,2026-09-02T03:27:07Z
920014,特瑞斯,32.06801234352978,34.66957756136458,28.916699094967974,59.08496457640183,completed,False,not_required,not_required,False,2026-09-02T03:27:07Z
920015,锦华新材,38.08850922388633,37.758686664113114,41.490258152999374,56.82296255186267,completed,False,not_required,not_required,False,2026-09-02T03:27:07Z
920016,中草香料,47.613600074443745,32.4686867935704,38.41239022356576,50.989180300541925,completed,False,not_required,not_required,False,2026-09-02T03:27:07Z
920017,星昊医药,55.92179735563517,52.76306017957272,61.21201960246526,82.49940715512743,completed,False,not_required,not_required,False,2026-09-02T03:27:07Z
920018,宏远股份,67.0108688386392,53.929467778359864,53.857899564300524,62.86254144181959,completed,False,not_required,not_required,False,2026-09-02T03:27:07Z
920019,铜冠矿建,58.97308303002211,56.799137706148926,46.98745824354138,72.30637503926484,completed,False,not_required,not_required,False,2026-09-02T03:27:07Z
920020,泰凯英,56.73189491818738,44.72618987207953,48.583837520636415,74.05278464196459,completed,False,not_required,not_required,False,2026-09-02T03:27:07Z
920021,流金科技,34.22656239389826,39.47401438983336,49.506158791180205,44.94029133932412,completed,False,not_required,not_required,False,2026-09-02T03:27:07Z
920022,世昌股份,59.362526726855194,52.27175232602317,54.91887315768956,59.615916482402376,completed,False,not_required,not_required,False,2026-09-02T03:27:07Z
920023,*ST田野,1.729450509217397,21.2459164149725,16.46140711719498,3.567079435416092,completed,False,not_required,not_required,False,2026-09-02T03:27:07Z
920026,卓兆点胶,36.751367796271225,31.988390011036294,33.157907874590435,55.66625041301114,completed,False,not_required,not_required,False,2026-09-02T03:27:07Z
920027,交大铁发,20.708791962029636,26.125022950444276,27.44724166217972,55.18016455872299,completed,False,not_required,not_required,False,2026-09-02T03:27:07Z
920028,新恒泰,43.032513578175,43.10933298589283,45.252519105258,62.98053156245359,completed,False,not_required,not_required,False,2026-09-02T03:27:07Z
920029,开发科技,38.0660654065267,45.021495117996736,40.033865833368345,55.99895237966859,completed,False,not_required,not_required,False,2026-09-02T03:27:07Z
920030,德众汽车,57.612432167816266,48.76038176830095,69.28706397004471,60.67733056029339,completed,False,not_required,not_required,False,2026-09-02T03:27:07Z
920033,康普化学,42.06646963317382,29.365058152089247,34.0437055934289,60.78545836022162,completed,False,not_required,not_required,False,2026-09-02T03:27:07Z
920035,精创电气,52.46217278878839,39.21923455363142,44.042529687893094,67.40458107671815,completed,False,not_required,not_required,False,2026-09-02T03:27:07Z
920036,觅睿科技,41.084683606295414,43.92409159309342,43.907468140647836,60.31146231806954,completed,False,not_required,not_required,False,2026-09-02T03:27:07Z
920037,广信科技,56.07495416593334,45.18999269382898,49.35495334491857,66.80608404094151,completed,False,not_required,not_required,False,2026-09-02T03:27:07Z
920038,森合高科,54.16088386877483,48.72799708976366,54.62224017946626,61.80236194572919,completed,False,not_required,not_required,False,2026-09-02T03:27:07Z
920039,国义招标,31.882112873228408,34.2347727039655,29.98552921964876,56.99796599533964,completed,False,not_required,not_required,False,2026-09-02T03:27:07Z
920045,蘅东光,68.58130446969498,58.7277428493002,48.95946065120583,59.08416637095943,completed,False,not_required,not_required,False,2026-09-02T03:27:07Z
920046,亿能电力,32.047975626006426,33.310412924968404,28.12516019882245,40.34792811754091,completed,False,not_required,not_required,False,2026-09-02T03:27:07Z
920047,诺思兰德,14.598442697466723,34.793148692316926,22.387102178667377,43.34964430653642,completed,False,not_required,not_required,False,2026-09-02T03:27:07Z
920050,爱伦医疗,67.06289209554174,54.92272015920436,58.6089043999167,75.51768960218675,completed,False,not_required,not_required,False,2026-09-02T03:27:07Z
920055,隆源股份,51.248204719948795,44.48265424935281,42.050841697586335,64.0947037517229,completed,False,not_required,not_required,False,2026-09-02T03:27:07Z
920056,能之光,36.0968445247252,37.55434756518647,40.20856570193155,59.96062707879468,completed,False,not_required,not_required,False,2026-09-02T03:27:07Z
920057,百甲科技,18.550509922316667,24.51177331452469,27.623441643001357,66.03917600935948,completed,False,not_required,not_required,False,2026-09-02T03:27:07Z
920058,华洋赛车,37.33162321739692,34.24793193041983,32.915652967246416,75.08523698561359,completed,False,not_required,not_required,False,2026-09-02T03:27:07Z
920059,双英集团,48.155083059840166,41.442636581846855,48.979143996478065,67.51318875802261,completed,False,not_required,not_required,False,2026-09-02T03:27:07Z
920060,万源通,31.077822004733378,34.503451502701445,24.55154984427876,54.299062254200656,completed,False,not_required,not_required,False,2026-09-02T03:27:07Z
920061,西磁科技,60.06870329311124,51.156268279712556,49.023499581722426,61.09219702716562,completed,False,not_required,not_required,False,2026-09-02T03:27:07Z
920062,科润智控,26.368820688071413,34.454109727444134,23.43442395244776,60.0288993926916,completed,False,not_required,not_required,False,2026-09-02T03:27:07Z
920065,千岸科技,61.20225523666706,48.73189155495723,58.59709058148107,62.85221552359752,completed,False,not_required,not_required,False,2026-09-02T03:27:07Z
920066,科拜尔,65.95194009994029,58.74016211408873,60.17511809848323,56.26506285744289,completed,False,not_required,not_required,False,2026-09-02T03:27:07Z
920068,天工股份,37.10043478319334,41.22788334862813,33.69329314171617,62.133841567087785,completed,False,not_required,not_required,False,2026-09-02T03:27:07Z
920069,普昂医疗,54.35601964144997,43.566120389910864,51.26417467209947,72.41778748368446,completed,False,not_required,not_required,False,2026-09-02T03:27:07Z
920072,科莱瑞迪,44.729045709524264,36.80947996157544,43.387865409915726,57.86114402472067,completed,False,not_required,not_required,False,2026-09-02T03:27:07Z
920075,柏星龙,23.00884266468658,20.60681550357683,28.62651816004279,46.74676048062504,completed,False,not_required,not_required,False,2026-09-02T03:27:07Z
920076,国亮新材,51.83430350540041,44.190777898191534,49.13961846102105,75.44615183608052,completed,False,not_required,not_required,False,2026-09-02T03:27:07Z
920077,吉林碳谷,52.8202030566207,35.635096033930594,42.91552575630747,72.98391032035416,completed,False,not_required,not_required,False,2026-09-02T03:27:07Z
920078,族兴新材,30.417812225934163,29.948714685599775,30.766184696320273,56.944002669010835,completed,False,not_required,not_required,False,2026-09-02T03:27:07Z
920079,乔路铭,58.59907764957555,51.010515436902615,58.298222904144005,74.37076328580697,completed,False,not_required,not_required,False,2026-09-02T03:27:07Z
920080,奥美森,43.096860450986625,38.763662808891404,40.0451041346742,64.17971130302654,completed,False,not_required,not_required,False,2026-09-02T03:27:07Z
920081,欧伦电气,59.052987913303426,45.06365778347806,48.88956241528412,58.037513189758826,completed,False,not_required,not_required,False,2026-09-02T03:27:07Z
920082,方正阀门,32.7726660300695,36.949466007632914,34.09955657459147,54.22709664198747,completed,False,not_required,not_required,False,2026-09-02T03:27:07Z
920083,金戈新材,55.912568675175024,47.98786796265199,47.07100567262923,64.78486636826358,completed,False,not_required,not_required,False,2026-09-02T03:27:07Z
920086,科马材料,51.355829010877976,49.11345650746706,51.83878954087248,58.50476444268697,completed,False,not_required,not_required,False,2026-09-02T03:27:07Z
920087,秋乐种业,39.82629824054265,46.936209789052256,39.38386165739689,39.1379496146201,completed,False,not_required,not_required,False,2026-09-02T03:27:07Z
920088,科力股份,35.07986424167374,42.04118818477777,40.348588685683914,45.38261714943121,completed,False,not_required,not_required,False,2026-09-02T03:27:07Z
920089,禾昌聚合,44.87273782691845,39.359178403476534,40.96942842284059,45.6305609127585,completed,False,not_required,not_required,False,2026-09-02T03:27:07Z
920090,*ST同辉,21.422352245278525,38.82062070973993,30.22737461646409,2.2978769396068124,completed,False,not_required,not_required,False,2026-09-02T03:27:07Z
920091,大鹏工业,16.15414221864548,31.174575406125953,30.26152272969771,52.31704786554089,completed,False,not_required,not_required,False,2026-09-02T03:27:07Z
920092,汉鑫科技,26.52830485251625,35.774588779595575,20.733891661065112,57.33795661206491,completed,False,not_required,not_required,False,2026-09-02T03:27:07Z
920093,信胜科技,50.475294574449215,42.07432830268324,48.34830574499585,62.969916958665614,completed,False,not_required,not_required,False,2026-09-02T03:27:07Z
920096,嘉晨智能,42.0447344527866,38.666636246640905,41.83984858282573,58.92213571903587,completed,False,not_required,not_required,False,2026-09-02T03:27:07Z
920098,科隆新材,36.09357256931043,39.805067986068565,40.55367058516713,42.0630899386272,completed,False,not_required,not_required,False,2026-09-02T03:27:07Z
920099,瑞华技术,11.30222938956145,32.081178588156455,21.428321253303228,58.46346906748449,completed,False,not_required,not_required,False,2026-09-02T03:27:07Z
920100,三协电机,47.045482084356394,43.74778094686234,32.006209566780534,59.40472016515604,completed,False,not_required,not_required,False,2026-09-02T03:27:07Z
920101,志高机械,47.09863930071816,47.416338641866396,46.816621031687525,63.63243286129752,completed,False,not_required,not_required,False,2026-09-02T03:27:07Z
920106,林泰新材,40.60054834206338,44.01434130045438,42.13558158958546,62.8013330717873,completed,False,not_required,not_required,False,2026-09-02T03:27:07Z
920107,恒兴股份,50.04318378371473,42.41961048816582,49.36598281453614,54.818556227331705,completed,False,not_required,not_required,False,2026-09-02T03:27:07Z
920108,宏海科技,31.686675460130363,30.59080683305064,28.960447979722588,48.19602883467002,completed,False,not_required,not_required,False,2026-09-02T03:27:07Z
920110,雷特科技,46.81327041398844,41.811436456599914,40.29533041542096,50.35033866623114,completed,False,not_required,not_required,False,2026-09-02T03:27:07Z
920111,聚星科技,61.494661264618856,49.987794072959446,43.87957383897873,45.58255007012863,completed,False,not_required,not_required,False,2026-09-02T03:27:07Z
920112,巴兰仕,38.34194120397164,33.2798719395142,42.66691380701779,60.325233610047235,completed,False,not_required,not_required,False,2026-09-02T03:27:07Z
920116,星图测控,19.694256975055218,31.111037396208516,22.330512950269526,41.41827006401198,completed,False,not_required,not_required,False,2026-09-02T03:27:07Z
920117,龙鑫智能,33.33831822486737,30.881858778846947,28.549656524914763,49.98500947131653,completed,False,not_required,not_required,False,2026-09-02T03:27:07Z
920118,太湖远大,53.03568218664245,39.46500988880605,49.362372646254556,59.29816615850011,completed,False,not_required,not_required,False,2026-09-02T03:27:07Z
920119,美德乐,51.136469246612215,39.75693961772745,37.83567725453224,61.32601573378731,completed,False,not_required,not_required,False,2026-09-02T03:27:07Z
920121,江天科技,45.75897558056605,39.107053159069935,48.82669861821106,63.802860291518485,completed,False,not_required,not_required,False,2026-09-02T03:27:07Z
920122,中纺标,49.674981353377405,39.17884425179281,50.1158003780195,54.13356323558631,completed,False,not_required,not_required,False,2026-09-02T03:27:07Z
920123,芭薇股份,55.75470074175537,42.2514026329481,47.60997907407006,46.608422717757406,completed,False,not_required,not_required,False,2026-09-02T03:27:07Z
920124,南特科技,29.780966192754033,34.33832537968983,31.09433444653848,41.39946928887733,completed,False,not_required,not_required,False,2026-09-02T03:27:07Z
920125,鸿仕达,72.16376865783407,57.71936020542194,55.84122435960233,73.2238842359787,completed,False,not_required,not_required,False,2026-09-02T03:27:07Z
920126,永大股份,51.39839497246738,48.37449582007767,37.14706488211455,54.5338193623919,completed,False,not_required,not_required,False,2026-09-02T03:27:07Z
920128,胜业电气,33.859188486407376,40.93172002985434,22.784730171373212,49.295962404363316,completed,False,not_required,not_required,False,2026-09-02T03:27:07Z
920130,立方控股,12.071470360386645,26.646689747203155,18.753919040286156,43.29728541954046,completed,False,not_required,not_required,False,2026-09-02T03:27:07Z
920132,泰鹏智能,76.8743521160922,57.04572134207822,58.22151110665291,54.33328099761254,completed,False,not_required,not_required,False,2026-09-02T03:27:07Z
920136,永励精密,77.59867388234764,62.76289094726456,68.77742776828556,66.27233218892314,completed,False,not_required,not_required,False,2026-09-02T03:27:07Z
920138,杰理科技,44.89066997517052,36.275001275866146,47.46085436834434,59.108808603463814,completed,False,not_required,not_required,False,2026-09-02T03:27:07Z
920139,华岭股份,27.638524045533657,34.002226784682854,51.26179110597345,48.02549068382733,completed,False,not_required,not_required,False,2026-09-02T03:27:07Z
920145,恒合股份,2.2757105958740365,18.473155226384513,16.738211748283756,52.23150549652749,completed,False,not_required,not_required,False,2026-09-02T03:27:07Z
920146,华阳变速,17.94231983858013,39.56967199170968,19.897809173816754,30.937987121008142,completed,False,not_required,not_required,False,2026-09-02T03:27:07Z
920149,旭杰科技,56.57000720873357,48.66067937261469,64.00090459697361,66.02530670412852,completed,False,not_required,not_required,False,2026-09-02T03:27:07Z
920152,昆工科技,8.753299196407042,29.815519868246806,19.813105021865347,49.30171831968945,completed,False,not_required,not_required,False,2026-09-02T03:27:07Z
920156,海昌智能,41.59972915997807,33.55663463368392,41.050867148588765,56.665142655956856,completed,False,not_required,not_required,False,2026-09-02T03:27:07Z
920158,长江能科,6.078019143086436,19.12957832184638,19.455211296394587,49.8852945440162,completed,False,not_required,not_required,False,2026-09-02T03:27:07Z
920159,农大科技,35.204723254418276,31.53515261170898,32.1640136053569,57.17111535171697,completed,False,not_required,not_required,False,2026-09-02T03:27:07Z
920160,北矿检测,51.23746552760266,42.34082496066307,55.11110820762751,61.05092261737755,completed,False,not_required,not_required,False,2026-09-02T03:27:07Z
920161,龙辰科技,29.171292068580193,32.72699571849545,28.934988110060868,54.95488688063795,completed,False,not_required,not_required,False,2026-09-02T03:27:07Z
920163,方大新材,69.38463144864501,55.8535165860903,56.54397776771521,69.6916130554424,completed,False,not_required,not_required,False,2026-09-02T03:27:07Z
920165,珈凯生物,58.73730598010572,43.46862820540489,53.0226502152601,60.1958442755201,completed,False,not_required,not_required,False,2026-09-02T03:27:07Z
920166,海圣医疗,35.305748146581536,34.770281322294416,40.58461285943871,55.26988236821565,completed,False,not_required,not_required,False,2026-09-02T03:27:07Z
920167,同享科技,37.55619963228087,30.55183435097893,33.392340765155254,60.10685983693424,completed,False,not_required,not_required,False,2026-09-02T03:27:07Z
920168,通宝光电,32.08637312561353,42.08457689536714,36.86689875450279,50.251405056941174,completed,False,not_required,not_required,False,2026-09-02T03:27:07Z
920169,七丰精工,52.015749611570484,51.002540326932085,41.42699222045288,52.90515941189593,completed,False,not_required,not_required,False,2026-09-02T03:27:07Z
920171,志晟信息,16.684124918905333,19.609475936059123,12.65146678225452,48.429830920923095,completed,False,not_required,not_required,False,2026-09-02T03:27:07Z
920174,五新智能,74.02103539444646,67.13264179953175,60.921858463242685,76.0960477349033,completed,True,completed_or_best_effort,completed,False,2026-09-02T03:27:07Z
920175,东方碳素,26.113445862946584,40.48785789493171,36.988391080033864,41.264551316200894,completed,False,not_required,not_required,False,2026-09-02T03:27:07Z
920176,维琪科技,46.30930020419574,44.08960149811852,52.16236368100114,65.07820750507398,completed,False,not_required,not_required,False,2026-09-02T03:27:07Z
920177,恒道科技,27.1242102959962,30.021951360479406,37.03512323323835,53.41792122503277,completed,False,not_required,not_required,False,2026-09-02T03:27:07Z
920178,锐翔智能,41.37999074358115,38.28458437740635,37.086142600001594,58.21977473704558,completed,False,not_required,not_required,False,2026-09-02T03:27:07Z
920179,凯德石英,34.73544650941025,39.44352643768773,31.634993016820182,67.2326163956145,completed,False,not_required,not_required,False,2026-09-02T03:27:07Z
920180,爱得科技,31.450025705553607,39.688944540215616,40.275999240832654,60.79004347792488,completed,False,not_required,not_required,False,2026-09-02T03:27:07Z
920181,赛英电子,54.927543427793154,45.16542194836035,48.41342569473011,60.32967639551055,completed,False,not_required,not_required,False,2026-09-02T03:27:07Z
920183,海菲曼,55.84877290564488,48.89391326856115,50.99884058191862,62.851860612341,completed,False,not_required,not_required,False,2026-09-02T03:27:07Z
920184,国源科技,28.873444444777263,32.313360632067734,39.24473700430792,60.56711010042376,completed,False,not_required,not_required,False,2026-09-02T03:27:07Z
920185,贝特瑞,37.74944500115574,38.23177284171034,27.438440083754237,51.936171528948336,completed,False,not_required,not_required,False,2026-09-02T03:27:07Z
920186,中科仪,49.020505924106125,36.552385879395565,47.79449058343216,68.07956347211686,completed,False,not_required,not_required,False,2026-09-02T03:27:07Z
920187,通领科技,33.85998242066582,34.20020866470063,43.55240899720425,67.03010375180347,completed,False,not_required,not_required,False,2026-09-02T03:27:07Z
920188,悦龙科技,38.58993423074767,33.16105578245518,41.31828763373643,56.96182069264101,completed,False,not_required,not_required,False,2026-09-02T03:27:07Z
920189,康美特,66.88928075327486,52.53483456830331,57.64158442705264,56.46619661245265,completed,False,not_required,not_required,False,2026-09-02T03:27:07Z
920190,雷神科技,35.52081444626012,32.14474851240031,30.669372799687117,41.37547167103222,completed,False,not_required,not_required,False,2026-09-02T03:27:07Z
920191,瑞尔竞达,29.582671665681147,33.62766269556098,38.85191018526177,53.408059502267534,completed,False,not_required,not_required,False,2026-09-02T03:27:07Z
920193,吉和昌,67.51451247845283,47.6120358378466,60.59754065472386,70.32525978500165,completed,False,not_required,not_required,False,2026-09-02T03:27:07Z
920195,三祥科技,62.29746795855565,55.043782023622214,58.240248249989655,63.11523395454719,completed,False,not_required,not_required,False,2026-09-02T03:27:07Z
920198,微创光电,70.40101237724845,58.00611106834242,71.10234034201366,46.072140800194326,completed,False,not_required,not_required,False,2026-09-02T03:27:07Z
920199,倍益康,41.689752507553024,49.03324736791037,44.72871963699644,51.54808666691555,completed,False,not_required,not_required,False,2026-09-02T03:27:07Z
920200,振宏股份,31.606167579647064,38.04002056937502,34.72619799342035,49.88944004036427,completed,False,not_required,not_required,False,2026-09-02T03:27:07Z
920204,沪江材料,52.95698011743098,42.962030841153876,50.823898601279865,52.817742170744495,completed,False,not_required,not_required,False,2026-09-02T03:27:07Z
920206,彩客科技,63.19297388047536,52.486574083215295,55.50151088969641,55.866755830137734,completed,False,not_required,not_required,False,2026-09-02T03:27:07Z
920207,众诚科技,62.65059459314851,59.04706114270998,52.05179416925741,53.64664652513958,completed,False,not_required,not_required,False,2026-09-02T03:27:07Z
920208,青矩技术,44.94737543520274,39.08430041264549,50.555618660501544,67.05348873080324,completed,False,not_required,not_required,False,2026-09-02T03:27:07Z
920211,新睿电子,40.28895953893118,33.44691060597115,35.43242737730689,55.822872533958616,completed,False,not_required,not_required,False,2026-09-02T03:27:07Z
920212,智新电子,60.326211542115615,48.450580692872755,64.40994387910764,61.97035253130724,completed,False,not_required,not_required,False,2026-09-02T03:27:07Z
920218,新天力,31.107537311821126,29.537311271776495,35.35935223483028,50.64884879596351,completed,False,not_required,not_required,False,2026-09-02T03:27:07Z
920220,朗信电气,56.34258744779343,48.90968215683533,48.645707205826234,69.7168802001854,completed,False,not_required,not_required,False,2026-09-02T03:27:07Z
920221,易实精密,42.489188482420964,39.07505270320945,39.353191220636546,75.3499159220131,completed,False,not_required,not_required,False,2026-09-02T03:27:07Z
920222,益坤电气,40.43733968163227,32.92871647702169,38.86743963445624,56.491397912281215,completed,False,not_required,not_required,False,2026-09-02T03:27:07Z
920223,荣亿精密,23.33215813479464,23.497879178712584,21.747025667083673,42.13673229662705,completed,False,not_required,not_required,False,2026-09-02T03:27:07Z
920225,利通科技,66.84201337873763,56.82355052212207,55.81012644290998,62.81486558271317,completed,False,not_required,not_required,False,2026-09-02T03:27:07Z
920227,美登科技,50.016263719600666,41.01687381484185,48.754609272544656,72.55292464828582,completed,False,not_required,not_required,False,2026-09-02T03:27:07Z
920230,欧康医药,52.84630792707514,46.707465642217954,51.886198064881235,66.06787872878607,completed,False,not_required,not_required,False,2026-09-02T03:27:07Z
920237,力佳科技,22.347841526962707,25.896380725982397,29.529330957471004,28.459961281662977,completed,False,not_required,not_required,False,2026-09-02T03:27:07Z
920238,长鹰硬科,67.95717262641975,50.57095126921974,47.30816767695043,66.13970350992913,completed,False,not_required,not_required,False,2026-09-02T03:27:07Z
920239,长虹能源,51.02707167271987,38.01850459803923,36.9093427054561,65.36373034497339,completed,False,not_required,not_required,False,2026-09-02T03:27:07Z
920242,建邦科技,36.14272451132608,35.83110754322945,36.79404549249308,71.7027217537224,completed,False,not_required,not_required,False,2026-09-02T03:27:07Z
920245,威博液压,66.44979076718569,52.273698202660555,49.97382597497523,68.50858125968941,completed,False,not_required,not_required,False,2026-09-02T03:27:07Z
920247,华密新材,55.91457175563157,47.32596637154541,47.15938625448967,53.44248773296896,completed,False,not_required,not_required,False,2026-09-02T03:27:07Z
920249,利尔达,56.77774960238342,43.63960687612035,39.17771365484565,41.82988428872613,completed,False,not_required,not_required,False,2026-09-02T03:27:07Z
920252,天宏锂电,15.474172747200992,31.15121628198075,15.463983184540375,44.65496249097933,completed,False,not_required,not_required,False,2026-09-02T03:27:07Z
920258,聚仁新材,66.3287693810227,47.35643246802153,60.187476711398055,66.00339268524618,completed,False,not_required,not_required,False,2026-09-02T03:27:07Z
920260,中寰股份,51.885896482794486,51.33590661667954,57.34240412325989,62.490939545850935,completed,False,not_required,not_required,False,2026-09-02T03:27:07Z
920261,一诺威,56.7212863946339,42.39634922739732,48.060954463524226,67.53708635190132,completed,False,not_required,not_required,False,2026-09-02T03:27:07Z
920262,太湖雪,65.168268397459,51.24961249027016,53.972945305475086,78.17745288543179,completed,False,not_required,not_required,False,2026-09-02T03:27:07Z
920263,中航泰达,13.14967198407027,32.59082206448124,24.731123198869618,45.25950655704152,completed,False,not_required,not_required,False,2026-09-02T03:27:07Z
920266,生物谷,34.974023642441516,42.61065380352415,63.0861360480153,43.42888905226596,completed,False,not_required,not_required,False,2026-09-02T03:27:07Z
920267,鑫汇科,25.19705314735309,40.098354788375566,22.855508936852914,45.55186422150307,completed,False,not_required,not_required,False,2026-09-02T03:27:07Z
920270,天铭科技,21.72245274575939,29.130196831565335,25.125799612159557,38.08530649692328,completed,False,not_required,not_required,False,2026-09-02T03:27:07Z
920271,邦德股份,30.397387964206132,35.19994804616096,37.363473091521854,49.80189870825265,completed,False,not_required,not_required,False,2026-09-02T03:27:07Z
920273,一致魔芋,34.47991614831738,35.026145482157204,35.503396214709895,63.08565575188061,completed,False,not_required,not_required,False,2026-09-02T03:27:07Z
920274,宏裕包材,51.90873508661711,45.83705604671296,42.84254012172447,57.28398876948785,completed,False,not_required,not_required,False,2026-09-02T03:27:07Z
920275,驱动力,16.89358403613992,19.891895823431902,25.08176040169282,47.462534044449406,completed,False,not_required,not_required,False,2026-09-02T03:27:07Z
920278,鹿得医疗,35.385479185518875,42.04937759852769,29.93604310703961,53.19307357833027,completed,False,not_required,not_required,False,2026-09-02T03:27:07Z
920284,灵鸽科技,7.8701739868562015,13.053152555481029,13.896473835509152,34.34005821026318,completed,False,not_required,not_required,False,2026-09-02T03:27:07Z
920288,华大海天,61.755100455880516,46.14177312245093,55.73444582196129,60.95436540215729,completed,False,not_required,not_required,False,2026-09-02T03:27:07Z
920299,灿能电力,26.545492554109433,27.131277934954287,27.304098135155936,42.54929273250428,completed,False,not_required,not_required,False,2026-09-02T03:27:07Z
920300,辰光医疗,26.466058988320583,42.236296165850206,32.06003746558732,49.51728552976467,completed,False,not_required,not_required,False,2026-09-02T03:27:07Z
920304,迪尔化工,40.29262042297714,36.47336795999429,28.46126784898801,59.22912756025992,completed,False,not_required,not_required,False,2026-09-02T03:27:07Z
920339,恒太照明,59.474172911624095,50.39829039616195,60.0206576092135,66.98850497518616,completed,False,not_required,not_required,False,2026-09-02T03:27:07Z
920344,三元基因,34.01102391765527,32.99735238444047,36.03992643468482,57.229077787236626,completed,False,not_required,not_required,False,2026-09-02T03:27:07Z
920346,威贸电子,46.88706441734079,41.054408043896075,45.60733610913886,65.91773198045388,completed,False,not_required,not_required,False,2026-09-02T03:27:07Z
920351,华光源海,46.366150625160735,46.656433981583554,41.59076398416226,54.46211427916602,completed,False,not_required,not_required,False,2026-09-02T03:27:07Z
920357,雅葆轩,40.42957549074851,33.59263672936548,30.78743212451635,46.95091208341195,completed,False,not_required,not_required,False,2026-09-02T03:27:07Z
920363,莱赛激光,46.4775660833241,46.54492018218162,43.559869190646324,64.43978287510048,completed,False,not_required,not_required,False,2026-09-02T03:27:07Z
920367,新赣江,37.76298763452559,38.11868713799448,32.594217904251714,54.99121216430609,completed,False,not_required,not_required,False,2026-09-02T03:27:07Z
920368,连城数控,40.78315956581034,42.038612377068745,32.20150820808607,44.58655270676791,completed,False,not_required,not_required,False,2026-09-02T03:27:07Z
920370,新安洁,30.808620836981696,36.74767489528771,46.67669990904114,35.784677751635435,completed,False,not_required,not_required,False,2026-09-02T03:27:07Z
920371,欧福蛋业,26.4726787623639,24.349931170218962,31.090259957900294,43.614380514902955,completed,False,not_required,not_required,False,2026-09-02T03:27:07Z
920374,云里物里,42.47915282714973,41.279843863132506,32.10277185588239,62.31990588035404,completed,False,not_required,not_required,False,2026-09-02T03:27:07Z
920375,派诺科技,7.530789099149864,26.283977806395253,18.448996296649067,63.93123985702491,completed,False,not_required,not_required,False,2026-09-02T03:27:07Z
920378,泰德股份,30.947232182912472,39.65088092291496,32.23735324338929,50.48974499515098,completed,False,not_required,not_required,False,2026-09-02T03:27:07Z
920392,佳合科技,44.46899665029485,39.240588315168445,42.82951915377837,64.89540120418873,completed,False,not_required,not_required,False,2026-09-02T03:27:07Z
920394,民士达,45.954871286434596,39.87350201570375,37.305611579589396,57.75464328022591,completed,False,not_required,not_required,False,2026-09-02T03:27:07Z
920395,朗鸿科技,24.290144457266415,28.606597389499242,26.9007307509876,52.03323191377362,completed,False,not_required,not_required,False,2026-09-02T03:27:07Z
920396,常辅股份,32.191319573383915,32.74838443330403,29.847931900218754,61.50753517164951,completed,False,not_required,not_required,False,2026-09-02T03:27:07Z
920402,硅烷科技,17.37210214749633,32.426804434482,27.858986021369354,32.894168660537005,completed,False,not_required,not_required,False,2026-09-02T03:27:07Z
920403,康农种业,42.94677504731814,35.03351310693973,38.00158058816025,55.216696587561685,completed,False,not_required,not_required,False,2026-09-02T03:27:07Z
920405,海希通讯,53.326570401591496,55.91013138904192,36.56875032954629,22.973850964071953,completed,False,not_required,not_required,False,2026-09-02T03:27:07Z
920407,驰诚股份,40.40430853233123,37.23484751835789,34.68499999926709,54.45940196317492,completed,False,not_required,not_required,False,2026-09-02T03:27:07Z
920414,欧普泰,7.154499684562552,32.45204594330647,17.003125916033284,28.80986086416442,completed,False,not_required,not_required,False,2026-09-02T03:27:07Z
920415,恒拓开源,31.900875451378695,33.893185096471214,30.958821142573512,40.3667418984084,completed,False,not_required,not_required,False,2026-09-02T03:27:07Z
920418,苏轴股份,45.117536244613646,38.21722265882996,43.67271365352874,55.141829354356034,completed,False,not_required,not_required,False,2026-09-02T03:27:07Z
920419,路斯股份,59.76974728425722,51.12766058790103,53.660282191989495,63.51332752216612,completed,False,not_required,not_required,False,2026-09-02T03:27:07Z
920422,润普食品,67.7374406568942,50.30775055634245,58.2212766419811,52.49443688021799,completed,False,not_required,not_required,False,2026-09-02T03:27:07Z
920425,乐创技术,52.76375655826964,32.50671885969544,47.65107618833046,66.78301745471005,completed,False,not_required,not_required,False,2026-09-02T03:27:07Z
920427,华维设计,31.725951899764283,24.683566138518067,32.455824091460904,47.15749127454646,completed,False,not_required,not_required,False,2026-09-02T03:27:07Z
920429,康比特,67.38083640109724,59.02632091420733,68.87988767853824,80.20059598237414,completed,False,not_required,not_required,False,2026-09-02T03:27:07Z
920433,大唐药业,22.764627248956316,30.98699432260362,42.57622967933624,36.75601477894765,completed,False,not_required,not_required,False,2026-09-02T03:27:07Z
920436,大地电气,49.56229087778091,39.55315273734652,50.802993149787696,40.51709031349603,completed,False,not_required,not_required,False,2026-09-02T03:27:07Z
920438,戈碧迦,71.86514335931632,65.16609046023638,54.00740727388607,75.1295823313062,completed,True,completed_or_best_effort,completed,False,2026-09-02T03:27:07Z
920445,龙竹科技,35.793473131839455,37.645075275710305,35.727050377807004,70.40056905043781,completed,False,not_required,not_required,False,2026-09-02T03:27:07Z
920454,同心传动,33.865830168394766,33.261124372911105,38.46712953923036,50.52801502887781,completed,False,not_required,not_required,False,2026-09-02T03:27:07Z
920455,汇隆活塞,55.54220959477776,44.598631598212656,48.18237627254691,49.31509984097353,completed,False,not_required,not_required,False,2026-09-02T03:27:07Z
920469,富恒新材,37.528916961522114,41.930628005203495,36.820424425861134,7.206884498066822,completed,False,not_required,not_required,False,2026-09-02T03:27:07Z
920471,美邦科技,68.22027808008689,50.618965353986034,66.5080203627902,60.767800245239044,completed,False,not_required,not_required,False,2026-09-02T03:27:07Z
920475,三友科技,46.76772758435465,39.55396589249531,50.05155005472877,43.54553648145757,completed,False,not_required,not_required,False,2026-09-02T03:27:07Z
920476,海能技术,55.43008662936001,44.80364021188542,50.119004977815706,66.30135153899575,completed,False,not_required,not_required,False,2026-09-02T03:27:07Z
920478,峆一药业,9.522481897489861,20.703067169678874,22.829903343964457,52.29769657494759,completed,False,not_required,not_required,False,2026-09-02T03:27:07Z
920489,佳先股份,24.90398990764944,29.00150090502487,25.283625353085892,42.98280969958965,completed,False,not_required,not_required,False,2026-09-02T03:27:07Z
920491,奥迪威,44.00886270800846,43.58422441714377,41.849262647325936,64.45310485797354,completed,False,not_required,not_required,False,2026-09-02T03:27:07Z
920493,并行科技,73.34789939196435,48.317039195507384,50.8771053834224,78.34997042443071,completed,False,not_required,not_required,False,2026-09-02T03:27:07Z
920496,许昌智能,28.230801437205074,40.03946821699458,21.552272614213706,42.79008071644,completed,False,not_required,not_required,False,2026-09-02T03:27:07Z
920504,博迅生物,46.834494677980985,43.29338446623993,44.75281327242131,40.226620893866645,completed,False,not_required,not_required,False,2026-09-02T03:27:07Z
920505,九菱科技,40.63642714123076,39.52759806249979,28.334023094388645,63.96529988579978,completed,False,not_required,not_required,False,2026-09-02T03:27:07Z
920508,殷图网联,29.525499162857734,43.20866154096967,44.16265514147737,57.890075899202124,completed,False,not_required,not_required,False,2026-09-02T03:27:07Z
920509,同惠电子,50.09309854565593,40.108439085209056,42.129595065987786,49.97152387829505,completed,False,not_required,not_required,False,2026-09-02T03:27:07Z
920510,丰光精密,71.13150185938265,60.554564487371984,61.33610696357784,71.69801795600955,completed,False,not_required,not_required,False,2026-09-02T03:27:07Z
920519,万德股份,80.29885743263885,61.30033707251147,80.3072531333893,72.70278377885215,completed,False,not_required,not_required,False,2026-09-02T03:27:07Z
920522,纳科诺尔,42.848144875501646,33.760997404227105,25.26704655238537,42.43450250305095,completed,False,not_required,not_required,False,2026-09-02T03:27:07Z
920523,德瑞锂电,39.89411073397252,40.204997637262075,39.15812968031253,69.93369560079086,completed,False,not_required,not_required,False,2026-09-02T03:27:07Z
920526,凯华材料,50.221132700412625,45.13858344203721,45.866946588820824,49.8748170742314,completed,False,not_required,not_required,False,2026-09-02T03:27:07Z
920527,夜光明,66.5134599112034,55.56705654255088,60.994301512624844,57.71008449368669,completed,False,not_required,not_required,False,2026-09-02T03:27:07Z
920533,骏创科技,69.73064186201103,55.363522236572685,56.439417701372044,74.8968186829819,completed,False,not_required,not_required,False,2026-09-02T03:27:07Z
920541,铁大科技,51.76780323716041,45.572967872112514,43.69756539081888,63.61599839187399,completed,False,not_required,not_required,False,2026-09-02T03:27:07Z
920547,无锡晶海,59.7419245265028,50.446678282011604,55.04306613729527,60.94714104669322,completed,False,not_required,not_required,False,2026-09-02T03:27:07Z
920553,凯腾精工,33.951943103785936,36.033722207382475,34.122501431542815,48.92638115260934,completed,False,not_required,not_required,False,2026-09-02T03:27:07Z
920556,雅达股份,35.03476140564747,38.88780682889066,31.562809657333872,57.62733635084117,completed,False,not_required,not_required,False,2026-09-02T03:27:07Z
920564,天润科技,4.133454682322384,17.395439080859298,15.596796051765903,39.798355855306255,completed,False,not_required,not_required,False,2026-09-02T03:27:07Z
920566,梓橦宫,48.14023280620786,48.13664804158162,51.91146359753359,72.81448727189388,completed,False,not_required,not_required,False,2026-09-02T03:27:07Z
920570,坤博精工,70.90707175760305,60.74789544331222,64.34650273786635,56.29371924855594,completed,False,not_required,not_required,False,2026-09-02T03:27:07Z
920571,国航远洋,82.85010018209698,63.90687412775349,70.6937481417874,65.88784933740351,completed,True,completed_or_best_effort,completed,False,2026-09-02T03:27:07Z
920575,*ST康乐,16.778333334938978,41.31248044142164,38.844659572873894,30.52665690271256,completed,False,not_required,not_required,False,2026-09-02T03:27:07Z
920576,天力复合,21.98654104739313,33.30794209549496,28.493248319679367,39.7093426780802,completed,False,not_required,not_required,False,2026-09-02T03:27:07Z
920578,巨能股份,55.64480278927129,49.55502553227652,59.6986405423669,61.176093331462674,completed,False,not_required,not_required,False,2026-09-02T03:27:07Z
920579,机科股份,31.137604349410225,42.69141408310899,22.317009095046757,40.561026568968394,completed,False,not_required,not_required,False,2026-09-02T03:27:07Z
920580,科创新材,44.78572535701478,40.151393719400254,47.108586038406365,45.01913144094434,completed,False,not_required,not_required,False,2026-09-02T03:27:07Z
920592,华信永道,18.021678779560197,28.443100329282508,21.559818461559093,43.08127195134287,completed,False,not_required,not_required,False,2026-09-02T03:27:07Z
920593,鼎智科技,57.83982049287793,44.33054887896109,43.84214351581337,70.28330695193742,completed,False,not_required,not_required,False,2026-09-02T03:27:07Z
920599,同力股份,68.97862164292971,53.50694768628963,57.675369882927065,66.2909357056247,completed,False,not_required,not_required,False,2026-09-02T03:27:07Z
920608,丰安股份,35.12321869676052,39.45848531453491,38.47595704932366,51.26828423127406,completed,False,not_required,not_required,False,2026-09-02T03:27:07Z
920627,力王股份,18.688942660116673,24.34446904682279,23.49025965920564,29.718573586751972,completed,False,not_required,not_required,False,2026-09-02T03:27:07Z
920634,新威凌,47.33135467956188,40.18126867560149,42.445213706709744,66.26470638849449,completed,False,not_required,not_required,False,2026-09-02T03:27:07Z
920639,晨光电缆,30.396122125640957,27.255525153405234,21.654787795262727,49.805671930134395,completed,False,not_required,not_required,False,2026-09-02T03:27:07Z
920640,富士达,43.81403813267891,34.89789775339819,35.82046177866317,52.412815578896875,completed,False,not_required,not_required,False,2026-09-02T03:27:07Z
920641,格利尔,65.84578036115052,59.67221226644449,62.20019005952639,65.80069814991978,completed,False,not_required,not_required,False,2026-09-02T03:27:07Z
920642,通易航天,8.874580705421735,25.69805565295846,8.5117539719028,35.18562658349663,completed,False,not_required,not_required,False,2026-09-02T03:27:07Z
920651,天罡股份,28.587923054353055,35.59486299342299,33.715889234221926,50.26251318943693,completed,False,not_required,not_required,False,2026-09-02T03:27:07Z
920656,海昇药业,58.19252192015047,41.76869491920846,58.4917101275898,54.93030588002888,completed,False,not_required,not_required,False,2026-09-02T03:27:07Z
920662,方盛股份,22.504714995139963,26.71273029518394,21.064123058351708,55.516666638873964,completed,False,not_required,not_required,False,2026-09-02T03:27:07Z
920663,明阳科技,64.55284423330764,54.53175193191235,58.631622628916645,63.26342316461175,completed,False,not_required,not_required,False,2026-09-02T03:27:07Z
920665,科强股份,25.38976772796823,25.58363839900288,33.4946006064474,49.07448249402072,completed,False,not_required,not_required,False,2026-09-02T03:27:07Z
920670,数字人,40.07186490846597,40.45210445000288,42.695649083542065,19.74787439380134,completed,False,not_required,not_required,False,2026-09-02T03:27:07Z
920675,秉扬科技,41.288170574932636,48.176172468073965,40.61014411135303,80.55955171641169,completed,False,not_required,not_required,False,2026-09-02T03:27:07Z
920679,前进科技,27.621764337934152,30.551444528547947,31.34484790361197,39.41879193006656,completed,False,not_required,not_required,False,2026-09-02T03:27:07Z
920682,球冠电缆,42.55622296251778,46.40189580252144,33.5456267887017,57.27921274514941,completed,False,not_required,not_required,False,2026-09-02T03:27:07Z
920685,新芝生物,54.68862045984681,49.983903612191234,48.2687035682887,50.634348922077294,completed,False,not_required,not_required,False,2026-09-02T03:27:07Z
920689,克莱特,46.069469083971896,38.784574680409804,37.878057798039194,48.88487071569068,completed,False,not_required,not_required,False,2026-09-02T03:27:07Z
920690,捷众科技,50.30918943655572,44.20767811282605,47.236463143904416,53.21101071998171,completed,False,not_required,not_required,False,2026-09-02T03:27:07Z
920693,阿为特,58.331858625890916,54.26844709990357,48.43755959689872,50.73384339237406,completed,False,not_required,not_required,False,2026-09-02T03:27:07Z
920694,中裕科技,69.86416862539274,53.65756822568578,53.047520782157854,71.31884720255674,completed,False,not_required,not_required,False,2026-09-02T03:27:07Z
920699,海达尔,40.40926745785052,42.7118068335871,35.57486421312904,54.46754235962122,completed,False,not_required,not_required,False,2026-09-02T03:27:07Z
920701,豪声电子,22.616542219109675,25.922197140474204,32.03008266730248,42.29750446101824,completed,False,not_required,not_required,False,2026-09-02T03:27:07Z
920703,广厦环能,53.363620409588115,48.77483379778848,50.85217180682717,70.80529087830584,completed,False,not_required,not_required,False,2026-09-02T03:27:07Z
920706,铁拓机械,22.557742331965905,30.911538885815965,27.466383514478682,60.319332628832555,completed,False,not_required,not_required,False,2026-09-02T03:27:07Z
920717,瑞星股份,0.0,21.081090420328664,9.780030790808619,39.95036921283105,completed,False,not_required,not_required,False,2026-09-02T03:27:07Z
920718,合肥高科,3.077609555785763,21.438421719439475,16.313375098991635,27.606969919772602,completed,False,not_required,not_required,False,2026-09-02T03:27:07Z
920719,宁新新材,17.000016266288206,30.715156737942362,12.849072294095057,46.68690942430316,completed,False,not_required,not_required,False,2026-09-02T03:27:07Z
920720,吉冈精密,44.950920806684415,42.71921533189118,37.14034243968911,71.23268367040953,completed,False,not_required,not_required,False,2026-09-02T03:27:07Z
920725,惠丰钻石,65.51486010662632,58.349931536662176,69.46533765807754,71.10736233187362,completed,False,not_required,not_required,False,2026-09-02T03:27:07Z
920726,朱老六,62.054628007389326,46.68468390295372,58.630064020156496,70.78463825637763,completed,False,not_required,not_required,False,2026-09-02T03:27:07Z
920729,永顺生物,21.42717993212556,33.90552431274409,27.0317532365804,65.57695690646975,completed,False,not_required,not_required,False,2026-09-02T03:27:07Z
920735,德源药业,59.14267289248434,50.88806979471122,54.76023976116308,49.298409710372546,completed,False,not_required,not_required,False,2026-09-02T03:27:07Z
920748,路桥信息,37.93191454318189,42.42506623747286,34.35784078469276,26.040016725240122,completed,False,not_required,not_required,False,2026-09-02T03:27:07Z
920751,惠同新材,44.567373079389135,34.3162610133626,39.61554566382387,70.81336069024083,completed,False,not_required,not_required,False,2026-09-02T03:27:07Z
920753,天纺标,39.51985770711735,34.279315336808224,40.51885422110128,58.06332622366904,completed,False,not_required,not_required,False,2026-09-02T03:27:07Z
920765,美之高,41.26691492557137,30.38111094908809,37.711786832715234,56.847515112916575,completed,False,not_required,not_required,False,2026-09-02T03:27:07Z
920768,拾比佰,59.72237205779708,45.14177079020783,48.81074481727689,65.76447703037117,completed,False,not_required,not_required,False,2026-09-02T03:27:07Z
920770,艾能聚,47.10815936112455,51.612582335862086,54.876729568932845,68.36184952218336,completed,False,not_required,not_required,False,2026-09-02T03:27:07Z
920779,武汉蓝电,35.11459825375094,34.46268526666711,34.85574133067154,64.79730961641349,completed,False,not_required,not_required,False,2026-09-02T03:27:07Z
920781,瑞奇智造,22.229370213544456,37.243771630625595,25.662006532864073,50.56401092194679,completed,False,not_required,not_required,False,2026-09-02T03:27:07Z
920786,骑士乳业,71.79021622498706,58.94919795434912,64.069611368386,54.256763685294786,completed,False,not_required,not_required,False,2026-09-02T03:27:07Z
920790,联迪信息,12.88475068730925,20.146075707093267,8.612772708971386,34.14472783073374,completed,False,not_required,not_required,False,2026-09-02T03:27:07Z
920792,东和新材,49.17408107769856,42.22833458014691,40.676274714084485,43.45371397340029,completed,False,not_required,not_required,False,2026-09-02T03:27:07Z
920799,艾融软件,21.302389067087166,24.704191231217155,18.79548996354318,35.231914908145875,completed,False,not_required,not_required,False,2026-09-02T03:27:07Z
920802,保丽洁,47.718096479290935,39.964873936763034,48.035120025765096,50.264900359837924,completed,False,not_required,not_required,False,2026-09-02T03:27:07Z
920806,云星宇,35.64098064189135,40.071994705720115,30.460803319455728,48.288954612647125,completed,False,not_required,not_required,False,2026-09-02T03:27:07Z
920807,奔朗新材,13.02547380412965,21.20668202042995,21.83433619661043,29.80951934243823,completed,False,not_required,not_required,False,2026-09-02T03:27:07Z
920808,曙光数创,17.580332674733825,23.89672293641103,13.118179456888791,56.23420952110851,completed,False,not_required,not_required,False,2026-09-02T03:27:07Z
920809,安达科技,70.88253108137141,58.050147959403205,62.61532181373373,54.78957056033408,completed,False,not_required,not_required,False,2026-09-02T03:27:07Z
920810,春光智能,19.10707530996347,33.01255473619067,9.615597145053432,41.98480325633407,completed,False,not_required,not_required,False,2026-09-02T03:27:07Z
920819,颖泰生物,55.93112162235774,48.95671144509246,59.270709390316966,51.32790652007254,completed,False,not_required,not_required,False,2026-09-02T03:27:07Z
920821,则成电子,45.4528850947065,48.506632694243564,42.149683408427705,44.89851032338241,completed,False,not_required,not_required,False,2026-09-02T03:27:07Z
920826,盖世食品,53.47059073476845,41.71494549994516,37.89127254231743,69.50715371132856,completed,False,not_required,not_required,False,2026-09-02T03:27:07Z
920832,齐鲁华信,11.5153443406376,36.172272648803855,21.45840553231769,42.359586190134145,completed,False,not_required,not_required,False,2026-09-02T03:27:07Z
920833,美心翼申,25.81415266063607,31.281379942705136,29.19348311752228,63.963825746505535,completed,False,not_required,not_required,False,2026-09-02T03:27:07Z
920834,三维装备,55.1098963608016,44.6562943534797,47.17997071950982,50.91691434156825,completed,False,not_required,not_required,False,2026-09-02T03:27:07Z
920837,华原股份,62.95887551213279,50.6081793821079,55.672473323570635,76.24143953499913,completed,False,not_required,not_required,False,2026-09-02T03:27:07Z
920839,万通液压,53.978991646771455,47.698300091589594,45.03146710047975,59.19927809370302,completed,False,not_required,not_required,False,2026-09-02T03:27:07Z
920855,浙江大农,32.98380505904644,32.075631870681626,36.38237578625562,49.36235377329133,completed,False,not_required,not_required,False,2026-09-02T03:27:07Z
920856,浩淼科技,47.39196193016456,53.305265371182685,51.02366379286713,48.94346739486891,completed,False,not_required,not_required,False,2026-09-02T03:27:07Z
920857,泓禧科技,20.927113397004483,37.88371692622598,27.494071014621063,40.174710867460426,completed,False,not_required,not_required,False,2026-09-02T03:27:07Z
920866,绿亨科技,17.378820882203424,26.285017511299245,20.898805802306434,47.098359754727156,completed,False,not_required,not_required,False,2026-09-02T03:27:07Z
920870,恒进感应,46.80802813346759,41.43296018599205,46.883075280219224,59.682529336137385,completed,False,not_required,not_required,False,2026-09-02T03:27:07Z
920871,派特尔,63.39497543745968,55.16953242652823,55.56246916302115,73.53641468710684,completed,False,not_required,not_required,False,2026-09-02T03:27:07Z
920873,中设咨询,27.421514686518677,37.51782078893277,46.38417947458716,67.2119673279445,completed,False,not_required,not_required,False,2026-09-02T03:27:07Z
920876,慧为智能,49.52103389997794,50.68830570556057,53.10493414506058,41.70266729248394,completed,False,not_required,not_required,False,2026-09-02T03:27:07Z
920879,基康技术,41.72242654892081,40.24239167447111,42.4061365527965,59.087685895804626,completed,False,not_required,not_required,False,2026-09-02T03:27:07Z
920885,星辰科技,38.612423295570565,38.537910190406734,31.969771920936722,54.95312176214533,completed,False,not_required,not_required,False,2026-09-02T03:27:07Z
920892,广咨国际,49.18264207883949,36.946703837205455,38.67100929811215,51.63684647507685,completed,False,not_required,not_required,False,2026-09-02T03:27:07Z
920895,花溪科技,51.08393811006062,49.375546648345576,51.028430258945505,48.94481171084683,completed,False,not_required,not_required,False,2026-09-02T03:27:07Z
920896,旺成科技,55.643199544506196,47.28933902268124,47.210379904477136,50.5672795382595,completed,False,not_required,not_required,False,2026-09-02T03:27:07Z
920906,舜宇精工,1.7502351040608453,17.401037324716093,9.505436119439716,25.11934325171834,completed,False,not_required,not_required,False,2026-09-02T03:27:07Z
920914,远航精密,40.08300318159566,37.362266155674284,39.40808775057626,59.85798264040246,completed,False,not_required,not_required,False,2026-09-02T03:27:07Z
920924,广脉科技,35.694535659932534,40.09088245862377,35.24500782569848,58.50253110253546,completed,False,not_required,not_required,False,2026-09-02T03:27:07Z
920925,锦好医疗,27.822563775661465,39.11612366036088,31.694141733751536,55.762009180094104,completed,False,not_required,not_required,False,2026-09-02T03:27:07Z
920926,鸿智科技,40.838912129310565,40.688552007797206,36.4348887497776,48.95270043141464,completed,False,not_required,not_required,False,2026-09-02T03:27:07Z
920931,无锡鼎邦,23.439318222081354,35.649072511986,15.525464219209844,43.78867118499985,completed,False,not_required,not_required,False,2026-09-02T03:27:07Z
920932,科达自控,0.0,14.470970256536658,3.206981074752619,24.696540839782962,completed,False,not_required,not_required,False,2026-09-02T03:27:07Z
920942,恒立钻具,45.66949716458554,45.006088042228804,40.1086020434921,56.93423679756795,completed,False,not_required,not_required,False,2026-09-02T03:27:07Z
920943,优机股份,41.44264825775583,47.15624710493389,37.46451181138044,55.29538270786813,completed,False,not_required,not_required,False,2026-09-02T03:27:07Z
920946,森萱医药,58.20103513303447,41.36458192853676,52.215112070039716,58.894610029073604,completed,False,not_required,not_required,False,2026-09-02T03:27:07Z
920950,迅安科技,48.16325575688733,43.43525586788298,38.4497653358727,54.538403020453686,completed,False,not_required,not_required,False,2026-09-02T03:27:07Z
920953,国子软件,36.12401168764266,38.644437655019566,42.531289111340534,42.58923232070688,completed,False,not_required,not_required,False,2026-09-02T03:27:07Z
920957,汉维科技,50.24265512257104,38.669949120944935,56.95437984724691,45.69660863456662,completed,False,not_required,not_required,False,2026-09-02T03:27:07Z
920961,创远信科,5.734633121646983,24.49561200286083,8.633348498540037,59.34074921426474,completed,False,not_required,not_required,False,2026-09-02T03:27:07Z
920964,润农节水,10.981584465595795,35.81378967365035,12.047426789858926,57.229170100673066,completed,False,not_required,not_required,False,2026-09-02T03:27:07Z
920970,大禹生物,28.366672693848024,39.72073034303106,26.579286426516653,45.60363031555982,completed,False,not_required,not_required,False,2026-09-02T03:27:07Z
920971,天马新材,41.31253110241817,39.87847382774967,46.68897492894513,61.204467767265925,completed,False,not_required,not_required,False,2026-09-02T03:27:07Z
920974,凯大催化,39.82725256274983,33.22355697692042,46.005870565482525,63.559973430597935,completed,False,not_required,not_required,False,2026-09-02T03:27:07Z
920976,视声智能,64.68745534433091,53.259766725376956,49.81744838575423,54.793920154821556,completed,False,not_required,not_required,False,2026-09-02T03:27:07Z
920978,开特股份,48.102973914749974,44.50529559859449,40.42737285514709,62.8693257638315,completed,False,not_required,not_required,False,2026-09-02T03:27:07Z
920981,晶赛科技,58.89571454666763,44.684769639472286,43.638834871401905,49.035679362665945,completed,False,not_required,not_required,False,2026-09-02T03:27:07Z
920982,锦波生物,37.42335217168352,39.13440053208019,36.82699283309936,72.73130794517122,completed,False,not_required,not_required,False,2026-09-02T03:27:07Z
920985,海泰新能,27.401958867758424,41.6071833220406,44.39691579556693,45.63919560466291,completed,False,not_required,not_required,False,2026-09-02T03:27:07Z
920992,中科美菱,34.40778990383076,34.46706851551145,36.4442115721157,44.92587357299215,completed,False,not_required,not_required,False,2026-09-02T03:27:07Z
