signal_id,date,value,provider,source_url,fetched_at
aluminum,2026-01-26,3137.0,Yahoo public chart endpoint,https://finance.yahoo.com/quote/ALI=F,2026-09-03T13:09:38.096770+08:00
aluminum,2026-01-27,3111.5,Yahoo public chart endpoint,https://finance.yahoo.com/quote/ALI=F,2026-09-03T13:09:38.096770+08:00
aluminum,2026-01-28,3165.75,Yahoo public chart endpoint,https://finance.yahoo.com/quote/ALI=F,2026-09-03T13:09:38.096770+08:00
aluminum,2026-01-29,3138.5,Yahoo public chart endpoint,https://finance.yahoo.com/quote/ALI=F,2026-09-03T13:09:38.096770+08:00
aluminum,2026-01-30,3034.5,Yahoo public chart endpoint,https://finance.yahoo.com/quote/ALI=F,2026-09-03T13:09:38.096770+08:00
aluminum,2026-02-02,2926.75,Yahoo public chart endpoint,https://finance.yahoo.com/quote/ALI=F,2026-09-03T13:09:38.096770+08:00
aluminum,2026-02-03,3015.0,Yahoo public chart endpoint,https://finance.yahoo.com/quote/ALI=F,2026-09-03T13:09:38.096770+08:00
aluminum,2026-02-04,2973.25,Yahoo public chart endpoint,https://finance.yahoo.com/quote/ALI=F,2026-09-03T13:09:38.096770+08:00
aluminum,2026-02-05,2925.25,Yahoo public chart endpoint,https://finance.yahoo.com/quote/ALI=F,2026-09-03T13:09:38.096770+08:00
aluminum,2026-02-06,3004.0,Yahoo public chart endpoint,https://finance.yahoo.com/quote/ALI=F,2026-09-03T13:09:38.096770+08:00
aluminum,2026-02-09,3028.75,Yahoo public chart endpoint,https://finance.yahoo.com/quote/ALI=F,2026-09-03T13:09:38.096770+08:00
aluminum,2026-02-10,3001.0,Yahoo public chart endpoint,https://finance.yahoo.com/quote/ALI=F,2026-09-03T13:09:38.096770+08:00
aluminum,2026-02-11,3023.0,Yahoo public chart endpoint,https://finance.yahoo.com/quote/ALI=F,2026-09-03T13:09:38.096770+08:00
aluminum,2026-02-12,3026.75,Yahoo public chart endpoint,https://finance.yahoo.com/quote/ALI=F,2026-09-03T13:09:38.096770+08:00
aluminum,2026-02-13,3015.75,Yahoo public chart endpoint,https://finance.yahoo.com/quote/ALI=F,2026-09-03T13:09:38.096770+08:00
aluminum,2026-02-17,2971.5,Yahoo public chart endpoint,https://finance.yahoo.com/quote/ALI=F,2026-09-03T13:09:38.096770+08:00
aluminum,2026-02-18,3017.0,Yahoo public chart endpoint,https://finance.yahoo.com/quote/ALI=F,2026-09-03T13:09:38.096770+08:00
aluminum,2026-02-19,2992.5,Yahoo public chart endpoint,https://finance.yahoo.com/quote/ALI=F,2026-09-03T13:09:38.096770+08:00
aluminum,2026-02-20,3021.75,Yahoo public chart endpoint,https://finance.yahoo.com/quote/ALI=F,2026-09-03T13:09:38.096770+08:00
aluminum,2026-02-23,3014.75,Yahoo public chart endpoint,https://finance.yahoo.com/quote/ALI=F,2026-09-03T13:09:38.096770+08:00
aluminum,2026-02-24,3020.75,Yahoo public chart endpoint,https://finance.yahoo.com/quote/ALI=F,2026-09-03T13:09:38.096770+08:00
aluminum,2026-02-25,3081.75,Yahoo public chart endpoint,https://finance.yahoo.com/quote/ALI=F,2026-09-03T13:09:38.096770+08:00
aluminum,2026-02-26,3071.75,Yahoo public chart endpoint,https://finance.yahoo.com/quote/ALI=F,2026-09-03T13:09:38.096770+08:00
aluminum,2026-02-27,3044.25,Yahoo public chart endpoint,https://finance.yahoo.com/quote/ALI=F,2026-09-03T13:09:38.096770+08:00
aluminum,2026-03-02,3109.25,Yahoo public chart endpoint,https://finance.yahoo.com/quote/ALI=F,2026-09-03T13:09:38.096770+08:00
aluminum,2026-03-03,3165.75,Yahoo public chart endpoint,https://finance.yahoo.com/quote/ALI=F,2026-09-03T13:09:38.096770+08:00
aluminum,2026-03-04,3279.75,Yahoo public chart endpoint,https://finance.yahoo.com/quote/ALI=F,2026-09-03T13:09:38.096770+08:00
aluminum,2026-03-05,3215.75,Yahoo public chart endpoint,https://finance.yahoo.com/quote/ALI=F,2026-09-03T13:09:38.096770+08:00
aluminum,2026-03-06,3327.5,Yahoo public chart endpoint,https://finance.yahoo.com/quote/ALI=F,2026-09-03T13:09:38.096770+08:00
aluminum,2026-03-09,3292.0,Yahoo public chart endpoint,https://finance.yahoo.com/quote/ALI=F,2026-09-03T13:09:38.096770+08:00
aluminum,2026-03-10,3322.0,Yahoo public chart endpoint,https://finance.yahoo.com/quote/ALI=F,2026-09-03T13:09:38.096770+08:00
aluminum,2026-03-11,3369.5,Yahoo public chart endpoint,https://finance.yahoo.com/quote/ALI=F,2026-09-03T13:09:38.096770+08:00
aluminum,2026-03-12,3464.0,Yahoo public chart endpoint,https://finance.yahoo.com/quote/ALI=F,2026-09-03T13:09:38.096770+08:00
aluminum,2026-03-13,3383.25,Yahoo public chart endpoint,https://finance.yahoo.com/quote/ALI=F,2026-09-03T13:09:38.096770+08:00
aluminum,2026-03-16,3289.5,Yahoo public chart endpoint,https://finance.yahoo.com/quote/ALI=F,2026-09-03T13:09:38.096770+08:00
aluminum,2026-03-17,3291.5,Yahoo public chart endpoint,https://finance.yahoo.com/quote/ALI=F,2026-09-03T13:09:38.096770+08:00
aluminum,2026-03-18,3282.25,Yahoo public chart endpoint,https://finance.yahoo.com/quote/ALI=F,2026-09-03T13:09:38.096770+08:00
aluminum,2026-03-19,3119.75,Yahoo public chart endpoint,https://finance.yahoo.com/quote/ALI=F,2026-09-03T13:09:38.096770+08:00
aluminum,2026-03-20,3102.0,Yahoo public chart endpoint,https://finance.yahoo.com/quote/ALI=F,2026-09-03T13:09:38.096770+08:00
aluminum,2026-03-23,3076.0,Yahoo public chart endpoint,https://finance.yahoo.com/quote/ALI=F,2026-09-03T13:09:38.096770+08:00
aluminum,2026-03-24,3138.0,Yahoo public chart endpoint,https://finance.yahoo.com/quote/ALI=F,2026-09-03T13:09:38.096770+08:00
aluminum,2026-03-25,3135.0,Yahoo public chart endpoint,https://finance.yahoo.com/quote/ALI=F,2026-09-03T13:09:38.096770+08:00
aluminum,2026-03-26,3161.5,Yahoo public chart endpoint,https://finance.yahoo.com/quote/ALI=F,2026-09-03T13:09:38.096770+08:00
aluminum,2026-03-27,3187.5,Yahoo public chart endpoint,https://finance.yahoo.com/quote/ALI=F,2026-09-03T13:09:38.096770+08:00
aluminum,2026-03-30,3336.25,Yahoo public chart endpoint,https://finance.yahoo.com/quote/ALI=F,2026-09-03T13:09:38.096770+08:00
aluminum,2026-03-31,3405.5,Yahoo public chart endpoint,https://finance.yahoo.com/quote/ALI=F,2026-09-03T13:09:38.096770+08:00
aluminum,2026-04-01,3452.25,Yahoo public chart endpoint,https://finance.yahoo.com/quote/ALI=F,2026-09-03T13:09:38.096770+08:00
aluminum,2026-04-02,3411.0,Yahoo public chart endpoint,https://finance.yahoo.com/quote/ALI=F,2026-09-03T13:09:38.096770+08:00
aluminum,2026-04-06,3422.0,Yahoo public chart endpoint,https://finance.yahoo.com/quote/ALI=F,2026-09-03T13:09:38.096770+08:00
aluminum,2026-04-07,3396.75,Yahoo public chart endpoint,https://finance.yahoo.com/quote/ALI=F,2026-09-03T13:09:38.096770+08:00
aluminum,2026-04-08,3374.25,Yahoo public chart endpoint,https://finance.yahoo.com/quote/ALI=F,2026-09-03T13:09:38.096770+08:00
aluminum,2026-04-09,3373.75,Yahoo public chart endpoint,https://finance.yahoo.com/quote/ALI=F,2026-09-03T13:09:38.096770+08:00
aluminum,2026-04-10,3429.75,Yahoo public chart endpoint,https://finance.yahoo.com/quote/ALI=F,2026-09-03T13:09:38.096770+08:00
aluminum,2026-04-13,3582.0,Yahoo public chart endpoint,https://finance.yahoo.com/quote/ALI=F,2026-09-03T13:09:38.096770+08:00
aluminum,2026-04-14,3572.75,Yahoo public chart endpoint,https://finance.yahoo.com/quote/ALI=F,2026-09-03T13:09:38.096770+08:00
aluminum,2026-04-15,3613.75,Yahoo public chart endpoint,https://finance.yahoo.com/quote/ALI=F,2026-09-03T13:09:38.096770+08:00
aluminum,2026-04-16,3647.75,Yahoo public chart endpoint,https://finance.yahoo.com/quote/ALI=F,2026-09-03T13:09:38.096770+08:00
aluminum,2026-04-17,3596.75,Yahoo public chart endpoint,https://finance.yahoo.com/quote/ALI=F,2026-09-03T13:09:38.096770+08:00
aluminum,2026-04-20,3546.0,Yahoo public chart endpoint,https://finance.yahoo.com/quote/ALI=F,2026-09-03T13:09:38.096770+08:00
aluminum,2026-04-21,3555.25,Yahoo public chart endpoint,https://finance.yahoo.com/quote/ALI=F,2026-09-03T13:09:38.096770+08:00
aluminum,2026-04-22,3599.0,Yahoo public chart endpoint,https://finance.yahoo.com/quote/ALI=F,2026-09-03T13:09:38.096770+08:00
aluminum,2026-04-23,3616.75,Yahoo public chart endpoint,https://finance.yahoo.com/quote/ALI=F,2026-09-03T13:09:38.096770+08:00
aluminum,2026-04-24,3607.75,Yahoo public chart endpoint,https://finance.yahoo.com/quote/ALI=F,2026-09-03T13:09:38.096770+08:00
aluminum,2026-04-27,3579.75,Yahoo public chart endpoint,https://finance.yahoo.com/quote/ALI=F,2026-09-03T13:09:38.096770+08:00
aluminum,2026-04-28,3557.5,Yahoo public chart endpoint,https://finance.yahoo.com/quote/ALI=F,2026-09-03T13:09:38.096770+08:00
aluminum,2026-04-29,3466.75,Yahoo public chart endpoint,https://finance.yahoo.com/quote/ALI=F,2026-09-03T13:09:38.096770+08:00
aluminum,2026-04-30,3450.5,Yahoo public chart endpoint,https://finance.yahoo.com/quote/ALI=F,2026-09-03T13:09:38.096770+08:00
aluminum,2026-05-01,3496.25,Yahoo public chart endpoint,https://finance.yahoo.com/quote/ALI=F,2026-09-03T13:09:38.096770+08:00
aluminum,2026-05-04,3489.5,Yahoo public chart endpoint,https://finance.yahoo.com/quote/ALI=F,2026-09-03T13:09:38.096770+08:00
aluminum,2026-05-05,3565.25,Yahoo public chart endpoint,https://finance.yahoo.com/quote/ALI=F,2026-09-03T13:09:38.096770+08:00
aluminum,2026-05-06,3498.0,Yahoo public chart endpoint,https://finance.yahoo.com/quote/ALI=F,2026-09-03T13:09:38.096770+08:00
aluminum,2026-05-07,3480.0,Yahoo public chart endpoint,https://finance.yahoo.com/quote/ALI=F,2026-09-03T13:09:38.096770+08:00
aluminum,2026-05-08,3507.0,Yahoo public chart endpoint,https://finance.yahoo.com/quote/ALI=F,2026-09-03T13:09:38.096770+08:00
aluminum,2026-05-11,3592.5,Yahoo public chart endpoint,https://finance.yahoo.com/quote/ALI=F,2026-09-03T13:09:38.096770+08:00
aluminum,2026-05-12,3652.5,Yahoo public chart endpoint,https://finance.yahoo.com/quote/ALI=F,2026-09-03T13:09:38.096770+08:00
aluminum,2026-05-13,3837.75,Yahoo public chart endpoint,https://finance.yahoo.com/quote/ALI=F,2026-09-03T13:09:38.096770+08:00
aluminum,2026-05-14,3892.0,Yahoo public chart endpoint,https://finance.yahoo.com/quote/ALI=F,2026-09-03T13:09:38.096770+08:00
aluminum,2026-05-15,3791.5,Yahoo public chart endpoint,https://finance.yahoo.com/quote/ALI=F,2026-09-03T13:09:38.096770+08:00
aluminum,2026-05-18,3850.0,Yahoo public chart endpoint,https://finance.yahoo.com/quote/ALI=F,2026-09-03T13:09:38.096770+08:00
aluminum,2026-05-19,3874.0,Yahoo public chart endpoint,https://finance.yahoo.com/quote/ALI=F,2026-09-03T13:09:38.096770+08:00
aluminum,2026-05-20,3910.75,Yahoo public chart endpoint,https://finance.yahoo.com/quote/ALI=F,2026-09-03T13:09:38.096770+08:00
aluminum,2026-05-21,3941.0,Yahoo public chart endpoint,https://finance.yahoo.com/quote/ALI=F,2026-09-03T13:09:38.096770+08:00
aluminum,2026-05-22,3963.5,Yahoo public chart endpoint,https://finance.yahoo.com/quote/ALI=F,2026-09-03T13:09:38.096770+08:00
aluminum,2026-05-26,4046.0,Yahoo public chart endpoint,https://finance.yahoo.com/quote/ALI=F,2026-09-03T13:09:38.096770+08:00
aluminum,2026-05-27,4195.0,Yahoo public chart endpoint,https://finance.yahoo.com/quote/ALI=F,2026-09-03T13:09:38.096770+08:00
aluminum,2026-05-28,3911.25,Yahoo public chart endpoint,https://finance.yahoo.com/quote/ALI=F,2026-09-03T13:09:38.096770+08:00
aluminum,2026-05-29,3917.75,Yahoo public chart endpoint,https://finance.yahoo.com/quote/ALI=F,2026-09-03T13:09:38.096770+08:00
aluminum,2026-06-01,3980.75,Yahoo public chart endpoint,https://finance.yahoo.com/quote/ALI=F,2026-09-03T13:09:38.096770+08:00
aluminum,2026-06-02,4054.25,Yahoo public chart endpoint,https://finance.yahoo.com/quote/ALI=F,2026-09-03T13:09:38.096770+08:00
aluminum,2026-06-03,4026.25,Yahoo public chart endpoint,https://finance.yahoo.com/quote/ALI=F,2026-09-03T13:09:38.096770+08:00
aluminum,2026-06-04,3996.75,Yahoo public chart endpoint,https://finance.yahoo.com/quote/ALI=F,2026-09-03T13:09:38.096770+08:00
aluminum,2026-06-05,3950.25,Yahoo public chart endpoint,https://finance.yahoo.com/quote/ALI=F,2026-09-03T13:09:38.096770+08:00
aluminum,2026-06-08,3953.5,Yahoo public chart endpoint,https://finance.yahoo.com/quote/ALI=F,2026-09-03T13:09:38.096770+08:00
aluminum,2026-06-09,3881.5,Yahoo public chart endpoint,https://finance.yahoo.com/quote/ALI=F,2026-09-03T13:09:38.096770+08:00
aluminum,2026-06-10,3779.75,Yahoo public chart endpoint,https://finance.yahoo.com/quote/ALI=F,2026-09-03T13:09:38.096770+08:00
aluminum,2026-06-11,3794.5,Yahoo public chart endpoint,https://finance.yahoo.com/quote/ALI=F,2026-09-03T13:09:38.096770+08:00
aluminum,2026-06-12,3858.75,Yahoo public chart endpoint,https://finance.yahoo.com/quote/ALI=F,2026-09-03T13:09:38.096770+08:00
aluminum,2026-06-15,3696.0,Yahoo public chart endpoint,https://finance.yahoo.com/quote/ALI=F,2026-09-03T13:09:38.096770+08:00
aluminum,2026-06-16,3691.0,Yahoo public chart endpoint,https://finance.yahoo.com/quote/ALI=F,2026-09-03T13:09:38.096770+08:00
aluminum,2026-06-17,3719.0,Yahoo public chart endpoint,https://finance.yahoo.com/quote/ALI=F,2026-09-03T13:09:38.096770+08:00
aluminum,2026-06-18,3693.75,Yahoo public chart endpoint,https://finance.yahoo.com/quote/ALI=F,2026-09-03T13:09:38.096770+08:00
aluminum,2026-06-22,3860.75,Yahoo public chart endpoint,https://finance.yahoo.com/quote/ALI=F,2026-09-03T13:09:38.096770+08:00
aluminum,2026-06-23,3738.75,Yahoo public chart endpoint,https://finance.yahoo.com/quote/ALI=F,2026-09-03T13:09:38.096770+08:00
aluminum,2026-06-24,3585.75,Yahoo public chart endpoint,https://finance.yahoo.com/quote/ALI=F,2026-09-03T13:09:38.096770+08:00
aluminum,2026-06-25,3649.75,Yahoo public chart endpoint,https://finance.yahoo.com/quote/ALI=F,2026-09-03T13:09:38.096770+08:00
aluminum,2026-06-26,3697.5,Yahoo public chart endpoint,https://finance.yahoo.com/quote/ALI=F,2026-09-03T13:09:38.096770+08:00
aluminum,2026-06-29,3393.0,Yahoo public chart endpoint,https://finance.yahoo.com/quote/ALI=F,2026-09-03T13:09:38.096770+08:00
aluminum,2026-06-30,3435.25,Yahoo public chart endpoint,https://finance.yahoo.com/quote/ALI=F,2026-09-03T13:09:38.096770+08:00
aluminum,2026-07-01,3384.0,Yahoo public chart endpoint,https://finance.yahoo.com/quote/ALI=F,2026-09-03T13:09:38.096770+08:00
aluminum,2026-07-02,3415.75,Yahoo public chart endpoint,https://finance.yahoo.com/quote/ALI=F,2026-09-03T13:09:38.096770+08:00
aluminum,2026-07-06,3478.25,Yahoo public chart endpoint,https://finance.yahoo.com/quote/ALI=F,2026-09-03T13:09:38.096770+08:00
aluminum,2026-07-07,3503.75,Yahoo public chart endpoint,https://finance.yahoo.com/quote/ALI=F,2026-09-03T13:09:38.096770+08:00
aluminum,2026-07-08,3435.25,Yahoo public chart endpoint,https://finance.yahoo.com/quote/ALI=F,2026-09-03T13:09:38.096770+08:00
aluminum,2026-07-09,3489.0,Yahoo public chart endpoint,https://finance.yahoo.com/quote/ALI=F,2026-09-03T13:09:38.096770+08:00
aluminum,2026-07-10,3409.75,Yahoo public chart endpoint,https://finance.yahoo.com/quote/ALI=F,2026-09-03T13:09:38.096770+08:00
aluminum,2026-07-13,3428.0,Yahoo public chart endpoint,https://finance.yahoo.com/quote/ALI=F,2026-09-03T13:09:38.096770+08:00
aluminum,2026-07-14,3448.0,Yahoo public chart endpoint,https://finance.yahoo.com/quote/ALI=F,2026-09-03T13:09:38.096770+08:00
aluminum,2026-07-15,3455.5,Yahoo public chart endpoint,https://finance.yahoo.com/quote/ALI=F,2026-09-03T13:09:38.096770+08:00
aluminum,2026-07-16,3485.5,Yahoo public chart endpoint,https://finance.yahoo.com/quote/ALI=F,2026-09-03T13:09:38.096770+08:00
aluminum,2026-07-17,3529.0,Yahoo public chart endpoint,https://finance.yahoo.com/quote/ALI=F,2026-09-03T13:09:38.096770+08:00
aluminum,2026-07-20,3532.75,Yahoo public chart endpoint,https://finance.yahoo.com/quote/ALI=F,2026-09-03T13:09:38.096770+08:00
aluminum,2026-07-21,3579.25,Yahoo public chart endpoint,https://finance.yahoo.com/quote/ALI=F,2026-09-03T13:09:38.096770+08:00
aluminum,2026-07-22,3559.5,Yahoo public chart endpoint,https://finance.yahoo.com/quote/ALI=F,2026-09-03T13:09:38.096770+08:00
aluminum,2026-07-23,3564.5,Yahoo public chart endpoint,https://finance.yahoo.com/quote/ALI=F,2026-09-03T13:09:38.096770+08:00
aluminum,2026-07-24,3528.0,Yahoo public chart endpoint,https://finance.yahoo.com/quote/ALI=F,2026-09-03T13:09:38.096770+08:00
aluminum,2026-07-27,3542.0,Yahoo public chart endpoint,https://finance.yahoo.com/quote/ALI=F,2026-09-03T13:09:38.096770+08:00
aluminum,2026-07-28,3491.0,Yahoo public chart endpoint,https://finance.yahoo.com/quote/ALI=F,2026-09-03T13:09:38.096770+08:00
aluminum,2026-07-29,3455.0,Yahoo public chart endpoint,https://finance.yahoo.com/quote/ALI=F,2026-09-03T13:09:38.096770+08:00
aluminum,2026-07-30,3365.75,Yahoo public chart endpoint,https://finance.yahoo.com/quote/ALI=F,2026-09-03T13:09:38.096770+08:00
aluminum,2026-07-31,3334.75,Yahoo public chart endpoint,https://finance.yahoo.com/quote/ALI=F,2026-09-03T13:09:38.096770+08:00
aluminum,2026-08-03,3405.25,Yahoo public chart endpoint,https://finance.yahoo.com/quote/ALI=F,2026-09-03T13:09:38.096770+08:00
aluminum,2026-08-04,3382.75,Yahoo public chart endpoint,https://finance.yahoo.com/quote/ALI=F,2026-09-03T13:09:38.096770+08:00
aluminum,2026-08-05,3366.0,Yahoo public chart endpoint,https://finance.yahoo.com/quote/ALI=F,2026-09-03T13:09:38.096770+08:00
aluminum,2026-08-06,3365.0,Yahoo public chart endpoint,https://finance.yahoo.com/quote/ALI=F,2026-09-03T13:09:38.096770+08:00
aluminum,2026-08-07,3359.0,Yahoo public chart endpoint,https://finance.yahoo.com/quote/ALI=F,2026-09-03T13:09:38.096770+08:00
aluminum,2026-08-10,3420.5,Yahoo public chart endpoint,https://finance.yahoo.com/quote/ALI=F,2026-09-03T13:09:38.096770+08:00
aluminum,2026-08-11,3470.0,Yahoo public chart endpoint,https://finance.yahoo.com/quote/ALI=F,2026-09-03T13:09:38.096770+08:00
aluminum,2026-08-12,3423.0,Yahoo public chart endpoint,https://finance.yahoo.com/quote/ALI=F,2026-09-03T13:09:38.096770+08:00
aluminum,2026-08-13,3391.0,Yahoo public chart endpoint,https://finance.yahoo.com/quote/ALI=F,2026-09-03T13:09:38.096770+08:00
aluminum,2026-08-14,3355.5,Yahoo public chart endpoint,https://finance.yahoo.com/quote/ALI=F,2026-09-03T13:09:38.096770+08:00
aluminum,2026-08-17,3427.25,Yahoo public chart endpoint,https://finance.yahoo.com/quote/ALI=F,2026-09-03T13:09:38.096770+08:00
aluminum,2026-08-18,3329.5,Yahoo public chart endpoint,https://finance.yahoo.com/quote/ALI=F,2026-09-03T13:09:38.096770+08:00
aluminum,2026-08-19,3350.5,Yahoo public chart endpoint,https://finance.yahoo.com/quote/ALI=F,2026-09-03T13:09:38.096770+08:00
aluminum,2026-08-20,3324.25,Yahoo public chart endpoint,https://finance.yahoo.com/quote/ALI=F,2026-09-03T13:09:38.096770+08:00
aluminum,2026-08-21,3482.5,Yahoo public chart endpoint,https://finance.yahoo.com/quote/ALI=F,2026-09-03T13:09:38.096770+08:00
aluminum,2026-08-24,3406.0,Yahoo public chart endpoint,https://finance.yahoo.com/quote/ALI=F,2026-09-03T13:09:38.096770+08:00
aluminum,2026-08-25,3419.25,Yahoo public chart endpoint,https://finance.yahoo.com/quote/ALI=F,2026-09-03T13:09:38.096770+08:00
aluminum,2026-08-26,3343.5,Yahoo public chart endpoint,https://finance.yahoo.com/quote/ALI=F,2026-09-03T13:09:38.096770+08:00
aluminum,2026-08-27,3357.5,Yahoo public chart endpoint,https://finance.yahoo.com/quote/ALI=F,2026-09-03T13:09:38.096770+08:00
aluminum,2026-08-28,3378.25,Yahoo public chart endpoint,https://finance.yahoo.com/quote/ALI=F,2026-09-03T13:09:38.096770+08:00
aluminum,2026-08-31,3376.5,Yahoo public chart endpoint,https://finance.yahoo.com/quote/ALI=F,2026-09-03T13:09:38.096770+08:00
aluminum,2026-09-01,3413.5,Yahoo public chart endpoint,https://finance.yahoo.com/quote/ALI=F,2026-09-03T13:09:38.096770+08:00
aluminum,2026-09-02,3419.25,Yahoo public chart endpoint,https://finance.yahoo.com/quote/ALI=F,2026-09-03T13:09:38.096770+08:00
brent,2025-11-14,63.45,FRED,https://fred.stlouisfed.org/series/DCOILBRENTEU,2026-09-03T13:09:38.096770+08:00
brent,2025-11-17,63.16,FRED,https://fred.stlouisfed.org/series/DCOILBRENTEU,2026-09-03T13:09:38.096770+08:00
brent,2025-11-18,64.86,FRED,https://fred.stlouisfed.org/series/DCOILBRENTEU,2026-09-03T13:09:38.096770+08:00
brent,2025-11-19,63.78,FRED,https://fred.stlouisfed.org/series/DCOILBRENTEU,2026-09-03T13:09:38.096770+08:00
brent,2025-11-20,63.64,FRED,https://fred.stlouisfed.org/series/DCOILBRENTEU,2026-09-03T13:09:38.096770+08:00
brent,2025-11-21,62.78,FRED,https://fred.stlouisfed.org/series/DCOILBRENTEU,2026-09-03T13:09:38.096770+08:00
brent,2025-11-24,64.83,FRED,https://fred.stlouisfed.org/series/DCOILBRENTEU,2026-09-03T13:09:38.096770+08:00
brent,2025-11-25,63.99,FRED,https://fred.stlouisfed.org/series/DCOILBRENTEU,2026-09-03T13:09:38.096770+08:00
brent,2025-11-26,64.81,FRED,https://fred.stlouisfed.org/series/DCOILBRENTEU,2026-09-03T13:09:38.096770+08:00
brent,2025-11-27,64.18,FRED,https://fred.stlouisfed.org/series/DCOILBRENTEU,2026-09-03T13:09:38.096770+08:00
brent,2025-11-28,64.07,FRED,https://fred.stlouisfed.org/series/DCOILBRENTEU,2026-09-03T13:09:38.096770+08:00
brent,2025-12-01,64.22,FRED,https://fred.stlouisfed.org/series/DCOILBRENTEU,2026-09-03T13:09:38.096770+08:00
brent,2025-12-02,63.37,FRED,https://fred.stlouisfed.org/series/DCOILBRENTEU,2026-09-03T13:09:38.096770+08:00
brent,2025-12-03,63.75,FRED,https://fred.stlouisfed.org/series/DCOILBRENTEU,2026-09-03T13:09:38.096770+08:00
brent,2025-12-04,64.15,FRED,https://fred.stlouisfed.org/series/DCOILBRENTEU,2026-09-03T13:09:38.096770+08:00
brent,2025-12-05,64.42,FRED,https://fred.stlouisfed.org/series/DCOILBRENTEU,2026-09-03T13:09:38.096770+08:00
brent,2025-12-08,63.3,FRED,https://fred.stlouisfed.org/series/DCOILBRENTEU,2026-09-03T13:09:38.096770+08:00
brent,2025-12-09,62.62,FRED,https://fred.stlouisfed.org/series/DCOILBRENTEU,2026-09-03T13:09:38.096770+08:00
brent,2025-12-10,63.12,FRED,https://fred.stlouisfed.org/series/DCOILBRENTEU,2026-09-03T13:09:38.096770+08:00
brent,2025-12-11,61.87,FRED,https://fred.stlouisfed.org/series/DCOILBRENTEU,2026-09-03T13:09:38.096770+08:00
brent,2025-12-12,62.11,FRED,https://fred.stlouisfed.org/series/DCOILBRENTEU,2026-09-03T13:09:38.096770+08:00
brent,2025-12-15,61.55,FRED,https://fred.stlouisfed.org/series/DCOILBRENTEU,2026-09-03T13:09:38.096770+08:00
brent,2025-12-16,59.93,FRED,https://fred.stlouisfed.org/series/DCOILBRENTEU,2026-09-03T13:09:38.096770+08:00
brent,2025-12-17,60.61,FRED,https://fred.stlouisfed.org/series/DCOILBRENTEU,2026-09-03T13:09:38.096770+08:00
brent,2025-12-18,60.69,FRED,https://fred.stlouisfed.org/series/DCOILBRENTEU,2026-09-03T13:09:38.096770+08:00
brent,2025-12-19,61.35,FRED,https://fred.stlouisfed.org/series/DCOILBRENTEU,2026-09-03T13:09:38.096770+08:00
brent,2025-12-22,62.22,FRED,https://fred.stlouisfed.org/series/DCOILBRENTEU,2026-09-03T13:09:38.096770+08:00
brent,2025-12-23,63.7,FRED,https://fred.stlouisfed.org/series/DCOILBRENTEU,2026-09-03T13:09:38.096770+08:00
brent,2025-12-24,63.7,FRED,https://fred.stlouisfed.org/series/DCOILBRENTEU,2026-09-03T13:09:38.096770+08:00
brent,2025-12-29,63.1,FRED,https://fred.stlouisfed.org/series/DCOILBRENTEU,2026-09-03T13:09:38.096770+08:00
brent,2025-12-30,62.3,FRED,https://fred.stlouisfed.org/series/DCOILBRENTEU,2026-09-03T13:09:38.096770+08:00
brent,2025-12-31,61.35,FRED,https://fred.stlouisfed.org/series/DCOILBRENTEU,2026-09-03T13:09:38.096770+08:00
brent,2026-01-02,61.98,FRED,https://fred.stlouisfed.org/series/DCOILBRENTEU,2026-09-03T13:09:38.096770+08:00
brent,2026-01-05,63.0,FRED,https://fred.stlouisfed.org/series/DCOILBRENTEU,2026-09-03T13:09:38.096770+08:00
brent,2026-01-06,62.1,FRED,https://fred.stlouisfed.org/series/DCOILBRENTEU,2026-09-03T13:09:38.096770+08:00
brent,2026-01-07,61.08,FRED,https://fred.stlouisfed.org/series/DCOILBRENTEU,2026-09-03T13:09:38.096770+08:00
brent,2026-01-08,63.34,FRED,https://fred.stlouisfed.org/series/DCOILBRENTEU,2026-09-03T13:09:38.096770+08:00
brent,2026-01-09,65.11,FRED,https://fred.stlouisfed.org/series/DCOILBRENTEU,2026-09-03T13:09:38.096770+08:00
brent,2026-01-12,65.4,FRED,https://fred.stlouisfed.org/series/DCOILBRENTEU,2026-09-03T13:09:38.096770+08:00
brent,2026-01-13,67.58,FRED,https://fred.stlouisfed.org/series/DCOILBRENTEU,2026-09-03T13:09:38.096770+08:00
brent,2026-01-14,68.87,FRED,https://fred.stlouisfed.org/series/DCOILBRENTEU,2026-09-03T13:09:38.096770+08:00
brent,2026-01-15,66.16,FRED,https://fred.stlouisfed.org/series/DCOILBRENTEU,2026-09-03T13:09:38.096770+08:00
brent,2026-01-16,66.97,FRED,https://fred.stlouisfed.org/series/DCOILBRENTEU,2026-09-03T13:09:38.096770+08:00
brent,2026-01-19,66.91,FRED,https://fred.stlouisfed.org/series/DCOILBRENTEU,2026-09-03T13:09:38.096770+08:00
brent,2026-01-20,67.68,FRED,https://fred.stlouisfed.org/series/DCOILBRENTEU,2026-09-03T13:09:38.096770+08:00
brent,2026-01-21,66.72,FRED,https://fred.stlouisfed.org/series/DCOILBRENTEU,2026-09-03T13:09:38.096770+08:00
brent,2026-01-22,65.46,FRED,https://fred.stlouisfed.org/series/DCOILBRENTEU,2026-09-03T13:09:38.096770+08:00
brent,2026-01-23,68.16,FRED,https://fred.stlouisfed.org/series/DCOILBRENTEU,2026-09-03T13:09:38.096770+08:00
brent,2026-01-26,67.7,FRED,https://fred.stlouisfed.org/series/DCOILBRENTEU,2026-09-03T13:09:38.096770+08:00
brent,2026-01-27,70.28,FRED,https://fred.stlouisfed.org/series/DCOILBRENTEU,2026-09-03T13:09:38.096770+08:00
brent,2026-01-28,70.9,FRED,https://fred.stlouisfed.org/series/DCOILBRENTEU,2026-09-03T13:09:38.096770+08:00
brent,2026-01-29,71.0,FRED,https://fred.stlouisfed.org/series/DCOILBRENTEU,2026-09-03T13:09:38.096770+08:00
brent,2026-01-30,72.25,FRED,https://fred.stlouisfed.org/series/DCOILBRENTEU,2026-09-03T13:09:38.096770+08:00
brent,2026-02-02,67.72,FRED,https://fred.stlouisfed.org/series/DCOILBRENTEU,2026-09-03T13:09:38.096770+08:00
brent,2026-02-03,70.01,FRED,https://fred.stlouisfed.org/series/DCOILBRENTEU,2026-09-03T13:09:38.096770+08:00
brent,2026-02-04,71.15,FRED,https://fred.stlouisfed.org/series/DCOILBRENTEU,2026-09-03T13:09:38.096770+08:00
brent,2026-02-05,69.87,FRED,https://fred.stlouisfed.org/series/DCOILBRENTEU,2026-09-03T13:09:38.096770+08:00
brent,2026-02-06,70.45,FRED,https://fred.stlouisfed.org/series/DCOILBRENTEU,2026-09-03T13:09:38.096770+08:00
brent,2026-02-09,71.19,FRED,https://fred.stlouisfed.org/series/DCOILBRENTEU,2026-09-03T13:09:38.096770+08:00
brent,2026-02-10,71.01,FRED,https://fred.stlouisfed.org/series/DCOILBRENTEU,2026-09-03T13:09:38.096770+08:00
brent,2026-02-11,71.52,FRED,https://fred.stlouisfed.org/series/DCOILBRENTEU,2026-09-03T13:09:38.096770+08:00
brent,2026-02-12,69.8,FRED,https://fred.stlouisfed.org/series/DCOILBRENTEU,2026-09-03T13:09:38.096770+08:00
brent,2026-02-13,69.96,FRED,https://fred.stlouisfed.org/series/DCOILBRENTEU,2026-09-03T13:09:38.096770+08:00
brent,2026-02-16,70.81,FRED,https://fred.stlouisfed.org/series/DCOILBRENTEU,2026-09-03T13:09:38.096770+08:00
brent,2026-02-17,69.77,FRED,https://fred.stlouisfed.org/series/DCOILBRENTEU,2026-09-03T13:09:38.096770+08:00
brent,2026-02-18,71.78,FRED,https://fred.stlouisfed.org/series/DCOILBRENTEU,2026-09-03T13:09:38.096770+08:00
brent,2026-02-19,73.17,FRED,https://fred.stlouisfed.org/series/DCOILBRENTEU,2026-09-03T13:09:38.096770+08:00
brent,2026-02-20,72.75,FRED,https://fred.stlouisfed.org/series/DCOILBRENTEU,2026-09-03T13:09:38.096770+08:00
brent,2026-02-23,71.9,FRED,https://fred.stlouisfed.org/series/DCOILBRENTEU,2026-09-03T13:09:38.096770+08:00
brent,2026-02-24,71.21,FRED,https://fred.stlouisfed.org/series/DCOILBRENTEU,2026-09-03T13:09:38.096770+08:00
brent,2026-02-25,70.69,FRED,https://fred.stlouisfed.org/series/DCOILBRENTEU,2026-09-03T13:09:38.096770+08:00
brent,2026-02-26,71.66,FRED,https://fred.stlouisfed.org/series/DCOILBRENTEU,2026-09-03T13:09:38.096770+08:00
brent,2026-02-27,71.32,FRED,https://fred.stlouisfed.org/series/DCOILBRENTEU,2026-09-03T13:09:38.096770+08:00
brent,2026-03-02,77.24,FRED,https://fred.stlouisfed.org/series/DCOILBRENTEU,2026-09-03T13:09:38.096770+08:00
brent,2026-03-03,83.28,FRED,https://fred.stlouisfed.org/series/DCOILBRENTEU,2026-09-03T13:09:38.096770+08:00
brent,2026-03-04,81.56,FRED,https://fred.stlouisfed.org/series/DCOILBRENTEU,2026-09-03T13:09:38.096770+08:00
brent,2026-03-05,88.59,FRED,https://fred.stlouisfed.org/series/DCOILBRENTEU,2026-09-03T13:09:38.096770+08:00
brent,2026-03-06,95.74,FRED,https://fred.stlouisfed.org/series/DCOILBRENTEU,2026-09-03T13:09:38.096770+08:00
brent,2026-03-09,94.35,FRED,https://fred.stlouisfed.org/series/DCOILBRENTEU,2026-09-03T13:09:38.096770+08:00
brent,2026-03-10,89.84,FRED,https://fred.stlouisfed.org/series/DCOILBRENTEU,2026-09-03T13:09:38.096770+08:00
brent,2026-03-11,90.98,FRED,https://fred.stlouisfed.org/series/DCOILBRENTEU,2026-09-03T13:09:38.096770+08:00
brent,2026-03-12,102.38,FRED,https://fred.stlouisfed.org/series/DCOILBRENTEU,2026-09-03T13:09:38.096770+08:00
brent,2026-03-13,103.23,FRED,https://fred.stlouisfed.org/series/DCOILBRENTEU,2026-09-03T13:09:38.096770+08:00
brent,2026-03-16,101.04,FRED,https://fred.stlouisfed.org/series/DCOILBRENTEU,2026-09-03T13:09:38.096770+08:00
brent,2026-03-17,108.39,FRED,https://fred.stlouisfed.org/series/DCOILBRENTEU,2026-09-03T13:09:38.096770+08:00
brent,2026-03-18,118.09,FRED,https://fred.stlouisfed.org/series/DCOILBRENTEU,2026-09-03T13:09:38.096770+08:00
brent,2026-03-19,111.05,FRED,https://fred.stlouisfed.org/series/DCOILBRENTEU,2026-09-03T13:09:38.096770+08:00
brent,2026-03-20,118.42,FRED,https://fred.stlouisfed.org/series/DCOILBRENTEU,2026-09-03T13:09:38.096770+08:00
brent,2026-03-23,103.79,FRED,https://fred.stlouisfed.org/series/DCOILBRENTEU,2026-09-03T13:09:38.096770+08:00
brent,2026-03-24,108.42,FRED,https://fred.stlouisfed.org/series/DCOILBRENTEU,2026-09-03T13:09:38.096770+08:00
brent,2026-03-25,109.14,FRED,https://fred.stlouisfed.org/series/DCOILBRENTEU,2026-09-03T13:09:38.096770+08:00
brent,2026-03-26,113.39,FRED,https://fred.stlouisfed.org/series/DCOILBRENTEU,2026-09-03T13:09:38.096770+08:00
brent,2026-03-27,121.47,FRED,https://fred.stlouisfed.org/series/DCOILBRENTEU,2026-09-03T13:09:38.096770+08:00
brent,2026-03-30,121.88,FRED,https://fred.stlouisfed.org/series/DCOILBRENTEU,2026-09-03T13:09:38.096770+08:00
brent,2026-03-31,126.69,FRED,https://fred.stlouisfed.org/series/DCOILBRENTEU,2026-09-03T13:09:38.096770+08:00
brent,2026-04-01,119.56,FRED,https://fred.stlouisfed.org/series/DCOILBRENTEU,2026-09-03T13:09:38.096770+08:00
brent,2026-04-02,127.61,FRED,https://fred.stlouisfed.org/series/DCOILBRENTEU,2026-09-03T13:09:38.096770+08:00
brent,2026-04-07,138.21,FRED,https://fred.stlouisfed.org/series/DCOILBRENTEU,2026-09-03T13:09:38.096770+08:00
brent,2026-04-08,122.11,FRED,https://fred.stlouisfed.org/series/DCOILBRENTEU,2026-09-03T13:09:38.096770+08:00
brent,2026-04-09,119.03,FRED,https://fred.stlouisfed.org/series/DCOILBRENTEU,2026-09-03T13:09:38.096770+08:00
brent,2026-04-10,119.07,FRED,https://fred.stlouisfed.org/series/DCOILBRENTEU,2026-09-03T13:09:38.096770+08:00
brent,2026-04-13,123.28,FRED,https://fred.stlouisfed.org/series/DCOILBRENTEU,2026-09-03T13:09:38.096770+08:00
brent,2026-04-14,118.69,FRED,https://fred.stlouisfed.org/series/DCOILBRENTEU,2026-09-03T13:09:38.096770+08:00
brent,2026-04-15,114.93,FRED,https://fred.stlouisfed.org/series/DCOILBRENTEU,2026-09-03T13:09:38.096770+08:00
brent,2026-04-16,116.63,FRED,https://fred.stlouisfed.org/series/DCOILBRENTEU,2026-09-03T13:09:38.096770+08:00
brent,2026-04-17,98.63,FRED,https://fred.stlouisfed.org/series/DCOILBRENTEU,2026-09-03T13:09:38.096770+08:00
brent,2026-04-20,103.4,FRED,https://fred.stlouisfed.org/series/DCOILBRENTEU,2026-09-03T13:09:38.096770+08:00
brent,2026-04-21,106.14,FRED,https://fred.stlouisfed.org/series/DCOILBRENTEU,2026-09-03T13:09:38.096770+08:00
brent,2026-04-22,113.44,FRED,https://fred.stlouisfed.org/series/DCOILBRENTEU,2026-09-03T13:09:38.096770+08:00
brent,2026-04-23,113.25,FRED,https://fred.stlouisfed.org/series/DCOILBRENTEU,2026-09-03T13:09:38.096770+08:00
brent,2026-04-24,111.86,FRED,https://fred.stlouisfed.org/series/DCOILBRENTEU,2026-09-03T13:09:38.096770+08:00
brent,2026-04-27,113.89,FRED,https://fred.stlouisfed.org/series/DCOILBRENTEU,2026-09-03T13:09:38.096770+08:00
brent,2026-04-28,117.62,FRED,https://fred.stlouisfed.org/series/DCOILBRENTEU,2026-09-03T13:09:38.096770+08:00
brent,2026-04-29,124.16,FRED,https://fred.stlouisfed.org/series/DCOILBRENTEU,2026-09-03T13:09:38.096770+08:00
brent,2026-04-30,124.24,FRED,https://fred.stlouisfed.org/series/DCOILBRENTEU,2026-09-03T13:09:38.096770+08:00
brent,2026-05-01,118.26,FRED,https://fred.stlouisfed.org/series/DCOILBRENTEU,2026-09-03T13:09:38.096770+08:00
brent,2026-05-05,114.51,FRED,https://fred.stlouisfed.org/series/DCOILBRENTEU,2026-09-03T13:09:38.096770+08:00
brent,2026-05-06,103.7,FRED,https://fred.stlouisfed.org/series/DCOILBRENTEU,2026-09-03T13:09:38.096770+08:00
brent,2026-05-07,101.82,FRED,https://fred.stlouisfed.org/series/DCOILBRENTEU,2026-09-03T13:09:38.096770+08:00
brent,2026-05-08,103.48,FRED,https://fred.stlouisfed.org/series/DCOILBRENTEU,2026-09-03T13:09:38.096770+08:00
brent,2026-05-11,106.11,FRED,https://fred.stlouisfed.org/series/DCOILBRENTEU,2026-09-03T13:09:38.096770+08:00
brent,2026-05-12,111.37,FRED,https://fred.stlouisfed.org/series/DCOILBRENTEU,2026-09-03T13:09:38.096770+08:00
brent,2026-05-13,110.28,FRED,https://fred.stlouisfed.org/series/DCOILBRENTEU,2026-09-03T13:09:38.096770+08:00
brent,2026-05-14,110.91,FRED,https://fred.stlouisfed.org/series/DCOILBRENTEU,2026-09-03T13:09:38.096770+08:00
brent,2026-05-15,113.96,FRED,https://fred.stlouisfed.org/series/DCOILBRENTEU,2026-09-03T13:09:38.096770+08:00
brent,2026-05-18,116.73,FRED,https://fred.stlouisfed.org/series/DCOILBRENTEU,2026-09-03T13:09:38.096770+08:00
brent,2026-05-19,114.64,FRED,https://fred.stlouisfed.org/series/DCOILBRENTEU,2026-09-03T13:09:38.096770+08:00
brent,2026-05-20,108.93,FRED,https://fred.stlouisfed.org/series/DCOILBRENTEU,2026-09-03T13:09:38.096770+08:00
brent,2026-05-21,105.84,FRED,https://fred.stlouisfed.org/series/DCOILBRENTEU,2026-09-03T13:09:38.096770+08:00
brent,2026-05-22,106.9,FRED,https://fred.stlouisfed.org/series/DCOILBRENTEU,2026-09-03T13:09:38.096770+08:00
brent,2026-05-26,102.75,FRED,https://fred.stlouisfed.org/series/DCOILBRENTEU,2026-09-03T13:09:38.096770+08:00
brent,2026-05-27,97.11,FRED,https://fred.stlouisfed.org/series/DCOILBRENTEU,2026-09-03T13:09:38.096770+08:00
brent,2026-05-28,95.47,FRED,https://fred.stlouisfed.org/series/DCOILBRENTEU,2026-09-03T13:09:38.096770+08:00
brent,2026-05-29,92.88,FRED,https://fred.stlouisfed.org/series/DCOILBRENTEU,2026-09-03T13:09:38.096770+08:00
brent,2026-06-01,98.29,FRED,https://fred.stlouisfed.org/series/DCOILBRENTEU,2026-09-03T13:09:38.096770+08:00
brent,2026-06-02,98.49,FRED,https://fred.stlouisfed.org/series/DCOILBRENTEU,2026-09-03T13:09:38.096770+08:00
brent,2026-06-03,101.69,FRED,https://fred.stlouisfed.org/series/DCOILBRENTEU,2026-09-03T13:09:38.096770+08:00
brent,2026-06-04,98.98,FRED,https://fred.stlouisfed.org/series/DCOILBRENTEU,2026-09-03T13:09:38.096770+08:00
brent,2026-06-05,97.29,FRED,https://fred.stlouisfed.org/series/DCOILBRENTEU,2026-09-03T13:09:38.096770+08:00
brent,2026-06-08,97.46,FRED,https://fred.stlouisfed.org/series/DCOILBRENTEU,2026-09-03T13:09:38.096770+08:00
brent,2026-06-09,94.15,FRED,https://fred.stlouisfed.org/series/DCOILBRENTEU,2026-09-03T13:09:38.096770+08:00
brent,2026-06-10,95.73,FRED,https://fred.stlouisfed.org/series/DCOILBRENTEU,2026-09-03T13:09:38.096770+08:00
brent,2026-06-11,92.84,FRED,https://fred.stlouisfed.org/series/DCOILBRENTEU,2026-09-03T13:09:38.096770+08:00
brent,2026-06-12,88.64,FRED,https://fred.stlouisfed.org/series/DCOILBRENTEU,2026-09-03T13:09:38.096770+08:00
brent,2026-06-15,84.36,FRED,https://fred.stlouisfed.org/series/DCOILBRENTEU,2026-09-03T13:09:38.096770+08:00
brent,2026-06-16,80.5,FRED,https://fred.stlouisfed.org/series/DCOILBRENTEU,2026-09-03T13:09:38.096770+08:00
brent,2026-06-17,80.33,FRED,https://fred.stlouisfed.org/series/DCOILBRENTEU,2026-09-03T13:09:38.096770+08:00
brent,2026-06-18,79.35,FRED,https://fred.stlouisfed.org/series/DCOILBRENTEU,2026-09-03T13:09:38.096770+08:00
brent,2026-06-19,80.46,FRED,https://fred.stlouisfed.org/series/DCOILBRENTEU,2026-09-03T13:09:38.096770+08:00
brent,2026-06-22,76.49,FRED,https://fred.stlouisfed.org/series/DCOILBRENTEU,2026-09-03T13:09:38.096770+08:00
brent,2026-06-23,75.69,FRED,https://fred.stlouisfed.org/series/DCOILBRENTEU,2026-09-03T13:09:38.096770+08:00
brent,2026-06-24,72.09,FRED,https://fred.stlouisfed.org/series/DCOILBRENTEU,2026-09-03T13:09:38.096770+08:00
brent,2026-06-25,73.74,FRED,https://fred.stlouisfed.org/series/DCOILBRENTEU,2026-09-03T13:09:38.096770+08:00
brent,2026-06-26,70.16,FRED,https://fred.stlouisfed.org/series/DCOILBRENTEU,2026-09-03T13:09:38.096770+08:00
brent,2026-06-29,71.59,FRED,https://fred.stlouisfed.org/series/DCOILBRENTEU,2026-09-03T13:09:38.096770+08:00
brent,2026-06-30,70.46,FRED,https://fred.stlouisfed.org/series/DCOILBRENTEU,2026-09-03T13:09:38.096770+08:00
brent,2026-07-01,69.24,FRED,https://fred.stlouisfed.org/series/DCOILBRENTEU,2026-09-03T13:09:38.096770+08:00
brent,2026-07-02,68.53,FRED,https://fred.stlouisfed.org/series/DCOILBRENTEU,2026-09-03T13:09:38.096770+08:00
brent,2026-07-03,68.68,FRED,https://fred.stlouisfed.org/series/DCOILBRENTEU,2026-09-03T13:09:38.096770+08:00
brent,2026-07-06,69.56,FRED,https://fred.stlouisfed.org/series/DCOILBRENTEU,2026-09-03T13:09:38.096770+08:00
brent,2026-07-07,71.78,FRED,https://fred.stlouisfed.org/series/DCOILBRENTEU,2026-09-03T13:09:38.096770+08:00
brent,2026-07-08,76.5,FRED,https://fred.stlouisfed.org/series/DCOILBRENTEU,2026-09-03T13:09:38.096770+08:00
brent,2026-07-09,74.46,FRED,https://fred.stlouisfed.org/series/DCOILBRENTEU,2026-09-03T13:09:38.096770+08:00
brent,2026-07-10,74.34,FRED,https://fred.stlouisfed.org/series/DCOILBRENTEU,2026-09-03T13:09:38.096770+08:00
brent,2026-07-13,81.62,FRED,https://fred.stlouisfed.org/series/DCOILBRENTEU,2026-09-03T13:09:38.096770+08:00
brent,2026-07-14,83.69,FRED,https://fred.stlouisfed.org/series/DCOILBRENTEU,2026-09-03T13:09:38.096770+08:00
brent,2026-07-15,83.08,FRED,https://fred.stlouisfed.org/series/DCOILBRENTEU,2026-09-03T13:09:38.096770+08:00
brent,2026-07-16,81.23,FRED,https://fred.stlouisfed.org/series/DCOILBRENTEU,2026-09-03T13:09:38.096770+08:00
brent,2026-07-17,85.01,FRED,https://fred.stlouisfed.org/series/DCOILBRENTEU,2026-09-03T13:09:38.096770+08:00
brent,2026-07-20,86.99,FRED,https://fred.stlouisfed.org/series/DCOILBRENTEU,2026-09-03T13:09:38.096770+08:00
brent,2026-07-21,93.85,FRED,https://fred.stlouisfed.org/series/DCOILBRENTEU,2026-09-03T13:09:38.096770+08:00
brent,2026-07-22,94.12,FRED,https://fred.stlouisfed.org/series/DCOILBRENTEU,2026-09-03T13:09:38.096770+08:00
brent,2026-07-23,105.32,FRED,https://fred.stlouisfed.org/series/DCOILBRENTEU,2026-09-03T13:09:38.096770+08:00
brent,2026-07-24,100.31,FRED,https://fred.stlouisfed.org/series/DCOILBRENTEU,2026-09-03T13:09:38.096770+08:00
brent,2026-07-27,91.82,FRED,https://fred.stlouisfed.org/series/DCOILBRENTEU,2026-09-03T13:09:38.096770+08:00
brent,2026-07-28,85.51,FRED,https://fred.stlouisfed.org/series/DCOILBRENTEU,2026-09-03T13:09:38.096770+08:00
brent,2026-07-29,91.95,FRED,https://fred.stlouisfed.org/series/DCOILBRENTEU,2026-09-03T13:09:38.096770+08:00
brent,2026-07-30,91.91,FRED,https://fred.stlouisfed.org/series/DCOILBRENTEU,2026-09-03T13:09:38.096770+08:00
brent,2026-07-31,96.95,FRED,https://fred.stlouisfed.org/series/DCOILBRENTEU,2026-09-03T13:09:38.096770+08:00
brent,2026-08-03,88.9,FRED,https://fred.stlouisfed.org/series/DCOILBRENTEU,2026-09-03T13:09:38.096770+08:00
brent,2026-08-04,86.47,FRED,https://fred.stlouisfed.org/series/DCOILBRENTEU,2026-09-03T13:09:38.096770+08:00
brent,2026-08-05,86.65,FRED,https://fred.stlouisfed.org/series/DCOILBRENTEU,2026-09-03T13:09:38.096770+08:00
brent,2026-08-06,89.65,FRED,https://fred.stlouisfed.org/series/DCOILBRENTEU,2026-09-03T13:09:38.096770+08:00
brent,2026-08-07,87.62,FRED,https://fred.stlouisfed.org/series/DCOILBRENTEU,2026-09-03T13:09:38.096770+08:00
brent,2026-08-10,92.74,FRED,https://fred.stlouisfed.org/series/DCOILBRENTEU,2026-09-03T13:09:38.096770+08:00
brent,2026-08-11,93.26,FRED,https://fred.stlouisfed.org/series/DCOILBRENTEU,2026-09-03T13:09:38.096770+08:00
brent,2026-08-12,92.52,FRED,https://fred.stlouisfed.org/series/DCOILBRENTEU,2026-09-03T13:09:38.096770+08:00
brent,2026-08-13,92.03,FRED,https://fred.stlouisfed.org/series/DCOILBRENTEU,2026-09-03T13:09:38.096770+08:00
brent,2026-08-14,92.02,FRED,https://fred.stlouisfed.org/series/DCOILBRENTEU,2026-09-03T13:09:38.096770+08:00
brent,2026-08-17,92.43,FRED,https://fred.stlouisfed.org/series/DCOILBRENTEU,2026-09-03T13:09:38.096770+08:00
brent,2026-08-18,95.29,FRED,https://fred.stlouisfed.org/series/DCOILBRENTEU,2026-09-03T13:09:38.096770+08:00
brent,2026-08-19,92.37,FRED,https://fred.stlouisfed.org/series/DCOILBRENTEU,2026-09-03T13:09:38.096770+08:00
brent,2026-08-20,94.0,FRED,https://fred.stlouisfed.org/series/DCOILBRENTEU,2026-09-03T13:09:38.096770+08:00
brent,2026-08-21,96.92,FRED,https://fred.stlouisfed.org/series/DCOILBRENTEU,2026-09-03T13:09:38.096770+08:00
brent,2026-08-24,92.71,FRED,https://fred.stlouisfed.org/series/DCOILBRENTEU,2026-09-03T13:09:38.096770+08:00
brent,2026-08-25,88.24,FRED,https://fred.stlouisfed.org/series/DCOILBRENTEU,2026-09-03T13:09:38.096770+08:00
brent,2026-08-26,87.77,FRED,https://fred.stlouisfed.org/series/DCOILBRENTEU,2026-09-03T13:09:38.096770+08:00
brent,2026-08-27,90.18,FRED,https://fred.stlouisfed.org/series/DCOILBRENTEU,2026-09-03T13:09:38.096770+08:00
brent,2026-08-28,89.75,FRED,https://fred.stlouisfed.org/series/DCOILBRENTEU,2026-09-03T13:09:38.096770+08:00
brent,2026-09-01,96.02,FRED,https://fred.stlouisfed.org/series/DCOILBRENTEU,2026-09-03T13:09:38.096770+08:00
copper,2026-01-26,5.984000205993652,Yahoo public chart endpoint,https://finance.yahoo.com/quote/HG=F,2026-09-03T13:09:38.096770+08:00
copper,2026-01-27,5.828499794006348,Yahoo public chart endpoint,https://finance.yahoo.com/quote/HG=F,2026-09-03T13:09:38.096770+08:00
copper,2026-01-28,5.892499923706055,Yahoo public chart endpoint,https://finance.yahoo.com/quote/HG=F,2026-09-03T13:09:38.096770+08:00
copper,2026-01-29,6.17549991607666,Yahoo public chart endpoint,https://finance.yahoo.com/quote/HG=F,2026-09-03T13:09:38.096770+08:00
copper,2026-01-30,5.896999835968018,Yahoo public chart endpoint,https://finance.yahoo.com/quote/HG=F,2026-09-03T13:09:38.096770+08:00
copper,2026-02-02,5.801499843597412,Yahoo public chart endpoint,https://finance.yahoo.com/quote/HG=F,2026-09-03T13:09:38.096770+08:00
copper,2026-02-03,6.0625,Yahoo public chart endpoint,https://finance.yahoo.com/quote/HG=F,2026-09-03T13:09:38.096770+08:00
copper,2026-02-04,5.826000213623047,Yahoo public chart endpoint,https://finance.yahoo.com/quote/HG=F,2026-09-03T13:09:38.096770+08:00
copper,2026-02-05,5.798999786376953,Yahoo public chart endpoint,https://finance.yahoo.com/quote/HG=F,2026-09-03T13:09:38.096770+08:00
copper,2026-02-06,5.863500118255615,Yahoo public chart endpoint,https://finance.yahoo.com/quote/HG=F,2026-09-03T13:09:38.096770+08:00
copper,2026-02-09,5.945000171661377,Yahoo public chart endpoint,https://finance.yahoo.com/quote/HG=F,2026-09-03T13:09:38.096770+08:00
copper,2026-02-10,5.895999908447266,Yahoo public chart endpoint,https://finance.yahoo.com/quote/HG=F,2026-09-03T13:09:38.096770+08:00
copper,2026-02-11,5.948999881744385,Yahoo public chart endpoint,https://finance.yahoo.com/quote/HG=F,2026-09-03T13:09:38.096770+08:00
copper,2026-02-12,5.770999908447266,Yahoo public chart endpoint,https://finance.yahoo.com/quote/HG=F,2026-09-03T13:09:38.096770+08:00
copper,2026-02-13,5.792500019073486,Yahoo public chart endpoint,https://finance.yahoo.com/quote/HG=F,2026-09-03T13:09:38.096770+08:00
copper,2026-02-17,5.632999897003174,Yahoo public chart endpoint,https://finance.yahoo.com/quote/HG=F,2026-09-03T13:09:38.096770+08:00
copper,2026-02-18,5.793499946594238,Yahoo public chart endpoint,https://finance.yahoo.com/quote/HG=F,2026-09-03T13:09:38.096770+08:00
copper,2026-02-19,5.730000019073486,Yahoo public chart endpoint,https://finance.yahoo.com/quote/HG=F,2026-09-03T13:09:38.096770+08:00
copper,2026-02-20,5.830999851226807,Yahoo public chart endpoint,https://finance.yahoo.com/quote/HG=F,2026-09-03T13:09:38.096770+08:00
copper,2026-02-23,5.7729997634887695,Yahoo public chart endpoint,https://finance.yahoo.com/quote/HG=F,2026-09-03T13:09:38.096770+08:00
copper,2026-02-24,5.922999858856201,Yahoo public chart endpoint,https://finance.yahoo.com/quote/HG=F,2026-09-03T13:09:38.096770+08:00
copper,2026-02-25,5.979499816894531,Yahoo public chart endpoint,https://finance.yahoo.com/quote/HG=F,2026-09-03T13:09:38.096770+08:00
copper,2026-02-26,5.947000026702881,Yahoo public chart endpoint,https://finance.yahoo.com/quote/HG=F,2026-09-03T13:09:38.096770+08:00
copper,2026-02-27,6.004499912261963,Yahoo public chart endpoint,https://finance.yahoo.com/quote/HG=F,2026-09-03T13:09:38.096770+08:00
copper,2026-03-02,5.894499778747559,Yahoo public chart endpoint,https://finance.yahoo.com/quote/HG=F,2026-09-03T13:09:38.096770+08:00
copper,2026-03-03,5.773499965667725,Yahoo public chart endpoint,https://finance.yahoo.com/quote/HG=F,2026-09-03T13:09:38.096770+08:00
copper,2026-03-04,5.855000019073486,Yahoo public chart endpoint,https://finance.yahoo.com/quote/HG=F,2026-09-03T13:09:38.096770+08:00
copper,2026-03-05,5.752999782562256,Yahoo public chart endpoint,https://finance.yahoo.com/quote/HG=F,2026-09-03T13:09:38.096770+08:00
copper,2026-03-06,5.756999969482422,Yahoo public chart endpoint,https://finance.yahoo.com/quote/HG=F,2026-09-03T13:09:38.096770+08:00
copper,2026-03-09,5.80049991607666,Yahoo public chart endpoint,https://finance.yahoo.com/quote/HG=F,2026-09-03T13:09:38.096770+08:00
copper,2026-03-10,5.9039998054504395,Yahoo public chart endpoint,https://finance.yahoo.com/quote/HG=F,2026-09-03T13:09:38.096770+08:00
copper,2026-03-11,5.8454999923706055,Yahoo public chart endpoint,https://finance.yahoo.com/quote/HG=F,2026-09-03T13:09:38.096770+08:00
copper,2026-03-12,5.82450008392334,Yahoo public chart endpoint,https://finance.yahoo.com/quote/HG=F,2026-09-03T13:09:38.096770+08:00
copper,2026-03-13,5.7144999504089355,Yahoo public chart endpoint,https://finance.yahoo.com/quote/HG=F,2026-09-03T13:09:38.096770+08:00
copper,2026-03-16,5.790500164031982,Yahoo public chart endpoint,https://finance.yahoo.com/quote/HG=F,2026-09-03T13:09:38.096770+08:00
copper,2026-03-17,5.726500034332275,Yahoo public chart endpoint,https://finance.yahoo.com/quote/HG=F,2026-09-03T13:09:38.096770+08:00
copper,2026-03-18,5.553999900817871,Yahoo public chart endpoint,https://finance.yahoo.com/quote/HG=F,2026-09-03T13:09:38.096770+08:00
copper,2026-03-19,5.433000087738037,Yahoo public chart endpoint,https://finance.yahoo.com/quote/HG=F,2026-09-03T13:09:38.096770+08:00
copper,2026-03-20,5.34250020980835,Yahoo public chart endpoint,https://finance.yahoo.com/quote/HG=F,2026-09-03T13:09:38.096770+08:00
copper,2026-03-23,5.439499855041504,Yahoo public chart endpoint,https://finance.yahoo.com/quote/HG=F,2026-09-03T13:09:38.096770+08:00
copper,2026-03-24,5.422500133514404,Yahoo public chart endpoint,https://finance.yahoo.com/quote/HG=F,2026-09-03T13:09:38.096770+08:00
copper,2026-03-25,5.5289998054504395,Yahoo public chart endpoint,https://finance.yahoo.com/quote/HG=F,2026-09-03T13:09:38.096770+08:00
copper,2026-03-26,5.446499824523926,Yahoo public chart endpoint,https://finance.yahoo.com/quote/HG=F,2026-09-03T13:09:38.096770+08:00
copper,2026-03-27,5.4670000076293945,Yahoo public chart endpoint,https://finance.yahoo.com/quote/HG=F,2026-09-03T13:09:38.096770+08:00
copper,2026-03-30,5.47599983215332,Yahoo public chart endpoint,https://finance.yahoo.com/quote/HG=F,2026-09-03T13:09:38.096770+08:00
copper,2026-03-31,5.587500095367432,Yahoo public chart endpoint,https://finance.yahoo.com/quote/HG=F,2026-09-03T13:09:38.096770+08:00
copper,2026-04-01,5.624000072479248,Yahoo public chart endpoint,https://finance.yahoo.com/quote/HG=F,2026-09-03T13:09:38.096770+08:00
copper,2026-04-02,5.563000202178955,Yahoo public chart endpoint,https://finance.yahoo.com/quote/HG=F,2026-09-03T13:09:38.096770+08:00
copper,2026-04-06,5.583499908447266,Yahoo public chart endpoint,https://finance.yahoo.com/quote/HG=F,2026-09-03T13:09:38.096770+08:00
copper,2026-04-07,5.54449987411499,Yahoo public chart endpoint,https://finance.yahoo.com/quote/HG=F,2026-09-03T13:09:38.096770+08:00
copper,2026-04-08,5.759500026702881,Yahoo public chart endpoint,https://finance.yahoo.com/quote/HG=F,2026-09-03T13:09:38.096770+08:00
copper,2026-04-09,5.748000144958496,Yahoo public chart endpoint,https://finance.yahoo.com/quote/HG=F,2026-09-03T13:09:38.096770+08:00
copper,2026-04-10,5.870500087738037,Yahoo public chart endpoint,https://finance.yahoo.com/quote/HG=F,2026-09-03T13:09:38.096770+08:00
copper,2026-04-13,5.97599983215332,Yahoo public chart endpoint,https://finance.yahoo.com/quote/HG=F,2026-09-03T13:09:38.096770+08:00
copper,2026-04-14,6.070499897003174,Yahoo public chart endpoint,https://finance.yahoo.com/quote/HG=F,2026-09-03T13:09:38.096770+08:00
copper,2026-04-15,6.072000026702881,Yahoo public chart endpoint,https://finance.yahoo.com/quote/HG=F,2026-09-03T13:09:38.096770+08:00
copper,2026-04-16,6.066500186920166,Yahoo public chart endpoint,https://finance.yahoo.com/quote/HG=F,2026-09-03T13:09:38.096770+08:00
copper,2026-04-17,6.103499889373779,Yahoo public chart endpoint,https://finance.yahoo.com/quote/HG=F,2026-09-03T13:09:38.096770+08:00
copper,2026-04-20,6.035999774932861,Yahoo public chart endpoint,https://finance.yahoo.com/quote/HG=F,2026-09-03T13:09:38.096770+08:00
copper,2026-04-21,6.001500129699707,Yahoo public chart endpoint,https://finance.yahoo.com/quote/HG=F,2026-09-03T13:09:38.096770+08:00
copper,2026-04-22,6.119999885559082,Yahoo public chart endpoint,https://finance.yahoo.com/quote/HG=F,2026-09-03T13:09:38.096770+08:00
copper,2026-04-23,6.075500011444092,Yahoo public chart endpoint,https://finance.yahoo.com/quote/HG=F,2026-09-03T13:09:38.096770+08:00
copper,2026-04-24,6.023499965667725,Yahoo public chart endpoint,https://finance.yahoo.com/quote/HG=F,2026-09-03T13:09:38.096770+08:00
copper,2026-04-27,6.01800012588501,Yahoo public chart endpoint,https://finance.yahoo.com/quote/HG=F,2026-09-03T13:09:38.096770+08:00
copper,2026-04-28,5.9145002365112305,Yahoo public chart endpoint,https://finance.yahoo.com/quote/HG=F,2026-09-03T13:09:38.096770+08:00
copper,2026-04-29,5.878499984741211,Yahoo public chart endpoint,https://finance.yahoo.com/quote/HG=F,2026-09-03T13:09:38.096770+08:00
copper,2026-04-30,5.926000118255615,Yahoo public chart endpoint,https://finance.yahoo.com/quote/HG=F,2026-09-03T13:09:38.096770+08:00
copper,2026-05-01,5.932000160217285,Yahoo public chart endpoint,https://finance.yahoo.com/quote/HG=F,2026-09-03T13:09:38.096770+08:00
copper,2026-05-04,5.795000076293945,Yahoo public chart endpoint,https://finance.yahoo.com/quote/HG=F,2026-09-03T13:09:38.096770+08:00
copper,2026-05-05,5.942999839782715,Yahoo public chart endpoint,https://finance.yahoo.com/quote/HG=F,2026-09-03T13:09:38.096770+08:00
copper,2026-05-06,6.136499881744385,Yahoo public chart endpoint,https://finance.yahoo.com/quote/HG=F,2026-09-03T13:09:38.096770+08:00
copper,2026-05-07,6.127500057220459,Yahoo public chart endpoint,https://finance.yahoo.com/quote/HG=F,2026-09-03T13:09:38.096770+08:00
copper,2026-05-08,6.249000072479248,Yahoo public chart endpoint,https://finance.yahoo.com/quote/HG=F,2026-09-03T13:09:38.096770+08:00
copper,2026-05-11,6.41349983215332,Yahoo public chart endpoint,https://finance.yahoo.com/quote/HG=F,2026-09-03T13:09:38.096770+08:00
copper,2026-05-12,6.485000133514404,Yahoo public chart endpoint,https://finance.yahoo.com/quote/HG=F,2026-09-03T13:09:38.096770+08:00
copper,2026-05-13,6.635499954223633,Yahoo public chart endpoint,https://finance.yahoo.com/quote/HG=F,2026-09-03T13:09:38.096770+08:00
copper,2026-05-14,6.567500114440918,Yahoo public chart endpoint,https://finance.yahoo.com/quote/HG=F,2026-09-03T13:09:38.096770+08:00
copper,2026-05-15,6.251500129699707,Yahoo public chart endpoint,https://finance.yahoo.com/quote/HG=F,2026-09-03T13:09:38.096770+08:00
copper,2026-05-18,6.271999835968018,Yahoo public chart endpoint,https://finance.yahoo.com/quote/HG=F,2026-09-03T13:09:38.096770+08:00
copper,2026-05-19,6.164999961853027,Yahoo public chart endpoint,https://finance.yahoo.com/quote/HG=F,2026-09-03T13:09:38.096770+08:00
copper,2026-05-20,6.290500164031982,Yahoo public chart endpoint,https://finance.yahoo.com/quote/HG=F,2026-09-03T13:09:38.096770+08:00
copper,2026-05-21,6.256999969482422,Yahoo public chart endpoint,https://finance.yahoo.com/quote/HG=F,2026-09-03T13:09:38.096770+08:00
copper,2026-05-22,6.3420000076293945,Yahoo public chart endpoint,https://finance.yahoo.com/quote/HG=F,2026-09-03T13:09:38.096770+08:00
copper,2026-05-26,6.361000061035156,Yahoo public chart endpoint,https://finance.yahoo.com/quote/HG=F,2026-09-03T13:09:38.096770+08:00
copper,2026-05-27,6.304999828338623,Yahoo public chart endpoint,https://finance.yahoo.com/quote/HG=F,2026-09-03T13:09:38.096770+08:00
copper,2026-05-28,6.395999908447266,Yahoo public chart endpoint,https://finance.yahoo.com/quote/HG=F,2026-09-03T13:09:38.096770+08:00
copper,2026-05-29,6.359499931335449,Yahoo public chart endpoint,https://finance.yahoo.com/quote/HG=F,2026-09-03T13:09:38.096770+08:00
copper,2026-06-01,6.52400016784668,Yahoo public chart endpoint,https://finance.yahoo.com/quote/HG=F,2026-09-03T13:09:38.096770+08:00
copper,2026-06-02,6.649499893188477,Yahoo public chart endpoint,https://finance.yahoo.com/quote/HG=F,2026-09-03T13:09:38.096770+08:00
copper,2026-06-03,6.480999946594238,Yahoo public chart endpoint,https://finance.yahoo.com/quote/HG=F,2026-09-03T13:09:38.096770+08:00
copper,2026-06-04,6.511000156402588,Yahoo public chart endpoint,https://finance.yahoo.com/quote/HG=F,2026-09-03T13:09:38.096770+08:00
copper,2026-06-05,6.263500213623047,Yahoo public chart endpoint,https://finance.yahoo.com/quote/HG=F,2026-09-03T13:09:38.096770+08:00
copper,2026-06-08,6.329500198364258,Yahoo public chart endpoint,https://finance.yahoo.com/quote/HG=F,2026-09-03T13:09:38.096770+08:00
copper,2026-06-09,6.302499771118164,Yahoo public chart endpoint,https://finance.yahoo.com/quote/HG=F,2026-09-03T13:09:38.096770+08:00
copper,2026-06-10,6.249000072479248,Yahoo public chart endpoint,https://finance.yahoo.com/quote/HG=F,2026-09-03T13:09:38.096770+08:00
copper,2026-06-11,6.258999824523926,Yahoo public chart endpoint,https://finance.yahoo.com/quote/HG=F,2026-09-03T13:09:38.096770+08:00
copper,2026-06-12,6.430500030517578,Yahoo public chart endpoint,https://finance.yahoo.com/quote/HG=F,2026-09-03T13:09:38.096770+08:00
copper,2026-06-15,6.482500076293945,Yahoo public chart endpoint,https://finance.yahoo.com/quote/HG=F,2026-09-03T13:09:38.096770+08:00
copper,2026-06-16,6.488999843597412,Yahoo public chart endpoint,https://finance.yahoo.com/quote/HG=F,2026-09-03T13:09:38.096770+08:00
copper,2026-06-17,6.481500148773193,Yahoo public chart endpoint,https://finance.yahoo.com/quote/HG=F,2026-09-03T13:09:38.096770+08:00
copper,2026-06-18,6.374499797821045,Yahoo public chart endpoint,https://finance.yahoo.com/quote/HG=F,2026-09-03T13:09:38.096770+08:00
copper,2026-06-22,6.356500148773193,Yahoo public chart endpoint,https://finance.yahoo.com/quote/HG=F,2026-09-03T13:09:38.096770+08:00
copper,2026-06-23,6.140999794006348,Yahoo public chart endpoint,https://finance.yahoo.com/quote/HG=F,2026-09-03T13:09:38.096770+08:00
copper,2026-06-24,5.942999839782715,Yahoo public chart endpoint,https://finance.yahoo.com/quote/HG=F,2026-09-03T13:09:38.096770+08:00
copper,2026-06-25,6.070499897003174,Yahoo public chart endpoint,https://finance.yahoo.com/quote/HG=F,2026-09-03T13:09:38.096770+08:00
copper,2026-06-26,6.141499996185303,Yahoo public chart endpoint,https://finance.yahoo.com/quote/HG=F,2026-09-03T13:09:38.096770+08:00
copper,2026-06-29,6.097499847412109,Yahoo public chart endpoint,https://finance.yahoo.com/quote/HG=F,2026-09-03T13:09:38.096770+08:00
copper,2026-06-30,6.192500114440918,Yahoo public chart endpoint,https://finance.yahoo.com/quote/HG=F,2026-09-03T13:09:38.096770+08:00
copper,2026-07-01,6.123499870300293,Yahoo public chart endpoint,https://finance.yahoo.com/quote/HG=F,2026-09-03T13:09:38.096770+08:00
copper,2026-07-02,6.114500045776367,Yahoo public chart endpoint,https://finance.yahoo.com/quote/HG=F,2026-09-03T13:09:38.096770+08:00
copper,2026-07-06,6.177999973297119,Yahoo public chart endpoint,https://finance.yahoo.com/quote/HG=F,2026-09-03T13:09:38.096770+08:00
copper,2026-07-07,6.171500205993652,Yahoo public chart endpoint,https://finance.yahoo.com/quote/HG=F,2026-09-03T13:09:38.096770+08:00
copper,2026-07-08,6.054500102996826,Yahoo public chart endpoint,https://finance.yahoo.com/quote/HG=F,2026-09-03T13:09:38.096770+08:00
copper,2026-07-09,6.215000152587891,Yahoo public chart endpoint,https://finance.yahoo.com/quote/HG=F,2026-09-03T13:09:38.096770+08:00
copper,2026-07-10,6.233500003814697,Yahoo public chart endpoint,https://finance.yahoo.com/quote/HG=F,2026-09-03T13:09:38.096770+08:00
copper,2026-07-13,6.232999801635742,Yahoo public chart endpoint,https://finance.yahoo.com/quote/HG=F,2026-09-03T13:09:38.096770+08:00
copper,2026-07-14,6.329999923706055,Yahoo public chart endpoint,https://finance.yahoo.com/quote/HG=F,2026-09-03T13:09:38.096770+08:00
copper,2026-07-15,6.293499946594238,Yahoo public chart endpoint,https://finance.yahoo.com/quote/HG=F,2026-09-03T13:09:38.096770+08:00
copper,2026-07-16,6.296000003814697,Yahoo public chart endpoint,https://finance.yahoo.com/quote/HG=F,2026-09-03T13:09:38.096770+08:00
copper,2026-07-17,6.21999979019165,Yahoo public chart endpoint,https://finance.yahoo.com/quote/HG=F,2026-09-03T13:09:38.096770+08:00
copper,2026-07-20,6.298999786376953,Yahoo public chart endpoint,https://finance.yahoo.com/quote/HG=F,2026-09-03T13:09:38.096770+08:00
copper,2026-07-21,6.511000156402588,Yahoo public chart endpoint,https://finance.yahoo.com/quote/HG=F,2026-09-03T13:09:38.096770+08:00
copper,2026-07-22,6.451000213623047,Yahoo public chart endpoint,https://finance.yahoo.com/quote/HG=F,2026-09-03T13:09:38.096770+08:00
copper,2026-07-23,6.304999828338623,Yahoo public chart endpoint,https://finance.yahoo.com/quote/HG=F,2026-09-03T13:09:38.096770+08:00
copper,2026-07-24,6.320000171661377,Yahoo public chart endpoint,https://finance.yahoo.com/quote/HG=F,2026-09-03T13:09:38.096770+08:00
copper,2026-07-27,6.339000225067139,Yahoo public chart endpoint,https://finance.yahoo.com/quote/HG=F,2026-09-03T13:09:38.096770+08:00
copper,2026-07-28,6.322000026702881,Yahoo public chart endpoint,https://finance.yahoo.com/quote/HG=F,2026-09-03T13:09:38.096770+08:00
copper,2026-07-29,6.273499965667725,Yahoo public chart endpoint,https://finance.yahoo.com/quote/HG=F,2026-09-03T13:09:38.096770+08:00
copper,2026-07-30,6.444499969482422,Yahoo public chart endpoint,https://finance.yahoo.com/quote/HG=F,2026-09-03T13:09:38.096770+08:00
copper,2026-07-31,6.435999870300293,Yahoo public chart endpoint,https://finance.yahoo.com/quote/HG=F,2026-09-03T13:09:38.096770+08:00
copper,2026-08-03,6.513999938964844,Yahoo public chart endpoint,https://finance.yahoo.com/quote/HG=F,2026-09-03T13:09:38.096770+08:00
copper,2026-08-04,6.618500232696533,Yahoo public chart endpoint,https://finance.yahoo.com/quote/HG=F,2026-09-03T13:09:38.096770+08:00
copper,2026-08-05,6.703000068664551,Yahoo public chart endpoint,https://finance.yahoo.com/quote/HG=F,2026-09-03T13:09:38.096770+08:00
copper,2026-08-06,6.686999797821045,Yahoo public chart endpoint,https://finance.yahoo.com/quote/HG=F,2026-09-03T13:09:38.096770+08:00
copper,2026-08-07,6.570499897003174,Yahoo public chart endpoint,https://finance.yahoo.com/quote/HG=F,2026-09-03T13:09:38.096770+08:00
copper,2026-08-10,6.5945000648498535,Yahoo public chart endpoint,https://finance.yahoo.com/quote/HG=F,2026-09-03T13:09:38.096770+08:00
copper,2026-08-11,6.611999988555908,Yahoo public chart endpoint,https://finance.yahoo.com/quote/HG=F,2026-09-03T13:09:38.096770+08:00
copper,2026-08-12,6.5970001220703125,Yahoo public chart endpoint,https://finance.yahoo.com/quote/HG=F,2026-09-03T13:09:38.096770+08:00
copper,2026-08-13,6.59250020980835,Yahoo public chart endpoint,https://finance.yahoo.com/quote/HG=F,2026-09-03T13:09:38.096770+08:00
copper,2026-08-14,6.5995001792907715,Yahoo public chart endpoint,https://finance.yahoo.com/quote/HG=F,2026-09-03T13:09:38.096770+08:00
copper,2026-08-17,6.604000091552734,Yahoo public chart endpoint,https://finance.yahoo.com/quote/HG=F,2026-09-03T13:09:38.096770+08:00
copper,2026-08-18,6.482500076293945,Yahoo public chart endpoint,https://finance.yahoo.com/quote/HG=F,2026-09-03T13:09:38.096770+08:00
copper,2026-08-19,6.487500190734863,Yahoo public chart endpoint,https://finance.yahoo.com/quote/HG=F,2026-09-03T13:09:38.096770+08:00
copper,2026-08-20,6.460000038146973,Yahoo public chart endpoint,https://finance.yahoo.com/quote/HG=F,2026-09-03T13:09:38.096770+08:00
copper,2026-08-21,6.579500198364258,Yahoo public chart endpoint,https://finance.yahoo.com/quote/HG=F,2026-09-03T13:09:38.096770+08:00
copper,2026-08-24,6.598999977111816,Yahoo public chart endpoint,https://finance.yahoo.com/quote/HG=F,2026-09-03T13:09:38.096770+08:00
copper,2026-08-25,6.709499835968018,Yahoo public chart endpoint,https://finance.yahoo.com/quote/HG=F,2026-09-03T13:09:38.096770+08:00
copper,2026-08-26,6.5945000648498535,Yahoo public chart endpoint,https://finance.yahoo.com/quote/HG=F,2026-09-03T13:09:38.096770+08:00
copper,2026-08-27,6.586999893188477,Yahoo public chart endpoint,https://finance.yahoo.com/quote/HG=F,2026-09-03T13:09:38.096770+08:00
copper,2026-08-28,6.561999797821045,Yahoo public chart endpoint,https://finance.yahoo.com/quote/HG=F,2026-09-03T13:09:38.096770+08:00
copper,2026-08-31,6.593500137329102,Yahoo public chart endpoint,https://finance.yahoo.com/quote/HG=F,2026-09-03T13:09:38.096770+08:00
copper,2026-09-01,6.506499767303467,Yahoo public chart endpoint,https://finance.yahoo.com/quote/HG=F,2026-09-03T13:09:38.096770+08:00
copper,2026-09-02,6.500999927520752,Yahoo public chart endpoint,https://finance.yahoo.com/quote/HG=F,2026-09-03T13:09:38.096770+08:00
copper,2026-09-03,6.609000205993652,Yahoo public chart endpoint,https://finance.yahoo.com/quote/HG=F,2026-09-03T13:09:38.096770+08:00
corn,2026-01-26,428.25,Yahoo public chart endpoint,https://finance.yahoo.com/quote/ZC=F,2026-09-03T13:09:38.096770+08:00
corn,2026-01-27,426.5,Yahoo public chart endpoint,https://finance.yahoo.com/quote/ZC=F,2026-09-03T13:09:38.096770+08:00
corn,2026-01-28,430.0,Yahoo public chart endpoint,https://finance.yahoo.com/quote/ZC=F,2026-09-03T13:09:38.096770+08:00
corn,2026-01-29,430.75,Yahoo public chart endpoint,https://finance.yahoo.com/quote/ZC=F,2026-09-03T13:09:38.096770+08:00
corn,2026-01-30,428.25,Yahoo public chart endpoint,https://finance.yahoo.com/quote/ZC=F,2026-09-03T13:09:38.096770+08:00
corn,2026-02-02,425.75,Yahoo public chart endpoint,https://finance.yahoo.com/quote/ZC=F,2026-09-03T13:09:38.096770+08:00
corn,2026-02-03,428.5,Yahoo public chart endpoint,https://finance.yahoo.com/quote/ZC=F,2026-09-03T13:09:38.096770+08:00
corn,2026-02-04,429.5,Yahoo public chart endpoint,https://finance.yahoo.com/quote/ZC=F,2026-09-03T13:09:38.096770+08:00
corn,2026-02-05,435.0,Yahoo public chart endpoint,https://finance.yahoo.com/quote/ZC=F,2026-09-03T13:09:38.096770+08:00
corn,2026-02-06,430.25,Yahoo public chart endpoint,https://finance.yahoo.com/quote/ZC=F,2026-09-03T13:09:38.096770+08:00
corn,2026-02-09,428.75,Yahoo public chart endpoint,https://finance.yahoo.com/quote/ZC=F,2026-09-03T13:09:38.096770+08:00
corn,2026-02-10,428.75,Yahoo public chart endpoint,https://finance.yahoo.com/quote/ZC=F,2026-09-03T13:09:38.096770+08:00
corn,2026-02-11,427.5,Yahoo public chart endpoint,https://finance.yahoo.com/quote/ZC=F,2026-09-03T13:09:38.096770+08:00
corn,2026-02-12,431.25,Yahoo public chart endpoint,https://finance.yahoo.com/quote/ZC=F,2026-09-03T13:09:38.096770+08:00
corn,2026-02-13,431.75,Yahoo public chart endpoint,https://finance.yahoo.com/quote/ZC=F,2026-09-03T13:09:38.096770+08:00
corn,2026-02-17,426.25,Yahoo public chart endpoint,https://finance.yahoo.com/quote/ZC=F,2026-09-03T13:09:38.096770+08:00
corn,2026-02-18,427.0,Yahoo public chart endpoint,https://finance.yahoo.com/quote/ZC=F,2026-09-03T13:09:38.096770+08:00
corn,2026-02-19,425.75,Yahoo public chart endpoint,https://finance.yahoo.com/quote/ZC=F,2026-09-03T13:09:38.096770+08:00
corn,2026-02-20,427.5,Yahoo public chart endpoint,https://finance.yahoo.com/quote/ZC=F,2026-09-03T13:09:38.096770+08:00
corn,2026-02-23,427.5,Yahoo public chart endpoint,https://finance.yahoo.com/quote/ZC=F,2026-09-03T13:09:38.096770+08:00
corn,2026-02-24,427.75,Yahoo public chart endpoint,https://finance.yahoo.com/quote/ZC=F,2026-09-03T13:09:38.096770+08:00
corn,2026-02-25,430.5,Yahoo public chart endpoint,https://finance.yahoo.com/quote/ZC=F,2026-09-03T13:09:38.096770+08:00
corn,2026-02-26,433.25,Yahoo public chart endpoint,https://finance.yahoo.com/quote/ZC=F,2026-09-03T13:09:38.096770+08:00
corn,2026-02-27,438.75,Yahoo public chart endpoint,https://finance.yahoo.com/quote/ZC=F,2026-09-03T13:09:38.096770+08:00
corn,2026-03-02,433.25,Yahoo public chart endpoint,https://finance.yahoo.com/quote/ZC=F,2026-09-03T13:09:38.096770+08:00
corn,2026-03-03,434.25,Yahoo public chart endpoint,https://finance.yahoo.com/quote/ZC=F,2026-09-03T13:09:38.096770+08:00
corn,2026-03-04,431.75,Yahoo public chart endpoint,https://finance.yahoo.com/quote/ZC=F,2026-09-03T13:09:38.096770+08:00
corn,2026-03-05,441.5,Yahoo public chart endpoint,https://finance.yahoo.com/quote/ZC=F,2026-09-03T13:09:38.096770+08:00
corn,2026-03-06,447.0,Yahoo public chart endpoint,https://finance.yahoo.com/quote/ZC=F,2026-09-03T13:09:38.096770+08:00
corn,2026-03-09,437.5,Yahoo public chart endpoint,https://finance.yahoo.com/quote/ZC=F,2026-09-03T13:09:38.096770+08:00
corn,2026-03-10,436.25,Yahoo public chart endpoint,https://finance.yahoo.com/quote/ZC=F,2026-09-03T13:09:38.096770+08:00
corn,2026-03-11,444.25,Yahoo public chart endpoint,https://finance.yahoo.com/quote/ZC=F,2026-09-03T13:09:38.096770+08:00
corn,2026-03-12,448.25,Yahoo public chart endpoint,https://finance.yahoo.com/quote/ZC=F,2026-09-03T13:09:38.096770+08:00
corn,2026-03-13,452.5,Yahoo public chart endpoint,https://finance.yahoo.com/quote/ZC=F,2026-09-03T13:09:38.096770+08:00
corn,2026-03-16,454.0,Yahoo public chart endpoint,https://finance.yahoo.com/quote/ZC=F,2026-09-03T13:09:38.096770+08:00
corn,2026-03-17,454.0,Yahoo public chart endpoint,https://finance.yahoo.com/quote/ZC=F,2026-09-03T13:09:38.096770+08:00
corn,2026-03-18,463.25,Yahoo public chart endpoint,https://finance.yahoo.com/quote/ZC=F,2026-09-03T13:09:38.096770+08:00
corn,2026-03-19,469.75,Yahoo public chart endpoint,https://finance.yahoo.com/quote/ZC=F,2026-09-03T13:09:38.096770+08:00
corn,2026-03-20,465.5,Yahoo public chart endpoint,https://finance.yahoo.com/quote/ZC=F,2026-09-03T13:09:38.096770+08:00
corn,2026-03-23,459.5,Yahoo public chart endpoint,https://finance.yahoo.com/quote/ZC=F,2026-09-03T13:09:38.096770+08:00
corn,2026-03-24,462.5,Yahoo public chart endpoint,https://finance.yahoo.com/quote/ZC=F,2026-09-03T13:09:38.096770+08:00
corn,2026-03-25,467.25,Yahoo public chart endpoint,https://finance.yahoo.com/quote/ZC=F,2026-09-03T13:09:38.096770+08:00
corn,2026-03-26,467.0,Yahoo public chart endpoint,https://finance.yahoo.com/quote/ZC=F,2026-09-03T13:09:38.096770+08:00
corn,2026-03-27,462.0,Yahoo public chart endpoint,https://finance.yahoo.com/quote/ZC=F,2026-09-03T13:09:38.096770+08:00
corn,2026-03-30,455.75,Yahoo public chart endpoint,https://finance.yahoo.com/quote/ZC=F,2026-09-03T13:09:38.096770+08:00
corn,2026-03-31,457.75,Yahoo public chart endpoint,https://finance.yahoo.com/quote/ZC=F,2026-09-03T13:09:38.096770+08:00
corn,2026-04-01,454.25,Yahoo public chart endpoint,https://finance.yahoo.com/quote/ZC=F,2026-09-03T13:09:38.096770+08:00
corn,2026-04-02,452.25,Yahoo public chart endpoint,https://finance.yahoo.com/quote/ZC=F,2026-09-03T13:09:38.096770+08:00
corn,2026-04-06,454.0,Yahoo public chart endpoint,https://finance.yahoo.com/quote/ZC=F,2026-09-03T13:09:38.096770+08:00
corn,2026-04-07,449.0,Yahoo public chart endpoint,https://finance.yahoo.com/quote/ZC=F,2026-09-03T13:09:38.096770+08:00
corn,2026-04-08,447.25,Yahoo public chart endpoint,https://finance.yahoo.com/quote/ZC=F,2026-09-03T13:09:38.096770+08:00
corn,2026-04-09,444.0,Yahoo public chart endpoint,https://finance.yahoo.com/quote/ZC=F,2026-09-03T13:09:38.096770+08:00
corn,2026-04-10,441.0,Yahoo public chart endpoint,https://finance.yahoo.com/quote/ZC=F,2026-09-03T13:09:38.096770+08:00
corn,2026-04-13,440.25,Yahoo public chart endpoint,https://finance.yahoo.com/quote/ZC=F,2026-09-03T13:09:38.096770+08:00
corn,2026-04-14,443.0,Yahoo public chart endpoint,https://finance.yahoo.com/quote/ZC=F,2026-09-03T13:09:38.096770+08:00
corn,2026-04-15,451.25,Yahoo public chart endpoint,https://finance.yahoo.com/quote/ZC=F,2026-09-03T13:09:38.096770+08:00
corn,2026-04-16,448.5,Yahoo public chart endpoint,https://finance.yahoo.com/quote/ZC=F,2026-09-03T13:09:38.096770+08:00
corn,2026-04-17,448.75,Yahoo public chart endpoint,https://finance.yahoo.com/quote/ZC=F,2026-09-03T13:09:38.096770+08:00
corn,2026-04-20,452.0,Yahoo public chart endpoint,https://finance.yahoo.com/quote/ZC=F,2026-09-03T13:09:38.096770+08:00
corn,2026-04-21,453.75,Yahoo public chart endpoint,https://finance.yahoo.com/quote/ZC=F,2026-09-03T13:09:38.096770+08:00
corn,2026-04-22,454.25,Yahoo public chart endpoint,https://finance.yahoo.com/quote/ZC=F,2026-09-03T13:09:38.096770+08:00
corn,2026-04-23,455.5,Yahoo public chart endpoint,https://finance.yahoo.com/quote/ZC=F,2026-09-03T13:09:38.096770+08:00
corn,2026-04-24,455.0,Yahoo public chart endpoint,https://finance.yahoo.com/quote/ZC=F,2026-09-03T13:09:38.096770+08:00
corn,2026-04-27,460.75,Yahoo public chart endpoint,https://finance.yahoo.com/quote/ZC=F,2026-09-03T13:09:38.096770+08:00
corn,2026-04-28,465.25,Yahoo public chart endpoint,https://finance.yahoo.com/quote/ZC=F,2026-09-03T13:09:38.096770+08:00
corn,2026-04-29,466.5,Yahoo public chart endpoint,https://finance.yahoo.com/quote/ZC=F,2026-09-03T13:09:38.096770+08:00
corn,2026-04-30,464.75,Yahoo public chart endpoint,https://finance.yahoo.com/quote/ZC=F,2026-09-03T13:09:38.096770+08:00
corn,2026-05-01,468.25,Yahoo public chart endpoint,https://finance.yahoo.com/quote/ZC=F,2026-09-03T13:09:38.096770+08:00
corn,2026-05-04,473.75,Yahoo public chart endpoint,https://finance.yahoo.com/quote/ZC=F,2026-09-03T13:09:38.096770+08:00
corn,2026-05-05,465.5,Yahoo public chart endpoint,https://finance.yahoo.com/quote/ZC=F,2026-09-03T13:09:38.096770+08:00
corn,2026-05-06,452.75,Yahoo public chart endpoint,https://finance.yahoo.com/quote/ZC=F,2026-09-03T13:09:38.096770+08:00
corn,2026-05-07,452.75,Yahoo public chart endpoint,https://finance.yahoo.com/quote/ZC=F,2026-09-03T13:09:38.096770+08:00
corn,2026-05-08,456.25,Yahoo public chart endpoint,https://finance.yahoo.com/quote/ZC=F,2026-09-03T13:09:38.096770+08:00
corn,2026-05-11,460.75,Yahoo public chart endpoint,https://finance.yahoo.com/quote/ZC=F,2026-09-03T13:09:38.096770+08:00
corn,2026-05-12,467.25,Yahoo public chart endpoint,https://finance.yahoo.com/quote/ZC=F,2026-09-03T13:09:38.096770+08:00
corn,2026-05-13,466.5,Yahoo public chart endpoint,https://finance.yahoo.com/quote/ZC=F,2026-09-03T13:09:38.096770+08:00
corn,2026-05-14,451.5,Yahoo public chart endpoint,https://finance.yahoo.com/quote/ZC=F,2026-09-03T13:09:38.096770+08:00
corn,2026-05-15,455.75,Yahoo public chart endpoint,https://finance.yahoo.com/quote/ZC=F,2026-09-03T13:09:38.096770+08:00
corn,2026-05-18,477.0,Yahoo public chart endpoint,https://finance.yahoo.com/quote/ZC=F,2026-09-03T13:09:38.096770+08:00
corn,2026-05-19,475.25,Yahoo public chart endpoint,https://finance.yahoo.com/quote/ZC=F,2026-09-03T13:09:38.096770+08:00
corn,2026-05-20,465.75,Yahoo public chart endpoint,https://finance.yahoo.com/quote/ZC=F,2026-09-03T13:09:38.096770+08:00
corn,2026-05-21,462.25,Yahoo public chart endpoint,https://finance.yahoo.com/quote/ZC=F,2026-09-03T13:09:38.096770+08:00
corn,2026-05-22,463.25,Yahoo public chart endpoint,https://finance.yahoo.com/quote/ZC=F,2026-09-03T13:09:38.096770+08:00
corn,2026-05-26,457.5,Yahoo public chart endpoint,https://finance.yahoo.com/quote/ZC=F,2026-09-03T13:09:38.096770+08:00
corn,2026-05-27,452.5,Yahoo public chart endpoint,https://finance.yahoo.com/quote/ZC=F,2026-09-03T13:09:38.096770+08:00
corn,2026-05-28,455.75,Yahoo public chart endpoint,https://finance.yahoo.com/quote/ZC=F,2026-09-03T13:09:38.096770+08:00
corn,2026-05-29,446.75,Yahoo public chart endpoint,https://finance.yahoo.com/quote/ZC=F,2026-09-03T13:09:38.096770+08:00
corn,2026-06-01,444.0,Yahoo public chart endpoint,https://finance.yahoo.com/quote/ZC=F,2026-09-03T13:09:38.096770+08:00
corn,2026-06-02,440.5,Yahoo public chart endpoint,https://finance.yahoo.com/quote/ZC=F,2026-09-03T13:09:38.096770+08:00
corn,2026-06-03,431.5,Yahoo public chart endpoint,https://finance.yahoo.com/quote/ZC=F,2026-09-03T13:09:38.096770+08:00
corn,2026-06-04,424.5,Yahoo public chart endpoint,https://finance.yahoo.com/quote/ZC=F,2026-09-03T13:09:38.096770+08:00
corn,2026-06-05,417.5,Yahoo public chart endpoint,https://finance.yahoo.com/quote/ZC=F,2026-09-03T13:09:38.096770+08:00
corn,2026-06-08,418.75,Yahoo public chart endpoint,https://finance.yahoo.com/quote/ZC=F,2026-09-03T13:09:38.096770+08:00
corn,2026-06-09,419.5,Yahoo public chart endpoint,https://finance.yahoo.com/quote/ZC=F,2026-09-03T13:09:38.096770+08:00
corn,2026-06-10,419.0,Yahoo public chart endpoint,https://finance.yahoo.com/quote/ZC=F,2026-09-03T13:09:38.096770+08:00
corn,2026-06-11,411.75,Yahoo public chart endpoint,https://finance.yahoo.com/quote/ZC=F,2026-09-03T13:09:38.096770+08:00
corn,2026-06-12,412.75,Yahoo public chart endpoint,https://finance.yahoo.com/quote/ZC=F,2026-09-03T13:09:38.096770+08:00
corn,2026-06-15,415.5,Yahoo public chart endpoint,https://finance.yahoo.com/quote/ZC=F,2026-09-03T13:09:38.096770+08:00
corn,2026-06-16,413.75,Yahoo public chart endpoint,https://finance.yahoo.com/quote/ZC=F,2026-09-03T13:09:38.096770+08:00
corn,2026-06-17,421.0,Yahoo public chart endpoint,https://finance.yahoo.com/quote/ZC=F,2026-09-03T13:09:38.096770+08:00
corn,2026-06-18,417.5,Yahoo public chart endpoint,https://finance.yahoo.com/quote/ZC=F,2026-09-03T13:09:38.096770+08:00
corn,2026-06-22,411.5,Yahoo public chart endpoint,https://finance.yahoo.com/quote/ZC=F,2026-09-03T13:09:38.096770+08:00
corn,2026-06-23,409.75,Yahoo public chart endpoint,https://finance.yahoo.com/quote/ZC=F,2026-09-03T13:09:38.096770+08:00
corn,2026-06-24,407.0,Yahoo public chart endpoint,https://finance.yahoo.com/quote/ZC=F,2026-09-03T13:09:38.096770+08:00
corn,2026-06-25,414.75,Yahoo public chart endpoint,https://finance.yahoo.com/quote/ZC=F,2026-09-03T13:09:38.096770+08:00
corn,2026-06-26,412.75,Yahoo public chart endpoint,https://finance.yahoo.com/quote/ZC=F,2026-09-03T13:09:38.096770+08:00
corn,2026-06-29,402.0,Yahoo public chart endpoint,https://finance.yahoo.com/quote/ZC=F,2026-09-03T13:09:38.096770+08:00
corn,2026-06-30,412.75,Yahoo public chart endpoint,https://finance.yahoo.com/quote/ZC=F,2026-09-03T13:09:38.096770+08:00
corn,2026-07-01,421.0,Yahoo public chart endpoint,https://finance.yahoo.com/quote/ZC=F,2026-09-03T13:09:38.096770+08:00
corn,2026-07-02,425.0,Yahoo public chart endpoint,https://finance.yahoo.com/quote/ZC=F,2026-09-03T13:09:38.096770+08:00
corn,2026-07-06,440.75,Yahoo public chart endpoint,https://finance.yahoo.com/quote/ZC=F,2026-09-03T13:09:38.096770+08:00
corn,2026-07-07,442.5,Yahoo public chart endpoint,https://finance.yahoo.com/quote/ZC=F,2026-09-03T13:09:38.096770+08:00
corn,2026-07-08,434.75,Yahoo public chart endpoint,https://finance.yahoo.com/quote/ZC=F,2026-09-03T13:09:38.096770+08:00
corn,2026-07-09,427.75,Yahoo public chart endpoint,https://finance.yahoo.com/quote/ZC=F,2026-09-03T13:09:38.096770+08:00
corn,2026-07-10,438.0,Yahoo public chart endpoint,https://finance.yahoo.com/quote/ZC=F,2026-09-03T13:09:38.096770+08:00
corn,2026-07-13,437.75,Yahoo public chart endpoint,https://finance.yahoo.com/quote/ZC=F,2026-09-03T13:09:38.096770+08:00
corn,2026-07-14,433.75,Yahoo public chart endpoint,https://finance.yahoo.com/quote/ZC=F,2026-09-03T13:09:38.096770+08:00
corn,2026-07-15,447.5,Yahoo public chart endpoint,https://finance.yahoo.com/quote/ZC=F,2026-09-03T13:09:38.096770+08:00
corn,2026-07-16,441.5,Yahoo public chart endpoint,https://finance.yahoo.com/quote/ZC=F,2026-09-03T13:09:38.096770+08:00
corn,2026-07-17,444.75,Yahoo public chart endpoint,https://finance.yahoo.com/quote/ZC=F,2026-09-03T13:09:38.096770+08:00
corn,2026-07-20,449.5,Yahoo public chart endpoint,https://finance.yahoo.com/quote/ZC=F,2026-09-03T13:09:38.096770+08:00
corn,2026-07-21,452.75,Yahoo public chart endpoint,https://finance.yahoo.com/quote/ZC=F,2026-09-03T13:09:38.096770+08:00
corn,2026-07-22,462.0,Yahoo public chart endpoint,https://finance.yahoo.com/quote/ZC=F,2026-09-03T13:09:38.096770+08:00
corn,2026-07-23,464.0,Yahoo public chart endpoint,https://finance.yahoo.com/quote/ZC=F,2026-09-03T13:09:38.096770+08:00
corn,2026-07-24,464.25,Yahoo public chart endpoint,https://finance.yahoo.com/quote/ZC=F,2026-09-03T13:09:38.096770+08:00
corn,2026-07-27,451.75,Yahoo public chart endpoint,https://finance.yahoo.com/quote/ZC=F,2026-09-03T13:09:38.096770+08:00
corn,2026-07-28,458.5,Yahoo public chart endpoint,https://finance.yahoo.com/quote/ZC=F,2026-09-03T13:09:38.096770+08:00
corn,2026-07-29,449.0,Yahoo public chart endpoint,https://finance.yahoo.com/quote/ZC=F,2026-09-03T13:09:38.096770+08:00
corn,2026-07-30,445.75,Yahoo public chart endpoint,https://finance.yahoo.com/quote/ZC=F,2026-09-03T13:09:38.096770+08:00
corn,2026-07-31,440.75,Yahoo public chart endpoint,https://finance.yahoo.com/quote/ZC=F,2026-09-03T13:09:38.096770+08:00
corn,2026-08-03,449.25,Yahoo public chart endpoint,https://finance.yahoo.com/quote/ZC=F,2026-09-03T13:09:38.096770+08:00
corn,2026-08-04,442.25,Yahoo public chart endpoint,https://finance.yahoo.com/quote/ZC=F,2026-09-03T13:09:38.096770+08:00
corn,2026-08-05,436.75,Yahoo public chart endpoint,https://finance.yahoo.com/quote/ZC=F,2026-09-03T13:09:38.096770+08:00
corn,2026-08-06,439.0,Yahoo public chart endpoint,https://finance.yahoo.com/quote/ZC=F,2026-09-03T13:09:38.096770+08:00
corn,2026-08-07,439.0,Yahoo public chart endpoint,https://finance.yahoo.com/quote/ZC=F,2026-09-03T13:09:38.096770+08:00
corn,2026-08-10,438.25,Yahoo public chart endpoint,https://finance.yahoo.com/quote/ZC=F,2026-09-03T13:09:38.096770+08:00
corn,2026-08-11,436.75,Yahoo public chart endpoint,https://finance.yahoo.com/quote/ZC=F,2026-09-03T13:09:38.096770+08:00
corn,2026-08-12,457.0,Yahoo public chart endpoint,https://finance.yahoo.com/quote/ZC=F,2026-09-03T13:09:38.096770+08:00
corn,2026-08-13,448.0,Yahoo public chart endpoint,https://finance.yahoo.com/quote/ZC=F,2026-09-03T13:09:38.096770+08:00
corn,2026-08-14,459.0,Yahoo public chart endpoint,https://finance.yahoo.com/quote/ZC=F,2026-09-03T13:09:38.096770+08:00
corn,2026-08-17,465.0,Yahoo public chart endpoint,https://finance.yahoo.com/quote/ZC=F,2026-09-03T13:09:38.096770+08:00
corn,2026-08-18,463.25,Yahoo public chart endpoint,https://finance.yahoo.com/quote/ZC=F,2026-09-03T13:09:38.096770+08:00
corn,2026-08-19,473.0,Yahoo public chart endpoint,https://finance.yahoo.com/quote/ZC=F,2026-09-03T13:09:38.096770+08:00
corn,2026-08-20,478.75,Yahoo public chart endpoint,https://finance.yahoo.com/quote/ZC=F,2026-09-03T13:09:38.096770+08:00
corn,2026-08-21,483.75,Yahoo public chart endpoint,https://finance.yahoo.com/quote/ZC=F,2026-09-03T13:09:38.096770+08:00
corn,2026-08-24,491.5,Yahoo public chart endpoint,https://finance.yahoo.com/quote/ZC=F,2026-09-03T13:09:38.096770+08:00
corn,2026-08-25,500.5,Yahoo public chart endpoint,https://finance.yahoo.com/quote/ZC=F,2026-09-03T13:09:38.096770+08:00
corn,2026-08-26,514.0,Yahoo public chart endpoint,https://finance.yahoo.com/quote/ZC=F,2026-09-03T13:09:38.096770+08:00
corn,2026-08-27,510.25,Yahoo public chart endpoint,https://finance.yahoo.com/quote/ZC=F,2026-09-03T13:09:38.096770+08:00
corn,2026-08-28,512.0,Yahoo public chart endpoint,https://finance.yahoo.com/quote/ZC=F,2026-09-03T13:09:38.096770+08:00
corn,2026-08-31,515.0,Yahoo public chart endpoint,https://finance.yahoo.com/quote/ZC=F,2026-09-03T13:09:38.096770+08:00
corn,2026-09-01,521.5,Yahoo public chart endpoint,https://finance.yahoo.com/quote/ZC=F,2026-09-03T13:09:38.096770+08:00
corn,2026-09-02,518.75,Yahoo public chart endpoint,https://finance.yahoo.com/quote/ZC=F,2026-09-03T13:09:38.096770+08:00
corn,2026-09-03,541.0,Yahoo public chart endpoint,https://finance.yahoo.com/quote/ZC=F,2026-09-03T13:09:38.096770+08:00
cotton,2026-01-26,62.970001220703125,Yahoo public chart endpoint,https://finance.yahoo.com/quote/CT=F,2026-09-03T13:09:38.096770+08:00
cotton,2026-01-27,63.83000183105469,Yahoo public chart endpoint,https://finance.yahoo.com/quote/CT=F,2026-09-03T13:09:38.096770+08:00
cotton,2026-01-28,63.72999954223633,Yahoo public chart endpoint,https://finance.yahoo.com/quote/CT=F,2026-09-03T13:09:38.096770+08:00
cotton,2026-01-29,63.47999954223633,Yahoo public chart endpoint,https://finance.yahoo.com/quote/CT=F,2026-09-03T13:09:38.096770+08:00
cotton,2026-01-30,63.16999816894531,Yahoo public chart endpoint,https://finance.yahoo.com/quote/CT=F,2026-09-03T13:09:38.096770+08:00
cotton,2026-02-02,62.66999816894531,Yahoo public chart endpoint,https://finance.yahoo.com/quote/CT=F,2026-09-03T13:09:38.096770+08:00
cotton,2026-02-03,62.310001373291016,Yahoo public chart endpoint,https://finance.yahoo.com/quote/CT=F,2026-09-03T13:09:38.096770+08:00
cotton,2026-02-04,62.2400016784668,Yahoo public chart endpoint,https://finance.yahoo.com/quote/CT=F,2026-09-03T13:09:38.096770+08:00
cotton,2026-02-05,61.7599983215332,Yahoo public chart endpoint,https://finance.yahoo.com/quote/CT=F,2026-09-03T13:09:38.096770+08:00
cotton,2026-02-06,61.060001373291016,Yahoo public chart endpoint,https://finance.yahoo.com/quote/CT=F,2026-09-03T13:09:38.096770+08:00
cotton,2026-02-09,61.61000061035156,Yahoo public chart endpoint,https://finance.yahoo.com/quote/CT=F,2026-09-03T13:09:38.096770+08:00
cotton,2026-02-10,61.59000015258789,Yahoo public chart endpoint,https://finance.yahoo.com/quote/CT=F,2026-09-03T13:09:38.096770+08:00
cotton,2026-02-11,61.9900016784668,Yahoo public chart endpoint,https://finance.yahoo.com/quote/CT=F,2026-09-03T13:09:38.096770+08:00
cotton,2026-02-12,62.290000915527344,Yahoo public chart endpoint,https://finance.yahoo.com/quote/CT=F,2026-09-03T13:09:38.096770+08:00
cotton,2026-02-13,62.11000061035156,Yahoo public chart endpoint,https://finance.yahoo.com/quote/CT=F,2026-09-03T13:09:38.096770+08:00
cotton,2026-02-17,61.52000045776367,Yahoo public chart endpoint,https://finance.yahoo.com/quote/CT=F,2026-09-03T13:09:38.096770+08:00
cotton,2026-02-18,61.54999923706055,Yahoo public chart endpoint,https://finance.yahoo.com/quote/CT=F,2026-09-03T13:09:38.096770+08:00
cotton,2026-02-19,61.93000030517578,Yahoo public chart endpoint,https://finance.yahoo.com/quote/CT=F,2026-09-03T13:09:38.096770+08:00
cotton,2026-02-20,63.029998779296875,Yahoo public chart endpoint,https://finance.yahoo.com/quote/CT=F,2026-09-03T13:09:38.096770+08:00
cotton,2026-02-23,63.560001373291016,Yahoo public chart endpoint,https://finance.yahoo.com/quote/CT=F,2026-09-03T13:09:38.096770+08:00
cotton,2026-02-24,63.560001373291016,Yahoo public chart endpoint,https://finance.yahoo.com/quote/CT=F,2026-09-03T13:09:38.096770+08:00
cotton,2026-02-25,64.16999816894531,Yahoo public chart endpoint,https://finance.yahoo.com/quote/CT=F,2026-09-03T13:09:38.096770+08:00
cotton,2026-02-26,63.36000061035156,Yahoo public chart endpoint,https://finance.yahoo.com/quote/CT=F,2026-09-03T13:09:38.096770+08:00
cotton,2026-02-27,63.61000061035156,Yahoo public chart endpoint,https://finance.yahoo.com/quote/CT=F,2026-09-03T13:09:38.096770+08:00
cotton,2026-03-02,62.59000015258789,Yahoo public chart endpoint,https://finance.yahoo.com/quote/CT=F,2026-09-03T13:09:38.096770+08:00
cotton,2026-03-03,62.040000915527344,Yahoo public chart endpoint,https://finance.yahoo.com/quote/CT=F,2026-09-03T13:09:38.096770+08:00
cotton,2026-03-04,62.15999984741211,Yahoo public chart endpoint,https://finance.yahoo.com/quote/CT=F,2026-09-03T13:09:38.096770+08:00
cotton,2026-03-05,63.029998779296875,Yahoo public chart endpoint,https://finance.yahoo.com/quote/CT=F,2026-09-03T13:09:38.096770+08:00
cotton,2026-03-06,63.189998626708984,Yahoo public chart endpoint,https://finance.yahoo.com/quote/CT=F,2026-09-03T13:09:38.096770+08:00
cotton,2026-03-09,63.59000015258789,Yahoo public chart endpoint,https://finance.yahoo.com/quote/CT=F,2026-09-03T13:09:38.096770+08:00
cotton,2026-03-10,65.30000305175781,Yahoo public chart endpoint,https://finance.yahoo.com/quote/CT=F,2026-09-03T13:09:38.096770+08:00
cotton,2026-03-11,65.16999816894531,Yahoo public chart endpoint,https://finance.yahoo.com/quote/CT=F,2026-09-03T13:09:38.096770+08:00
cotton,2026-03-12,65.13999938964844,Yahoo public chart endpoint,https://finance.yahoo.com/quote/CT=F,2026-09-03T13:09:38.096770+08:00
cotton,2026-03-13,65.8499984741211,Yahoo public chart endpoint,https://finance.yahoo.com/quote/CT=F,2026-09-03T13:09:38.096770+08:00
cotton,2026-03-16,68.19000244140625,Yahoo public chart endpoint,https://finance.yahoo.com/quote/CT=F,2026-09-03T13:09:38.096770+08:00
cotton,2026-03-17,68.7699966430664,Yahoo public chart endpoint,https://finance.yahoo.com/quote/CT=F,2026-09-03T13:09:38.096770+08:00
cotton,2026-03-18,68.69999694824219,Yahoo public chart endpoint,https://finance.yahoo.com/quote/CT=F,2026-09-03T13:09:38.096770+08:00
cotton,2026-03-19,67.66999816894531,Yahoo public chart endpoint,https://finance.yahoo.com/quote/CT=F,2026-09-03T13:09:38.096770+08:00
cotton,2026-03-20,67.30999755859375,Yahoo public chart endpoint,https://finance.yahoo.com/quote/CT=F,2026-09-03T13:09:38.096770+08:00
cotton,2026-03-23,67.18000030517578,Yahoo public chart endpoint,https://finance.yahoo.com/quote/CT=F,2026-09-03T13:09:38.096770+08:00
cotton,2026-03-24,67.62000274658203,Yahoo public chart endpoint,https://finance.yahoo.com/quote/CT=F,2026-09-03T13:09:38.096770+08:00
cotton,2026-03-25,68.18000030517578,Yahoo public chart endpoint,https://finance.yahoo.com/quote/CT=F,2026-09-03T13:09:38.096770+08:00
cotton,2026-03-26,69.41000366210938,Yahoo public chart endpoint,https://finance.yahoo.com/quote/CT=F,2026-09-03T13:09:38.096770+08:00
cotton,2026-03-27,69.45999908447266,Yahoo public chart endpoint,https://finance.yahoo.com/quote/CT=F,2026-09-03T13:09:38.096770+08:00
cotton,2026-03-30,70.19000244140625,Yahoo public chart endpoint,https://finance.yahoo.com/quote/CT=F,2026-09-03T13:09:38.096770+08:00
cotton,2026-03-31,70.0,Yahoo public chart endpoint,https://finance.yahoo.com/quote/CT=F,2026-09-03T13:09:38.096770+08:00
cotton,2026-04-01,70.76000213623047,Yahoo public chart endpoint,https://finance.yahoo.com/quote/CT=F,2026-09-03T13:09:38.096770+08:00
cotton,2026-04-02,70.91999816894531,Yahoo public chart endpoint,https://finance.yahoo.com/quote/CT=F,2026-09-03T13:09:38.096770+08:00
cotton,2026-04-06,71.66999816894531,Yahoo public chart endpoint,https://finance.yahoo.com/quote/CT=F,2026-09-03T13:09:38.096770+08:00
cotton,2026-04-07,71.30999755859375,Yahoo public chart endpoint,https://finance.yahoo.com/quote/CT=F,2026-09-03T13:09:38.096770+08:00
cotton,2026-04-08,71.66999816894531,Yahoo public chart endpoint,https://finance.yahoo.com/quote/CT=F,2026-09-03T13:09:38.096770+08:00
cotton,2026-04-09,73.26000213623047,Yahoo public chart endpoint,https://finance.yahoo.com/quote/CT=F,2026-09-03T13:09:38.096770+08:00
cotton,2026-04-10,73.22000122070312,Yahoo public chart endpoint,https://finance.yahoo.com/quote/CT=F,2026-09-03T13:09:38.096770+08:00
cotton,2026-04-13,74.52999877929688,Yahoo public chart endpoint,https://finance.yahoo.com/quote/CT=F,2026-09-03T13:09:38.096770+08:00
cotton,2026-04-14,74.33999633789062,Yahoo public chart endpoint,https://finance.yahoo.com/quote/CT=F,2026-09-03T13:09:38.096770+08:00
cotton,2026-04-15,75.11000061035156,Yahoo public chart endpoint,https://finance.yahoo.com/quote/CT=F,2026-09-03T13:09:38.096770+08:00
cotton,2026-04-16,75.69999694824219,Yahoo public chart endpoint,https://finance.yahoo.com/quote/CT=F,2026-09-03T13:09:38.096770+08:00
cotton,2026-04-17,77.4000015258789,Yahoo public chart endpoint,https://finance.yahoo.com/quote/CT=F,2026-09-03T13:09:38.096770+08:00
cotton,2026-04-20,77.5999984741211,Yahoo public chart endpoint,https://finance.yahoo.com/quote/CT=F,2026-09-03T13:09:38.096770+08:00
cotton,2026-04-21,78.26000213623047,Yahoo public chart endpoint,https://finance.yahoo.com/quote/CT=F,2026-09-03T13:09:38.096770+08:00
cotton,2026-04-22,76.33000183105469,Yahoo public chart endpoint,https://finance.yahoo.com/quote/CT=F,2026-09-03T13:09:38.096770+08:00
cotton,2026-04-23,76.80000305175781,Yahoo public chart endpoint,https://finance.yahoo.com/quote/CT=F,2026-09-03T13:09:38.096770+08:00
cotton,2026-04-24,77.0,Yahoo public chart endpoint,https://finance.yahoo.com/quote/CT=F,2026-09-03T13:09:38.096770+08:00
cotton,2026-04-27,77.33000183105469,Yahoo public chart endpoint,https://finance.yahoo.com/quote/CT=F,2026-09-03T13:09:38.096770+08:00
cotton,2026-04-28,77.33999633789062,Yahoo public chart endpoint,https://finance.yahoo.com/quote/CT=F,2026-09-03T13:09:38.096770+08:00
cotton,2026-04-29,76.86000061035156,Yahoo public chart endpoint,https://finance.yahoo.com/quote/CT=F,2026-09-03T13:09:38.096770+08:00
cotton,2026-04-30,79.86000061035156,Yahoo public chart endpoint,https://finance.yahoo.com/quote/CT=F,2026-09-03T13:09:38.096770+08:00
cotton,2026-05-01,81.8499984741211,Yahoo public chart endpoint,https://finance.yahoo.com/quote/CT=F,2026-09-03T13:09:38.096770+08:00
cotton,2026-05-04,80.58000183105469,Yahoo public chart endpoint,https://finance.yahoo.com/quote/CT=F,2026-09-03T13:09:38.096770+08:00
cotton,2026-05-05,82.45999908447266,Yahoo public chart endpoint,https://finance.yahoo.com/quote/CT=F,2026-09-03T13:09:38.096770+08:00
cotton,2026-05-06,81.70999908447266,Yahoo public chart endpoint,https://finance.yahoo.com/quote/CT=F,2026-09-03T13:09:38.096770+08:00
cotton,2026-05-07,83.0,Yahoo public chart endpoint,https://finance.yahoo.com/quote/CT=F,2026-09-03T13:09:38.096770+08:00
cotton,2026-05-08,84.7300033569336,Yahoo public chart endpoint,https://finance.yahoo.com/quote/CT=F,2026-09-03T13:09:38.096770+08:00
cotton,2026-05-11,87.7699966430664,Yahoo public chart endpoint,https://finance.yahoo.com/quote/CT=F,2026-09-03T13:09:38.096770+08:00
cotton,2026-05-12,86.31999969482422,Yahoo public chart endpoint,https://finance.yahoo.com/quote/CT=F,2026-09-03T13:09:38.096770+08:00
cotton,2026-05-13,86.80999755859375,Yahoo public chart endpoint,https://finance.yahoo.com/quote/CT=F,2026-09-03T13:09:38.096770+08:00
cotton,2026-05-14,83.94000244140625,Yahoo public chart endpoint,https://finance.yahoo.com/quote/CT=F,2026-09-03T13:09:38.096770+08:00
cotton,2026-05-15,80.61000061035156,Yahoo public chart endpoint,https://finance.yahoo.com/quote/CT=F,2026-09-03T13:09:38.096770+08:00
cotton,2026-05-18,83.69999694824219,Yahoo public chart endpoint,https://finance.yahoo.com/quote/CT=F,2026-09-03T13:09:38.096770+08:00
cotton,2026-05-19,82.33000183105469,Yahoo public chart endpoint,https://finance.yahoo.com/quote/CT=F,2026-09-03T13:09:38.096770+08:00
cotton,2026-05-20,81.5999984741211,Yahoo public chart endpoint,https://finance.yahoo.com/quote/CT=F,2026-09-03T13:09:38.096770+08:00
cotton,2026-05-21,77.9800033569336,Yahoo public chart endpoint,https://finance.yahoo.com/quote/CT=F,2026-09-03T13:09:38.096770+08:00
cotton,2026-05-22,77.41999816894531,Yahoo public chart endpoint,https://finance.yahoo.com/quote/CT=F,2026-09-03T13:09:38.096770+08:00
cotton,2026-05-26,77.37000274658203,Yahoo public chart endpoint,https://finance.yahoo.com/quote/CT=F,2026-09-03T13:09:38.096770+08:00
cotton,2026-05-27,76.16000366210938,Yahoo public chart endpoint,https://finance.yahoo.com/quote/CT=F,2026-09-03T13:09:38.096770+08:00
cotton,2026-05-28,76.7699966430664,Yahoo public chart endpoint,https://finance.yahoo.com/quote/CT=F,2026-09-03T13:09:38.096770+08:00
cotton,2026-05-29,76.1500015258789,Yahoo public chart endpoint,https://finance.yahoo.com/quote/CT=F,2026-09-03T13:09:38.096770+08:00
cotton,2026-06-01,76.63999938964844,Yahoo public chart endpoint,https://finance.yahoo.com/quote/CT=F,2026-09-03T13:09:38.096770+08:00
cotton,2026-06-02,77.04000091552734,Yahoo public chart endpoint,https://finance.yahoo.com/quote/CT=F,2026-09-03T13:09:38.096770+08:00
cotton,2026-06-03,76.7300033569336,Yahoo public chart endpoint,https://finance.yahoo.com/quote/CT=F,2026-09-03T13:09:38.096770+08:00
cotton,2026-06-04,74.88999938964844,Yahoo public chart endpoint,https://finance.yahoo.com/quote/CT=F,2026-09-03T13:09:38.096770+08:00
cotton,2026-06-05,73.75,Yahoo public chart endpoint,https://finance.yahoo.com/quote/CT=F,2026-09-03T13:09:38.096770+08:00
cotton,2026-06-08,73.38999938964844,Yahoo public chart endpoint,https://finance.yahoo.com/quote/CT=F,2026-09-03T13:09:38.096770+08:00
cotton,2026-06-09,71.26000213623047,Yahoo public chart endpoint,https://finance.yahoo.com/quote/CT=F,2026-09-03T13:09:38.096770+08:00
cotton,2026-06-10,71.0999984741211,Yahoo public chart endpoint,https://finance.yahoo.com/quote/CT=F,2026-09-03T13:09:38.096770+08:00
cotton,2026-06-11,72.48999786376953,Yahoo public chart endpoint,https://finance.yahoo.com/quote/CT=F,2026-09-03T13:09:38.096770+08:00
cotton,2026-06-12,72.94000244140625,Yahoo public chart endpoint,https://finance.yahoo.com/quote/CT=F,2026-09-03T13:09:38.096770+08:00
cotton,2026-06-15,73.43000030517578,Yahoo public chart endpoint,https://finance.yahoo.com/quote/CT=F,2026-09-03T13:09:38.096770+08:00
cotton,2026-06-16,75.01000213623047,Yahoo public chart endpoint,https://finance.yahoo.com/quote/CT=F,2026-09-03T13:09:38.096770+08:00
cotton,2026-06-17,76.9000015258789,Yahoo public chart endpoint,https://finance.yahoo.com/quote/CT=F,2026-09-03T13:09:38.096770+08:00
cotton,2026-06-18,76.05000305175781,Yahoo public chart endpoint,https://finance.yahoo.com/quote/CT=F,2026-09-03T13:09:38.096770+08:00
cotton,2026-06-22,75.20999908447266,Yahoo public chart endpoint,https://finance.yahoo.com/quote/CT=F,2026-09-03T13:09:38.096770+08:00
cotton,2026-06-23,73.95999908447266,Yahoo public chart endpoint,https://finance.yahoo.com/quote/CT=F,2026-09-03T13:09:38.096770+08:00
cotton,2026-06-24,72.08999633789062,Yahoo public chart endpoint,https://finance.yahoo.com/quote/CT=F,2026-09-03T13:09:38.096770+08:00
cotton,2026-06-25,73.4000015258789,Yahoo public chart endpoint,https://finance.yahoo.com/quote/CT=F,2026-09-03T13:09:38.096770+08:00
cotton,2026-06-26,71.66000366210938,Yahoo public chart endpoint,https://finance.yahoo.com/quote/CT=F,2026-09-03T13:09:38.096770+08:00
cotton,2026-06-29,72.0,Yahoo public chart endpoint,https://finance.yahoo.com/quote/CT=F,2026-09-03T13:09:38.096770+08:00
cotton,2026-06-30,72.22000122070312,Yahoo public chart endpoint,https://finance.yahoo.com/quote/CT=F,2026-09-03T13:09:38.096770+08:00
cotton,2026-07-01,73.27999877929688,Yahoo public chart endpoint,https://finance.yahoo.com/quote/CT=F,2026-09-03T13:09:38.096770+08:00
cotton,2026-07-02,72.56999969482422,Yahoo public chart endpoint,https://finance.yahoo.com/quote/CT=F,2026-09-03T13:09:38.096770+08:00
cotton,2026-07-06,73.94999694824219,Yahoo public chart endpoint,https://finance.yahoo.com/quote/CT=F,2026-09-03T13:09:38.096770+08:00
cotton,2026-07-07,76.94000244140625,Yahoo public chart endpoint,https://finance.yahoo.com/quote/CT=F,2026-09-03T13:09:38.096770+08:00
cotton,2026-07-08,76.20999908447266,Yahoo public chart endpoint,https://finance.yahoo.com/quote/CT=F,2026-09-03T13:09:38.096770+08:00
cotton,2026-07-09,76.16000366210938,Yahoo public chart endpoint,https://finance.yahoo.com/quote/CT=F,2026-09-03T13:09:38.096770+08:00
cotton,2026-07-10,79.91999816894531,Yahoo public chart endpoint,https://finance.yahoo.com/quote/CT=F,2026-09-03T13:09:38.096770+08:00
cotton,2026-07-13,79.83000183105469,Yahoo public chart endpoint,https://finance.yahoo.com/quote/CT=F,2026-09-03T13:09:38.096770+08:00
cotton,2026-07-14,79.5999984741211,Yahoo public chart endpoint,https://finance.yahoo.com/quote/CT=F,2026-09-03T13:09:38.096770+08:00
cotton,2026-07-15,80.55999755859375,Yahoo public chart endpoint,https://finance.yahoo.com/quote/CT=F,2026-09-03T13:09:38.096770+08:00
cotton,2026-07-16,77.69000244140625,Yahoo public chart endpoint,https://finance.yahoo.com/quote/CT=F,2026-09-03T13:09:38.096770+08:00
cotton,2026-07-17,77.06999969482422,Yahoo public chart endpoint,https://finance.yahoo.com/quote/CT=F,2026-09-03T13:09:38.096770+08:00
cotton,2026-07-20,77.37000274658203,Yahoo public chart endpoint,https://finance.yahoo.com/quote/CT=F,2026-09-03T13:09:38.096770+08:00
cotton,2026-07-21,78.95999908447266,Yahoo public chart endpoint,https://finance.yahoo.com/quote/CT=F,2026-09-03T13:09:38.096770+08:00
cotton,2026-07-22,79.87000274658203,Yahoo public chart endpoint,https://finance.yahoo.com/quote/CT=F,2026-09-03T13:09:38.096770+08:00
cotton,2026-07-23,79.83999633789062,Yahoo public chart endpoint,https://finance.yahoo.com/quote/CT=F,2026-09-03T13:09:38.096770+08:00
cotton,2026-07-24,78.55000305175781,Yahoo public chart endpoint,https://finance.yahoo.com/quote/CT=F,2026-09-03T13:09:38.096770+08:00
cotton,2026-07-27,79.33999633789062,Yahoo public chart endpoint,https://finance.yahoo.com/quote/CT=F,2026-09-03T13:09:38.096770+08:00
cotton,2026-07-28,79.20999908447266,Yahoo public chart endpoint,https://finance.yahoo.com/quote/CT=F,2026-09-03T13:09:38.096770+08:00
cotton,2026-07-29,78.0199966430664,Yahoo public chart endpoint,https://finance.yahoo.com/quote/CT=F,2026-09-03T13:09:38.096770+08:00
cotton,2026-07-30,79.41000366210938,Yahoo public chart endpoint,https://finance.yahoo.com/quote/CT=F,2026-09-03T13:09:38.096770+08:00
cotton,2026-07-31,80.5,Yahoo public chart endpoint,https://finance.yahoo.com/quote/CT=F,2026-09-03T13:09:38.096770+08:00
cotton,2026-08-03,81.3499984741211,Yahoo public chart endpoint,https://finance.yahoo.com/quote/CT=F,2026-09-03T13:09:38.096770+08:00
cotton,2026-08-04,81.12999725341797,Yahoo public chart endpoint,https://finance.yahoo.com/quote/CT=F,2026-09-03T13:09:38.096770+08:00
cotton,2026-08-05,81.83999633789062,Yahoo public chart endpoint,https://finance.yahoo.com/quote/CT=F,2026-09-03T13:09:38.096770+08:00
cotton,2026-08-06,81.95999908447266,Yahoo public chart endpoint,https://finance.yahoo.com/quote/CT=F,2026-09-03T13:09:38.096770+08:00
cotton,2026-08-07,83.22000122070312,Yahoo public chart endpoint,https://finance.yahoo.com/quote/CT=F,2026-09-03T13:09:38.096770+08:00
cotton,2026-08-10,82.72000122070312,Yahoo public chart endpoint,https://finance.yahoo.com/quote/CT=F,2026-09-03T13:09:38.096770+08:00
cotton,2026-08-11,83.08999633789062,Yahoo public chart endpoint,https://finance.yahoo.com/quote/CT=F,2026-09-03T13:09:38.096770+08:00
cotton,2026-08-12,83.20999908447266,Yahoo public chart endpoint,https://finance.yahoo.com/quote/CT=F,2026-09-03T13:09:38.096770+08:00
cotton,2026-08-13,82.36000061035156,Yahoo public chart endpoint,https://finance.yahoo.com/quote/CT=F,2026-09-03T13:09:38.096770+08:00
cotton,2026-08-14,83.5999984741211,Yahoo public chart endpoint,https://finance.yahoo.com/quote/CT=F,2026-09-03T13:09:38.096770+08:00
cotton,2026-08-17,84.06999969482422,Yahoo public chart endpoint,https://finance.yahoo.com/quote/CT=F,2026-09-03T13:09:38.096770+08:00
cotton,2026-08-18,84.12000274658203,Yahoo public chart endpoint,https://finance.yahoo.com/quote/CT=F,2026-09-03T13:09:38.096770+08:00
cotton,2026-08-19,87.0,Yahoo public chart endpoint,https://finance.yahoo.com/quote/CT=F,2026-09-03T13:09:38.096770+08:00
cotton,2026-08-20,87.0199966430664,Yahoo public chart endpoint,https://finance.yahoo.com/quote/CT=F,2026-09-03T13:09:38.096770+08:00
cotton,2026-08-21,87.06999969482422,Yahoo public chart endpoint,https://finance.yahoo.com/quote/CT=F,2026-09-03T13:09:38.096770+08:00
cotton,2026-08-24,87.4800033569336,Yahoo public chart endpoint,https://finance.yahoo.com/quote/CT=F,2026-09-03T13:09:38.096770+08:00
cotton,2026-08-25,87.08000183105469,Yahoo public chart endpoint,https://finance.yahoo.com/quote/CT=F,2026-09-03T13:09:38.096770+08:00
cotton,2026-08-26,87.7699966430664,Yahoo public chart endpoint,https://finance.yahoo.com/quote/CT=F,2026-09-03T13:09:38.096770+08:00
cotton,2026-08-27,91.05999755859375,Yahoo public chart endpoint,https://finance.yahoo.com/quote/CT=F,2026-09-03T13:09:38.096770+08:00
cotton,2026-08-28,89.91999816894531,Yahoo public chart endpoint,https://finance.yahoo.com/quote/CT=F,2026-09-03T13:09:38.096770+08:00
cotton,2026-08-31,91.69999694824219,Yahoo public chart endpoint,https://finance.yahoo.com/quote/CT=F,2026-09-03T13:09:38.096770+08:00
cotton,2026-09-01,90.01000213623047,Yahoo public chart endpoint,https://finance.yahoo.com/quote/CT=F,2026-09-03T13:09:38.096770+08:00
cotton,2026-09-02,86.37999725341797,Yahoo public chart endpoint,https://finance.yahoo.com/quote/CT=F,2026-09-03T13:09:38.096770+08:00
eur_cny,2026-01-26,8.266663551330566,Yahoo public chart endpoint,https://finance.yahoo.com/quote/EURCNY=X,2026-09-03T13:09:38.096770+08:00
eur_cny,2026-01-27,8.258066177368164,Yahoo public chart endpoint,https://finance.yahoo.com/quote/EURCNY=X,2026-09-03T13:09:38.096770+08:00
eur_cny,2026-01-28,8.357015609741211,Yahoo public chart endpoint,https://finance.yahoo.com/quote/EURCNY=X,2026-09-03T13:09:38.096770+08:00
eur_cny,2026-01-29,8.329739570617676,Yahoo public chart endpoint,https://finance.yahoo.com/quote/EURCNY=X,2026-09-03T13:09:38.096770+08:00
eur_cny,2026-01-30,8.313490867614746,Yahoo public chart endpoint,https://finance.yahoo.com/quote/EURCNY=X,2026-09-03T13:09:38.096770+08:00
eur_cny,2026-02-02,8.234854698181152,Yahoo public chart endpoint,https://finance.yahoo.com/quote/EURCNY=X,2026-09-03T13:09:38.096770+08:00
eur_cny,2026-02-03,8.195740699768066,Yahoo public chart endpoint,https://finance.yahoo.com/quote/EURCNY=X,2026-09-03T13:09:38.096770+08:00
eur_cny,2026-02-04,8.197199821472168,Yahoo public chart endpoint,https://finance.yahoo.com/quote/EURCNY=X,2026-09-03T13:09:38.096770+08:00
eur_cny,2026-02-05,8.187043190002441,Yahoo public chart endpoint,https://finance.yahoo.com/quote/EURCNY=X,2026-09-03T13:09:38.096770+08:00
eur_cny,2026-02-06,8.171201705932617,Yahoo public chart endpoint,https://finance.yahoo.com/quote/EURCNY=X,2026-09-03T13:09:38.096770+08:00
eur_cny,2026-02-09,8.205965042114258,Yahoo public chart endpoint,https://finance.yahoo.com/quote/EURCNY=X,2026-09-03T13:09:38.096770+08:00
eur_cny,2026-02-10,8.23851490020752,Yahoo public chart endpoint,https://finance.yahoo.com/quote/EURCNY=X,2026-09-03T13:09:38.096770+08:00
eur_cny,2026-02-11,8.215804100036621,Yahoo public chart endpoint,https://finance.yahoo.com/quote/EURCNY=X,2026-09-03T13:09:38.096770+08:00
eur_cny,2026-02-12,8.20864486694336,Yahoo public chart endpoint,https://finance.yahoo.com/quote/EURCNY=X,2026-09-03T13:09:38.096770+08:00
eur_cny,2026-02-13,8.189349174499512,Yahoo public chart endpoint,https://finance.yahoo.com/quote/EURCNY=X,2026-09-03T13:09:38.096770+08:00
eur_cny,2026-02-16,8.197850227355957,Yahoo public chart endpoint,https://finance.yahoo.com/quote/EURCNY=X,2026-09-03T13:09:38.096770+08:00
eur_cny,2026-02-17,8.185609817504883,Yahoo public chart endpoint,https://finance.yahoo.com/quote/EURCNY=X,2026-09-03T13:09:38.096770+08:00
eur_cny,2026-02-18,8.186822891235352,Yahoo public chart endpoint,https://finance.yahoo.com/quote/EURCNY=X,2026-09-03T13:09:38.096770+08:00
eur_cny,2026-02-19,8.143345832824707,Yahoo public chart endpoint,https://finance.yahoo.com/quote/EURCNY=X,2026-09-03T13:09:38.096770+08:00
eur_cny,2026-02-20,8.130045890808105,Yahoo public chart endpoint,https://finance.yahoo.com/quote/EURCNY=X,2026-09-03T13:09:38.096770+08:00
eur_cny,2026-02-23,8.175390243530273,Yahoo public chart endpoint,https://finance.yahoo.com/quote/EURCNY=X,2026-09-03T13:09:38.096770+08:00
eur_cny,2026-02-24,8.146946907043457,Yahoo public chart endpoint,https://finance.yahoo.com/quote/EURCNY=X,2026-09-03T13:09:38.096770+08:00
eur_cny,2026-02-25,8.104581832885742,Yahoo public chart endpoint,https://finance.yahoo.com/quote/EURCNY=X,2026-09-03T13:09:38.096770+08:00
eur_cny,2026-02-26,8.115880012512207,Yahoo public chart endpoint,https://finance.yahoo.com/quote/EURCNY=X,2026-09-03T13:09:38.096770+08:00
eur_cny,2026-02-27,8.073859214782715,Yahoo public chart endpoint,https://finance.yahoo.com/quote/EURCNY=X,2026-09-03T13:09:38.096770+08:00
eur_cny,2026-03-02,8.064417839050293,Yahoo public chart endpoint,https://finance.yahoo.com/quote/EURCNY=X,2026-09-03T13:09:38.096770+08:00
eur_cny,2026-03-03,8.048839569091797,Yahoo public chart endpoint,https://finance.yahoo.com/quote/EURCNY=X,2026-09-03T13:09:38.096770+08:00
eur_cny,2026-03-04,8.012006759643555,Yahoo public chart endpoint,https://finance.yahoo.com/quote/EURCNY=X,2026-09-03T13:09:38.096770+08:00
eur_cny,2026-03-05,8.024992942810059,Yahoo public chart endpoint,https://finance.yahoo.com/quote/EURCNY=X,2026-09-03T13:09:38.096770+08:00
eur_cny,2026-03-06,8.006269454956055,Yahoo public chart endpoint,https://finance.yahoo.com/quote/EURCNY=X,2026-09-03T13:09:38.096770+08:00
eur_cny,2026-03-09,7.947153091430664,Yahoo public chart endpoint,https://finance.yahoo.com/quote/EURCNY=X,2026-09-03T13:09:38.096770+08:00
eur_cny,2026-03-10,8.028112411499023,Yahoo public chart endpoint,https://finance.yahoo.com/quote/EURCNY=X,2026-09-03T13:09:38.096770+08:00
eur_cny,2026-03-11,7.983953952789307,Yahoo public chart endpoint,https://finance.yahoo.com/quote/EURCNY=X,2026-09-03T13:09:38.096770+08:00
eur_cny,2026-03-12,7.924625873565674,Yahoo public chart endpoint,https://finance.yahoo.com/quote/EURCNY=X,2026-09-03T13:09:38.096770+08:00
eur_cny,2026-03-13,7.91393518447876,Yahoo public chart endpoint,https://finance.yahoo.com/quote/EURCNY=X,2026-09-03T13:09:38.096770+08:00
eur_cny,2026-03-16,7.885538101196289,Yahoo public chart endpoint,https://finance.yahoo.com/quote/EURCNY=X,2026-09-03T13:09:38.096770+08:00
eur_cny,2026-03-17,7.998505115509033,Yahoo public chart endpoint,https://finance.yahoo.com/quote/EURCNY=X,2026-09-03T13:09:38.096770+08:00
eur_cny,2026-03-18,7.945974826812744,Yahoo public chart endpoint,https://finance.yahoo.com/quote/EURCNY=X,2026-09-03T13:09:38.096770+08:00
eur_cny,2026-03-19,7.878170013427734,Yahoo public chart endpoint,https://finance.yahoo.com/quote/EURCNY=X,2026-09-03T13:09:38.096770+08:00
eur_cny,2026-03-20,7.989579200744629,Yahoo public chart endpoint,https://finance.yahoo.com/quote/EURCNY=X,2026-09-03T13:09:38.096770+08:00
eur_cny,2026-03-23,7.9598870277404785,Yahoo public chart endpoint,https://finance.yahoo.com/quote/EURCNY=X,2026-09-03T13:09:38.096770+08:00
eur_cny,2026-03-24,7.985051155090332,Yahoo public chart endpoint,https://finance.yahoo.com/quote/EURCNY=X,2026-09-03T13:09:38.096770+08:00
eur_cny,2026-03-25,8.004878044128418,Yahoo public chart endpoint,https://finance.yahoo.com/quote/EURCNY=X,2026-09-03T13:09:38.096770+08:00
eur_cny,2026-03-26,7.978957176208496,Yahoo public chart endpoint,https://finance.yahoo.com/quote/EURCNY=X,2026-09-03T13:09:38.096770+08:00
eur_cny,2026-03-27,7.971095085144043,Yahoo public chart endpoint,https://finance.yahoo.com/quote/EURCNY=X,2026-09-03T13:09:38.096770+08:00
eur_cny,2026-03-29,7.942267894744873,Yahoo public chart endpoint,https://finance.yahoo.com/quote/EURCNY=X,2026-09-03T13:09:38.096770+08:00
eur_cny,2026-03-30,7.918881893157959,Yahoo public chart endpoint,https://finance.yahoo.com/quote/EURCNY=X,2026-09-03T13:09:38.096770+08:00
eur_cny,2026-03-31,7.979397773742676,Yahoo public chart endpoint,https://finance.yahoo.com/quote/EURCNY=X,2026-09-03T13:09:38.096770+08:00
eur_cny,2026-04-01,7.96284294128418,Yahoo public chart endpoint,https://finance.yahoo.com/quote/EURCNY=X,2026-09-03T13:09:38.096770+08:00
eur_cny,2026-04-02,7.946791172027588,Yahoo public chart endpoint,https://finance.yahoo.com/quote/EURCNY=X,2026-09-03T13:09:38.096770+08:00
eur_cny,2026-04-05,7.921457767486572,Yahoo public chart endpoint,https://finance.yahoo.com/quote/EURCNY=X,2026-09-03T13:09:38.096770+08:00
eur_cny,2026-04-06,7.9435601234436035,Yahoo public chart endpoint,https://finance.yahoo.com/quote/EURCNY=X,2026-09-03T13:09:38.096770+08:00
eur_cny,2026-04-07,8.013253211975098,Yahoo public chart endpoint,https://finance.yahoo.com/quote/EURCNY=X,2026-09-03T13:09:38.096770+08:00
eur_cny,2026-04-08,7.961641788482666,Yahoo public chart endpoint,https://finance.yahoo.com/quote/EURCNY=X,2026-09-03T13:09:38.096770+08:00
eur_cny,2026-04-09,7.986578941345215,Yahoo public chart endpoint,https://finance.yahoo.com/quote/EURCNY=X,2026-09-03T13:09:38.096770+08:00
eur_cny,2026-04-12,7.971187114715576,Yahoo public chart endpoint,https://finance.yahoo.com/quote/EURCNY=X,2026-09-03T13:09:38.096770+08:00
eur_cny,2026-04-13,8.036971092224121,Yahoo public chart endpoint,https://finance.yahoo.com/quote/EURCNY=X,2026-09-03T13:09:38.096770+08:00
eur_cny,2026-04-14,8.041555404663086,Yahoo public chart endpoint,https://finance.yahoo.com/quote/EURCNY=X,2026-09-03T13:09:38.096770+08:00
eur_cny,2026-04-15,8.050537109375,Yahoo public chart endpoint,https://finance.yahoo.com/quote/EURCNY=X,2026-09-03T13:09:38.096770+08:00
eur_cny,2026-04-16,8.035979270935059,Yahoo public chart endpoint,https://finance.yahoo.com/quote/EURCNY=X,2026-09-03T13:09:38.096770+08:00
eur_cny,2026-04-19,8.003992080688477,Yahoo public chart endpoint,https://finance.yahoo.com/quote/EURCNY=X,2026-09-03T13:09:38.096770+08:00
eur_cny,2026-04-20,8.033702850341797,Yahoo public chart endpoint,https://finance.yahoo.com/quote/EURCNY=X,2026-09-03T13:09:38.096770+08:00
eur_cny,2026-04-21,8.010429382324219,Yahoo public chart endpoint,https://finance.yahoo.com/quote/EURCNY=X,2026-09-03T13:09:38.096770+08:00
eur_cny,2026-04-22,7.988246917724609,Yahoo public chart endpoint,https://finance.yahoo.com/quote/EURCNY=X,2026-09-03T13:09:38.096770+08:00
eur_cny,2026-04-23,7.975043773651123,Yahoo public chart endpoint,https://finance.yahoo.com/quote/EURCNY=X,2026-09-03T13:09:38.096770+08:00
eur_cny,2026-04-26,8.00222396850586,Yahoo public chart endpoint,https://finance.yahoo.com/quote/EURCNY=X,2026-09-03T13:09:38.096770+08:00
eur_cny,2026-04-27,7.998498916625977,Yahoo public chart endpoint,https://finance.yahoo.com/quote/EURCNY=X,2026-09-03T13:09:38.096770+08:00
eur_cny,2026-04-28,8.011763572692871,Yahoo public chart endpoint,https://finance.yahoo.com/quote/EURCNY=X,2026-09-03T13:09:38.096770+08:00
eur_cny,2026-04-29,7.989226818084717,Yahoo public chart endpoint,https://finance.yahoo.com/quote/EURCNY=X,2026-09-03T13:09:38.096770+08:00
eur_cny,2026-04-30,8.007718086242676,Yahoo public chart endpoint,https://finance.yahoo.com/quote/EURCNY=X,2026-09-03T13:09:38.096770+08:00
eur_cny,2026-05-03,8.006073951721191,Yahoo public chart endpoint,https://finance.yahoo.com/quote/EURCNY=X,2026-09-03T13:09:38.096770+08:00
eur_cny,2026-05-04,7.985408782958984,Yahoo public chart endpoint,https://finance.yahoo.com/quote/EURCNY=X,2026-09-03T13:09:38.096770+08:00
eur_cny,2026-05-05,8.002459526062012,Yahoo public chart endpoint,https://finance.yahoo.com/quote/EURCNY=X,2026-09-03T13:09:38.096770+08:00
eur_cny,2026-05-06,8.000611305236816,Yahoo public chart endpoint,https://finance.yahoo.com/quote/EURCNY=X,2026-09-03T13:09:38.096770+08:00
eur_cny,2026-05-07,7.978181838989258,Yahoo public chart endpoint,https://finance.yahoo.com/quote/EURCNY=X,2026-09-03T13:09:38.096770+08:00
eur_cny,2026-05-10,8.002095222473145,Yahoo public chart endpoint,https://finance.yahoo.com/quote/EURCNY=X,2026-09-03T13:09:38.096770+08:00
eur_cny,2026-05-11,8.003297805786133,Yahoo public chart endpoint,https://finance.yahoo.com/quote/EURCNY=X,2026-09-03T13:09:38.096770+08:00
eur_cny,2026-05-12,7.970520973205566,Yahoo public chart endpoint,https://finance.yahoo.com/quote/EURCNY=X,2026-09-03T13:09:38.096770+08:00
eur_cny,2026-05-13,7.9573469161987305,Yahoo public chart endpoint,https://finance.yahoo.com/quote/EURCNY=X,2026-09-03T13:09:38.096770+08:00
eur_cny,2026-05-14,7.912744998931885,Yahoo public chart endpoint,https://finance.yahoo.com/quote/EURCNY=X,2026-09-03T13:09:38.096770+08:00
eur_cny,2026-05-17,7.908019065856934,Yahoo public chart endpoint,https://finance.yahoo.com/quote/EURCNY=X,2026-09-03T13:09:38.096770+08:00
eur_cny,2026-05-18,7.925407886505127,Yahoo public chart endpoint,https://finance.yahoo.com/quote/EURCNY=X,2026-09-03T13:09:38.096770+08:00
eur_cny,2026-05-19,7.909582138061523,Yahoo public chart endpoint,https://finance.yahoo.com/quote/EURCNY=X,2026-09-03T13:09:38.096770+08:00
eur_cny,2026-05-20,7.905720233917236,Yahoo public chart endpoint,https://finance.yahoo.com/quote/EURCNY=X,2026-09-03T13:09:38.096770+08:00
eur_cny,2026-05-21,7.903082847595215,Yahoo public chart endpoint,https://finance.yahoo.com/quote/EURCNY=X,2026-09-03T13:09:38.096770+08:00
eur_cny,2026-05-24,7.910055160522461,Yahoo public chart endpoint,https://finance.yahoo.com/quote/EURCNY=X,2026-09-03T13:09:38.096770+08:00
eur_cny,2026-05-25,7.906096935272217,Yahoo public chart endpoint,https://finance.yahoo.com/quote/EURCNY=X,2026-09-03T13:09:38.096770+08:00
eur_cny,2026-05-26,7.896574020385742,Yahoo public chart endpoint,https://finance.yahoo.com/quote/EURCNY=X,2026-09-03T13:09:38.096770+08:00
eur_cny,2026-05-27,7.875,Yahoo public chart endpoint,https://finance.yahoo.com/quote/EURCNY=X,2026-09-03T13:09:38.096770+08:00
eur_cny,2026-05-28,7.900594234466553,Yahoo public chart endpoint,https://finance.yahoo.com/quote/EURCNY=X,2026-09-03T13:09:38.096770+08:00
eur_cny,2026-05-31,7.881697177886963,Yahoo public chart endpoint,https://finance.yahoo.com/quote/EURCNY=X,2026-09-03T13:09:38.096770+08:00
eur_cny,2026-06-01,7.871405124664307,Yahoo public chart endpoint,https://finance.yahoo.com/quote/EURCNY=X,2026-09-03T13:09:38.096770+08:00
eur_cny,2026-06-02,7.858911037445068,Yahoo public chart endpoint,https://finance.yahoo.com/quote/EURCNY=X,2026-09-03T13:09:38.096770+08:00
eur_cny,2026-06-03,7.858460903167725,Yahoo public chart endpoint,https://finance.yahoo.com/quote/EURCNY=X,2026-09-03T13:09:38.096770+08:00
eur_cny,2026-06-04,7.86573600769043,Yahoo public chart endpoint,https://finance.yahoo.com/quote/EURCNY=X,2026-09-03T13:09:38.096770+08:00
eur_cny,2026-06-07,7.795252799987793,Yahoo public chart endpoint,https://finance.yahoo.com/quote/EURCNY=X,2026-09-03T13:09:38.096770+08:00
eur_cny,2026-06-08,7.799386978149414,Yahoo public chart endpoint,https://finance.yahoo.com/quote/EURCNY=X,2026-09-03T13:09:38.096770+08:00
eur_cny,2026-06-09,7.812320232391357,Yahoo public chart endpoint,https://finance.yahoo.com/quote/EURCNY=X,2026-09-03T13:09:38.096770+08:00
eur_cny,2026-06-10,7.812320232391357,Yahoo public chart endpoint,https://finance.yahoo.com/quote/EURCNY=X,2026-09-03T13:09:38.096770+08:00
eur_cny,2026-06-11,7.842831134796143,Yahoo public chart endpoint,https://finance.yahoo.com/quote/EURCNY=X,2026-09-03T13:09:38.096770+08:00
eur_cny,2026-06-14,7.850736141204834,Yahoo public chart endpoint,https://finance.yahoo.com/quote/EURCNY=X,2026-09-03T13:09:38.096770+08:00
eur_cny,2026-06-15,7.8323869705200195,Yahoo public chart endpoint,https://finance.yahoo.com/quote/EURCNY=X,2026-09-03T13:09:38.096770+08:00
eur_cny,2026-06-16,7.8449859619140625,Yahoo public chart endpoint,https://finance.yahoo.com/quote/EURCNY=X,2026-09-03T13:09:38.096770+08:00
eur_cny,2026-06-17,7.775834083557129,Yahoo public chart endpoint,https://finance.yahoo.com/quote/EURCNY=X,2026-09-03T13:09:38.096770+08:00
eur_cny,2026-06-18,7.755041122436523,Yahoo public chart endpoint,https://finance.yahoo.com/quote/EURCNY=X,2026-09-03T13:09:38.096770+08:00
eur_cny,2026-06-21,7.758508205413818,Yahoo public chart endpoint,https://finance.yahoo.com/quote/EURCNY=X,2026-09-03T13:09:38.096770+08:00
eur_cny,2026-06-22,7.741401195526123,Yahoo public chart endpoint,https://finance.yahoo.com/quote/EURCNY=X,2026-09-03T13:09:38.096770+08:00
eur_cny,2026-06-23,7.726006031036377,Yahoo public chart endpoint,https://finance.yahoo.com/quote/EURCNY=X,2026-09-03T13:09:38.096770+08:00
eur_cny,2026-06-24,7.709339141845703,Yahoo public chart endpoint,https://finance.yahoo.com/quote/EURCNY=X,2026-09-03T13:09:38.096770+08:00
eur_cny,2026-06-25,7.714682102203369,Yahoo public chart endpoint,https://finance.yahoo.com/quote/EURCNY=X,2026-09-03T13:09:38.096770+08:00
eur_cny,2026-06-28,7.739776134490967,Yahoo public chart endpoint,https://finance.yahoo.com/quote/EURCNY=X,2026-09-03T13:09:38.096770+08:00
eur_cny,2026-06-29,7.757907867431641,Yahoo public chart endpoint,https://finance.yahoo.com/quote/EURCNY=X,2026-09-03T13:09:38.096770+08:00
eur_cny,2026-06-30,7.75356912612915,Yahoo public chart endpoint,https://finance.yahoo.com/quote/EURCNY=X,2026-09-03T13:09:38.096770+08:00
eur_cny,2026-07-01,7.730432987213135,Yahoo public chart endpoint,https://finance.yahoo.com/quote/EURCNY=X,2026-09-03T13:09:38.096770+08:00
eur_cny,2026-07-02,7.753969192504883,Yahoo public chart endpoint,https://finance.yahoo.com/quote/EURCNY=X,2026-09-03T13:09:38.096770+08:00
eur_cny,2026-07-05,7.764523029327393,Yahoo public chart endpoint,https://finance.yahoo.com/quote/EURCNY=X,2026-09-03T13:09:38.096770+08:00
eur_cny,2026-07-06,7.775515079498291,Yahoo public chart endpoint,https://finance.yahoo.com/quote/EURCNY=X,2026-09-03T13:09:38.096770+08:00
eur_cny,2026-07-07,7.7455620765686035,Yahoo public chart endpoint,https://finance.yahoo.com/quote/EURCNY=X,2026-09-03T13:09:38.096770+08:00
eur_cny,2026-07-08,7.76895809173584,Yahoo public chart endpoint,https://finance.yahoo.com/quote/EURCNY=X,2026-09-03T13:09:38.096770+08:00
eur_cny,2026-07-09,7.765417098999023,Yahoo public chart endpoint,https://finance.yahoo.com/quote/EURCNY=X,2026-09-03T13:09:38.096770+08:00
eur_cny,2026-07-12,7.727817058563232,Yahoo public chart endpoint,https://finance.yahoo.com/quote/EURCNY=X,2026-09-03T13:09:38.096770+08:00
eur_cny,2026-07-13,7.716604232788086,Yahoo public chart endpoint,https://finance.yahoo.com/quote/EURCNY=X,2026-09-03T13:09:38.096770+08:00
eur_cny,2026-07-14,7.733872890472412,Yahoo public chart endpoint,https://finance.yahoo.com/quote/EURCNY=X,2026-09-03T13:09:38.096770+08:00
eur_cny,2026-07-15,7.762587070465088,Yahoo public chart endpoint,https://finance.yahoo.com/quote/EURCNY=X,2026-09-03T13:09:38.096770+08:00
eur_cny,2026-07-16,7.75062894821167,Yahoo public chart endpoint,https://finance.yahoo.com/quote/EURCNY=X,2026-09-03T13:09:38.096770+08:00
eur_cny,2026-07-19,7.739203929901123,Yahoo public chart endpoint,https://finance.yahoo.com/quote/EURCNY=X,2026-09-03T13:09:38.096770+08:00
eur_cny,2026-07-20,7.73116397857666,Yahoo public chart endpoint,https://finance.yahoo.com/quote/EURCNY=X,2026-09-03T13:09:38.096770+08:00
eur_cny,2026-07-21,7.714393138885498,Yahoo public chart endpoint,https://finance.yahoo.com/quote/EURCNY=X,2026-09-03T13:09:38.096770+08:00
eur_cny,2026-07-22,7.728428840637207,Yahoo public chart endpoint,https://finance.yahoo.com/quote/EURCNY=X,2026-09-03T13:09:38.096770+08:00
eur_cny,2026-07-23,7.7048659324646,Yahoo public chart endpoint,https://finance.yahoo.com/quote/EURCNY=X,2026-09-03T13:09:38.096770+08:00
eur_cny,2026-07-26,7.716622829437256,Yahoo public chart endpoint,https://finance.yahoo.com/quote/EURCNY=X,2026-09-03T13:09:38.096770+08:00
eur_cny,2026-07-27,7.691792011260986,Yahoo public chart endpoint,https://finance.yahoo.com/quote/EURCNY=X,2026-09-03T13:09:38.096770+08:00
eur_cny,2026-07-28,7.709123134613037,Yahoo public chart endpoint,https://finance.yahoo.com/quote/EURCNY=X,2026-09-03T13:09:38.096770+08:00
eur_cny,2026-07-29,7.758755207061768,Yahoo public chart endpoint,https://finance.yahoo.com/quote/EURCNY=X,2026-09-03T13:09:38.096770+08:00
eur_cny,2026-07-30,7.784051895141602,Yahoo public chart endpoint,https://finance.yahoo.com/quote/EURCNY=X,2026-09-03T13:09:38.096770+08:00
eur_cny,2026-08-02,7.792797088623047,Yahoo public chart endpoint,https://finance.yahoo.com/quote/EURCNY=X,2026-09-03T13:09:38.096770+08:00
eur_cny,2026-08-03,7.770195960998535,Yahoo public chart endpoint,https://finance.yahoo.com/quote/EURCNY=X,2026-09-03T13:09:38.096770+08:00
eur_cny,2026-08-04,7.787721157073975,Yahoo public chart endpoint,https://finance.yahoo.com/quote/EURCNY=X,2026-09-03T13:09:38.096770+08:00
eur_cny,2026-08-05,7.800596237182617,Yahoo public chart endpoint,https://finance.yahoo.com/quote/EURCNY=X,2026-09-03T13:09:38.096770+08:00
eur_cny,2026-08-06,7.776906967163086,Yahoo public chart endpoint,https://finance.yahoo.com/quote/EURCNY=X,2026-09-03T13:09:38.096770+08:00
eur_cny,2026-08-09,7.797307014465332,Yahoo public chart endpoint,https://finance.yahoo.com/quote/EURCNY=X,2026-09-03T13:09:38.096770+08:00
eur_cny,2026-08-10,7.790734767913818,Yahoo public chart endpoint,https://finance.yahoo.com/quote/EURCNY=X,2026-09-03T13:09:38.096770+08:00
eur_cny,2026-08-11,7.786884784698486,Yahoo public chart endpoint,https://finance.yahoo.com/quote/EURCNY=X,2026-09-03T13:09:38.096770+08:00
eur_cny,2026-08-12,7.773525238037109,Yahoo public chart endpoint,https://finance.yahoo.com/quote/EURCNY=X,2026-09-03T13:09:38.096770+08:00
eur_cny,2026-08-13,7.777163028717041,Yahoo public chart endpoint,https://finance.yahoo.com/quote/EURCNY=X,2026-09-03T13:09:38.096770+08:00
eur_cny,2026-08-16,7.803715229034424,Yahoo public chart endpoint,https://finance.yahoo.com/quote/EURCNY=X,2026-09-03T13:09:38.096770+08:00
eur_cny,2026-08-17,7.8062310218811035,Yahoo public chart endpoint,https://finance.yahoo.com/quote/EURCNY=X,2026-09-03T13:09:38.096770+08:00
eur_cny,2026-08-18,7.805741786956787,Yahoo public chart endpoint,https://finance.yahoo.com/quote/EURCNY=X,2026-09-03T13:09:38.096770+08:00
eur_cny,2026-08-19,7.855599880218506,Yahoo public chart endpoint,https://finance.yahoo.com/quote/EURCNY=X,2026-09-03T13:09:38.096770+08:00
eur_cny,2026-08-20,7.856967926025391,Yahoo public chart endpoint,https://finance.yahoo.com/quote/EURCNY=X,2026-09-03T13:09:38.096770+08:00
eur_cny,2026-08-23,7.850902080535889,Yahoo public chart endpoint,https://finance.yahoo.com/quote/EURCNY=X,2026-09-03T13:09:38.096770+08:00
eur_cny,2026-08-24,7.8444390296936035,Yahoo public chart endpoint,https://finance.yahoo.com/quote/EURCNY=X,2026-09-03T13:09:38.096770+08:00
eur_cny,2026-08-25,7.845592975616455,Yahoo public chart endpoint,https://finance.yahoo.com/quote/EURCNY=X,2026-09-03T13:09:38.096770+08:00
eur_cny,2026-08-26,7.835082054138184,Yahoo public chart endpoint,https://finance.yahoo.com/quote/EURCNY=X,2026-09-03T13:09:38.096770+08:00
eur_cny,2026-08-27,7.833985805511475,Yahoo public chart endpoint,https://finance.yahoo.com/quote/EURCNY=X,2026-09-03T13:09:38.096770+08:00
eur_cny,2026-08-30,7.795007228851318,Yahoo public chart endpoint,https://finance.yahoo.com/quote/EURCNY=X,2026-09-03T13:09:38.096770+08:00
eur_cny,2026-08-31,7.8138427734375,Yahoo public chart endpoint,https://finance.yahoo.com/quote/EURCNY=X,2026-09-03T13:09:38.096770+08:00
eur_cny,2026-09-01,7.7910847663879395,Yahoo public chart endpoint,https://finance.yahoo.com/quote/EURCNY=X,2026-09-03T13:09:38.096770+08:00
eur_cny,2026-09-03,7.763199806213379,Yahoo public chart endpoint,https://finance.yahoo.com/quote/EURCNY=X,2026-09-03T13:09:38.096770+08:00
gold,2026-01-26,5079.7001953125,Yahoo public chart endpoint,https://finance.yahoo.com/quote/GC=F,2026-09-03T13:09:38.096770+08:00
gold,2026-01-27,5079.89990234375,Yahoo public chart endpoint,https://finance.yahoo.com/quote/GC=F,2026-09-03T13:09:38.096770+08:00
gold,2026-01-28,5301.60009765625,Yahoo public chart endpoint,https://finance.yahoo.com/quote/GC=F,2026-09-03T13:09:38.096770+08:00
gold,2026-01-29,5318.39990234375,Yahoo public chart endpoint,https://finance.yahoo.com/quote/GC=F,2026-09-03T13:09:38.096770+08:00
gold,2026-01-30,4713.89990234375,Yahoo public chart endpoint,https://finance.yahoo.com/quote/GC=F,2026-09-03T13:09:38.096770+08:00
gold,2026-02-02,4622.5,Yahoo public chart endpoint,https://finance.yahoo.com/quote/GC=F,2026-09-03T13:09:38.096770+08:00
gold,2026-02-03,4903.7001953125,Yahoo public chart endpoint,https://finance.yahoo.com/quote/GC=F,2026-09-03T13:09:38.096770+08:00
gold,2026-02-04,4920.39990234375,Yahoo public chart endpoint,https://finance.yahoo.com/quote/GC=F,2026-09-03T13:09:38.096770+08:00
gold,2026-02-05,4861.39990234375,Yahoo public chart endpoint,https://finance.yahoo.com/quote/GC=F,2026-09-03T13:09:38.096770+08:00
gold,2026-02-06,4951.2001953125,Yahoo public chart endpoint,https://finance.yahoo.com/quote/GC=F,2026-09-03T13:09:38.096770+08:00
gold,2026-02-09,5050.89990234375,Yahoo public chart endpoint,https://finance.yahoo.com/quote/GC=F,2026-09-03T13:09:38.096770+08:00
gold,2026-02-10,5003.7998046875,Yahoo public chart endpoint,https://finance.yahoo.com/quote/GC=F,2026-09-03T13:09:38.096770+08:00
gold,2026-02-11,5071.60009765625,Yahoo public chart endpoint,https://finance.yahoo.com/quote/GC=F,2026-09-03T13:09:38.096770+08:00
gold,2026-02-12,4923.7001953125,Yahoo public chart endpoint,https://finance.yahoo.com/quote/GC=F,2026-09-03T13:09:38.096770+08:00
gold,2026-02-13,5022.0,Yahoo public chart endpoint,https://finance.yahoo.com/quote/GC=F,2026-09-03T13:09:38.096770+08:00
gold,2026-02-17,4882.89990234375,Yahoo public chart endpoint,https://finance.yahoo.com/quote/GC=F,2026-09-03T13:09:38.096770+08:00
gold,2026-02-18,4986.5,Yahoo public chart endpoint,https://finance.yahoo.com/quote/GC=F,2026-09-03T13:09:38.096770+08:00
gold,2026-02-19,4975.89990234375,Yahoo public chart endpoint,https://finance.yahoo.com/quote/GC=F,2026-09-03T13:09:38.096770+08:00
gold,2026-02-20,5059.2998046875,Yahoo public chart endpoint,https://finance.yahoo.com/quote/GC=F,2026-09-03T13:09:38.096770+08:00
gold,2026-02-23,5204.7001953125,Yahoo public chart endpoint,https://finance.yahoo.com/quote/GC=F,2026-09-03T13:09:38.096770+08:00
gold,2026-02-24,5155.7998046875,Yahoo public chart endpoint,https://finance.yahoo.com/quote/GC=F,2026-09-03T13:09:38.096770+08:00
gold,2026-02-25,5206.39990234375,Yahoo public chart endpoint,https://finance.yahoo.com/quote/GC=F,2026-09-03T13:09:38.096770+08:00
gold,2026-02-26,5176.5,Yahoo public chart endpoint,https://finance.yahoo.com/quote/GC=F,2026-09-03T13:09:38.096770+08:00
gold,2026-02-27,5230.5,Yahoo public chart endpoint,https://finance.yahoo.com/quote/GC=F,2026-09-03T13:09:38.096770+08:00
gold,2026-03-02,5294.39990234375,Yahoo public chart endpoint,https://finance.yahoo.com/quote/GC=F,2026-09-03T13:09:38.096770+08:00
gold,2026-03-03,5107.39990234375,Yahoo public chart endpoint,https://finance.yahoo.com/quote/GC=F,2026-09-03T13:09:38.096770+08:00
gold,2026-03-04,5120.2001953125,Yahoo public chart endpoint,https://finance.yahoo.com/quote/GC=F,2026-09-03T13:09:38.096770+08:00
gold,2026-03-05,5065.2998046875,Yahoo public chart endpoint,https://finance.yahoo.com/quote/GC=F,2026-09-03T13:09:38.096770+08:00
gold,2026-03-06,5146.10009765625,Yahoo public chart endpoint,https://finance.yahoo.com/quote/GC=F,2026-09-03T13:09:38.096770+08:00
gold,2026-03-09,5091.5,Yahoo public chart endpoint,https://finance.yahoo.com/quote/GC=F,2026-09-03T13:09:38.096770+08:00
gold,2026-03-10,5229.7001953125,Yahoo public chart endpoint,https://finance.yahoo.com/quote/GC=F,2026-09-03T13:09:38.096770+08:00
gold,2026-03-11,5167.39990234375,Yahoo public chart endpoint,https://finance.yahoo.com/quote/GC=F,2026-09-03T13:09:38.096770+08:00
gold,2026-03-12,5115.7998046875,Yahoo public chart endpoint,https://finance.yahoo.com/quote/GC=F,2026-09-03T13:09:38.096770+08:00
gold,2026-03-13,5052.5,Yahoo public chart endpoint,https://finance.yahoo.com/quote/GC=F,2026-09-03T13:09:38.096770+08:00
gold,2026-03-16,4994.0,Yahoo public chart endpoint,https://finance.yahoo.com/quote/GC=F,2026-09-03T13:09:38.096770+08:00
gold,2026-03-17,5001.0,Yahoo public chart endpoint,https://finance.yahoo.com/quote/GC=F,2026-09-03T13:09:38.096770+08:00
gold,2026-03-18,4889.89990234375,Yahoo public chart endpoint,https://finance.yahoo.com/quote/GC=F,2026-09-03T13:09:38.096770+08:00
gold,2026-03-19,4600.7001953125,Yahoo public chart endpoint,https://finance.yahoo.com/quote/GC=F,2026-09-03T13:09:38.096770+08:00
gold,2026-03-20,4570.39990234375,Yahoo public chart endpoint,https://finance.yahoo.com/quote/GC=F,2026-09-03T13:09:38.096770+08:00
gold,2026-03-23,4404.10009765625,Yahoo public chart endpoint,https://finance.yahoo.com/quote/GC=F,2026-09-03T13:09:38.096770+08:00
gold,2026-03-24,4399.2998046875,Yahoo public chart endpoint,https://finance.yahoo.com/quote/GC=F,2026-09-03T13:09:38.096770+08:00
gold,2026-03-25,4549.7998046875,Yahoo public chart endpoint,https://finance.yahoo.com/quote/GC=F,2026-09-03T13:09:38.096770+08:00
gold,2026-03-26,4375.5,Yahoo public chart endpoint,https://finance.yahoo.com/quote/GC=F,2026-09-03T13:09:38.096770+08:00
gold,2026-03-27,4492.0,Yahoo public chart endpoint,https://finance.yahoo.com/quote/GC=F,2026-09-03T13:09:38.096770+08:00
gold,2026-03-30,4526.0,Yahoo public chart endpoint,https://finance.yahoo.com/quote/GC=F,2026-09-03T13:09:38.096770+08:00
gold,2026-03-31,4647.60009765625,Yahoo public chart endpoint,https://finance.yahoo.com/quote/GC=F,2026-09-03T13:09:38.096770+08:00
gold,2026-04-01,4783.2001953125,Yahoo public chart endpoint,https://finance.yahoo.com/quote/GC=F,2026-09-03T13:09:38.096770+08:00
gold,2026-04-02,4651.5,Yahoo public chart endpoint,https://finance.yahoo.com/quote/GC=F,2026-09-03T13:09:38.096770+08:00
gold,2026-04-06,4656.7998046875,Yahoo public chart endpoint,https://finance.yahoo.com/quote/GC=F,2026-09-03T13:09:38.096770+08:00
gold,2026-04-07,4657.10009765625,Yahoo public chart endpoint,https://finance.yahoo.com/quote/GC=F,2026-09-03T13:09:38.096770+08:00
gold,2026-04-08,4749.5,Yahoo public chart endpoint,https://finance.yahoo.com/quote/GC=F,2026-09-03T13:09:38.096770+08:00
gold,2026-04-09,4792.2001953125,Yahoo public chart endpoint,https://finance.yahoo.com/quote/GC=F,2026-09-03T13:09:38.096770+08:00
gold,2026-04-10,4761.89990234375,Yahoo public chart endpoint,https://finance.yahoo.com/quote/GC=F,2026-09-03T13:09:38.096770+08:00
gold,2026-04-13,4742.39990234375,Yahoo public chart endpoint,https://finance.yahoo.com/quote/GC=F,2026-09-03T13:09:38.096770+08:00
gold,2026-04-14,4825.0,Yahoo public chart endpoint,https://finance.yahoo.com/quote/GC=F,2026-09-03T13:09:38.096770+08:00
gold,2026-04-15,4800.0,Yahoo public chart endpoint,https://finance.yahoo.com/quote/GC=F,2026-09-03T13:09:38.096770+08:00
gold,2026-04-16,4785.39990234375,Yahoo public chart endpoint,https://finance.yahoo.com/quote/GC=F,2026-09-03T13:09:38.096770+08:00
gold,2026-04-17,4857.60009765625,Yahoo public chart endpoint,https://finance.yahoo.com/quote/GC=F,2026-09-03T13:09:38.096770+08:00
gold,2026-04-20,4806.60009765625,Yahoo public chart endpoint,https://finance.yahoo.com/quote/GC=F,2026-09-03T13:09:38.096770+08:00
gold,2026-04-21,4698.39990234375,Yahoo public chart endpoint,https://finance.yahoo.com/quote/GC=F,2026-09-03T13:09:38.096770+08:00
gold,2026-04-22,4732.5,Yahoo public chart endpoint,https://finance.yahoo.com/quote/GC=F,2026-09-03T13:09:38.096770+08:00
gold,2026-04-23,4705.10009765625,Yahoo public chart endpoint,https://finance.yahoo.com/quote/GC=F,2026-09-03T13:09:38.096770+08:00
gold,2026-04-24,4722.2998046875,Yahoo public chart endpoint,https://finance.yahoo.com/quote/GC=F,2026-09-03T13:09:38.096770+08:00
gold,2026-04-27,4675.39990234375,Yahoo public chart endpoint,https://finance.yahoo.com/quote/GC=F,2026-09-03T13:09:38.096770+08:00
gold,2026-04-28,4591.5,Yahoo public chart endpoint,https://finance.yahoo.com/quote/GC=F,2026-09-03T13:09:38.096770+08:00
gold,2026-04-29,4545.2001953125,Yahoo public chart endpoint,https://finance.yahoo.com/quote/GC=F,2026-09-03T13:09:38.096770+08:00
gold,2026-04-30,4614.7001953125,Yahoo public chart endpoint,https://finance.yahoo.com/quote/GC=F,2026-09-03T13:09:38.096770+08:00
gold,2026-05-01,4629.89990234375,Yahoo public chart endpoint,https://finance.yahoo.com/quote/GC=F,2026-09-03T13:09:38.096770+08:00
gold,2026-05-04,4519.5,Yahoo public chart endpoint,https://finance.yahoo.com/quote/GC=F,2026-09-03T13:09:38.096770+08:00
gold,2026-05-05,4555.7998046875,Yahoo public chart endpoint,https://finance.yahoo.com/quote/GC=F,2026-09-03T13:09:38.096770+08:00
gold,2026-05-06,4681.89990234375,Yahoo public chart endpoint,https://finance.yahoo.com/quote/GC=F,2026-09-03T13:09:38.096770+08:00
gold,2026-05-07,4699.7998046875,Yahoo public chart endpoint,https://finance.yahoo.com/quote/GC=F,2026-09-03T13:09:38.096770+08:00
gold,2026-05-08,4720.39990234375,Yahoo public chart endpoint,https://finance.yahoo.com/quote/GC=F,2026-09-03T13:09:38.096770+08:00
gold,2026-05-11,4718.7001953125,Yahoo public chart endpoint,https://finance.yahoo.com/quote/GC=F,2026-09-03T13:09:38.096770+08:00
gold,2026-05-12,4677.60009765625,Yahoo public chart endpoint,https://finance.yahoo.com/quote/GC=F,2026-09-03T13:09:38.096770+08:00
gold,2026-05-13,4697.7001953125,Yahoo public chart endpoint,https://finance.yahoo.com/quote/GC=F,2026-09-03T13:09:38.096770+08:00
gold,2026-05-14,4678.10009765625,Yahoo public chart endpoint,https://finance.yahoo.com/quote/GC=F,2026-09-03T13:09:38.096770+08:00
gold,2026-05-15,4555.7998046875,Yahoo public chart endpoint,https://finance.yahoo.com/quote/GC=F,2026-09-03T13:09:38.096770+08:00
gold,2026-05-18,4552.5,Yahoo public chart endpoint,https://finance.yahoo.com/quote/GC=F,2026-09-03T13:09:38.096770+08:00
gold,2026-05-19,4506.2998046875,Yahoo public chart endpoint,https://finance.yahoo.com/quote/GC=F,2026-09-03T13:09:38.096770+08:00
gold,2026-05-20,4531.2998046875,Yahoo public chart endpoint,https://finance.yahoo.com/quote/GC=F,2026-09-03T13:09:38.096770+08:00
gold,2026-05-21,4539.7998046875,Yahoo public chart endpoint,https://finance.yahoo.com/quote/GC=F,2026-09-03T13:09:38.096770+08:00
gold,2026-05-22,4521.0,Yahoo public chart endpoint,https://finance.yahoo.com/quote/GC=F,2026-09-03T13:09:38.096770+08:00
gold,2026-05-26,4500.39990234375,Yahoo public chart endpoint,https://finance.yahoo.com/quote/GC=F,2026-09-03T13:09:38.096770+08:00
gold,2026-05-27,4447.5,Yahoo public chart endpoint,https://finance.yahoo.com/quote/GC=F,2026-09-03T13:09:38.096770+08:00
gold,2026-05-28,4499.2998046875,Yahoo public chart endpoint,https://finance.yahoo.com/quote/GC=F,2026-09-03T13:09:38.096770+08:00
gold,2026-05-29,4560.5,Yahoo public chart endpoint,https://finance.yahoo.com/quote/GC=F,2026-09-03T13:09:38.096770+08:00
gold,2026-06-01,4475.2001953125,Yahoo public chart endpoint,https://finance.yahoo.com/quote/GC=F,2026-09-03T13:09:38.096770+08:00
gold,2026-06-02,4489.10009765625,Yahoo public chart endpoint,https://finance.yahoo.com/quote/GC=F,2026-09-03T13:09:38.096770+08:00
gold,2026-06-03,4436.7001953125,Yahoo public chart endpoint,https://finance.yahoo.com/quote/GC=F,2026-09-03T13:09:38.096770+08:00
gold,2026-06-04,4475.7998046875,Yahoo public chart endpoint,https://finance.yahoo.com/quote/GC=F,2026-09-03T13:09:38.096770+08:00
gold,2026-06-05,4337.10009765625,Yahoo public chart endpoint,https://finance.yahoo.com/quote/GC=F,2026-09-03T13:09:38.096770+08:00
gold,2026-06-08,4335.89990234375,Yahoo public chart endpoint,https://finance.yahoo.com/quote/GC=F,2026-09-03T13:09:38.096770+08:00
gold,2026-06-09,4260.0,Yahoo public chart endpoint,https://finance.yahoo.com/quote/GC=F,2026-09-03T13:09:38.096770+08:00
gold,2026-06-10,4108.2001953125,Yahoo public chart endpoint,https://finance.yahoo.com/quote/GC=F,2026-09-03T13:09:38.096770+08:00
gold,2026-06-11,4090.300048828125,Yahoo public chart endpoint,https://finance.yahoo.com/quote/GC=F,2026-09-03T13:09:38.096770+08:00
gold,2026-06-12,4215.0,Yahoo public chart endpoint,https://finance.yahoo.com/quote/GC=F,2026-09-03T13:09:38.096770+08:00
gold,2026-06-15,4328.0,Yahoo public chart endpoint,https://finance.yahoo.com/quote/GC=F,2026-09-03T13:09:38.096770+08:00
gold,2026-06-16,4330.89990234375,Yahoo public chart endpoint,https://finance.yahoo.com/quote/GC=F,2026-09-03T13:09:38.096770+08:00
gold,2026-06-17,4358.89990234375,Yahoo public chart endpoint,https://finance.yahoo.com/quote/GC=F,2026-09-03T13:09:38.096770+08:00
gold,2026-06-18,4224.10009765625,Yahoo public chart endpoint,https://finance.yahoo.com/quote/GC=F,2026-09-03T13:09:38.096770+08:00
gold,2026-06-22,4181.89990234375,Yahoo public chart endpoint,https://finance.yahoo.com/quote/GC=F,2026-09-03T13:09:38.096770+08:00
gold,2026-06-23,4129.89990234375,Yahoo public chart endpoint,https://finance.yahoo.com/quote/GC=F,2026-09-03T13:09:38.096770+08:00
gold,2026-06-24,3990.300048828125,Yahoo public chart endpoint,https://finance.yahoo.com/quote/GC=F,2026-09-03T13:09:38.096770+08:00
gold,2026-06-25,4030.5,Yahoo public chart endpoint,https://finance.yahoo.com/quote/GC=F,2026-09-03T13:09:38.096770+08:00
gold,2026-06-26,4078.699951171875,Yahoo public chart endpoint,https://finance.yahoo.com/quote/GC=F,2026-09-03T13:09:38.096770+08:00
gold,2026-06-29,4022.300048828125,Yahoo public chart endpoint,https://finance.yahoo.com/quote/GC=F,2026-09-03T13:09:38.096770+08:00
gold,2026-06-30,4022.89990234375,Yahoo public chart endpoint,https://finance.yahoo.com/quote/GC=F,2026-09-03T13:09:38.096770+08:00
gold,2026-07-01,4068.300048828125,Yahoo public chart endpoint,https://finance.yahoo.com/quote/GC=F,2026-09-03T13:09:38.096770+08:00
gold,2026-07-02,4112.7001953125,Yahoo public chart endpoint,https://finance.yahoo.com/quote/GC=F,2026-09-03T13:09:38.096770+08:00
gold,2026-07-06,4155.10009765625,Yahoo public chart endpoint,https://finance.yahoo.com/quote/GC=F,2026-09-03T13:09:38.096770+08:00
gold,2026-07-07,4145.2998046875,Yahoo public chart endpoint,https://finance.yahoo.com/quote/GC=F,2026-09-03T13:09:38.096770+08:00
gold,2026-07-08,4070.89990234375,Yahoo public chart endpoint,https://finance.yahoo.com/quote/GC=F,2026-09-03T13:09:38.096770+08:00
gold,2026-07-09,4130.60009765625,Yahoo public chart endpoint,https://finance.yahoo.com/quote/GC=F,2026-09-03T13:09:38.096770+08:00
gold,2026-07-10,4104.10009765625,Yahoo public chart endpoint,https://finance.yahoo.com/quote/GC=F,2026-09-03T13:09:38.096770+08:00
gold,2026-07-13,3997.0,Yahoo public chart endpoint,https://finance.yahoo.com/quote/GC=F,2026-09-03T13:09:38.096770+08:00
gold,2026-07-14,4061.10009765625,Yahoo public chart endpoint,https://finance.yahoo.com/quote/GC=F,2026-09-03T13:09:38.096770+08:00
gold,2026-07-15,4044.0,Yahoo public chart endpoint,https://finance.yahoo.com/quote/GC=F,2026-09-03T13:09:38.096770+08:00
gold,2026-07-16,3985.60009765625,Yahoo public chart endpoint,https://finance.yahoo.com/quote/GC=F,2026-09-03T13:09:38.096770+08:00
gold,2026-07-17,4012.699951171875,Yahoo public chart endpoint,https://finance.yahoo.com/quote/GC=F,2026-09-03T13:09:38.096770+08:00
gold,2026-07-20,4010.300048828125,Yahoo public chart endpoint,https://finance.yahoo.com/quote/GC=F,2026-09-03T13:09:38.096770+08:00
gold,2026-07-21,4071.10009765625,Yahoo public chart endpoint,https://finance.yahoo.com/quote/GC=F,2026-09-03T13:09:38.096770+08:00
gold,2026-07-22,4146.89990234375,Yahoo public chart endpoint,https://finance.yahoo.com/quote/GC=F,2026-09-03T13:09:38.096770+08:00
gold,2026-07-23,4046.60009765625,Yahoo public chart endpoint,https://finance.yahoo.com/quote/GC=F,2026-09-03T13:09:38.096770+08:00
gold,2026-07-24,4067.60009765625,Yahoo public chart endpoint,https://finance.yahoo.com/quote/GC=F,2026-09-03T13:09:38.096770+08:00
gold,2026-07-27,4074.5,Yahoo public chart endpoint,https://finance.yahoo.com/quote/GC=F,2026-09-03T13:09:38.096770+08:00
gold,2026-07-28,4036.300048828125,Yahoo public chart endpoint,https://finance.yahoo.com/quote/GC=F,2026-09-03T13:09:38.096770+08:00
gold,2026-07-29,4034.699951171875,Yahoo public chart endpoint,https://finance.yahoo.com/quote/GC=F,2026-09-03T13:09:38.096770+08:00
gold,2026-07-30,4100.10009765625,Yahoo public chart endpoint,https://finance.yahoo.com/quote/GC=F,2026-09-03T13:09:38.096770+08:00
gold,2026-07-31,4049.10009765625,Yahoo public chart endpoint,https://finance.yahoo.com/quote/GC=F,2026-09-03T13:09:38.096770+08:00
gold,2026-08-03,4033.699951171875,Yahoo public chart endpoint,https://finance.yahoo.com/quote/GC=F,2026-09-03T13:09:38.096770+08:00
gold,2026-08-04,4095.39990234375,Yahoo public chart endpoint,https://finance.yahoo.com/quote/GC=F,2026-09-03T13:09:38.096770+08:00
gold,2026-08-05,4245.7998046875,Yahoo public chart endpoint,https://finance.yahoo.com/quote/GC=F,2026-09-03T13:09:38.096770+08:00
gold,2026-08-06,4242.0,Yahoo public chart endpoint,https://finance.yahoo.com/quote/GC=F,2026-09-03T13:09:38.096770+08:00
gold,2026-08-07,4340.7001953125,Yahoo public chart endpoint,https://finance.yahoo.com/quote/GC=F,2026-09-03T13:09:38.096770+08:00
gold,2026-08-10,4361.7998046875,Yahoo public chart endpoint,https://finance.yahoo.com/quote/GC=F,2026-09-03T13:09:38.096770+08:00
gold,2026-08-11,4383.0,Yahoo public chart endpoint,https://finance.yahoo.com/quote/GC=F,2026-09-03T13:09:38.096770+08:00
gold,2026-08-12,4408.89990234375,Yahoo public chart endpoint,https://finance.yahoo.com/quote/GC=F,2026-09-03T13:09:38.096770+08:00
gold,2026-08-13,4363.60009765625,Yahoo public chart endpoint,https://finance.yahoo.com/quote/GC=F,2026-09-03T13:09:38.096770+08:00
gold,2026-08-14,4380.39990234375,Yahoo public chart endpoint,https://finance.yahoo.com/quote/GC=F,2026-09-03T13:09:38.096770+08:00
gold,2026-08-17,4417.7998046875,Yahoo public chart endpoint,https://finance.yahoo.com/quote/GC=F,2026-09-03T13:09:38.096770+08:00
gold,2026-08-18,4366.0,Yahoo public chart endpoint,https://finance.yahoo.com/quote/GC=F,2026-09-03T13:09:38.096770+08:00
gold,2026-08-19,4489.39990234375,Yahoo public chart endpoint,https://finance.yahoo.com/quote/GC=F,2026-09-03T13:09:38.096770+08:00
gold,2026-08-20,4516.2998046875,Yahoo public chart endpoint,https://finance.yahoo.com/quote/GC=F,2026-09-03T13:09:38.096770+08:00
gold,2026-08-21,4624.10009765625,Yahoo public chart endpoint,https://finance.yahoo.com/quote/GC=F,2026-09-03T13:09:38.096770+08:00
gold,2026-08-24,4640.7998046875,Yahoo public chart endpoint,https://finance.yahoo.com/quote/GC=F,2026-09-03T13:09:38.096770+08:00
gold,2026-08-25,4638.10009765625,Yahoo public chart endpoint,https://finance.yahoo.com/quote/GC=F,2026-09-03T13:09:38.096770+08:00
gold,2026-08-26,4598.2001953125,Yahoo public chart endpoint,https://finance.yahoo.com/quote/GC=F,2026-09-03T13:09:38.096770+08:00
gold,2026-08-27,4609.7001953125,Yahoo public chart endpoint,https://finance.yahoo.com/quote/GC=F,2026-09-03T13:09:38.096770+08:00
gold,2026-08-28,4478.10009765625,Yahoo public chart endpoint,https://finance.yahoo.com/quote/GC=F,2026-09-03T13:09:38.096770+08:00
gold,2026-08-31,4431.10009765625,Yahoo public chart endpoint,https://finance.yahoo.com/quote/GC=F,2026-09-03T13:09:38.096770+08:00
gold,2026-09-01,4348.0,Yahoo public chart endpoint,https://finance.yahoo.com/quote/GC=F,2026-09-03T13:09:38.096770+08:00
gold,2026-09-02,4366.2998046875,Yahoo public chart endpoint,https://finance.yahoo.com/quote/GC=F,2026-09-03T13:09:38.096770+08:00
gold,2026-09-03,4482.60009765625,Yahoo public chart endpoint,https://finance.yahoo.com/quote/GC=F,2026-09-03T13:09:38.096770+08:00
henry_hub,2025-11-07,3.76,FRED,https://fred.stlouisfed.org/series/DHHNGSP,2026-09-03T13:09:38.096770+08:00
henry_hub,2025-11-10,3.8,FRED,https://fred.stlouisfed.org/series/DHHNGSP,2026-09-03T13:09:38.096770+08:00
henry_hub,2025-11-12,3.6,FRED,https://fred.stlouisfed.org/series/DHHNGSP,2026-09-03T13:09:38.096770+08:00
henry_hub,2025-11-13,3.6,FRED,https://fred.stlouisfed.org/series/DHHNGSP,2026-09-03T13:09:38.096770+08:00
henry_hub,2025-11-14,3.49,FRED,https://fred.stlouisfed.org/series/DHHNGSP,2026-09-03T13:09:38.096770+08:00
henry_hub,2025-11-17,3.71,FRED,https://fred.stlouisfed.org/series/DHHNGSP,2026-09-03T13:09:38.096770+08:00
henry_hub,2025-11-18,3.7,FRED,https://fred.stlouisfed.org/series/DHHNGSP,2026-09-03T13:09:38.096770+08:00
henry_hub,2025-11-19,3.94,FRED,https://fred.stlouisfed.org/series/DHHNGSP,2026-09-03T13:09:38.096770+08:00
henry_hub,2025-11-20,3.97,FRED,https://fred.stlouisfed.org/series/DHHNGSP,2026-09-03T13:09:38.096770+08:00
henry_hub,2025-11-21,4.13,FRED,https://fred.stlouisfed.org/series/DHHNGSP,2026-09-03T13:09:38.096770+08:00
henry_hub,2025-11-24,4.15,FRED,https://fred.stlouisfed.org/series/DHHNGSP,2026-09-03T13:09:38.096770+08:00
henry_hub,2025-11-25,4.12,FRED,https://fred.stlouisfed.org/series/DHHNGSP,2026-09-03T13:09:38.096770+08:00
henry_hub,2025-11-26,4.59,FRED,https://fred.stlouisfed.org/series/DHHNGSP,2026-09-03T13:09:38.096770+08:00
henry_hub,2025-12-01,5.08,FRED,https://fred.stlouisfed.org/series/DHHNGSP,2026-09-03T13:09:38.096770+08:00
henry_hub,2025-12-02,4.83,FRED,https://fred.stlouisfed.org/series/DHHNGSP,2026-09-03T13:09:38.096770+08:00
henry_hub,2025-12-03,4.86,FRED,https://fred.stlouisfed.org/series/DHHNGSP,2026-09-03T13:09:38.096770+08:00
henry_hub,2025-12-04,4.89,FRED,https://fred.stlouisfed.org/series/DHHNGSP,2026-09-03T13:09:38.096770+08:00
henry_hub,2025-12-05,5.19,FRED,https://fred.stlouisfed.org/series/DHHNGSP,2026-09-03T13:09:38.096770+08:00
henry_hub,2025-12-08,5.19,FRED,https://fred.stlouisfed.org/series/DHHNGSP,2026-09-03T13:09:38.096770+08:00
henry_hub,2025-12-09,4.76,FRED,https://fred.stlouisfed.org/series/DHHNGSP,2026-09-03T13:09:38.096770+08:00
henry_hub,2025-12-10,4.62,FRED,https://fred.stlouisfed.org/series/DHHNGSP,2026-09-03T13:09:38.096770+08:00
henry_hub,2025-12-11,4.35,FRED,https://fred.stlouisfed.org/series/DHHNGSP,2026-09-03T13:09:38.096770+08:00
henry_hub,2025-12-12,4.07,FRED,https://fred.stlouisfed.org/series/DHHNGSP,2026-09-03T13:09:38.096770+08:00
henry_hub,2025-12-15,3.9,FRED,https://fred.stlouisfed.org/series/DHHNGSP,2026-09-03T13:09:38.096770+08:00
henry_hub,2025-12-16,3.58,FRED,https://fred.stlouisfed.org/series/DHHNGSP,2026-09-03T13:09:38.096770+08:00
henry_hub,2025-12-17,3.66,FRED,https://fred.stlouisfed.org/series/DHHNGSP,2026-09-03T13:09:38.096770+08:00
henry_hub,2025-12-18,3.87,FRED,https://fred.stlouisfed.org/series/DHHNGSP,2026-09-03T13:09:38.096770+08:00
henry_hub,2025-12-19,3.58,FRED,https://fred.stlouisfed.org/series/DHHNGSP,2026-09-03T13:09:38.096770+08:00
henry_hub,2025-12-22,3.67,FRED,https://fred.stlouisfed.org/series/DHHNGSP,2026-09-03T13:09:38.096770+08:00
henry_hub,2025-12-23,3.38,FRED,https://fred.stlouisfed.org/series/DHHNGSP,2026-09-03T13:09:38.096770+08:00
henry_hub,2025-12-24,3.31,FRED,https://fred.stlouisfed.org/series/DHHNGSP,2026-09-03T13:09:38.096770+08:00
henry_hub,2025-12-29,4.35,FRED,https://fred.stlouisfed.org/series/DHHNGSP,2026-09-03T13:09:38.096770+08:00
henry_hub,2025-12-30,4.4,FRED,https://fred.stlouisfed.org/series/DHHNGSP,2026-09-03T13:09:38.096770+08:00
henry_hub,2025-12-31,4.0,FRED,https://fred.stlouisfed.org/series/DHHNGSP,2026-09-03T13:09:38.096770+08:00
henry_hub,2026-01-05,2.82,FRED,https://fred.stlouisfed.org/series/DHHNGSP,2026-09-03T13:09:38.096770+08:00
henry_hub,2026-01-06,2.85,FRED,https://fred.stlouisfed.org/series/DHHNGSP,2026-09-03T13:09:38.096770+08:00
henry_hub,2026-01-07,3.1,FRED,https://fred.stlouisfed.org/series/DHHNGSP,2026-09-03T13:09:38.096770+08:00
henry_hub,2026-01-08,2.92,FRED,https://fred.stlouisfed.org/series/DHHNGSP,2026-09-03T13:09:38.096770+08:00
henry_hub,2026-01-09,2.87,FRED,https://fred.stlouisfed.org/series/DHHNGSP,2026-09-03T13:09:38.096770+08:00
henry_hub,2026-01-12,2.9,FRED,https://fred.stlouisfed.org/series/DHHNGSP,2026-09-03T13:09:38.096770+08:00
henry_hub,2026-01-13,3.0,FRED,https://fred.stlouisfed.org/series/DHHNGSP,2026-09-03T13:09:38.096770+08:00
henry_hub,2026-01-14,3.13,FRED,https://fred.stlouisfed.org/series/DHHNGSP,2026-09-03T13:09:38.096770+08:00
henry_hub,2026-01-15,2.92,FRED,https://fred.stlouisfed.org/series/DHHNGSP,2026-09-03T13:09:38.096770+08:00
henry_hub,2026-01-16,3.06,FRED,https://fred.stlouisfed.org/series/DHHNGSP,2026-09-03T13:09:38.096770+08:00
henry_hub,2026-01-20,4.0,FRED,https://fred.stlouisfed.org/series/DHHNGSP,2026-09-03T13:09:38.096770+08:00
henry_hub,2026-01-21,4.96,FRED,https://fred.stlouisfed.org/series/DHHNGSP,2026-09-03T13:09:38.096770+08:00
henry_hub,2026-01-22,8.42,FRED,https://fred.stlouisfed.org/series/DHHNGSP,2026-09-03T13:09:38.096770+08:00
henry_hub,2026-01-23,30.72,FRED,https://fred.stlouisfed.org/series/DHHNGSP,2026-09-03T13:09:38.096770+08:00
henry_hub,2026-01-26,25.01,FRED,https://fred.stlouisfed.org/series/DHHNGSP,2026-09-03T13:09:38.096770+08:00
henry_hub,2026-01-27,17.19,FRED,https://fred.stlouisfed.org/series/DHHNGSP,2026-09-03T13:09:38.096770+08:00
henry_hub,2026-01-28,9.34,FRED,https://fred.stlouisfed.org/series/DHHNGSP,2026-09-03T13:09:38.096770+08:00
henry_hub,2026-01-29,10.25,FRED,https://fred.stlouisfed.org/series/DHHNGSP,2026-09-03T13:09:38.096770+08:00
henry_hub,2026-01-30,7.18,FRED,https://fred.stlouisfed.org/series/DHHNGSP,2026-09-03T13:09:38.096770+08:00
henry_hub,2026-02-02,4.4,FRED,https://fred.stlouisfed.org/series/DHHNGSP,2026-09-03T13:09:38.096770+08:00
henry_hub,2026-02-03,4.11,FRED,https://fred.stlouisfed.org/series/DHHNGSP,2026-09-03T13:09:38.096770+08:00
henry_hub,2026-02-04,6.88,FRED,https://fred.stlouisfed.org/series/DHHNGSP,2026-09-03T13:09:38.096770+08:00
henry_hub,2026-02-05,5.28,FRED,https://fred.stlouisfed.org/series/DHHNGSP,2026-09-03T13:09:38.096770+08:00
henry_hub,2026-02-06,4.37,FRED,https://fred.stlouisfed.org/series/DHHNGSP,2026-09-03T13:09:38.096770+08:00
henry_hub,2026-02-09,3.25,FRED,https://fred.stlouisfed.org/series/DHHNGSP,2026-09-03T13:09:38.096770+08:00
henry_hub,2026-02-10,3.18,FRED,https://fred.stlouisfed.org/series/DHHNGSP,2026-09-03T13:09:38.096770+08:00
henry_hub,2026-02-11,3.25,FRED,https://fred.stlouisfed.org/series/DHHNGSP,2026-09-03T13:09:38.096770+08:00
henry_hub,2026-02-12,3.43,FRED,https://fred.stlouisfed.org/series/DHHNGSP,2026-09-03T13:09:38.096770+08:00
henry_hub,2026-02-13,3.24,FRED,https://fred.stlouisfed.org/series/DHHNGSP,2026-09-03T13:09:38.096770+08:00
henry_hub,2026-02-17,3.13,FRED,https://fred.stlouisfed.org/series/DHHNGSP,2026-09-03T13:09:38.096770+08:00
henry_hub,2026-02-18,2.98,FRED,https://fred.stlouisfed.org/series/DHHNGSP,2026-09-03T13:09:38.096770+08:00
henry_hub,2026-02-19,3.09,FRED,https://fred.stlouisfed.org/series/DHHNGSP,2026-09-03T13:09:38.096770+08:00
henry_hub,2026-02-20,3.15,FRED,https://fred.stlouisfed.org/series/DHHNGSP,2026-09-03T13:09:38.096770+08:00
henry_hub,2026-02-23,3.13,FRED,https://fred.stlouisfed.org/series/DHHNGSP,2026-09-03T13:09:38.096770+08:00
henry_hub,2026-02-24,2.99,FRED,https://fred.stlouisfed.org/series/DHHNGSP,2026-09-03T13:09:38.096770+08:00
henry_hub,2026-02-25,3.02,FRED,https://fred.stlouisfed.org/series/DHHNGSP,2026-09-03T13:09:38.096770+08:00
henry_hub,2026-02-26,2.94,FRED,https://fred.stlouisfed.org/series/DHHNGSP,2026-09-03T13:09:38.096770+08:00
henry_hub,2026-02-27,2.99,FRED,https://fred.stlouisfed.org/series/DHHNGSP,2026-09-03T13:09:38.096770+08:00
henry_hub,2026-03-02,2.99,FRED,https://fred.stlouisfed.org/series/DHHNGSP,2026-09-03T13:09:38.096770+08:00
henry_hub,2026-03-03,3.1,FRED,https://fred.stlouisfed.org/series/DHHNGSP,2026-09-03T13:09:38.096770+08:00
henry_hub,2026-03-04,2.87,FRED,https://fred.stlouisfed.org/series/DHHNGSP,2026-09-03T13:09:38.096770+08:00
henry_hub,2026-03-05,2.9,FRED,https://fred.stlouisfed.org/series/DHHNGSP,2026-09-03T13:09:38.096770+08:00
henry_hub,2026-03-06,3.1,FRED,https://fred.stlouisfed.org/series/DHHNGSP,2026-09-03T13:09:38.096770+08:00
henry_hub,2026-03-09,3.25,FRED,https://fred.stlouisfed.org/series/DHHNGSP,2026-09-03T13:09:38.096770+08:00
henry_hub,2026-03-10,3.08,FRED,https://fred.stlouisfed.org/series/DHHNGSP,2026-09-03T13:09:38.096770+08:00
henry_hub,2026-03-11,3.15,FRED,https://fred.stlouisfed.org/series/DHHNGSP,2026-09-03T13:09:38.096770+08:00
henry_hub,2026-03-12,3.27,FRED,https://fred.stlouisfed.org/series/DHHNGSP,2026-09-03T13:09:38.096770+08:00
henry_hub,2026-03-13,3.2,FRED,https://fred.stlouisfed.org/series/DHHNGSP,2026-09-03T13:09:38.096770+08:00
henry_hub,2026-03-16,3.03,FRED,https://fred.stlouisfed.org/series/DHHNGSP,2026-09-03T13:09:38.096770+08:00
henry_hub,2026-03-17,3.14,FRED,https://fred.stlouisfed.org/series/DHHNGSP,2026-09-03T13:09:38.096770+08:00
henry_hub,2026-03-18,3.12,FRED,https://fred.stlouisfed.org/series/DHHNGSP,2026-09-03T13:09:38.096770+08:00
henry_hub,2026-03-19,3.21,FRED,https://fred.stlouisfed.org/series/DHHNGSP,2026-09-03T13:09:38.096770+08:00
henry_hub,2026-03-20,3.04,FRED,https://fred.stlouisfed.org/series/DHHNGSP,2026-09-03T13:09:38.096770+08:00
henry_hub,2026-03-23,2.94,FRED,https://fred.stlouisfed.org/series/DHHNGSP,2026-09-03T13:09:38.096770+08:00
henry_hub,2026-03-24,2.9,FRED,https://fred.stlouisfed.org/series/DHHNGSP,2026-09-03T13:09:38.096770+08:00
henry_hub,2026-03-25,2.94,FRED,https://fred.stlouisfed.org/series/DHHNGSP,2026-09-03T13:09:38.096770+08:00
henry_hub,2026-03-26,2.99,FRED,https://fred.stlouisfed.org/series/DHHNGSP,2026-09-03T13:09:38.096770+08:00
henry_hub,2026-03-27,2.99,FRED,https://fred.stlouisfed.org/series/DHHNGSP,2026-09-03T13:09:38.096770+08:00
henry_hub,2026-03-30,2.88,FRED,https://fred.stlouisfed.org/series/DHHNGSP,2026-09-03T13:09:38.096770+08:00
henry_hub,2026-03-31,2.88,FRED,https://fred.stlouisfed.org/series/DHHNGSP,2026-09-03T13:09:38.096770+08:00
henry_hub,2026-04-01,2.99,FRED,https://fred.stlouisfed.org/series/DHHNGSP,2026-09-03T13:09:38.096770+08:00
henry_hub,2026-04-02,2.86,FRED,https://fred.stlouisfed.org/series/DHHNGSP,2026-09-03T13:09:38.096770+08:00
henry_hub,2026-04-06,3.04,FRED,https://fred.stlouisfed.org/series/DHHNGSP,2026-09-03T13:09:38.096770+08:00
henry_hub,2026-04-07,3.01,FRED,https://fred.stlouisfed.org/series/DHHNGSP,2026-09-03T13:09:38.096770+08:00
henry_hub,2026-04-08,2.78,FRED,https://fred.stlouisfed.org/series/DHHNGSP,2026-09-03T13:09:38.096770+08:00
henry_hub,2026-04-09,2.78,FRED,https://fred.stlouisfed.org/series/DHHNGSP,2026-09-03T13:09:38.096770+08:00
henry_hub,2026-04-10,2.64,FRED,https://fred.stlouisfed.org/series/DHHNGSP,2026-09-03T13:09:38.096770+08:00
henry_hub,2026-04-13,2.79,FRED,https://fred.stlouisfed.org/series/DHHNGSP,2026-09-03T13:09:38.096770+08:00
henry_hub,2026-04-14,2.79,FRED,https://fred.stlouisfed.org/series/DHHNGSP,2026-09-03T13:09:38.096770+08:00
henry_hub,2026-04-15,2.78,FRED,https://fred.stlouisfed.org/series/DHHNGSP,2026-09-03T13:09:38.096770+08:00
henry_hub,2026-04-16,2.78,FRED,https://fred.stlouisfed.org/series/DHHNGSP,2026-09-03T13:09:38.096770+08:00
henry_hub,2026-04-17,2.71,FRED,https://fred.stlouisfed.org/series/DHHNGSP,2026-09-03T13:09:38.096770+08:00
henry_hub,2026-04-20,2.81,FRED,https://fred.stlouisfed.org/series/DHHNGSP,2026-09-03T13:09:38.096770+08:00
henry_hub,2026-04-21,2.76,FRED,https://fred.stlouisfed.org/series/DHHNGSP,2026-09-03T13:09:38.096770+08:00
henry_hub,2026-04-22,2.75,FRED,https://fred.stlouisfed.org/series/DHHNGSP,2026-09-03T13:09:38.096770+08:00
henry_hub,2026-04-23,2.65,FRED,https://fred.stlouisfed.org/series/DHHNGSP,2026-09-03T13:09:38.096770+08:00
henry_hub,2026-04-24,2.54,FRED,https://fred.stlouisfed.org/series/DHHNGSP,2026-09-03T13:09:38.096770+08:00
henry_hub,2026-04-27,2.72,FRED,https://fred.stlouisfed.org/series/DHHNGSP,2026-09-03T13:09:38.096770+08:00
henry_hub,2026-04-28,2.7,FRED,https://fred.stlouisfed.org/series/DHHNGSP,2026-09-03T13:09:38.096770+08:00
henry_hub,2026-04-29,2.6,FRED,https://fred.stlouisfed.org/series/DHHNGSP,2026-09-03T13:09:38.096770+08:00
henry_hub,2026-04-30,2.64,FRED,https://fred.stlouisfed.org/series/DHHNGSP,2026-09-03T13:09:38.096770+08:00
henry_hub,2026-05-01,2.63,FRED,https://fred.stlouisfed.org/series/DHHNGSP,2026-09-03T13:09:38.096770+08:00
henry_hub,2026-05-04,2.67,FRED,https://fred.stlouisfed.org/series/DHHNGSP,2026-09-03T13:09:38.096770+08:00
henry_hub,2026-05-05,2.83,FRED,https://fred.stlouisfed.org/series/DHHNGSP,2026-09-03T13:09:38.096770+08:00
henry_hub,2026-05-06,2.75,FRED,https://fred.stlouisfed.org/series/DHHNGSP,2026-09-03T13:09:38.096770+08:00
henry_hub,2026-05-07,2.7,FRED,https://fred.stlouisfed.org/series/DHHNGSP,2026-09-03T13:09:38.096770+08:00
henry_hub,2026-05-08,2.75,FRED,https://fred.stlouisfed.org/series/DHHNGSP,2026-09-03T13:09:38.096770+08:00
henry_hub,2026-05-11,2.82,FRED,https://fred.stlouisfed.org/series/DHHNGSP,2026-09-03T13:09:38.096770+08:00
henry_hub,2026-05-12,2.91,FRED,https://fred.stlouisfed.org/series/DHHNGSP,2026-09-03T13:09:38.096770+08:00
henry_hub,2026-05-13,2.88,FRED,https://fred.stlouisfed.org/series/DHHNGSP,2026-09-03T13:09:38.096770+08:00
henry_hub,2026-05-14,2.79,FRED,https://fred.stlouisfed.org/series/DHHNGSP,2026-09-03T13:09:38.096770+08:00
henry_hub,2026-05-15,2.89,FRED,https://fred.stlouisfed.org/series/DHHNGSP,2026-09-03T13:09:38.096770+08:00
henry_hub,2026-05-18,3.07,FRED,https://fred.stlouisfed.org/series/DHHNGSP,2026-09-03T13:09:38.096770+08:00
henry_hub,2026-05-19,3.23,FRED,https://fred.stlouisfed.org/series/DHHNGSP,2026-09-03T13:09:38.096770+08:00
henry_hub,2026-05-20,3.18,FRED,https://fred.stlouisfed.org/series/DHHNGSP,2026-09-03T13:09:38.096770+08:00
henry_hub,2026-05-21,3.14,FRED,https://fred.stlouisfed.org/series/DHHNGSP,2026-09-03T13:09:38.096770+08:00
henry_hub,2026-05-22,2.92,FRED,https://fred.stlouisfed.org/series/DHHNGSP,2026-09-03T13:09:38.096770+08:00
henry_hub,2026-05-26,3.1,FRED,https://fred.stlouisfed.org/series/DHHNGSP,2026-09-03T13:09:38.096770+08:00
henry_hub,2026-05-27,3.13,FRED,https://fred.stlouisfed.org/series/DHHNGSP,2026-09-03T13:09:38.096770+08:00
henry_hub,2026-05-28,3.04,FRED,https://fred.stlouisfed.org/series/DHHNGSP,2026-09-03T13:09:38.096770+08:00
henry_hub,2026-05-29,3.34,FRED,https://fred.stlouisfed.org/series/DHHNGSP,2026-09-03T13:09:38.096770+08:00
henry_hub,2026-06-01,3.07,FRED,https://fred.stlouisfed.org/series/DHHNGSP,2026-09-03T13:09:38.096770+08:00
henry_hub,2026-06-02,2.97,FRED,https://fred.stlouisfed.org/series/DHHNGSP,2026-09-03T13:09:38.096770+08:00
henry_hub,2026-06-03,2.97,FRED,https://fred.stlouisfed.org/series/DHHNGSP,2026-09-03T13:09:38.096770+08:00
henry_hub,2026-06-04,3.08,FRED,https://fred.stlouisfed.org/series/DHHNGSP,2026-09-03T13:09:38.096770+08:00
henry_hub,2026-06-05,3.05,FRED,https://fred.stlouisfed.org/series/DHHNGSP,2026-09-03T13:09:38.096770+08:00
henry_hub,2026-06-08,3.1,FRED,https://fred.stlouisfed.org/series/DHHNGSP,2026-09-03T13:09:38.096770+08:00
henry_hub,2026-06-09,3.18,FRED,https://fred.stlouisfed.org/series/DHHNGSP,2026-09-03T13:09:38.096770+08:00
henry_hub,2026-06-10,3.27,FRED,https://fred.stlouisfed.org/series/DHHNGSP,2026-09-03T13:09:38.096770+08:00
henry_hub,2026-06-11,3.16,FRED,https://fred.stlouisfed.org/series/DHHNGSP,2026-09-03T13:09:38.096770+08:00
henry_hub,2026-06-12,3.06,FRED,https://fred.stlouisfed.org/series/DHHNGSP,2026-09-03T13:09:38.096770+08:00
henry_hub,2026-06-15,3.06,FRED,https://fred.stlouisfed.org/series/DHHNGSP,2026-09-03T13:09:38.096770+08:00
henry_hub,2026-06-16,3.1,FRED,https://fred.stlouisfed.org/series/DHHNGSP,2026-09-03T13:09:38.096770+08:00
henry_hub,2026-06-17,3.25,FRED,https://fred.stlouisfed.org/series/DHHNGSP,2026-09-03T13:09:38.096770+08:00
henry_hub,2026-06-18,3.08,FRED,https://fred.stlouisfed.org/series/DHHNGSP,2026-09-03T13:09:38.096770+08:00
henry_hub,2026-06-22,3.16,FRED,https://fred.stlouisfed.org/series/DHHNGSP,2026-09-03T13:09:38.096770+08:00
henry_hub,2026-06-23,3.15,FRED,https://fred.stlouisfed.org/series/DHHNGSP,2026-09-03T13:09:38.096770+08:00
henry_hub,2026-06-24,3.19,FRED,https://fred.stlouisfed.org/series/DHHNGSP,2026-09-03T13:09:38.096770+08:00
henry_hub,2026-06-25,3.21,FRED,https://fred.stlouisfed.org/series/DHHNGSP,2026-09-03T13:09:38.096770+08:00
henry_hub,2026-06-26,3.26,FRED,https://fred.stlouisfed.org/series/DHHNGSP,2026-09-03T13:09:38.096770+08:00
henry_hub,2026-06-29,3.33,FRED,https://fred.stlouisfed.org/series/DHHNGSP,2026-09-03T13:09:38.096770+08:00
henry_hub,2026-06-30,3.34,FRED,https://fred.stlouisfed.org/series/DHHNGSP,2026-09-03T13:09:38.096770+08:00
henry_hub,2026-07-01,3.34,FRED,https://fred.stlouisfed.org/series/DHHNGSP,2026-09-03T13:09:38.096770+08:00
henry_hub,2026-07-02,3.34,FRED,https://fred.stlouisfed.org/series/DHHNGSP,2026-09-03T13:09:38.096770+08:00
henry_hub,2026-07-06,3.29,FRED,https://fred.stlouisfed.org/series/DHHNGSP,2026-09-03T13:09:38.096770+08:00
henry_hub,2026-07-07,3.13,FRED,https://fred.stlouisfed.org/series/DHHNGSP,2026-09-03T13:09:38.096770+08:00
henry_hub,2026-07-08,3.13,FRED,https://fred.stlouisfed.org/series/DHHNGSP,2026-09-03T13:09:38.096770+08:00
henry_hub,2026-07-09,3.17,FRED,https://fred.stlouisfed.org/series/DHHNGSP,2026-09-03T13:09:38.096770+08:00
henry_hub,2026-07-10,2.73,FRED,https://fred.stlouisfed.org/series/DHHNGSP,2026-09-03T13:09:38.096770+08:00
henry_hub,2026-07-13,2.83,FRED,https://fred.stlouisfed.org/series/DHHNGSP,2026-09-03T13:09:38.096770+08:00
henry_hub,2026-07-14,2.76,FRED,https://fred.stlouisfed.org/series/DHHNGSP,2026-09-03T13:09:38.096770+08:00
henry_hub,2026-07-15,2.8,FRED,https://fred.stlouisfed.org/series/DHHNGSP,2026-09-03T13:09:38.096770+08:00
henry_hub,2026-07-16,2.83,FRED,https://fred.stlouisfed.org/series/DHHNGSP,2026-09-03T13:09:38.096770+08:00
henry_hub,2026-07-17,2.75,FRED,https://fred.stlouisfed.org/series/DHHNGSP,2026-09-03T13:09:38.096770+08:00
henry_hub,2026-07-20,2.8,FRED,https://fred.stlouisfed.org/series/DHHNGSP,2026-09-03T13:09:38.096770+08:00
henry_hub,2026-07-21,2.8,FRED,https://fred.stlouisfed.org/series/DHHNGSP,2026-09-03T13:09:38.096770+08:00
henry_hub,2026-07-22,2.93,FRED,https://fred.stlouisfed.org/series/DHHNGSP,2026-09-03T13:09:38.096770+08:00
henry_hub,2026-07-23,2.92,FRED,https://fred.stlouisfed.org/series/DHHNGSP,2026-09-03T13:09:38.096770+08:00
henry_hub,2026-07-24,2.87,FRED,https://fred.stlouisfed.org/series/DHHNGSP,2026-09-03T13:09:38.096770+08:00
henry_hub,2026-07-27,2.63,FRED,https://fred.stlouisfed.org/series/DHHNGSP,2026-09-03T13:09:38.096770+08:00
henry_hub,2026-07-28,2.65,FRED,https://fred.stlouisfed.org/series/DHHNGSP,2026-09-03T13:09:38.096770+08:00
henry_hub,2026-07-29,2.58,FRED,https://fred.stlouisfed.org/series/DHHNGSP,2026-09-03T13:09:38.096770+08:00
henry_hub,2026-07-30,2.65,FRED,https://fred.stlouisfed.org/series/DHHNGSP,2026-09-03T13:09:38.096770+08:00
henry_hub,2026-07-31,2.59,FRED,https://fred.stlouisfed.org/series/DHHNGSP,2026-09-03T13:09:38.096770+08:00
henry_hub,2026-08-03,2.81,FRED,https://fred.stlouisfed.org/series/DHHNGSP,2026-09-03T13:09:38.096770+08:00
henry_hub,2026-08-04,2.74,FRED,https://fred.stlouisfed.org/series/DHHNGSP,2026-09-03T13:09:38.096770+08:00
henry_hub,2026-08-05,2.6,FRED,https://fred.stlouisfed.org/series/DHHNGSP,2026-09-03T13:09:38.096770+08:00
henry_hub,2026-08-06,2.6,FRED,https://fred.stlouisfed.org/series/DHHNGSP,2026-09-03T13:09:38.096770+08:00
henry_hub,2026-08-07,2.56,FRED,https://fred.stlouisfed.org/series/DHHNGSP,2026-09-03T13:09:38.096770+08:00
henry_hub,2026-08-10,2.72,FRED,https://fred.stlouisfed.org/series/DHHNGSP,2026-09-03T13:09:38.096770+08:00
henry_hub,2026-08-11,2.79,FRED,https://fred.stlouisfed.org/series/DHHNGSP,2026-09-03T13:09:38.096770+08:00
henry_hub,2026-08-12,2.82,FRED,https://fred.stlouisfed.org/series/DHHNGSP,2026-09-03T13:09:38.096770+08:00
henry_hub,2026-08-13,2.82,FRED,https://fred.stlouisfed.org/series/DHHNGSP,2026-09-03T13:09:38.096770+08:00
henry_hub,2026-08-14,2.79,FRED,https://fred.stlouisfed.org/series/DHHNGSP,2026-09-03T13:09:38.096770+08:00
henry_hub,2026-08-17,2.77,FRED,https://fred.stlouisfed.org/series/DHHNGSP,2026-09-03T13:09:38.096770+08:00
henry_hub,2026-08-18,2.82,FRED,https://fred.stlouisfed.org/series/DHHNGSP,2026-09-03T13:09:38.096770+08:00
henry_hub,2026-08-19,2.94,FRED,https://fred.stlouisfed.org/series/DHHNGSP,2026-09-03T13:09:38.096770+08:00
henry_hub,2026-08-20,2.94,FRED,https://fred.stlouisfed.org/series/DHHNGSP,2026-09-03T13:09:38.096770+08:00
henry_hub,2026-08-21,2.82,FRED,https://fred.stlouisfed.org/series/DHHNGSP,2026-09-03T13:09:38.096770+08:00
henry_hub,2026-08-24,2.83,FRED,https://fred.stlouisfed.org/series/DHHNGSP,2026-09-03T13:09:38.096770+08:00
henry_hub,2026-08-25,2.7,FRED,https://fred.stlouisfed.org/series/DHHNGSP,2026-09-03T13:09:38.096770+08:00
henry_hub,2026-08-26,2.81,FRED,https://fred.stlouisfed.org/series/DHHNGSP,2026-09-03T13:09:38.096770+08:00
henry_hub,2026-08-27,2.89,FRED,https://fred.stlouisfed.org/series/DHHNGSP,2026-09-03T13:09:38.096770+08:00
henry_hub,2026-08-28,2.82,FRED,https://fred.stlouisfed.org/series/DHHNGSP,2026-09-03T13:09:38.096770+08:00
henry_hub,2026-08-31,2.9,FRED,https://fred.stlouisfed.org/series/DHHNGSP,2026-09-03T13:09:38.096770+08:00
henry_hub,2026-09-01,2.9,FRED,https://fred.stlouisfed.org/series/DHHNGSP,2026-09-03T13:09:38.096770+08:00
silver,2026-01-26,115.08000183105469,Yahoo public chart endpoint,https://finance.yahoo.com/quote/SI=F,2026-09-03T13:09:38.096770+08:00
silver,2026-01-27,105.52300262451172,Yahoo public chart endpoint,https://finance.yahoo.com/quote/SI=F,2026-09-03T13:09:38.096770+08:00
silver,2026-01-28,113.11100006103516,Yahoo public chart endpoint,https://finance.yahoo.com/quote/SI=F,2026-09-03T13:09:38.096770+08:00
silver,2026-01-29,114.03700256347656,Yahoo public chart endpoint,https://finance.yahoo.com/quote/SI=F,2026-09-03T13:09:38.096770+08:00
silver,2026-01-30,78.29000091552734,Yahoo public chart endpoint,https://finance.yahoo.com/quote/SI=F,2026-09-03T13:09:38.096770+08:00
silver,2026-02-02,76.77799987792969,Yahoo public chart endpoint,https://finance.yahoo.com/quote/SI=F,2026-09-03T13:09:38.096770+08:00
silver,2026-02-03,83.04199981689453,Yahoo public chart endpoint,https://finance.yahoo.com/quote/SI=F,2026-09-03T13:09:38.096770+08:00
silver,2026-02-04,84.16500091552734,Yahoo public chart endpoint,https://finance.yahoo.com/quote/SI=F,2026-09-03T13:09:38.096770+08:00
silver,2026-02-05,76.52899932861328,Yahoo public chart endpoint,https://finance.yahoo.com/quote/SI=F,2026-09-03T13:09:38.096770+08:00
silver,2026-02-06,76.73500061035156,Yahoo public chart endpoint,https://finance.yahoo.com/quote/SI=F,2026-09-03T13:09:38.096770+08:00
silver,2026-02-09,82.06500244140625,Yahoo public chart endpoint,https://finance.yahoo.com/quote/SI=F,2026-09-03T13:09:38.096770+08:00
silver,2026-02-10,80.21800231933594,Yahoo public chart endpoint,https://finance.yahoo.com/quote/SI=F,2026-09-03T13:09:38.096770+08:00
silver,2026-02-11,83.75399780273438,Yahoo public chart endpoint,https://finance.yahoo.com/quote/SI=F,2026-09-03T13:09:38.096770+08:00
silver,2026-02-12,75.5459976196289,Yahoo public chart endpoint,https://finance.yahoo.com/quote/SI=F,2026-09-03T13:09:38.096770+08:00
silver,2026-02-13,77.85099792480469,Yahoo public chart endpoint,https://finance.yahoo.com/quote/SI=F,2026-09-03T13:09:38.096770+08:00
silver,2026-02-17,73.4469985961914,Yahoo public chart endpoint,https://finance.yahoo.com/quote/SI=F,2026-09-03T13:09:38.096770+08:00
silver,2026-02-18,77.50900268554688,Yahoo public chart endpoint,https://finance.yahoo.com/quote/SI=F,2026-09-03T13:09:38.096770+08:00
silver,2026-02-19,77.56500244140625,Yahoo public chart endpoint,https://finance.yahoo.com/quote/SI=F,2026-09-03T13:09:38.096770+08:00
silver,2026-02-20,82.28299713134766,Yahoo public chart endpoint,https://finance.yahoo.com/quote/SI=F,2026-09-03T13:09:38.096770+08:00
silver,2026-02-23,86.52300262451172,Yahoo public chart endpoint,https://finance.yahoo.com/quote/SI=F,2026-09-03T13:09:38.096770+08:00
silver,2026-02-24,87.45700073242188,Yahoo public chart endpoint,https://finance.yahoo.com/quote/SI=F,2026-09-03T13:09:38.096770+08:00
silver,2026-02-25,90.93900299072266,Yahoo public chart endpoint,https://finance.yahoo.com/quote/SI=F,2026-09-03T13:09:38.096770+08:00
silver,2026-02-26,86.99800109863281,Yahoo public chart endpoint,https://finance.yahoo.com/quote/SI=F,2026-09-03T13:09:38.096770+08:00
silver,2026-02-27,92.68199920654297,Yahoo public chart endpoint,https://finance.yahoo.com/quote/SI=F,2026-09-03T13:09:38.096770+08:00
silver,2026-03-02,88.28399658203125,Yahoo public chart endpoint,https://finance.yahoo.com/quote/SI=F,2026-09-03T13:09:38.096770+08:00
silver,2026-03-03,82.9229965209961,Yahoo public chart endpoint,https://finance.yahoo.com/quote/SI=F,2026-09-03T13:09:38.096770+08:00
silver,2026-03-04,82.63300323486328,Yahoo public chart endpoint,https://finance.yahoo.com/quote/SI=F,2026-09-03T13:09:38.096770+08:00
silver,2026-03-05,81.68699645996094,Yahoo public chart endpoint,https://finance.yahoo.com/quote/SI=F,2026-09-03T13:09:38.096770+08:00
silver,2026-03-06,83.81600189208984,Yahoo public chart endpoint,https://finance.yahoo.com/quote/SI=F,2026-09-03T13:09:38.096770+08:00
silver,2026-03-09,84.03199768066406,Yahoo public chart endpoint,https://finance.yahoo.com/quote/SI=F,2026-09-03T13:09:38.096770+08:00
silver,2026-03-10,89.08300018310547,Yahoo public chart endpoint,https://finance.yahoo.com/quote/SI=F,2026-09-03T13:09:38.096770+08:00
silver,2026-03-11,85.06500244140625,Yahoo public chart endpoint,https://finance.yahoo.com/quote/SI=F,2026-09-03T13:09:38.096770+08:00
silver,2026-03-12,84.66999816894531,Yahoo public chart endpoint,https://finance.yahoo.com/quote/SI=F,2026-09-03T13:09:38.096770+08:00
silver,2026-03-13,80.91400146484375,Yahoo public chart endpoint,https://finance.yahoo.com/quote/SI=F,2026-09-03T13:09:38.096770+08:00
silver,2026-03-16,80.26300048828125,Yahoo public chart endpoint,https://finance.yahoo.com/quote/SI=F,2026-09-03T13:09:38.096770+08:00
silver,2026-03-17,79.52999877929688,Yahoo public chart endpoint,https://finance.yahoo.com/quote/SI=F,2026-09-03T13:09:38.096770+08:00
silver,2026-03-18,77.23799896240234,Yahoo public chart endpoint,https://finance.yahoo.com/quote/SI=F,2026-09-03T13:09:38.096770+08:00
silver,2026-03-19,70.9020004272461,Yahoo public chart endpoint,https://finance.yahoo.com/quote/SI=F,2026-09-03T13:09:38.096770+08:00
silver,2026-03-20,69.36000061035156,Yahoo public chart endpoint,https://finance.yahoo.com/quote/SI=F,2026-09-03T13:09:38.096770+08:00
silver,2026-03-23,69.04900360107422,Yahoo public chart endpoint,https://finance.yahoo.com/quote/SI=F,2026-09-03T13:09:38.096770+08:00
silver,2026-03-24,69.27400207519531,Yahoo public chart endpoint,https://finance.yahoo.com/quote/SI=F,2026-09-03T13:09:38.096770+08:00
silver,2026-03-25,72.36100006103516,Yahoo public chart endpoint,https://finance.yahoo.com/quote/SI=F,2026-09-03T13:09:38.096770+08:00
silver,2026-03-26,67.6709976196289,Yahoo public chart endpoint,https://finance.yahoo.com/quote/SI=F,2026-09-03T13:09:38.096770+08:00
silver,2026-03-27,69.54499816894531,Yahoo public chart endpoint,https://finance.yahoo.com/quote/SI=F,2026-09-03T13:09:38.096770+08:00
silver,2026-03-30,70.3239974975586,Yahoo public chart endpoint,https://finance.yahoo.com/quote/SI=F,2026-09-03T13:09:38.096770+08:00
silver,2026-03-31,74.69000244140625,Yahoo public chart endpoint,https://finance.yahoo.com/quote/SI=F,2026-09-03T13:09:38.096770+08:00
silver,2026-04-01,75.86699676513672,Yahoo public chart endpoint,https://finance.yahoo.com/quote/SI=F,2026-09-03T13:09:38.096770+08:00
silver,2026-04-02,72.73500061035156,Yahoo public chart endpoint,https://finance.yahoo.com/quote/SI=F,2026-09-03T13:09:38.096770+08:00
silver,2026-04-06,72.66100311279297,Yahoo public chart endpoint,https://finance.yahoo.com/quote/SI=F,2026-09-03T13:09:38.096770+08:00
silver,2026-04-07,71.82599639892578,Yahoo public chart endpoint,https://finance.yahoo.com/quote/SI=F,2026-09-03T13:09:38.096770+08:00
silver,2026-04-08,75.2239990234375,Yahoo public chart endpoint,https://finance.yahoo.com/quote/SI=F,2026-09-03T13:09:38.096770+08:00
silver,2026-04-09,76.2770004272461,Yahoo public chart endpoint,https://finance.yahoo.com/quote/SI=F,2026-09-03T13:09:38.096770+08:00
silver,2026-04-10,76.3239974975586,Yahoo public chart endpoint,https://finance.yahoo.com/quote/SI=F,2026-09-03T13:09:38.096770+08:00
silver,2026-04-13,75.52300262451172,Yahoo public chart endpoint,https://finance.yahoo.com/quote/SI=F,2026-09-03T13:09:38.096770+08:00
silver,2026-04-14,79.39099884033203,Yahoo public chart endpoint,https://finance.yahoo.com/quote/SI=F,2026-09-03T13:09:38.096770+08:00
silver,2026-04-15,79.49099731445312,Yahoo public chart endpoint,https://finance.yahoo.com/quote/SI=F,2026-09-03T13:09:38.096770+08:00
silver,2026-04-16,78.60600280761719,Yahoo public chart endpoint,https://finance.yahoo.com/quote/SI=F,2026-09-03T13:09:38.096770+08:00
silver,2026-04-17,81.73799896240234,Yahoo public chart endpoint,https://finance.yahoo.com/quote/SI=F,2026-09-03T13:09:38.096770+08:00
silver,2026-04-20,79.95099639892578,Yahoo public chart endpoint,https://finance.yahoo.com/quote/SI=F,2026-09-03T13:09:38.096770+08:00
silver,2026-04-21,76.41100311279297,Yahoo public chart endpoint,https://finance.yahoo.com/quote/SI=F,2026-09-03T13:09:38.096770+08:00
silver,2026-04-22,77.89299774169922,Yahoo public chart endpoint,https://finance.yahoo.com/quote/SI=F,2026-09-03T13:09:38.096770+08:00
silver,2026-04-23,75.46499633789062,Yahoo public chart endpoint,https://finance.yahoo.com/quote/SI=F,2026-09-03T13:09:38.096770+08:00
silver,2026-04-24,76.38300323486328,Yahoo public chart endpoint,https://finance.yahoo.com/quote/SI=F,2026-09-03T13:09:38.096770+08:00
silver,2026-04-27,75.00299835205078,Yahoo public chart endpoint,https://finance.yahoo.com/quote/SI=F,2026-09-03T13:09:38.096770+08:00
silver,2026-04-28,73.20500183105469,Yahoo public chart endpoint,https://finance.yahoo.com/quote/SI=F,2026-09-03T13:09:38.096770+08:00
silver,2026-04-29,71.56900024414062,Yahoo public chart endpoint,https://finance.yahoo.com/quote/SI=F,2026-09-03T13:09:38.096770+08:00
silver,2026-04-30,73.53399658203125,Yahoo public chart endpoint,https://finance.yahoo.com/quote/SI=F,2026-09-03T13:09:38.096770+08:00
silver,2026-05-01,75.95099639892578,Yahoo public chart endpoint,https://finance.yahoo.com/quote/SI=F,2026-09-03T13:09:38.096770+08:00
silver,2026-05-04,73.0719985961914,Yahoo public chart endpoint,https://finance.yahoo.com/quote/SI=F,2026-09-03T13:09:38.096770+08:00
silver,2026-05-05,73.10800170898438,Yahoo public chart endpoint,https://finance.yahoo.com/quote/SI=F,2026-09-03T13:09:38.096770+08:00
silver,2026-05-06,76.81099700927734,Yahoo public chart endpoint,https://finance.yahoo.com/quote/SI=F,2026-09-03T13:09:38.096770+08:00
silver,2026-05-07,79.70099639892578,Yahoo public chart endpoint,https://finance.yahoo.com/quote/SI=F,2026-09-03T13:09:38.096770+08:00
silver,2026-05-08,80.3949966430664,Yahoo public chart endpoint,https://finance.yahoo.com/quote/SI=F,2026-09-03T13:09:38.096770+08:00
silver,2026-05-11,85.48500061035156,Yahoo public chart endpoint,https://finance.yahoo.com/quote/SI=F,2026-09-03T13:09:38.096770+08:00
silver,2026-05-12,85.12999725341797,Yahoo public chart endpoint,https://finance.yahoo.com/quote/SI=F,2026-09-03T13:09:38.096770+08:00
silver,2026-05-13,88.88800048828125,Yahoo public chart endpoint,https://finance.yahoo.com/quote/SI=F,2026-09-03T13:09:38.096770+08:00
silver,2026-05-14,84.91200256347656,Yahoo public chart endpoint,https://finance.yahoo.com/quote/SI=F,2026-09-03T13:09:38.096770+08:00
silver,2026-05-15,77.16100311279297,Yahoo public chart endpoint,https://finance.yahoo.com/quote/SI=F,2026-09-03T13:09:38.096770+08:00
silver,2026-05-18,77.072998046875,Yahoo public chart endpoint,https://finance.yahoo.com/quote/SI=F,2026-09-03T13:09:38.096770+08:00
silver,2026-05-19,74.8280029296875,Yahoo public chart endpoint,https://finance.yahoo.com/quote/SI=F,2026-09-03T13:09:38.096770+08:00
silver,2026-05-20,75.85099792480469,Yahoo public chart endpoint,https://finance.yahoo.com/quote/SI=F,2026-09-03T13:09:38.096770+08:00
silver,2026-05-21,76.41400146484375,Yahoo public chart endpoint,https://finance.yahoo.com/quote/SI=F,2026-09-03T13:09:38.096770+08:00
silver,2026-05-22,75.89299774169922,Yahoo public chart endpoint,https://finance.yahoo.com/quote/SI=F,2026-09-03T13:09:38.096770+08:00
silver,2026-05-26,76.30500030517578,Yahoo public chart endpoint,https://finance.yahoo.com/quote/SI=F,2026-09-03T13:09:38.096770+08:00
silver,2026-05-27,74.5989990234375,Yahoo public chart endpoint,https://finance.yahoo.com/quote/SI=F,2026-09-03T13:09:38.096770+08:00
silver,2026-05-28,75.6449966430664,Yahoo public chart endpoint,https://finance.yahoo.com/quote/SI=F,2026-09-03T13:09:38.096770+08:00
silver,2026-05-29,75.61599731445312,Yahoo public chart endpoint,https://finance.yahoo.com/quote/SI=F,2026-09-03T13:09:38.096770+08:00
silver,2026-06-01,75.00700378417969,Yahoo public chart endpoint,https://finance.yahoo.com/quote/SI=F,2026-09-03T13:09:38.096770+08:00
silver,2026-06-02,75.31099700927734,Yahoo public chart endpoint,https://finance.yahoo.com/quote/SI=F,2026-09-03T13:09:38.096770+08:00
silver,2026-06-03,73.47599792480469,Yahoo public chart endpoint,https://finance.yahoo.com/quote/SI=F,2026-09-03T13:09:38.096770+08:00
silver,2026-06-04,73.77899932861328,Yahoo public chart endpoint,https://finance.yahoo.com/quote/SI=F,2026-09-03T13:09:38.096770+08:00
silver,2026-06-05,68.94300079345703,Yahoo public chart endpoint,https://finance.yahoo.com/quote/SI=F,2026-09-03T13:09:38.096770+08:00
silver,2026-06-08,68.42500305175781,Yahoo public chart endpoint,https://finance.yahoo.com/quote/SI=F,2026-09-03T13:09:38.096770+08:00
silver,2026-06-09,65.09400177001953,Yahoo public chart endpoint,https://finance.yahoo.com/quote/SI=F,2026-09-03T13:09:38.096770+08:00
silver,2026-06-10,64.5989990234375,Yahoo public chart endpoint,https://finance.yahoo.com/quote/SI=F,2026-09-03T13:09:38.096770+08:00
silver,2026-06-11,63.8849983215332,Yahoo public chart endpoint,https://finance.yahoo.com/quote/SI=F,2026-09-03T13:09:38.096770+08:00
silver,2026-06-12,67.85900115966797,Yahoo public chart endpoint,https://finance.yahoo.com/quote/SI=F,2026-09-03T13:09:38.096770+08:00
silver,2026-06-15,70.06600189208984,Yahoo public chart endpoint,https://finance.yahoo.com/quote/SI=F,2026-09-03T13:09:38.096770+08:00
silver,2026-06-16,69.89900207519531,Yahoo public chart endpoint,https://finance.yahoo.com/quote/SI=F,2026-09-03T13:09:38.096770+08:00
silver,2026-06-17,70.69599914550781,Yahoo public chart endpoint,https://finance.yahoo.com/quote/SI=F,2026-09-03T13:09:38.096770+08:00
silver,2026-06-18,66.25499725341797,Yahoo public chart endpoint,https://finance.yahoo.com/quote/SI=F,2026-09-03T13:09:38.096770+08:00
silver,2026-06-22,65.5270004272461,Yahoo public chart endpoint,https://finance.yahoo.com/quote/SI=F,2026-09-03T13:09:38.096770+08:00
silver,2026-06-23,62.02000045776367,Yahoo public chart endpoint,https://finance.yahoo.com/quote/SI=F,2026-09-03T13:09:38.096770+08:00
silver,2026-06-24,58.051998138427734,Yahoo public chart endpoint,https://finance.yahoo.com/quote/SI=F,2026-09-03T13:09:38.096770+08:00
silver,2026-06-25,58.347999572753906,Yahoo public chart endpoint,https://finance.yahoo.com/quote/SI=F,2026-09-03T13:09:38.096770+08:00
silver,2026-06-26,59.21699905395508,Yahoo public chart endpoint,https://finance.yahoo.com/quote/SI=F,2026-09-03T13:09:38.096770+08:00
silver,2026-06-29,58.17499923706055,Yahoo public chart endpoint,https://finance.yahoo.com/quote/SI=F,2026-09-03T13:09:38.096770+08:00
silver,2026-06-30,59.47700119018555,Yahoo public chart endpoint,https://finance.yahoo.com/quote/SI=F,2026-09-03T13:09:38.096770+08:00
silver,2026-07-01,60.084999084472656,Yahoo public chart endpoint,https://finance.yahoo.com/quote/SI=F,2026-09-03T13:09:38.096770+08:00
silver,2026-07-02,60.643001556396484,Yahoo public chart endpoint,https://finance.yahoo.com/quote/SI=F,2026-09-03T13:09:38.096770+08:00
silver,2026-07-06,61.91999816894531,Yahoo public chart endpoint,https://finance.yahoo.com/quote/SI=F,2026-09-03T13:09:38.096770+08:00
silver,2026-07-07,60.930999755859375,Yahoo public chart endpoint,https://finance.yahoo.com/quote/SI=F,2026-09-03T13:09:38.096770+08:00
silver,2026-07-08,58.16400146484375,Yahoo public chart endpoint,https://finance.yahoo.com/quote/SI=F,2026-09-03T13:09:38.096770+08:00
silver,2026-07-09,60.37799835205078,Yahoo public chart endpoint,https://finance.yahoo.com/quote/SI=F,2026-09-03T13:09:38.096770+08:00
silver,2026-07-10,59.808998107910156,Yahoo public chart endpoint,https://finance.yahoo.com/quote/SI=F,2026-09-03T13:09:38.096770+08:00
silver,2026-07-13,57.63399887084961,Yahoo public chart endpoint,https://finance.yahoo.com/quote/SI=F,2026-09-03T13:09:38.096770+08:00
silver,2026-07-14,58.77199935913086,Yahoo public chart endpoint,https://finance.yahoo.com/quote/SI=F,2026-09-03T13:09:38.096770+08:00
silver,2026-07-15,57.11000061035156,Yahoo public chart endpoint,https://finance.yahoo.com/quote/SI=F,2026-09-03T13:09:38.096770+08:00
silver,2026-07-16,55.89799880981445,Yahoo public chart endpoint,https://finance.yahoo.com/quote/SI=F,2026-09-03T13:09:38.096770+08:00
silver,2026-07-17,56.03799819946289,Yahoo public chart endpoint,https://finance.yahoo.com/quote/SI=F,2026-09-03T13:09:38.096770+08:00
silver,2026-07-20,56.801998138427734,Yahoo public chart endpoint,https://finance.yahoo.com/quote/SI=F,2026-09-03T13:09:38.096770+08:00
silver,2026-07-21,58.834999084472656,Yahoo public chart endpoint,https://finance.yahoo.com/quote/SI=F,2026-09-03T13:09:38.096770+08:00
silver,2026-07-22,60.01900100708008,Yahoo public chart endpoint,https://finance.yahoo.com/quote/SI=F,2026-09-03T13:09:38.096770+08:00
silver,2026-07-23,57.79800033569336,Yahoo public chart endpoint,https://finance.yahoo.com/quote/SI=F,2026-09-03T13:09:38.096770+08:00
silver,2026-07-24,58.65599822998047,Yahoo public chart endpoint,https://finance.yahoo.com/quote/SI=F,2026-09-03T13:09:38.096770+08:00
silver,2026-07-27,58.47200012207031,Yahoo public chart endpoint,https://finance.yahoo.com/quote/SI=F,2026-09-03T13:09:38.096770+08:00
silver,2026-07-28,57.29600143432617,Yahoo public chart endpoint,https://finance.yahoo.com/quote/SI=F,2026-09-03T13:09:38.096770+08:00
silver,2026-07-29,57.862998962402344,Yahoo public chart endpoint,https://finance.yahoo.com/quote/SI=F,2026-09-03T13:09:38.096770+08:00
silver,2026-07-30,58.814998626708984,Yahoo public chart endpoint,https://finance.yahoo.com/quote/SI=F,2026-09-03T13:09:38.096770+08:00
silver,2026-07-31,57.590999603271484,Yahoo public chart endpoint,https://finance.yahoo.com/quote/SI=F,2026-09-03T13:09:38.096770+08:00
silver,2026-08-03,57.66699981689453,Yahoo public chart endpoint,https://finance.yahoo.com/quote/SI=F,2026-09-03T13:09:38.096770+08:00
silver,2026-08-04,60.055999755859375,Yahoo public chart endpoint,https://finance.yahoo.com/quote/SI=F,2026-09-03T13:09:38.096770+08:00
silver,2026-08-05,62.0989990234375,Yahoo public chart endpoint,https://finance.yahoo.com/quote/SI=F,2026-09-03T13:09:38.096770+08:00
silver,2026-08-06,61.43899917602539,Yahoo public chart endpoint,https://finance.yahoo.com/quote/SI=F,2026-09-03T13:09:38.096770+08:00
silver,2026-08-07,63.332000732421875,Yahoo public chart endpoint,https://finance.yahoo.com/quote/SI=F,2026-09-03T13:09:38.096770+08:00
silver,2026-08-10,65.10600280761719,Yahoo public chart endpoint,https://finance.yahoo.com/quote/SI=F,2026-09-03T13:09:38.096770+08:00
silver,2026-08-11,64.76899719238281,Yahoo public chart endpoint,https://finance.yahoo.com/quote/SI=F,2026-09-03T13:09:38.096770+08:00
silver,2026-08-12,65.55500030517578,Yahoo public chart endpoint,https://finance.yahoo.com/quote/SI=F,2026-09-03T13:09:38.096770+08:00
silver,2026-08-13,64.87300109863281,Yahoo public chart endpoint,https://finance.yahoo.com/quote/SI=F,2026-09-03T13:09:38.096770+08:00
silver,2026-08-14,64.98799896240234,Yahoo public chart endpoint,https://finance.yahoo.com/quote/SI=F,2026-09-03T13:09:38.096770+08:00
silver,2026-08-17,66.12100219726562,Yahoo public chart endpoint,https://finance.yahoo.com/quote/SI=F,2026-09-03T13:09:38.096770+08:00
silver,2026-08-18,63.941001892089844,Yahoo public chart endpoint,https://finance.yahoo.com/quote/SI=F,2026-09-03T13:09:38.096770+08:00
silver,2026-08-19,65.73400115966797,Yahoo public chart endpoint,https://finance.yahoo.com/quote/SI=F,2026-09-03T13:09:38.096770+08:00
silver,2026-08-20,68.0260009765625,Yahoo public chart endpoint,https://finance.yahoo.com/quote/SI=F,2026-09-03T13:09:38.096770+08:00
silver,2026-08-21,69.46600341796875,Yahoo public chart endpoint,https://finance.yahoo.com/quote/SI=F,2026-09-03T13:09:38.096770+08:00
silver,2026-08-24,68.54100036621094,Yahoo public chart endpoint,https://finance.yahoo.com/quote/SI=F,2026-09-03T13:09:38.096770+08:00
silver,2026-08-25,68.63600158691406,Yahoo public chart endpoint,https://finance.yahoo.com/quote/SI=F,2026-09-03T13:09:38.096770+08:00
silver,2026-08-26,67.98999786376953,Yahoo public chart endpoint,https://finance.yahoo.com/quote/SI=F,2026-09-03T13:09:38.096770+08:00
silver,2026-08-27,69.42900085449219,Yahoo public chart endpoint,https://finance.yahoo.com/quote/SI=F,2026-09-03T13:09:38.096770+08:00
silver,2026-08-28,66.99500274658203,Yahoo public chart endpoint,https://finance.yahoo.com/quote/SI=F,2026-09-03T13:09:38.096770+08:00
silver,2026-08-31,66.22100067138672,Yahoo public chart endpoint,https://finance.yahoo.com/quote/SI=F,2026-09-03T13:09:38.096770+08:00
silver,2026-09-01,64.61799621582031,Yahoo public chart endpoint,https://finance.yahoo.com/quote/SI=F,2026-09-03T13:09:38.096770+08:00
silver,2026-09-02,64.7229995727539,Yahoo public chart endpoint,https://finance.yahoo.com/quote/SI=F,2026-09-03T13:09:38.096770+08:00
silver,2026-09-03,66.73500061035156,Yahoo public chart endpoint,https://finance.yahoo.com/quote/SI=F,2026-09-03T13:09:38.096770+08:00
sox,2026-01-26,7927.0400390625,Yahoo public chart endpoint,https://finance.yahoo.com/quote/^SOX,2026-09-03T13:09:38.096770+08:00
sox,2026-01-27,8117.18017578125,Yahoo public chart endpoint,https://finance.yahoo.com/quote/^SOX,2026-09-03T13:09:38.096770+08:00
sox,2026-01-28,8306.740234375,Yahoo public chart endpoint,https://finance.yahoo.com/quote/^SOX,2026-09-03T13:09:38.096770+08:00
sox,2026-01-29,8320.3896484375,Yahoo public chart endpoint,https://finance.yahoo.com/quote/^SOX,2026-09-03T13:09:38.096770+08:00
sox,2026-01-30,7998.47021484375,Yahoo public chart endpoint,https://finance.yahoo.com/quote/^SOX,2026-09-03T13:09:38.096770+08:00
sox,2026-02-02,8134.490234375,Yahoo public chart endpoint,https://finance.yahoo.com/quote/^SOX,2026-09-03T13:09:38.096770+08:00
sox,2026-02-03,7966.330078125,Yahoo public chart endpoint,https://finance.yahoo.com/quote/^SOX,2026-09-03T13:09:38.096770+08:00
sox,2026-02-04,7619.16015625,Yahoo public chart endpoint,https://finance.yahoo.com/quote/^SOX,2026-09-03T13:09:38.096770+08:00
sox,2026-02-05,7614.64013671875,Yahoo public chart endpoint,https://finance.yahoo.com/quote/^SOX,2026-09-03T13:09:38.096770+08:00
sox,2026-02-06,8048.6201171875,Yahoo public chart endpoint,https://finance.yahoo.com/quote/^SOX,2026-09-03T13:09:38.096770+08:00
sox,2026-02-09,8162.580078125,Yahoo public chart endpoint,https://finance.yahoo.com/quote/^SOX,2026-09-03T13:09:38.096770+08:00
sox,2026-02-10,8107.1298828125,Yahoo public chart endpoint,https://finance.yahoo.com/quote/^SOX,2026-09-03T13:09:38.096770+08:00
sox,2026-02-11,8291.8603515625,Yahoo public chart endpoint,https://finance.yahoo.com/quote/^SOX,2026-09-03T13:09:38.096770+08:00
sox,2026-02-12,8084.7001953125,Yahoo public chart endpoint,https://finance.yahoo.com/quote/^SOX,2026-09-03T13:09:38.096770+08:00
sox,2026-02-13,8137.85986328125,Yahoo public chart endpoint,https://finance.yahoo.com/quote/^SOX,2026-09-03T13:09:38.096770+08:00
sox,2026-02-17,8136.0498046875,Yahoo public chart endpoint,https://finance.yahoo.com/quote/^SOX,2026-09-03T13:09:38.096770+08:00
sox,2026-02-18,8214.349609375,Yahoo public chart endpoint,https://finance.yahoo.com/quote/^SOX,2026-09-03T13:09:38.096770+08:00
sox,2026-02-19,8173.2998046875,Yahoo public chart endpoint,https://finance.yahoo.com/quote/^SOX,2026-09-03T13:09:38.096770+08:00
sox,2026-02-20,8260.419921875,Yahoo public chart endpoint,https://finance.yahoo.com/quote/^SOX,2026-09-03T13:09:38.096770+08:00
sox,2026-02-23,8213.4599609375,Yahoo public chart endpoint,https://finance.yahoo.com/quote/^SOX,2026-09-03T13:09:38.096770+08:00
sox,2026-02-24,8332.33984375,Yahoo public chart endpoint,https://finance.yahoo.com/quote/^SOX,2026-09-03T13:09:38.096770+08:00
sox,2026-02-25,8467.4296875,Yahoo public chart endpoint,https://finance.yahoo.com/quote/^SOX,2026-09-03T13:09:38.096770+08:00
sox,2026-02-26,8197.259765625,Yahoo public chart endpoint,https://finance.yahoo.com/quote/^SOX,2026-09-03T13:09:38.096770+08:00
sox,2026-02-27,8098.3701171875,Yahoo public chart endpoint,https://finance.yahoo.com/quote/^SOX,2026-09-03T13:09:38.096770+08:00
sox,2026-03-02,8137.35986328125,Yahoo public chart endpoint,https://finance.yahoo.com/quote/^SOX,2026-09-03T13:09:38.096770+08:00
sox,2026-03-03,7764.8798828125,Yahoo public chart endpoint,https://finance.yahoo.com/quote/^SOX,2026-09-03T13:09:38.096770+08:00
sox,2026-03-04,7914.47998046875,Yahoo public chart endpoint,https://finance.yahoo.com/quote/^SOX,2026-09-03T13:09:38.096770+08:00
sox,2026-03-05,7821.759765625,Yahoo public chart endpoint,https://finance.yahoo.com/quote/^SOX,2026-09-03T13:09:38.096770+08:00
sox,2026-03-06,7514.740234375,Yahoo public chart endpoint,https://finance.yahoo.com/quote/^SOX,2026-09-03T13:09:38.096770+08:00
sox,2026-03-09,7810.39990234375,Yahoo public chart endpoint,https://finance.yahoo.com/quote/^SOX,2026-09-03T13:09:38.096770+08:00
sox,2026-03-10,7865.1201171875,Yahoo public chart endpoint,https://finance.yahoo.com/quote/^SOX,2026-09-03T13:09:38.096770+08:00
sox,2026-03-11,7914.56982421875,Yahoo public chart endpoint,https://finance.yahoo.com/quote/^SOX,2026-09-03T13:09:38.096770+08:00
sox,2026-03-12,7643.169921875,Yahoo public chart endpoint,https://finance.yahoo.com/quote/^SOX,2026-09-03T13:09:38.096770+08:00
sox,2026-03-13,7646.64013671875,Yahoo public chart endpoint,https://finance.yahoo.com/quote/^SOX,2026-09-03T13:09:38.096770+08:00
sox,2026-03-16,7796.240234375,Yahoo public chart endpoint,https://finance.yahoo.com/quote/^SOX,2026-09-03T13:09:38.096770+08:00
sox,2026-03-17,7836.830078125,Yahoo public chart endpoint,https://finance.yahoo.com/quote/^SOX,2026-09-03T13:09:38.096770+08:00
sox,2026-03-18,7795.1298828125,Yahoo public chart endpoint,https://finance.yahoo.com/quote/^SOX,2026-09-03T13:09:38.096770+08:00
sox,2026-03-19,7863.2998046875,Yahoo public chart endpoint,https://finance.yahoo.com/quote/^SOX,2026-09-03T13:09:38.096770+08:00
sox,2026-03-20,7670.60986328125,Yahoo public chart endpoint,https://finance.yahoo.com/quote/^SOX,2026-09-03T13:09:38.096770+08:00
sox,2026-03-23,7773.1298828125,Yahoo public chart endpoint,https://finance.yahoo.com/quote/^SOX,2026-09-03T13:09:38.096770+08:00
sox,2026-03-24,7872.7099609375,Yahoo public chart endpoint,https://finance.yahoo.com/quote/^SOX,2026-09-03T13:09:38.096770+08:00
sox,2026-03-25,7967.75,Yahoo public chart endpoint,https://finance.yahoo.com/quote/^SOX,2026-09-03T13:09:38.096770+08:00
sox,2026-03-26,7585.8701171875,Yahoo public chart endpoint,https://finance.yahoo.com/quote/^SOX,2026-09-03T13:09:38.096770+08:00
sox,2026-03-27,7457.669921875,Yahoo public chart endpoint,https://finance.yahoo.com/quote/^SOX,2026-09-03T13:09:38.096770+08:00
sox,2026-03-30,7142.330078125,Yahoo public chart endpoint,https://finance.yahoo.com/quote/^SOX,2026-09-03T13:09:38.096770+08:00
sox,2026-03-31,7588.2001953125,Yahoo public chart endpoint,https://finance.yahoo.com/quote/^SOX,2026-09-03T13:09:38.096770+08:00
sox,2026-04-01,7802.31005859375,Yahoo public chart endpoint,https://finance.yahoo.com/quote/^SOX,2026-09-03T13:09:38.096770+08:00
sox,2026-04-02,7833.39013671875,Yahoo public chart endpoint,https://finance.yahoo.com/quote/^SOX,2026-09-03T13:09:38.096770+08:00
sox,2026-04-06,7916.10986328125,Yahoo public chart endpoint,https://finance.yahoo.com/quote/^SOX,2026-09-03T13:09:38.096770+08:00
sox,2026-04-07,8003.8701171875,Yahoo public chart endpoint,https://finance.yahoo.com/quote/^SOX,2026-09-03T13:09:38.096770+08:00
sox,2026-04-08,8510.919921875,Yahoo public chart endpoint,https://finance.yahoo.com/quote/^SOX,2026-09-03T13:09:38.096770+08:00
sox,2026-04-09,8689.5302734375,Yahoo public chart endpoint,https://finance.yahoo.com/quote/^SOX,2026-09-03T13:09:38.096770+08:00
sox,2026-04-10,8889.830078125,Yahoo public chart endpoint,https://finance.yahoo.com/quote/^SOX,2026-09-03T13:09:38.096770+08:00
sox,2026-04-13,9039.51953125,Yahoo public chart endpoint,https://finance.yahoo.com/quote/^SOX,2026-09-03T13:09:38.096770+08:00
sox,2026-04-14,9224.1201171875,Yahoo public chart endpoint,https://finance.yahoo.com/quote/^SOX,2026-09-03T13:09:38.096770+08:00
sox,2026-04-15,9239.2900390625,Yahoo public chart endpoint,https://finance.yahoo.com/quote/^SOX,2026-09-03T13:09:38.096770+08:00
sox,2026-04-16,9329.349609375,Yahoo public chart endpoint,https://finance.yahoo.com/quote/^SOX,2026-09-03T13:09:38.096770+08:00
sox,2026-04-17,9555.8798828125,Yahoo public chart endpoint,https://finance.yahoo.com/quote/^SOX,2026-09-03T13:09:38.096770+08:00
sox,2026-04-20,9599.2099609375,Yahoo public chart endpoint,https://finance.yahoo.com/quote/^SOX,2026-09-03T13:09:38.096770+08:00
sox,2026-04-21,9647.2099609375,Yahoo public chart endpoint,https://finance.yahoo.com/quote/^SOX,2026-09-03T13:09:38.096770+08:00
sox,2026-04-22,9909.26953125,Yahoo public chart endpoint,https://finance.yahoo.com/quote/^SOX,2026-09-03T13:09:38.096770+08:00
sox,2026-04-23,10078.5703125,Yahoo public chart endpoint,https://finance.yahoo.com/quote/^SOX,2026-09-03T13:09:38.096770+08:00
sox,2026-04-24,10513.66015625,Yahoo public chart endpoint,https://finance.yahoo.com/quote/^SOX,2026-09-03T13:09:38.096770+08:00
sox,2026-04-27,10408.0400390625,Yahoo public chart endpoint,https://finance.yahoo.com/quote/^SOX,2026-09-03T13:09:38.096770+08:00
sox,2026-04-28,10035.580078125,Yahoo public chart endpoint,https://finance.yahoo.com/quote/^SOX,2026-09-03T13:09:38.096770+08:00
sox,2026-04-29,10271.2998046875,Yahoo public chart endpoint,https://finance.yahoo.com/quote/^SOX,2026-09-03T13:09:38.096770+08:00
sox,2026-04-30,10503.7001953125,Yahoo public chart endpoint,https://finance.yahoo.com/quote/^SOX,2026-09-03T13:09:38.096770+08:00
sox,2026-05-01,10595.33984375,Yahoo public chart endpoint,https://finance.yahoo.com/quote/^SOX,2026-09-03T13:09:38.096770+08:00
sox,2026-05-04,10534.66015625,Yahoo public chart endpoint,https://finance.yahoo.com/quote/^SOX,2026-09-03T13:09:38.096770+08:00
sox,2026-05-05,10980.580078125,Yahoo public chart endpoint,https://finance.yahoo.com/quote/^SOX,2026-09-03T13:09:38.096770+08:00
sox,2026-05-06,11472.75,Yahoo public chart endpoint,https://finance.yahoo.com/quote/^SOX,2026-09-03T13:09:38.096770+08:00
sox,2026-05-07,11160.990234375,Yahoo public chart endpoint,https://finance.yahoo.com/quote/^SOX,2026-09-03T13:09:38.096770+08:00
sox,2026-05-08,11775.5,Yahoo public chart endpoint,https://finance.yahoo.com/quote/^SOX,2026-09-03T13:09:38.096770+08:00
sox,2026-05-11,12081.0400390625,Yahoo public chart endpoint,https://finance.yahoo.com/quote/^SOX,2026-09-03T13:09:38.096770+08:00
sox,2026-05-12,11717.259765625,Yahoo public chart endpoint,https://finance.yahoo.com/quote/^SOX,2026-09-03T13:09:38.096770+08:00
sox,2026-05-13,12017.98046875,Yahoo public chart endpoint,https://finance.yahoo.com/quote/^SOX,2026-09-03T13:09:38.096770+08:00
sox,2026-05-14,12073.7802734375,Yahoo public chart endpoint,https://finance.yahoo.com/quote/^SOX,2026-09-03T13:09:38.096770+08:00
sox,2026-05-15,11588.4599609375,Yahoo public chart endpoint,https://finance.yahoo.com/quote/^SOX,2026-09-03T13:09:38.096770+08:00
sox,2026-05-18,11302.51953125,Yahoo public chart endpoint,https://finance.yahoo.com/quote/^SOX,2026-09-03T13:09:38.096770+08:00
sox,2026-05-19,11305.5,Yahoo public chart endpoint,https://finance.yahoo.com/quote/^SOX,2026-09-03T13:09:38.096770+08:00
sox,2026-05-20,11813.2900390625,Yahoo public chart endpoint,https://finance.yahoo.com/quote/^SOX,2026-09-03T13:09:38.096770+08:00
sox,2026-05-21,11964.080078125,Yahoo public chart endpoint,https://finance.yahoo.com/quote/^SOX,2026-09-03T13:09:38.096770+08:00
sox,2026-05-22,12202.5400390625,Yahoo public chart endpoint,https://finance.yahoo.com/quote/^SOX,2026-09-03T13:09:38.096770+08:00
sox,2026-05-26,12876.91015625,Yahoo public chart endpoint,https://finance.yahoo.com/quote/^SOX,2026-09-03T13:09:38.096770+08:00
sox,2026-05-27,12702.1904296875,Yahoo public chart endpoint,https://finance.yahoo.com/quote/^SOX,2026-09-03T13:09:38.096770+08:00
sox,2026-05-28,12829.1396484375,Yahoo public chart endpoint,https://finance.yahoo.com/quote/^SOX,2026-09-03T13:09:38.096770+08:00
sox,2026-05-29,12829.3798828125,Yahoo public chart endpoint,https://finance.yahoo.com/quote/^SOX,2026-09-03T13:09:38.096770+08:00
sox,2026-06-01,12965.650390625,Yahoo public chart endpoint,https://finance.yahoo.com/quote/^SOX,2026-09-03T13:09:38.096770+08:00
sox,2026-06-02,13726.26953125,Yahoo public chart endpoint,https://finance.yahoo.com/quote/^SOX,2026-09-03T13:09:38.096770+08:00
sox,2026-06-03,13916.9599609375,Yahoo public chart endpoint,https://finance.yahoo.com/quote/^SOX,2026-09-03T13:09:38.096770+08:00
sox,2026-06-04,13617.5,Yahoo public chart endpoint,https://finance.yahoo.com/quote/^SOX,2026-09-03T13:09:38.096770+08:00
sox,2026-06-05,12220.759765625,Yahoo public chart endpoint,https://finance.yahoo.com/quote/^SOX,2026-09-03T13:09:38.096770+08:00
sox,2026-06-08,12906.6904296875,Yahoo public chart endpoint,https://finance.yahoo.com/quote/^SOX,2026-09-03T13:09:38.096770+08:00
sox,2026-06-09,12657.8095703125,Yahoo public chart endpoint,https://finance.yahoo.com/quote/^SOX,2026-09-03T13:09:38.096770+08:00
sox,2026-06-10,12206.4599609375,Yahoo public chart endpoint,https://finance.yahoo.com/quote/^SOX,2026-09-03T13:09:38.096770+08:00
sox,2026-06-11,13171.4404296875,Yahoo public chart endpoint,https://finance.yahoo.com/quote/^SOX,2026-09-03T13:09:38.096770+08:00
sox,2026-06-12,13371.4697265625,Yahoo public chart endpoint,https://finance.yahoo.com/quote/^SOX,2026-09-03T13:09:38.096770+08:00
sox,2026-06-15,14099.6201171875,Yahoo public chart endpoint,https://finance.yahoo.com/quote/^SOX,2026-09-03T13:09:38.096770+08:00
sox,2026-06-16,13294.2197265625,Yahoo public chart endpoint,https://finance.yahoo.com/quote/^SOX,2026-09-03T13:09:38.096770+08:00
sox,2026-06-17,13477.0703125,Yahoo public chart endpoint,https://finance.yahoo.com/quote/^SOX,2026-09-03T13:09:38.096770+08:00
sox,2026-06-18,14341.7802734375,Yahoo public chart endpoint,https://finance.yahoo.com/quote/^SOX,2026-09-03T13:09:38.096770+08:00
sox,2026-06-22,14634.7197265625,Yahoo public chart endpoint,https://finance.yahoo.com/quote/^SOX,2026-09-03T13:09:38.096770+08:00
sox,2026-06-23,13482.509765625,Yahoo public chart endpoint,https://finance.yahoo.com/quote/^SOX,2026-09-03T13:09:38.096770+08:00
sox,2026-06-24,13458.2001953125,Yahoo public chart endpoint,https://finance.yahoo.com/quote/^SOX,2026-09-03T13:09:38.096770+08:00
sox,2026-06-25,13940.8701171875,Yahoo public chart endpoint,https://finance.yahoo.com/quote/^SOX,2026-09-03T13:09:38.096770+08:00
sox,2026-06-26,13203.5703125,Yahoo public chart endpoint,https://finance.yahoo.com/quote/^SOX,2026-09-03T13:09:38.096770+08:00
sox,2026-06-29,13709.66015625,Yahoo public chart endpoint,https://finance.yahoo.com/quote/^SOX,2026-09-03T13:09:38.096770+08:00
sox,2026-06-30,14246.9599609375,Yahoo public chart endpoint,https://finance.yahoo.com/quote/^SOX,2026-09-03T13:09:38.096770+08:00
sox,2026-07-01,13353.2802734375,Yahoo public chart endpoint,https://finance.yahoo.com/quote/^SOX,2026-09-03T13:09:38.096770+08:00
sox,2026-07-02,12626.2197265625,Yahoo public chart endpoint,https://finance.yahoo.com/quote/^SOX,2026-09-03T13:09:38.096770+08:00
sox,2026-07-06,12900.1396484375,Yahoo public chart endpoint,https://finance.yahoo.com/quote/^SOX,2026-09-03T13:09:38.096770+08:00
sox,2026-07-07,12300.51953125,Yahoo public chart endpoint,https://finance.yahoo.com/quote/^SOX,2026-09-03T13:09:38.096770+08:00
sox,2026-07-08,12574.9697265625,Yahoo public chart endpoint,https://finance.yahoo.com/quote/^SOX,2026-09-03T13:09:38.096770+08:00
sox,2026-07-09,12960.0,Yahoo public chart endpoint,https://finance.yahoo.com/quote/^SOX,2026-09-03T13:09:38.096770+08:00
sox,2026-07-10,12967.16015625,Yahoo public chart endpoint,https://finance.yahoo.com/quote/^SOX,2026-09-03T13:09:38.096770+08:00
sox,2026-07-13,12347.7802734375,Yahoo public chart endpoint,https://finance.yahoo.com/quote/^SOX,2026-09-03T13:09:38.096770+08:00
sox,2026-07-14,12661.9296875,Yahoo public chart endpoint,https://finance.yahoo.com/quote/^SOX,2026-09-03T13:09:38.096770+08:00
sox,2026-07-15,12398.8896484375,Yahoo public chart endpoint,https://finance.yahoo.com/quote/^SOX,2026-09-03T13:09:38.096770+08:00
sox,2026-07-16,11867.5,Yahoo public chart endpoint,https://finance.yahoo.com/quote/^SOX,2026-09-03T13:09:38.096770+08:00
sox,2026-07-17,11673.8896484375,Yahoo public chart endpoint,https://finance.yahoo.com/quote/^SOX,2026-09-03T13:09:38.096770+08:00
sox,2026-07-20,11743.849609375,Yahoo public chart endpoint,https://finance.yahoo.com/quote/^SOX,2026-09-03T13:09:38.096770+08:00
sox,2026-07-21,12356.16015625,Yahoo public chart endpoint,https://finance.yahoo.com/quote/^SOX,2026-09-03T13:09:38.096770+08:00
sox,2026-07-22,12410.669921875,Yahoo public chart endpoint,https://finance.yahoo.com/quote/^SOX,2026-09-03T13:09:38.096770+08:00
sox,2026-07-23,12343.83984375,Yahoo public chart endpoint,https://finance.yahoo.com/quote/^SOX,2026-09-03T13:09:38.096770+08:00
sox,2026-07-24,11818.8798828125,Yahoo public chart endpoint,https://finance.yahoo.com/quote/^SOX,2026-09-03T13:09:38.096770+08:00
sox,2026-07-27,11554.8798828125,Yahoo public chart endpoint,https://finance.yahoo.com/quote/^SOX,2026-09-03T13:09:38.096770+08:00
sox,2026-07-28,11035.6796875,Yahoo public chart endpoint,https://finance.yahoo.com/quote/^SOX,2026-09-03T13:09:38.096770+08:00
sox,2026-07-29,10447.490234375,Yahoo public chart endpoint,https://finance.yahoo.com/quote/^SOX,2026-09-03T13:09:38.096770+08:00
sox,2026-07-30,11302.990234375,Yahoo public chart endpoint,https://finance.yahoo.com/quote/^SOX,2026-09-03T13:09:38.096770+08:00
sox,2026-07-31,11311.080078125,Yahoo public chart endpoint,https://finance.yahoo.com/quote/^SOX,2026-09-03T13:09:38.096770+08:00
sox,2026-08-03,11430.349609375,Yahoo public chart endpoint,https://finance.yahoo.com/quote/^SOX,2026-09-03T13:09:38.096770+08:00
sox,2026-08-04,12179.259765625,Yahoo public chart endpoint,https://finance.yahoo.com/quote/^SOX,2026-09-03T13:09:38.096770+08:00
sox,2026-08-05,12008.8798828125,Yahoo public chart endpoint,https://finance.yahoo.com/quote/^SOX,2026-09-03T13:09:38.096770+08:00
sox,2026-08-06,12048.6904296875,Yahoo public chart endpoint,https://finance.yahoo.com/quote/^SOX,2026-09-03T13:09:38.096770+08:00
sox,2026-08-07,12356.7900390625,Yahoo public chart endpoint,https://finance.yahoo.com/quote/^SOX,2026-09-03T13:09:38.096770+08:00
sox,2026-08-10,11993.8603515625,Yahoo public chart endpoint,https://finance.yahoo.com/quote/^SOX,2026-09-03T13:09:38.096770+08:00
sox,2026-08-11,12098.4697265625,Yahoo public chart endpoint,https://finance.yahoo.com/quote/^SOX,2026-09-03T13:09:38.096770+08:00
sox,2026-08-12,12399.3798828125,Yahoo public chart endpoint,https://finance.yahoo.com/quote/^SOX,2026-09-03T13:09:38.096770+08:00
sox,2026-08-13,12456.0,Yahoo public chart endpoint,https://finance.yahoo.com/quote/^SOX,2026-09-03T13:09:38.096770+08:00
sox,2026-08-14,12417.0498046875,Yahoo public chart endpoint,https://finance.yahoo.com/quote/^SOX,2026-09-03T13:09:38.096770+08:00
sox,2026-08-17,12621.0,Yahoo public chart endpoint,https://finance.yahoo.com/quote/^SOX,2026-09-03T13:09:38.096770+08:00
sox,2026-08-18,11992.4599609375,Yahoo public chart endpoint,https://finance.yahoo.com/quote/^SOX,2026-09-03T13:09:38.096770+08:00
sox,2026-08-19,11738.23046875,Yahoo public chart endpoint,https://finance.yahoo.com/quote/^SOX,2026-09-03T13:09:38.096770+08:00
sox,2026-08-20,11800.01953125,Yahoo public chart endpoint,https://finance.yahoo.com/quote/^SOX,2026-09-03T13:09:38.096770+08:00
sox,2026-08-21,11740.3701171875,Yahoo public chart endpoint,https://finance.yahoo.com/quote/^SOX,2026-09-03T13:09:38.096770+08:00
sox,2026-08-24,11423.169921875,Yahoo public chart endpoint,https://finance.yahoo.com/quote/^SOX,2026-09-03T13:09:38.096770+08:00
sox,2026-08-25,11588.0400390625,Yahoo public chart endpoint,https://finance.yahoo.com/quote/^SOX,2026-09-03T13:09:38.096770+08:00
sox,2026-08-26,11611.240234375,Yahoo public chart endpoint,https://finance.yahoo.com/quote/^SOX,2026-09-03T13:09:38.096770+08:00
sox,2026-08-27,11882.169921875,Yahoo public chart endpoint,https://finance.yahoo.com/quote/^SOX,2026-09-03T13:09:38.096770+08:00
sox,2026-08-28,11469.66015625,Yahoo public chart endpoint,https://finance.yahoo.com/quote/^SOX,2026-09-03T13:04:02.398414+08:00
sox,2026-08-31,11535.0498046875,Yahoo public chart endpoint,https://finance.yahoo.com/quote/^SOX,2026-09-03T13:09:38.096770+08:00
sox,2026-09-01,11288.6103515625,Yahoo public chart endpoint,https://finance.yahoo.com/quote/^SOX,2026-09-03T13:09:38.096770+08:00
sox,2026-09-02,11339.25,Yahoo public chart endpoint,https://finance.yahoo.com/quote/^SOX,2026-09-03T13:09:38.096770+08:00
soybeans,2026-01-26,1061.75,Yahoo public chart endpoint,https://finance.yahoo.com/quote/ZS=F,2026-09-03T13:09:38.096770+08:00
soybeans,2026-01-27,1067.25,Yahoo public chart endpoint,https://finance.yahoo.com/quote/ZS=F,2026-09-03T13:09:38.096770+08:00
soybeans,2026-01-28,1075.0,Yahoo public chart endpoint,https://finance.yahoo.com/quote/ZS=F,2026-09-03T13:09:38.096770+08:00
soybeans,2026-01-29,1072.25,Yahoo public chart endpoint,https://finance.yahoo.com/quote/ZS=F,2026-09-03T13:09:38.096770+08:00
soybeans,2026-01-30,1064.25,Yahoo public chart endpoint,https://finance.yahoo.com/quote/ZS=F,2026-09-03T13:09:38.096770+08:00
soybeans,2026-02-02,1060.25,Yahoo public chart endpoint,https://finance.yahoo.com/quote/ZS=F,2026-09-03T13:09:38.096770+08:00
soybeans,2026-02-03,1065.75,Yahoo public chart endpoint,https://finance.yahoo.com/quote/ZS=F,2026-09-03T13:09:38.096770+08:00
soybeans,2026-02-04,1092.25,Yahoo public chart endpoint,https://finance.yahoo.com/quote/ZS=F,2026-09-03T13:09:38.096770+08:00
soybeans,2026-02-05,1112.25,Yahoo public chart endpoint,https://finance.yahoo.com/quote/ZS=F,2026-09-03T13:09:38.096770+08:00
soybeans,2026-02-06,1115.25,Yahoo public chart endpoint,https://finance.yahoo.com/quote/ZS=F,2026-09-03T13:09:38.096770+08:00
soybeans,2026-02-09,1110.75,Yahoo public chart endpoint,https://finance.yahoo.com/quote/ZS=F,2026-09-03T13:09:38.096770+08:00
soybeans,2026-02-10,1122.5,Yahoo public chart endpoint,https://finance.yahoo.com/quote/ZS=F,2026-09-03T13:09:38.096770+08:00
soybeans,2026-02-11,1124.0,Yahoo public chart endpoint,https://finance.yahoo.com/quote/ZS=F,2026-09-03T13:09:38.096770+08:00
soybeans,2026-02-12,1137.25,Yahoo public chart endpoint,https://finance.yahoo.com/quote/ZS=F,2026-09-03T13:09:38.096770+08:00
soybeans,2026-02-13,1133.0,Yahoo public chart endpoint,https://finance.yahoo.com/quote/ZS=F,2026-09-03T13:09:38.096770+08:00
soybeans,2026-02-17,1134.0,Yahoo public chart endpoint,https://finance.yahoo.com/quote/ZS=F,2026-09-03T13:09:38.096770+08:00
soybeans,2026-02-18,1133.5,Yahoo public chart endpoint,https://finance.yahoo.com/quote/ZS=F,2026-09-03T13:09:38.096770+08:00
soybeans,2026-02-19,1141.0,Yahoo public chart endpoint,https://finance.yahoo.com/quote/ZS=F,2026-09-03T13:09:38.096770+08:00
soybeans,2026-02-20,1137.5,Yahoo public chart endpoint,https://finance.yahoo.com/quote/ZS=F,2026-09-03T13:09:38.096770+08:00
soybeans,2026-02-23,1134.25,Yahoo public chart endpoint,https://finance.yahoo.com/quote/ZS=F,2026-09-03T13:09:38.096770+08:00
soybeans,2026-02-24,1139.5,Yahoo public chart endpoint,https://finance.yahoo.com/quote/ZS=F,2026-09-03T13:09:38.096770+08:00
soybeans,2026-02-25,1148.25,Yahoo public chart endpoint,https://finance.yahoo.com/quote/ZS=F,2026-09-03T13:09:38.096770+08:00
soybeans,2026-02-26,1147.75,Yahoo public chart endpoint,https://finance.yahoo.com/quote/ZS=F,2026-09-03T13:09:38.096770+08:00
soybeans,2026-02-27,1157.25,Yahoo public chart endpoint,https://finance.yahoo.com/quote/ZS=F,2026-09-03T13:09:38.096770+08:00
soybeans,2026-03-02,1150.0,Yahoo public chart endpoint,https://finance.yahoo.com/quote/ZS=F,2026-09-03T13:09:38.096770+08:00
soybeans,2026-03-03,1155.75,Yahoo public chart endpoint,https://finance.yahoo.com/quote/ZS=F,2026-09-03T13:09:38.096770+08:00
soybeans,2026-03-04,1154.5,Yahoo public chart endpoint,https://finance.yahoo.com/quote/ZS=F,2026-09-03T13:09:38.096770+08:00
soybeans,2026-03-05,1163.75,Yahoo public chart endpoint,https://finance.yahoo.com/quote/ZS=F,2026-09-03T13:09:38.096770+08:00
soybeans,2026-03-06,1185.0,Yahoo public chart endpoint,https://finance.yahoo.com/quote/ZS=F,2026-09-03T13:09:38.096770+08:00
soybeans,2026-03-09,1180.5,Yahoo public chart endpoint,https://finance.yahoo.com/quote/ZS=F,2026-09-03T13:09:38.096770+08:00
soybeans,2026-03-10,1187.25,Yahoo public chart endpoint,https://finance.yahoo.com/quote/ZS=F,2026-09-03T13:09:38.096770+08:00
soybeans,2026-03-11,1200.5,Yahoo public chart endpoint,https://finance.yahoo.com/quote/ZS=F,2026-09-03T13:09:38.096770+08:00
soybeans,2026-03-12,1213.0,Yahoo public chart endpoint,https://finance.yahoo.com/quote/ZS=F,2026-09-03T13:09:38.096770+08:00
soybeans,2026-03-13,1211.0,Yahoo public chart endpoint,https://finance.yahoo.com/quote/ZS=F,2026-09-03T13:09:38.096770+08:00
soybeans,2026-03-16,1155.25,Yahoo public chart endpoint,https://finance.yahoo.com/quote/ZS=F,2026-09-03T13:09:38.096770+08:00
soybeans,2026-03-17,1157.0,Yahoo public chart endpoint,https://finance.yahoo.com/quote/ZS=F,2026-09-03T13:09:38.096770+08:00
soybeans,2026-03-18,1161.75,Yahoo public chart endpoint,https://finance.yahoo.com/quote/ZS=F,2026-09-03T13:09:38.096770+08:00
soybeans,2026-03-19,1168.5,Yahoo public chart endpoint,https://finance.yahoo.com/quote/ZS=F,2026-09-03T13:09:38.096770+08:00
soybeans,2026-03-20,1161.25,Yahoo public chart endpoint,https://finance.yahoo.com/quote/ZS=F,2026-09-03T13:09:38.096770+08:00
soybeans,2026-03-23,1163.5,Yahoo public chart endpoint,https://finance.yahoo.com/quote/ZS=F,2026-09-03T13:09:38.096770+08:00
soybeans,2026-03-24,1155.0,Yahoo public chart endpoint,https://finance.yahoo.com/quote/ZS=F,2026-09-03T13:09:38.096770+08:00
soybeans,2026-03-25,1171.75,Yahoo public chart endpoint,https://finance.yahoo.com/quote/ZS=F,2026-09-03T13:09:38.096770+08:00
soybeans,2026-03-26,1173.75,Yahoo public chart endpoint,https://finance.yahoo.com/quote/ZS=F,2026-09-03T13:09:38.096770+08:00
soybeans,2026-03-27,1159.25,Yahoo public chart endpoint,https://finance.yahoo.com/quote/ZS=F,2026-09-03T13:09:38.096770+08:00
soybeans,2026-03-30,1159.75,Yahoo public chart endpoint,https://finance.yahoo.com/quote/ZS=F,2026-09-03T13:09:38.096770+08:00
soybeans,2026-03-31,1171.0,Yahoo public chart endpoint,https://finance.yahoo.com/quote/ZS=F,2026-09-03T13:09:38.096770+08:00
soybeans,2026-04-01,1168.5,Yahoo public chart endpoint,https://finance.yahoo.com/quote/ZS=F,2026-09-03T13:09:38.096770+08:00
soybeans,2026-04-02,1163.5,Yahoo public chart endpoint,https://finance.yahoo.com/quote/ZS=F,2026-09-03T13:09:38.096770+08:00
soybeans,2026-04-06,1166.75,Yahoo public chart endpoint,https://finance.yahoo.com/quote/ZS=F,2026-09-03T13:09:38.096770+08:00
soybeans,2026-04-07,1158.25,Yahoo public chart endpoint,https://finance.yahoo.com/quote/ZS=F,2026-09-03T13:09:38.096770+08:00
soybeans,2026-04-08,1162.0,Yahoo public chart endpoint,https://finance.yahoo.com/quote/ZS=F,2026-09-03T13:09:38.096770+08:00
soybeans,2026-04-09,1165.25,Yahoo public chart endpoint,https://finance.yahoo.com/quote/ZS=F,2026-09-03T13:09:38.096770+08:00
soybeans,2026-04-10,1175.75,Yahoo public chart endpoint,https://finance.yahoo.com/quote/ZS=F,2026-09-03T13:09:38.096770+08:00
soybeans,2026-04-13,1162.25,Yahoo public chart endpoint,https://finance.yahoo.com/quote/ZS=F,2026-09-03T13:09:38.096770+08:00
soybeans,2026-04-14,1158.0,Yahoo public chart endpoint,https://finance.yahoo.com/quote/ZS=F,2026-09-03T13:09:38.096770+08:00
soybeans,2026-04-15,1167.0,Yahoo public chart endpoint,https://finance.yahoo.com/quote/ZS=F,2026-09-03T13:09:38.096770+08:00
soybeans,2026-04-16,1163.75,Yahoo public chart endpoint,https://finance.yahoo.com/quote/ZS=F,2026-09-03T13:09:38.096770+08:00
soybeans,2026-04-17,1167.25,Yahoo public chart endpoint,https://finance.yahoo.com/quote/ZS=F,2026-09-03T13:09:38.096770+08:00
soybeans,2026-04-20,1165.75,Yahoo public chart endpoint,https://finance.yahoo.com/quote/ZS=F,2026-09-03T13:09:38.096770+08:00
soybeans,2026-04-21,1174.5,Yahoo public chart endpoint,https://finance.yahoo.com/quote/ZS=F,2026-09-03T13:09:38.096770+08:00
soybeans,2026-04-22,1164.5,Yahoo public chart endpoint,https://finance.yahoo.com/quote/ZS=F,2026-09-03T13:09:38.096770+08:00
soybeans,2026-04-23,1159.75,Yahoo public chart endpoint,https://finance.yahoo.com/quote/ZS=F,2026-09-03T13:09:38.096770+08:00
soybeans,2026-04-24,1163.75,Yahoo public chart endpoint,https://finance.yahoo.com/quote/ZS=F,2026-09-03T13:09:38.096770+08:00
soybeans,2026-04-27,1177.25,Yahoo public chart endpoint,https://finance.yahoo.com/quote/ZS=F,2026-09-03T13:09:38.096770+08:00
soybeans,2026-04-28,1173.0,Yahoo public chart endpoint,https://finance.yahoo.com/quote/ZS=F,2026-09-03T13:09:38.096770+08:00
soybeans,2026-04-29,1182.25,Yahoo public chart endpoint,https://finance.yahoo.com/quote/ZS=F,2026-09-03T13:09:38.096770+08:00
soybeans,2026-04-30,1182.0,Yahoo public chart endpoint,https://finance.yahoo.com/quote/ZS=F,2026-09-03T13:09:38.096770+08:00
soybeans,2026-05-01,1187.75,Yahoo public chart endpoint,https://finance.yahoo.com/quote/ZS=F,2026-09-03T13:09:38.096770+08:00
soybeans,2026-05-04,1207.5,Yahoo public chart endpoint,https://finance.yahoo.com/quote/ZS=F,2026-09-03T13:09:38.096770+08:00
soybeans,2026-05-05,1195.75,Yahoo public chart endpoint,https://finance.yahoo.com/quote/ZS=F,2026-09-03T13:09:38.096770+08:00
soybeans,2026-05-06,1179.0,Yahoo public chart endpoint,https://finance.yahoo.com/quote/ZS=F,2026-09-03T13:09:38.096770+08:00
soybeans,2026-05-07,1177.0,Yahoo public chart endpoint,https://finance.yahoo.com/quote/ZS=F,2026-09-03T13:09:38.096770+08:00
soybeans,2026-05-08,1194.25,Yahoo public chart endpoint,https://finance.yahoo.com/quote/ZS=F,2026-09-03T13:09:38.096770+08:00
soybeans,2026-05-11,1199.75,Yahoo public chart endpoint,https://finance.yahoo.com/quote/ZS=F,2026-09-03T13:09:38.096770+08:00
soybeans,2026-05-12,1213.5,Yahoo public chart endpoint,https://finance.yahoo.com/quote/ZS=F,2026-09-03T13:09:38.096770+08:00
soybeans,2026-05-13,1215.25,Yahoo public chart endpoint,https://finance.yahoo.com/quote/ZS=F,2026-09-03T13:09:38.096770+08:00
soybeans,2026-05-14,1174.5,Yahoo public chart endpoint,https://finance.yahoo.com/quote/ZS=F,2026-09-03T13:09:38.096770+08:00
soybeans,2026-05-15,1177.0,Yahoo public chart endpoint,https://finance.yahoo.com/quote/ZS=F,2026-09-03T13:09:38.096770+08:00
soybeans,2026-05-18,1213.0,Yahoo public chart endpoint,https://finance.yahoo.com/quote/ZS=F,2026-09-03T13:09:38.096770+08:00
soybeans,2026-05-19,1209.5,Yahoo public chart endpoint,https://finance.yahoo.com/quote/ZS=F,2026-09-03T13:09:38.096770+08:00
soybeans,2026-05-20,1199.75,Yahoo public chart endpoint,https://finance.yahoo.com/quote/ZS=F,2026-09-03T13:09:38.096770+08:00
soybeans,2026-05-21,1194.25,Yahoo public chart endpoint,https://finance.yahoo.com/quote/ZS=F,2026-09-03T13:09:38.096770+08:00
soybeans,2026-05-22,1196.5,Yahoo public chart endpoint,https://finance.yahoo.com/quote/ZS=F,2026-09-03T13:09:38.096770+08:00
soybeans,2026-05-26,1186.0,Yahoo public chart endpoint,https://finance.yahoo.com/quote/ZS=F,2026-09-03T13:09:38.096770+08:00
soybeans,2026-05-27,1185.25,Yahoo public chart endpoint,https://finance.yahoo.com/quote/ZS=F,2026-09-03T13:09:38.096770+08:00
soybeans,2026-05-28,1194.5,Yahoo public chart endpoint,https://finance.yahoo.com/quote/ZS=F,2026-09-03T13:09:38.096770+08:00
soybeans,2026-05-29,1186.75,Yahoo public chart endpoint,https://finance.yahoo.com/quote/ZS=F,2026-09-03T13:09:38.096770+08:00
soybeans,2026-06-01,1180.75,Yahoo public chart endpoint,https://finance.yahoo.com/quote/ZS=F,2026-09-03T13:09:38.096770+08:00
soybeans,2026-06-02,1165.25,Yahoo public chart endpoint,https://finance.yahoo.com/quote/ZS=F,2026-09-03T13:09:38.096770+08:00
soybeans,2026-06-03,1154.0,Yahoo public chart endpoint,https://finance.yahoo.com/quote/ZS=F,2026-09-03T13:09:38.096770+08:00
soybeans,2026-06-04,1129.5,Yahoo public chart endpoint,https://finance.yahoo.com/quote/ZS=F,2026-09-03T13:09:38.096770+08:00
soybeans,2026-06-05,1121.5,Yahoo public chart endpoint,https://finance.yahoo.com/quote/ZS=F,2026-09-03T13:09:38.096770+08:00
soybeans,2026-06-08,1115.75,Yahoo public chart endpoint,https://finance.yahoo.com/quote/ZS=F,2026-09-03T13:09:38.096770+08:00
soybeans,2026-06-09,1113.75,Yahoo public chart endpoint,https://finance.yahoo.com/quote/ZS=F,2026-09-03T13:09:38.096770+08:00
soybeans,2026-06-10,1123.0,Yahoo public chart endpoint,https://finance.yahoo.com/quote/ZS=F,2026-09-03T13:09:38.096770+08:00
soybeans,2026-06-11,1115.0,Yahoo public chart endpoint,https://finance.yahoo.com/quote/ZS=F,2026-09-03T13:09:38.096770+08:00
soybeans,2026-06-12,1113.5,Yahoo public chart endpoint,https://finance.yahoo.com/quote/ZS=F,2026-09-03T13:09:38.096770+08:00
soybeans,2026-06-15,1119.25,Yahoo public chart endpoint,https://finance.yahoo.com/quote/ZS=F,2026-09-03T13:09:38.096770+08:00
soybeans,2026-06-16,1130.0,Yahoo public chart endpoint,https://finance.yahoo.com/quote/ZS=F,2026-09-03T13:09:38.096770+08:00
soybeans,2026-06-17,1132.0,Yahoo public chart endpoint,https://finance.yahoo.com/quote/ZS=F,2026-09-03T13:09:38.096770+08:00
soybeans,2026-06-18,1122.75,Yahoo public chart endpoint,https://finance.yahoo.com/quote/ZS=F,2026-09-03T13:09:38.096770+08:00
soybeans,2026-06-22,1115.75,Yahoo public chart endpoint,https://finance.yahoo.com/quote/ZS=F,2026-09-03T13:09:38.096770+08:00
soybeans,2026-06-23,1117.0,Yahoo public chart endpoint,https://finance.yahoo.com/quote/ZS=F,2026-09-03T13:09:38.096770+08:00
soybeans,2026-06-24,1108.75,Yahoo public chart endpoint,https://finance.yahoo.com/quote/ZS=F,2026-09-03T13:09:38.096770+08:00
soybeans,2026-06-25,1127.5,Yahoo public chart endpoint,https://finance.yahoo.com/quote/ZS=F,2026-09-03T13:09:38.096770+08:00
soybeans,2026-06-26,1126.25,Yahoo public chart endpoint,https://finance.yahoo.com/quote/ZS=F,2026-09-03T13:09:38.096770+08:00
soybeans,2026-06-29,1108.75,Yahoo public chart endpoint,https://finance.yahoo.com/quote/ZS=F,2026-09-03T13:09:38.096770+08:00
soybeans,2026-06-30,1116.75,Yahoo public chart endpoint,https://finance.yahoo.com/quote/ZS=F,2026-09-03T13:09:38.096770+08:00
soybeans,2026-07-01,1126.25,Yahoo public chart endpoint,https://finance.yahoo.com/quote/ZS=F,2026-09-03T13:09:38.096770+08:00
soybeans,2026-07-02,1131.75,Yahoo public chart endpoint,https://finance.yahoo.com/quote/ZS=F,2026-09-03T13:09:38.096770+08:00
soybeans,2026-07-06,1182.25,Yahoo public chart endpoint,https://finance.yahoo.com/quote/ZS=F,2026-09-03T13:09:38.096770+08:00
soybeans,2026-07-07,1196.75,Yahoo public chart endpoint,https://finance.yahoo.com/quote/ZS=F,2026-09-03T13:09:38.096770+08:00
soybeans,2026-07-08,1195.0,Yahoo public chart endpoint,https://finance.yahoo.com/quote/ZS=F,2026-09-03T13:09:38.096770+08:00
soybeans,2026-07-09,1179.75,Yahoo public chart endpoint,https://finance.yahoo.com/quote/ZS=F,2026-09-03T13:09:38.096770+08:00
soybeans,2026-07-10,1196.5,Yahoo public chart endpoint,https://finance.yahoo.com/quote/ZS=F,2026-09-03T13:09:38.096770+08:00
soybeans,2026-07-13,1202.0,Yahoo public chart endpoint,https://finance.yahoo.com/quote/ZS=F,2026-09-03T13:09:38.096770+08:00
soybeans,2026-07-14,1207.25,Yahoo public chart endpoint,https://finance.yahoo.com/quote/ZS=F,2026-09-03T13:09:38.096770+08:00
soybeans,2026-07-15,1202.25,Yahoo public chart endpoint,https://finance.yahoo.com/quote/ZS=F,2026-09-03T13:09:38.096770+08:00
soybeans,2026-07-16,1195.0,Yahoo public chart endpoint,https://finance.yahoo.com/quote/ZS=F,2026-09-03T13:09:38.096770+08:00
soybeans,2026-07-17,1204.5,Yahoo public chart endpoint,https://finance.yahoo.com/quote/ZS=F,2026-09-03T13:09:38.096770+08:00
soybeans,2026-07-20,1226.0,Yahoo public chart endpoint,https://finance.yahoo.com/quote/ZS=F,2026-09-03T13:09:38.096770+08:00
soybeans,2026-07-21,1219.5,Yahoo public chart endpoint,https://finance.yahoo.com/quote/ZS=F,2026-09-03T13:09:38.096770+08:00
soybeans,2026-07-22,1233.0,Yahoo public chart endpoint,https://finance.yahoo.com/quote/ZS=F,2026-09-03T13:09:38.096770+08:00
soybeans,2026-07-23,1237.5,Yahoo public chart endpoint,https://finance.yahoo.com/quote/ZS=F,2026-09-03T13:09:38.096770+08:00
soybeans,2026-07-24,1248.0,Yahoo public chart endpoint,https://finance.yahoo.com/quote/ZS=F,2026-09-03T13:09:38.096770+08:00
soybeans,2026-07-27,1208.5,Yahoo public chart endpoint,https://finance.yahoo.com/quote/ZS=F,2026-09-03T13:09:38.096770+08:00
soybeans,2026-07-28,1212.0,Yahoo public chart endpoint,https://finance.yahoo.com/quote/ZS=F,2026-09-03T13:09:38.096770+08:00
soybeans,2026-07-29,1178.0,Yahoo public chart endpoint,https://finance.yahoo.com/quote/ZS=F,2026-09-03T13:09:38.096770+08:00
soybeans,2026-07-30,1177.25,Yahoo public chart endpoint,https://finance.yahoo.com/quote/ZS=F,2026-09-03T13:09:38.096770+08:00
soybeans,2026-07-31,1172.0,Yahoo public chart endpoint,https://finance.yahoo.com/quote/ZS=F,2026-09-03T13:09:38.096770+08:00
soybeans,2026-08-03,1168.75,Yahoo public chart endpoint,https://finance.yahoo.com/quote/ZS=F,2026-09-03T13:09:38.096770+08:00
soybeans,2026-08-04,1155.0,Yahoo public chart endpoint,https://finance.yahoo.com/quote/ZS=F,2026-09-03T13:09:38.096770+08:00
soybeans,2026-08-05,1151.5,Yahoo public chart endpoint,https://finance.yahoo.com/quote/ZS=F,2026-09-03T13:09:38.096770+08:00
soybeans,2026-08-06,1157.25,Yahoo public chart endpoint,https://finance.yahoo.com/quote/ZS=F,2026-09-03T13:09:38.096770+08:00
soybeans,2026-08-07,1156.5,Yahoo public chart endpoint,https://finance.yahoo.com/quote/ZS=F,2026-09-03T13:09:38.096770+08:00
soybeans,2026-08-10,1157.75,Yahoo public chart endpoint,https://finance.yahoo.com/quote/ZS=F,2026-09-03T13:09:38.096770+08:00
soybeans,2026-08-11,1147.5,Yahoo public chart endpoint,https://finance.yahoo.com/quote/ZS=F,2026-09-03T13:09:38.096770+08:00
soybeans,2026-08-12,1164.75,Yahoo public chart endpoint,https://finance.yahoo.com/quote/ZS=F,2026-09-03T13:09:38.096770+08:00
soybeans,2026-08-13,1168.25,Yahoo public chart endpoint,https://finance.yahoo.com/quote/ZS=F,2026-09-03T13:09:38.096770+08:00
soybeans,2026-08-14,1173.75,Yahoo public chart endpoint,https://finance.yahoo.com/quote/ZS=F,2026-09-03T13:09:38.096770+08:00
soybeans,2026-08-17,1201.0,Yahoo public chart endpoint,https://finance.yahoo.com/quote/ZS=F,2026-09-03T13:09:38.096770+08:00
soybeans,2026-08-18,1200.75,Yahoo public chart endpoint,https://finance.yahoo.com/quote/ZS=F,2026-09-03T13:09:38.096770+08:00
soybeans,2026-08-19,1222.25,Yahoo public chart endpoint,https://finance.yahoo.com/quote/ZS=F,2026-09-03T13:09:38.096770+08:00
soybeans,2026-08-20,1220.75,Yahoo public chart endpoint,https://finance.yahoo.com/quote/ZS=F,2026-09-03T13:09:38.096770+08:00
soybeans,2026-08-21,1225.0,Yahoo public chart endpoint,https://finance.yahoo.com/quote/ZS=F,2026-09-03T13:09:38.096770+08:00
soybeans,2026-08-24,1216.0,Yahoo public chart endpoint,https://finance.yahoo.com/quote/ZS=F,2026-09-03T13:09:38.096770+08:00
soybeans,2026-08-25,1228.0,Yahoo public chart endpoint,https://finance.yahoo.com/quote/ZS=F,2026-09-03T13:09:38.096770+08:00
soybeans,2026-08-26,1254.25,Yahoo public chart endpoint,https://finance.yahoo.com/quote/ZS=F,2026-09-03T13:09:38.096770+08:00
soybeans,2026-08-27,1256.5,Yahoo public chart endpoint,https://finance.yahoo.com/quote/ZS=F,2026-09-03T13:09:38.096770+08:00
soybeans,2026-08-28,1276.25,Yahoo public chart endpoint,https://finance.yahoo.com/quote/ZS=F,2026-09-03T13:09:38.096770+08:00
soybeans,2026-08-31,1275.25,Yahoo public chart endpoint,https://finance.yahoo.com/quote/ZS=F,2026-09-03T13:09:38.096770+08:00
soybeans,2026-09-01,1306.75,Yahoo public chart endpoint,https://finance.yahoo.com/quote/ZS=F,2026-09-03T13:09:38.096770+08:00
soybeans,2026-09-02,1301.75,Yahoo public chart endpoint,https://finance.yahoo.com/quote/ZS=F,2026-09-03T13:09:38.096770+08:00
soybeans,2026-09-03,1313.5,Yahoo public chart endpoint,https://finance.yahoo.com/quote/ZS=F,2026-09-03T13:09:38.096770+08:00
sugar,2026-01-26,14.789999961853027,Yahoo public chart endpoint,https://finance.yahoo.com/quote/SB=F,2026-09-03T13:09:38.096770+08:00
sugar,2026-01-27,14.829999923706055,Yahoo public chart endpoint,https://finance.yahoo.com/quote/SB=F,2026-09-03T13:09:38.096770+08:00
sugar,2026-01-28,14.710000038146973,Yahoo public chart endpoint,https://finance.yahoo.com/quote/SB=F,2026-09-03T13:09:38.096770+08:00
sugar,2026-01-29,14.699999809265137,Yahoo public chart endpoint,https://finance.yahoo.com/quote/SB=F,2026-09-03T13:09:38.096770+08:00
sugar,2026-01-30,14.270000457763672,Yahoo public chart endpoint,https://finance.yahoo.com/quote/SB=F,2026-09-03T13:09:38.096770+08:00
sugar,2026-02-02,14.260000228881836,Yahoo public chart endpoint,https://finance.yahoo.com/quote/SB=F,2026-09-03T13:09:38.096770+08:00
sugar,2026-02-03,14.630000114440918,Yahoo public chart endpoint,https://finance.yahoo.com/quote/SB=F,2026-09-03T13:09:38.096770+08:00
sugar,2026-02-04,14.4399995803833,Yahoo public chart endpoint,https://finance.yahoo.com/quote/SB=F,2026-09-03T13:09:38.096770+08:00
sugar,2026-02-05,14.270000457763672,Yahoo public chart endpoint,https://finance.yahoo.com/quote/SB=F,2026-09-03T13:09:38.096770+08:00
sugar,2026-02-06,14.109999656677246,Yahoo public chart endpoint,https://finance.yahoo.com/quote/SB=F,2026-09-03T13:09:38.096770+08:00
sugar,2026-02-09,14.350000381469727,Yahoo public chart endpoint,https://finance.yahoo.com/quote/SB=F,2026-09-03T13:09:38.096770+08:00
sugar,2026-02-10,14.119999885559082,Yahoo public chart endpoint,https://finance.yahoo.com/quote/SB=F,2026-09-03T13:09:38.096770+08:00
sugar,2026-02-11,13.84000015258789,Yahoo public chart endpoint,https://finance.yahoo.com/quote/SB=F,2026-09-03T13:09:38.096770+08:00
sugar,2026-02-12,13.75,Yahoo public chart endpoint,https://finance.yahoo.com/quote/SB=F,2026-09-03T13:09:38.096770+08:00
sugar,2026-02-13,13.779999732971191,Yahoo public chart endpoint,https://finance.yahoo.com/quote/SB=F,2026-09-03T13:09:38.096770+08:00
sugar,2026-02-17,13.859999656677246,Yahoo public chart endpoint,https://finance.yahoo.com/quote/SB=F,2026-09-03T13:09:38.096770+08:00
sugar,2026-02-18,14.170000076293945,Yahoo public chart endpoint,https://finance.yahoo.com/quote/SB=F,2026-09-03T13:09:38.096770+08:00
sugar,2026-02-19,14.069999694824219,Yahoo public chart endpoint,https://finance.yahoo.com/quote/SB=F,2026-09-03T13:09:38.096770+08:00
sugar,2026-02-20,14.300000190734863,Yahoo public chart endpoint,https://finance.yahoo.com/quote/SB=F,2026-09-03T13:09:38.096770+08:00
sugar,2026-02-23,14.449999809265137,Yahoo public chart endpoint,https://finance.yahoo.com/quote/SB=F,2026-09-03T13:09:38.096770+08:00
sugar,2026-02-24,14.550000190734863,Yahoo public chart endpoint,https://finance.yahoo.com/quote/SB=F,2026-09-03T13:09:38.096770+08:00
sugar,2026-02-25,14.59000015258789,Yahoo public chart endpoint,https://finance.yahoo.com/quote/SB=F,2026-09-03T13:09:38.096770+08:00
sugar,2026-02-26,14.40999984741211,Yahoo public chart endpoint,https://finance.yahoo.com/quote/SB=F,2026-09-03T13:09:38.096770+08:00
sugar,2026-02-27,14.300000190734863,Yahoo public chart endpoint,https://finance.yahoo.com/quote/SB=F,2026-09-03T13:09:38.096770+08:00
sugar,2026-03-02,13.90999984741211,Yahoo public chart endpoint,https://finance.yahoo.com/quote/SB=F,2026-09-03T13:09:38.096770+08:00
sugar,2026-03-03,13.930000305175781,Yahoo public chart endpoint,https://finance.yahoo.com/quote/SB=F,2026-09-03T13:09:38.096770+08:00
sugar,2026-03-04,13.729999542236328,Yahoo public chart endpoint,https://finance.yahoo.com/quote/SB=F,2026-09-03T13:09:38.096770+08:00
sugar,2026-03-05,13.720000267028809,Yahoo public chart endpoint,https://finance.yahoo.com/quote/SB=F,2026-09-03T13:09:38.096770+08:00
sugar,2026-03-06,14.100000381469727,Yahoo public chart endpoint,https://finance.yahoo.com/quote/SB=F,2026-09-03T13:09:38.096770+08:00
sugar,2026-03-09,14.59000015258789,Yahoo public chart endpoint,https://finance.yahoo.com/quote/SB=F,2026-09-03T13:09:38.096770+08:00
sugar,2026-03-10,14.380000114440918,Yahoo public chart endpoint,https://finance.yahoo.com/quote/SB=F,2026-09-03T13:09:38.096770+08:00
sugar,2026-03-11,14.25,Yahoo public chart endpoint,https://finance.yahoo.com/quote/SB=F,2026-09-03T13:09:38.096770+08:00
sugar,2026-03-12,14.380000114440918,Yahoo public chart endpoint,https://finance.yahoo.com/quote/SB=F,2026-09-03T13:09:38.096770+08:00
sugar,2026-03-13,14.369999885559082,Yahoo public chart endpoint,https://finance.yahoo.com/quote/SB=F,2026-09-03T13:09:38.096770+08:00
sugar,2026-03-16,14.1899995803833,Yahoo public chart endpoint,https://finance.yahoo.com/quote/SB=F,2026-09-03T13:09:38.096770+08:00
sugar,2026-03-17,14.449999809265137,Yahoo public chart endpoint,https://finance.yahoo.com/quote/SB=F,2026-09-03T13:09:38.096770+08:00
sugar,2026-03-18,14.800000190734863,Yahoo public chart endpoint,https://finance.yahoo.com/quote/SB=F,2026-09-03T13:09:38.096770+08:00
sugar,2026-03-19,15.369999885559082,Yahoo public chart endpoint,https://finance.yahoo.com/quote/SB=F,2026-09-03T13:09:38.096770+08:00
sugar,2026-03-20,15.699999809265137,Yahoo public chart endpoint,https://finance.yahoo.com/quote/SB=F,2026-09-03T13:09:38.096770+08:00
sugar,2026-03-23,15.520000457763672,Yahoo public chart endpoint,https://finance.yahoo.com/quote/SB=F,2026-09-03T13:09:38.096770+08:00
sugar,2026-03-24,15.880000114440918,Yahoo public chart endpoint,https://finance.yahoo.com/quote/SB=F,2026-09-03T13:09:38.096770+08:00
sugar,2026-03-25,15.550000190734863,Yahoo public chart endpoint,https://finance.yahoo.com/quote/SB=F,2026-09-03T13:09:38.096770+08:00
sugar,2026-03-26,15.869999885559082,Yahoo public chart endpoint,https://finance.yahoo.com/quote/SB=F,2026-09-03T13:09:38.096770+08:00
sugar,2026-03-27,15.760000228881836,Yahoo public chart endpoint,https://finance.yahoo.com/quote/SB=F,2026-09-03T13:09:38.096770+08:00
sugar,2026-03-30,15.550000190734863,Yahoo public chart endpoint,https://finance.yahoo.com/quote/SB=F,2026-09-03T13:09:38.096770+08:00
sugar,2026-03-31,15.520000457763672,Yahoo public chart endpoint,https://finance.yahoo.com/quote/SB=F,2026-09-03T13:09:38.096770+08:00
sugar,2026-04-01,15.289999961853027,Yahoo public chart endpoint,https://finance.yahoo.com/quote/SB=F,2026-09-03T13:09:38.096770+08:00
sugar,2026-04-02,15.0,Yahoo public chart endpoint,https://finance.yahoo.com/quote/SB=F,2026-09-03T13:09:38.096770+08:00
sugar,2026-04-06,14.970000267028809,Yahoo public chart endpoint,https://finance.yahoo.com/quote/SB=F,2026-09-03T13:09:38.096770+08:00
sugar,2026-04-07,14.579999923706055,Yahoo public chart endpoint,https://finance.yahoo.com/quote/SB=F,2026-09-03T13:09:38.096770+08:00
sugar,2026-04-08,14.229999542236328,Yahoo public chart endpoint,https://finance.yahoo.com/quote/SB=F,2026-09-03T13:09:38.096770+08:00
sugar,2026-04-09,13.920000076293945,Yahoo public chart endpoint,https://finance.yahoo.com/quote/SB=F,2026-09-03T13:09:38.096770+08:00
sugar,2026-04-10,13.75,Yahoo public chart endpoint,https://finance.yahoo.com/quote/SB=F,2026-09-03T13:09:38.096770+08:00
sugar,2026-04-13,13.680000305175781,Yahoo public chart endpoint,https://finance.yahoo.com/quote/SB=F,2026-09-03T13:09:38.096770+08:00
sugar,2026-04-14,13.880000114440918,Yahoo public chart endpoint,https://finance.yahoo.com/quote/SB=F,2026-09-03T13:09:38.096770+08:00
sugar,2026-04-15,13.510000228881836,Yahoo public chart endpoint,https://finance.yahoo.com/quote/SB=F,2026-09-03T13:09:38.096770+08:00
sugar,2026-04-16,13.65999984741211,Yahoo public chart endpoint,https://finance.yahoo.com/quote/SB=F,2026-09-03T13:09:38.096770+08:00
sugar,2026-04-17,13.3100004196167,Yahoo public chart endpoint,https://finance.yahoo.com/quote/SB=F,2026-09-03T13:09:38.096770+08:00
sugar,2026-04-20,13.470000267028809,Yahoo public chart endpoint,https://finance.yahoo.com/quote/SB=F,2026-09-03T13:09:38.096770+08:00
sugar,2026-04-21,13.430000305175781,Yahoo public chart endpoint,https://finance.yahoo.com/quote/SB=F,2026-09-03T13:09:38.096770+08:00
sugar,2026-04-22,13.569999694824219,Yahoo public chart endpoint,https://finance.yahoo.com/quote/SB=F,2026-09-03T13:09:38.096770+08:00
sugar,2026-04-23,13.600000381469727,Yahoo public chart endpoint,https://finance.yahoo.com/quote/SB=F,2026-09-03T13:09:38.096770+08:00
sugar,2026-04-24,13.930000305175781,Yahoo public chart endpoint,https://finance.yahoo.com/quote/SB=F,2026-09-03T13:09:38.096770+08:00
sugar,2026-04-27,13.829999923706055,Yahoo public chart endpoint,https://finance.yahoo.com/quote/SB=F,2026-09-03T13:09:38.096770+08:00
sugar,2026-04-28,14.109999656677246,Yahoo public chart endpoint,https://finance.yahoo.com/quote/SB=F,2026-09-03T13:09:38.096770+08:00
sugar,2026-04-29,14.680000305175781,Yahoo public chart endpoint,https://finance.yahoo.com/quote/SB=F,2026-09-03T13:09:38.096770+08:00
sugar,2026-04-30,14.579999923706055,Yahoo public chart endpoint,https://finance.yahoo.com/quote/SB=F,2026-09-03T13:09:38.096770+08:00
sugar,2026-05-01,14.949999809265137,Yahoo public chart endpoint,https://finance.yahoo.com/quote/SB=F,2026-09-03T13:09:38.096770+08:00
sugar,2026-05-04,15.289999961853027,Yahoo public chart endpoint,https://finance.yahoo.com/quote/SB=F,2026-09-03T13:09:38.096770+08:00
sugar,2026-05-05,15.369999885559082,Yahoo public chart endpoint,https://finance.yahoo.com/quote/SB=F,2026-09-03T13:09:38.096770+08:00
sugar,2026-05-06,14.8100004196167,Yahoo public chart endpoint,https://finance.yahoo.com/quote/SB=F,2026-09-03T13:09:38.096770+08:00
sugar,2026-05-07,14.539999961853027,Yahoo public chart endpoint,https://finance.yahoo.com/quote/SB=F,2026-09-03T13:09:38.096770+08:00
sugar,2026-05-08,14.6899995803833,Yahoo public chart endpoint,https://finance.yahoo.com/quote/SB=F,2026-09-03T13:09:38.096770+08:00
sugar,2026-05-11,14.90999984741211,Yahoo public chart endpoint,https://finance.yahoo.com/quote/SB=F,2026-09-03T13:09:38.096770+08:00
sugar,2026-05-12,15.010000228881836,Yahoo public chart endpoint,https://finance.yahoo.com/quote/SB=F,2026-09-03T13:09:38.096770+08:00
sugar,2026-05-13,15.380000114440918,Yahoo public chart endpoint,https://finance.yahoo.com/quote/SB=F,2026-09-03T13:09:38.096770+08:00
sugar,2026-05-14,14.989999771118164,Yahoo public chart endpoint,https://finance.yahoo.com/quote/SB=F,2026-09-03T13:09:38.096770+08:00
sugar,2026-05-15,14.800000190734863,Yahoo public chart endpoint,https://finance.yahoo.com/quote/SB=F,2026-09-03T13:09:38.096770+08:00
sugar,2026-05-18,14.729999542236328,Yahoo public chart endpoint,https://finance.yahoo.com/quote/SB=F,2026-09-03T13:09:38.096770+08:00
sugar,2026-05-19,15.010000228881836,Yahoo public chart endpoint,https://finance.yahoo.com/quote/SB=F,2026-09-03T13:09:38.096770+08:00
sugar,2026-05-20,14.729999542236328,Yahoo public chart endpoint,https://finance.yahoo.com/quote/SB=F,2026-09-03T13:09:38.096770+08:00
sugar,2026-05-21,14.899999618530273,Yahoo public chart endpoint,https://finance.yahoo.com/quote/SB=F,2026-09-03T13:09:38.096770+08:00
sugar,2026-05-22,14.699999809265137,Yahoo public chart endpoint,https://finance.yahoo.com/quote/SB=F,2026-09-03T13:09:38.096770+08:00
sugar,2026-05-26,14.539999961853027,Yahoo public chart endpoint,https://finance.yahoo.com/quote/SB=F,2026-09-03T13:09:38.096770+08:00
sugar,2026-05-27,14.140000343322754,Yahoo public chart endpoint,https://finance.yahoo.com/quote/SB=F,2026-09-03T13:09:38.096770+08:00
sugar,2026-05-28,13.930000305175781,Yahoo public chart endpoint,https://finance.yahoo.com/quote/SB=F,2026-09-03T13:09:38.096770+08:00
sugar,2026-05-29,14.0600004196167,Yahoo public chart endpoint,https://finance.yahoo.com/quote/SB=F,2026-09-03T13:09:38.096770+08:00
sugar,2026-06-01,14.449999809265137,Yahoo public chart endpoint,https://finance.yahoo.com/quote/SB=F,2026-09-03T13:09:38.096770+08:00
sugar,2026-06-02,14.380000114440918,Yahoo public chart endpoint,https://finance.yahoo.com/quote/SB=F,2026-09-03T13:09:38.096770+08:00
sugar,2026-06-03,14.239999771118164,Yahoo public chart endpoint,https://finance.yahoo.com/quote/SB=F,2026-09-03T13:09:38.096770+08:00
sugar,2026-06-04,14.270000457763672,Yahoo public chart endpoint,https://finance.yahoo.com/quote/SB=F,2026-09-03T13:09:38.096770+08:00
sugar,2026-06-05,14.140000343322754,Yahoo public chart endpoint,https://finance.yahoo.com/quote/SB=F,2026-09-03T13:09:38.096770+08:00
sugar,2026-06-08,14.119999885559082,Yahoo public chart endpoint,https://finance.yahoo.com/quote/SB=F,2026-09-03T13:09:38.096770+08:00
sugar,2026-06-09,14.079999923706055,Yahoo public chart endpoint,https://finance.yahoo.com/quote/SB=F,2026-09-03T13:09:38.096770+08:00
sugar,2026-06-10,13.920000076293945,Yahoo public chart endpoint,https://finance.yahoo.com/quote/SB=F,2026-09-03T13:09:38.096770+08:00
sugar,2026-06-11,13.789999961853027,Yahoo public chart endpoint,https://finance.yahoo.com/quote/SB=F,2026-09-03T13:09:38.096770+08:00
sugar,2026-06-12,13.699999809265137,Yahoo public chart endpoint,https://finance.yahoo.com/quote/SB=F,2026-09-03T13:09:38.096770+08:00
sugar,2026-06-15,13.680000305175781,Yahoo public chart endpoint,https://finance.yahoo.com/quote/SB=F,2026-09-03T13:09:38.096770+08:00
sugar,2026-06-16,13.819999694824219,Yahoo public chart endpoint,https://finance.yahoo.com/quote/SB=F,2026-09-03T13:09:38.096770+08:00
sugar,2026-06-17,13.850000381469727,Yahoo public chart endpoint,https://finance.yahoo.com/quote/SB=F,2026-09-03T13:09:38.096770+08:00
sugar,2026-06-18,13.59000015258789,Yahoo public chart endpoint,https://finance.yahoo.com/quote/SB=F,2026-09-03T13:09:38.096770+08:00
sugar,2026-06-22,13.350000381469727,Yahoo public chart endpoint,https://finance.yahoo.com/quote/SB=F,2026-09-03T13:09:38.096770+08:00
sugar,2026-06-23,13.420000076293945,Yahoo public chart endpoint,https://finance.yahoo.com/quote/SB=F,2026-09-03T13:09:38.096770+08:00
sugar,2026-06-24,13.420000076293945,Yahoo public chart endpoint,https://finance.yahoo.com/quote/SB=F,2026-09-03T13:09:38.096770+08:00
sugar,2026-06-25,13.550000190734863,Yahoo public chart endpoint,https://finance.yahoo.com/quote/SB=F,2026-09-03T13:09:38.096770+08:00
sugar,2026-06-26,13.979999542236328,Yahoo public chart endpoint,https://finance.yahoo.com/quote/SB=F,2026-09-03T13:09:38.096770+08:00
sugar,2026-06-29,14.289999961853027,Yahoo public chart endpoint,https://finance.yahoo.com/quote/SB=F,2026-09-03T13:09:38.096770+08:00
sugar,2026-06-30,14.34000015258789,Yahoo public chart endpoint,https://finance.yahoo.com/quote/SB=F,2026-09-03T13:09:38.096770+08:00
sugar,2026-07-01,14.989999771118164,Yahoo public chart endpoint,https://finance.yahoo.com/quote/SB=F,2026-09-03T13:09:38.096770+08:00
sugar,2026-07-02,14.850000381469727,Yahoo public chart endpoint,https://finance.yahoo.com/quote/SB=F,2026-09-03T13:09:38.096770+08:00
sugar,2026-07-06,15.220000267028809,Yahoo public chart endpoint,https://finance.yahoo.com/quote/SB=F,2026-09-03T13:09:38.096770+08:00
sugar,2026-07-07,15.140000343322754,Yahoo public chart endpoint,https://finance.yahoo.com/quote/SB=F,2026-09-03T13:09:38.096770+08:00
sugar,2026-07-08,15.109999656677246,Yahoo public chart endpoint,https://finance.yahoo.com/quote/SB=F,2026-09-03T13:09:38.096770+08:00
sugar,2026-07-09,15.119999885559082,Yahoo public chart endpoint,https://finance.yahoo.com/quote/SB=F,2026-09-03T13:09:38.096770+08:00
sugar,2026-07-10,14.880000114440918,Yahoo public chart endpoint,https://finance.yahoo.com/quote/SB=F,2026-09-03T13:09:38.096770+08:00
sugar,2026-07-13,14.75,Yahoo public chart endpoint,https://finance.yahoo.com/quote/SB=F,2026-09-03T13:09:38.096770+08:00
sugar,2026-07-14,14.880000114440918,Yahoo public chart endpoint,https://finance.yahoo.com/quote/SB=F,2026-09-03T13:09:38.096770+08:00
sugar,2026-07-15,14.850000381469727,Yahoo public chart endpoint,https://finance.yahoo.com/quote/SB=F,2026-09-03T13:09:38.096770+08:00
sugar,2026-07-16,14.4399995803833,Yahoo public chart endpoint,https://finance.yahoo.com/quote/SB=F,2026-09-03T13:09:38.096770+08:00
sugar,2026-07-17,14.829999923706055,Yahoo public chart endpoint,https://finance.yahoo.com/quote/SB=F,2026-09-03T13:09:38.096770+08:00
sugar,2026-07-20,14.819999694824219,Yahoo public chart endpoint,https://finance.yahoo.com/quote/SB=F,2026-09-03T13:09:38.096770+08:00
sugar,2026-07-21,14.880000114440918,Yahoo public chart endpoint,https://finance.yahoo.com/quote/SB=F,2026-09-03T13:09:38.096770+08:00
sugar,2026-07-22,14.739999771118164,Yahoo public chart endpoint,https://finance.yahoo.com/quote/SB=F,2026-09-03T13:09:38.096770+08:00
sugar,2026-07-23,14.6899995803833,Yahoo public chart endpoint,https://finance.yahoo.com/quote/SB=F,2026-09-03T13:09:38.096770+08:00
sugar,2026-07-24,14.770000457763672,Yahoo public chart endpoint,https://finance.yahoo.com/quote/SB=F,2026-09-03T13:09:38.096770+08:00
sugar,2026-07-27,14.579999923706055,Yahoo public chart endpoint,https://finance.yahoo.com/quote/SB=F,2026-09-03T13:09:38.096770+08:00
sugar,2026-07-28,14.550000190734863,Yahoo public chart endpoint,https://finance.yahoo.com/quote/SB=F,2026-09-03T13:09:38.096770+08:00
sugar,2026-07-29,14.5,Yahoo public chart endpoint,https://finance.yahoo.com/quote/SB=F,2026-09-03T13:09:38.096770+08:00
sugar,2026-07-30,14.430000305175781,Yahoo public chart endpoint,https://finance.yahoo.com/quote/SB=F,2026-09-03T13:09:38.096770+08:00
sugar,2026-07-31,14.65999984741211,Yahoo public chart endpoint,https://finance.yahoo.com/quote/SB=F,2026-09-03T13:09:38.096770+08:00
sugar,2026-08-03,15.010000228881836,Yahoo public chart endpoint,https://finance.yahoo.com/quote/SB=F,2026-09-03T13:09:38.096770+08:00
sugar,2026-08-04,15.039999961853027,Yahoo public chart endpoint,https://finance.yahoo.com/quote/SB=F,2026-09-03T13:09:38.096770+08:00
sugar,2026-08-05,15.149999618530273,Yahoo public chart endpoint,https://finance.yahoo.com/quote/SB=F,2026-09-03T13:09:38.096770+08:00
sugar,2026-08-06,15.569999694824219,Yahoo public chart endpoint,https://finance.yahoo.com/quote/SB=F,2026-09-03T13:09:38.096770+08:00
sugar,2026-08-07,16.450000762939453,Yahoo public chart endpoint,https://finance.yahoo.com/quote/SB=F,2026-09-03T13:09:38.096770+08:00
sugar,2026-08-10,16.469999313354492,Yahoo public chart endpoint,https://finance.yahoo.com/quote/SB=F,2026-09-03T13:09:38.096770+08:00
sugar,2026-08-11,16.729999542236328,Yahoo public chart endpoint,https://finance.yahoo.com/quote/SB=F,2026-09-03T13:09:38.096770+08:00
sugar,2026-08-12,16.420000076293945,Yahoo public chart endpoint,https://finance.yahoo.com/quote/SB=F,2026-09-03T13:09:38.096770+08:00
sugar,2026-08-13,16.81999969482422,Yahoo public chart endpoint,https://finance.yahoo.com/quote/SB=F,2026-09-03T13:09:38.096770+08:00
sugar,2026-08-14,16.600000381469727,Yahoo public chart endpoint,https://finance.yahoo.com/quote/SB=F,2026-09-03T13:09:38.096770+08:00
sugar,2026-08-17,16.8700008392334,Yahoo public chart endpoint,https://finance.yahoo.com/quote/SB=F,2026-09-03T13:09:38.096770+08:00
sugar,2026-08-18,17.469999313354492,Yahoo public chart endpoint,https://finance.yahoo.com/quote/SB=F,2026-09-03T13:09:38.096770+08:00
sugar,2026-08-19,17.549999237060547,Yahoo public chart endpoint,https://finance.yahoo.com/quote/SB=F,2026-09-03T13:09:38.096770+08:00
sugar,2026-08-20,17.520000457763672,Yahoo public chart endpoint,https://finance.yahoo.com/quote/SB=F,2026-09-03T13:09:38.096770+08:00
sugar,2026-08-21,17.610000610351562,Yahoo public chart endpoint,https://finance.yahoo.com/quote/SB=F,2026-09-03T13:09:38.096770+08:00
sugar,2026-08-24,17.649999618530273,Yahoo public chart endpoint,https://finance.yahoo.com/quote/SB=F,2026-09-03T13:09:38.096770+08:00
sugar,2026-08-25,17.270000457763672,Yahoo public chart endpoint,https://finance.yahoo.com/quote/SB=F,2026-09-03T13:09:38.096770+08:00
sugar,2026-08-26,17.59000015258789,Yahoo public chart endpoint,https://finance.yahoo.com/quote/SB=F,2026-09-03T13:09:38.096770+08:00
sugar,2026-08-27,18.190000534057617,Yahoo public chart endpoint,https://finance.yahoo.com/quote/SB=F,2026-09-03T13:09:38.096770+08:00
sugar,2026-08-28,17.559999465942383,Yahoo public chart endpoint,https://finance.yahoo.com/quote/SB=F,2026-09-03T13:09:38.096770+08:00
sugar,2026-08-31,17.809999465942383,Yahoo public chart endpoint,https://finance.yahoo.com/quote/SB=F,2026-09-03T13:09:38.096770+08:00
sugar,2026-09-01,18.360000610351562,Yahoo public chart endpoint,https://finance.yahoo.com/quote/SB=F,2026-09-03T13:09:38.096770+08:00
sugar,2026-09-02,18.700000762939453,Yahoo public chart endpoint,https://finance.yahoo.com/quote/SB=F,2026-09-03T13:09:38.096770+08:00
tsmc_revenue_yoy,2026-01-31,36.8,TSMC investor relations,https://investor.tsmc.com/english/monthly-revenue/2026,2026-09-03T13:09:38.096770+08:00
tsmc_revenue_yoy,2026-02-28,22.2,TSMC investor relations,https://investor.tsmc.com/english/monthly-revenue/2026,2026-09-03T13:09:38.096770+08:00
tsmc_revenue_yoy,2026-03-31,45.2,TSMC investor relations,https://investor.tsmc.com/english/monthly-revenue/2026,2026-09-03T13:09:38.096770+08:00
tsmc_revenue_yoy,2026-04-30,17.5,TSMC investor relations,https://investor.tsmc.com/english/monthly-revenue/2026,2026-09-03T13:09:38.096770+08:00
tsmc_revenue_yoy,2026-05-31,30.1,TSMC investor relations,https://investor.tsmc.com/english/monthly-revenue/2026,2026-09-03T13:09:38.096770+08:00
tsmc_revenue_yoy,2026-06-30,67.9,TSMC investor relations,https://investor.tsmc.com/english/monthly-revenue/2026,2026-09-03T13:09:38.096770+08:00
tsmc_revenue_yoy,2026-07-31,44.7,TSMC investor relations,https://investor.tsmc.com/english/monthly-revenue/2026,2026-09-03T13:09:38.096770+08:00
us10y,2025-11-14,4.14,FRED,https://fred.stlouisfed.org/series/DGS10,2026-09-03T13:09:38.096770+08:00
us10y,2025-11-17,4.13,FRED,https://fred.stlouisfed.org/series/DGS10,2026-09-03T13:09:38.096770+08:00
us10y,2025-11-18,4.12,FRED,https://fred.stlouisfed.org/series/DGS10,2026-09-03T13:09:38.096770+08:00
us10y,2025-11-19,4.13,FRED,https://fred.stlouisfed.org/series/DGS10,2026-09-03T13:09:38.096770+08:00
us10y,2025-11-20,4.1,FRED,https://fred.stlouisfed.org/series/DGS10,2026-09-03T13:09:38.096770+08:00
us10y,2025-11-21,4.06,FRED,https://fred.stlouisfed.org/series/DGS10,2026-09-03T13:09:38.096770+08:00
us10y,2025-11-24,4.04,FRED,https://fred.stlouisfed.org/series/DGS10,2026-09-03T13:09:38.096770+08:00
us10y,2025-11-25,4.01,FRED,https://fred.stlouisfed.org/series/DGS10,2026-09-03T13:09:38.096770+08:00
us10y,2025-11-26,4.0,FRED,https://fred.stlouisfed.org/series/DGS10,2026-09-03T13:09:38.096770+08:00
us10y,2025-11-28,4.02,FRED,https://fred.stlouisfed.org/series/DGS10,2026-09-03T13:09:38.096770+08:00
us10y,2025-12-01,4.09,FRED,https://fred.stlouisfed.org/series/DGS10,2026-09-03T13:09:38.096770+08:00
us10y,2025-12-02,4.09,FRED,https://fred.stlouisfed.org/series/DGS10,2026-09-03T13:09:38.096770+08:00
us10y,2025-12-03,4.06,FRED,https://fred.stlouisfed.org/series/DGS10,2026-09-03T13:09:38.096770+08:00
us10y,2025-12-04,4.11,FRED,https://fred.stlouisfed.org/series/DGS10,2026-09-03T13:09:38.096770+08:00
us10y,2025-12-05,4.14,FRED,https://fred.stlouisfed.org/series/DGS10,2026-09-03T13:09:38.096770+08:00
us10y,2025-12-08,4.17,FRED,https://fred.stlouisfed.org/series/DGS10,2026-09-03T13:09:38.096770+08:00
us10y,2025-12-09,4.18,FRED,https://fred.stlouisfed.org/series/DGS10,2026-09-03T13:09:38.096770+08:00
us10y,2025-12-10,4.13,FRED,https://fred.stlouisfed.org/series/DGS10,2026-09-03T13:09:38.096770+08:00
us10y,2025-12-11,4.14,FRED,https://fred.stlouisfed.org/series/DGS10,2026-09-03T13:09:38.096770+08:00
us10y,2025-12-12,4.19,FRED,https://fred.stlouisfed.org/series/DGS10,2026-09-03T13:09:38.096770+08:00
us10y,2025-12-15,4.18,FRED,https://fred.stlouisfed.org/series/DGS10,2026-09-03T13:09:38.096770+08:00
us10y,2025-12-16,4.15,FRED,https://fred.stlouisfed.org/series/DGS10,2026-09-03T13:09:38.096770+08:00
us10y,2025-12-17,4.16,FRED,https://fred.stlouisfed.org/series/DGS10,2026-09-03T13:09:38.096770+08:00
us10y,2025-12-18,4.12,FRED,https://fred.stlouisfed.org/series/DGS10,2026-09-03T13:09:38.096770+08:00
us10y,2025-12-19,4.16,FRED,https://fred.stlouisfed.org/series/DGS10,2026-09-03T13:09:38.096770+08:00
us10y,2025-12-22,4.17,FRED,https://fred.stlouisfed.org/series/DGS10,2026-09-03T13:09:38.096770+08:00
us10y,2025-12-23,4.18,FRED,https://fred.stlouisfed.org/series/DGS10,2026-09-03T13:09:38.096770+08:00
us10y,2025-12-24,4.15,FRED,https://fred.stlouisfed.org/series/DGS10,2026-09-03T13:09:38.096770+08:00
us10y,2025-12-26,4.14,FRED,https://fred.stlouisfed.org/series/DGS10,2026-09-03T13:09:38.096770+08:00
us10y,2025-12-29,4.12,FRED,https://fred.stlouisfed.org/series/DGS10,2026-09-03T13:09:38.096770+08:00
us10y,2025-12-30,4.14,FRED,https://fred.stlouisfed.org/series/DGS10,2026-09-03T13:09:38.096770+08:00
us10y,2025-12-31,4.18,FRED,https://fred.stlouisfed.org/series/DGS10,2026-09-03T13:09:38.096770+08:00
us10y,2026-01-02,4.19,FRED,https://fred.stlouisfed.org/series/DGS10,2026-09-03T13:09:38.096770+08:00
us10y,2026-01-05,4.17,FRED,https://fred.stlouisfed.org/series/DGS10,2026-09-03T13:09:38.096770+08:00
us10y,2026-01-06,4.18,FRED,https://fred.stlouisfed.org/series/DGS10,2026-09-03T13:09:38.096770+08:00
us10y,2026-01-07,4.15,FRED,https://fred.stlouisfed.org/series/DGS10,2026-09-03T13:09:38.096770+08:00
us10y,2026-01-08,4.19,FRED,https://fred.stlouisfed.org/series/DGS10,2026-09-03T13:09:38.096770+08:00
us10y,2026-01-09,4.18,FRED,https://fred.stlouisfed.org/series/DGS10,2026-09-03T13:09:38.096770+08:00
us10y,2026-01-12,4.19,FRED,https://fred.stlouisfed.org/series/DGS10,2026-09-03T13:09:38.096770+08:00
us10y,2026-01-13,4.18,FRED,https://fred.stlouisfed.org/series/DGS10,2026-09-03T13:09:38.096770+08:00
us10y,2026-01-14,4.15,FRED,https://fred.stlouisfed.org/series/DGS10,2026-09-03T13:09:38.096770+08:00
us10y,2026-01-15,4.17,FRED,https://fred.stlouisfed.org/series/DGS10,2026-09-03T13:09:38.096770+08:00
us10y,2026-01-16,4.24,FRED,https://fred.stlouisfed.org/series/DGS10,2026-09-03T13:09:38.096770+08:00
us10y,2026-01-20,4.3,FRED,https://fred.stlouisfed.org/series/DGS10,2026-09-03T13:09:38.096770+08:00
us10y,2026-01-21,4.26,FRED,https://fred.stlouisfed.org/series/DGS10,2026-09-03T13:09:38.096770+08:00
us10y,2026-01-22,4.26,FRED,https://fred.stlouisfed.org/series/DGS10,2026-09-03T13:09:38.096770+08:00
us10y,2026-01-23,4.24,FRED,https://fred.stlouisfed.org/series/DGS10,2026-09-03T13:09:38.096770+08:00
us10y,2026-01-26,4.22,FRED,https://fred.stlouisfed.org/series/DGS10,2026-09-03T13:09:38.096770+08:00
us10y,2026-01-27,4.24,FRED,https://fred.stlouisfed.org/series/DGS10,2026-09-03T13:09:38.096770+08:00
us10y,2026-01-28,4.26,FRED,https://fred.stlouisfed.org/series/DGS10,2026-09-03T13:09:38.096770+08:00
us10y,2026-01-29,4.24,FRED,https://fred.stlouisfed.org/series/DGS10,2026-09-03T13:09:38.096770+08:00
us10y,2026-01-30,4.26,FRED,https://fred.stlouisfed.org/series/DGS10,2026-09-03T13:09:38.096770+08:00
us10y,2026-02-02,4.29,FRED,https://fred.stlouisfed.org/series/DGS10,2026-09-03T13:09:38.096770+08:00
us10y,2026-02-03,4.28,FRED,https://fred.stlouisfed.org/series/DGS10,2026-09-03T13:09:38.096770+08:00
us10y,2026-02-04,4.29,FRED,https://fred.stlouisfed.org/series/DGS10,2026-09-03T13:09:38.096770+08:00
us10y,2026-02-05,4.21,FRED,https://fred.stlouisfed.org/series/DGS10,2026-09-03T13:09:38.096770+08:00
us10y,2026-02-06,4.22,FRED,https://fred.stlouisfed.org/series/DGS10,2026-09-03T13:09:38.096770+08:00
us10y,2026-02-09,4.22,FRED,https://fred.stlouisfed.org/series/DGS10,2026-09-03T13:09:38.096770+08:00
us10y,2026-02-10,4.16,FRED,https://fred.stlouisfed.org/series/DGS10,2026-09-03T13:09:38.096770+08:00
us10y,2026-02-11,4.18,FRED,https://fred.stlouisfed.org/series/DGS10,2026-09-03T13:09:38.096770+08:00
us10y,2026-02-12,4.09,FRED,https://fred.stlouisfed.org/series/DGS10,2026-09-03T13:09:38.096770+08:00
us10y,2026-02-13,4.04,FRED,https://fred.stlouisfed.org/series/DGS10,2026-09-03T13:09:38.096770+08:00
us10y,2026-02-17,4.05,FRED,https://fred.stlouisfed.org/series/DGS10,2026-09-03T13:09:38.096770+08:00
us10y,2026-02-18,4.09,FRED,https://fred.stlouisfed.org/series/DGS10,2026-09-03T13:09:38.096770+08:00
us10y,2026-02-19,4.08,FRED,https://fred.stlouisfed.org/series/DGS10,2026-09-03T13:09:38.096770+08:00
us10y,2026-02-20,4.08,FRED,https://fred.stlouisfed.org/series/DGS10,2026-09-03T13:09:38.096770+08:00
us10y,2026-02-23,4.03,FRED,https://fred.stlouisfed.org/series/DGS10,2026-09-03T13:09:38.096770+08:00
us10y,2026-02-24,4.04,FRED,https://fred.stlouisfed.org/series/DGS10,2026-09-03T13:09:38.096770+08:00
us10y,2026-02-25,4.05,FRED,https://fred.stlouisfed.org/series/DGS10,2026-09-03T13:09:38.096770+08:00
us10y,2026-02-26,4.02,FRED,https://fred.stlouisfed.org/series/DGS10,2026-09-03T13:09:38.096770+08:00
us10y,2026-02-27,3.97,FRED,https://fred.stlouisfed.org/series/DGS10,2026-09-03T13:09:38.096770+08:00
us10y,2026-03-02,4.05,FRED,https://fred.stlouisfed.org/series/DGS10,2026-09-03T13:09:38.096770+08:00
us10y,2026-03-03,4.06,FRED,https://fred.stlouisfed.org/series/DGS10,2026-09-03T13:09:38.096770+08:00
us10y,2026-03-04,4.09,FRED,https://fred.stlouisfed.org/series/DGS10,2026-09-03T13:09:38.096770+08:00
us10y,2026-03-05,4.13,FRED,https://fred.stlouisfed.org/series/DGS10,2026-09-03T13:09:38.096770+08:00
us10y,2026-03-06,4.15,FRED,https://fred.stlouisfed.org/series/DGS10,2026-09-03T13:09:38.096770+08:00
us10y,2026-03-09,4.12,FRED,https://fred.stlouisfed.org/series/DGS10,2026-09-03T13:09:38.096770+08:00
us10y,2026-03-10,4.15,FRED,https://fred.stlouisfed.org/series/DGS10,2026-09-03T13:09:38.096770+08:00
us10y,2026-03-11,4.21,FRED,https://fred.stlouisfed.org/series/DGS10,2026-09-03T13:09:38.096770+08:00
us10y,2026-03-12,4.27,FRED,https://fred.stlouisfed.org/series/DGS10,2026-09-03T13:09:38.096770+08:00
us10y,2026-03-13,4.28,FRED,https://fred.stlouisfed.org/series/DGS10,2026-09-03T13:09:38.096770+08:00
us10y,2026-03-16,4.23,FRED,https://fred.stlouisfed.org/series/DGS10,2026-09-03T13:09:38.096770+08:00
us10y,2026-03-17,4.2,FRED,https://fred.stlouisfed.org/series/DGS10,2026-09-03T13:09:38.096770+08:00
us10y,2026-03-18,4.26,FRED,https://fred.stlouisfed.org/series/DGS10,2026-09-03T13:09:38.096770+08:00
us10y,2026-03-19,4.25,FRED,https://fred.stlouisfed.org/series/DGS10,2026-09-03T13:09:38.096770+08:00
us10y,2026-03-20,4.39,FRED,https://fred.stlouisfed.org/series/DGS10,2026-09-03T13:09:38.096770+08:00
us10y,2026-03-23,4.34,FRED,https://fred.stlouisfed.org/series/DGS10,2026-09-03T13:09:38.096770+08:00
us10y,2026-03-24,4.39,FRED,https://fred.stlouisfed.org/series/DGS10,2026-09-03T13:09:38.096770+08:00
us10y,2026-03-25,4.33,FRED,https://fred.stlouisfed.org/series/DGS10,2026-09-03T13:09:38.096770+08:00
us10y,2026-03-26,4.42,FRED,https://fred.stlouisfed.org/series/DGS10,2026-09-03T13:09:38.096770+08:00
us10y,2026-03-27,4.44,FRED,https://fred.stlouisfed.org/series/DGS10,2026-09-03T13:09:38.096770+08:00
us10y,2026-03-30,4.35,FRED,https://fred.stlouisfed.org/series/DGS10,2026-09-03T13:09:38.096770+08:00
us10y,2026-03-31,4.3,FRED,https://fred.stlouisfed.org/series/DGS10,2026-09-03T13:09:38.096770+08:00
us10y,2026-04-01,4.33,FRED,https://fred.stlouisfed.org/series/DGS10,2026-09-03T13:09:38.096770+08:00
us10y,2026-04-02,4.31,FRED,https://fred.stlouisfed.org/series/DGS10,2026-09-03T13:09:38.096770+08:00
us10y,2026-04-03,4.35,FRED,https://fred.stlouisfed.org/series/DGS10,2026-09-03T13:09:38.096770+08:00
us10y,2026-04-06,4.34,FRED,https://fred.stlouisfed.org/series/DGS10,2026-09-03T13:09:38.096770+08:00
us10y,2026-04-07,4.33,FRED,https://fred.stlouisfed.org/series/DGS10,2026-09-03T13:09:38.096770+08:00
us10y,2026-04-08,4.29,FRED,https://fred.stlouisfed.org/series/DGS10,2026-09-03T13:09:38.096770+08:00
us10y,2026-04-09,4.29,FRED,https://fred.stlouisfed.org/series/DGS10,2026-09-03T13:09:38.096770+08:00
us10y,2026-04-10,4.31,FRED,https://fred.stlouisfed.org/series/DGS10,2026-09-03T13:09:38.096770+08:00
us10y,2026-04-13,4.3,FRED,https://fred.stlouisfed.org/series/DGS10,2026-09-03T13:09:38.096770+08:00
us10y,2026-04-14,4.26,FRED,https://fred.stlouisfed.org/series/DGS10,2026-09-03T13:09:38.096770+08:00
us10y,2026-04-15,4.29,FRED,https://fred.stlouisfed.org/series/DGS10,2026-09-03T13:09:38.096770+08:00
us10y,2026-04-16,4.32,FRED,https://fred.stlouisfed.org/series/DGS10,2026-09-03T13:09:38.096770+08:00
us10y,2026-04-17,4.26,FRED,https://fred.stlouisfed.org/series/DGS10,2026-09-03T13:09:38.096770+08:00
us10y,2026-04-20,4.26,FRED,https://fred.stlouisfed.org/series/DGS10,2026-09-03T13:09:38.096770+08:00
us10y,2026-04-21,4.3,FRED,https://fred.stlouisfed.org/series/DGS10,2026-09-03T13:09:38.096770+08:00
us10y,2026-04-22,4.3,FRED,https://fred.stlouisfed.org/series/DGS10,2026-09-03T13:09:38.096770+08:00
us10y,2026-04-23,4.34,FRED,https://fred.stlouisfed.org/series/DGS10,2026-09-03T13:09:38.096770+08:00
us10y,2026-04-24,4.31,FRED,https://fred.stlouisfed.org/series/DGS10,2026-09-03T13:09:38.096770+08:00
us10y,2026-04-27,4.35,FRED,https://fred.stlouisfed.org/series/DGS10,2026-09-03T13:09:38.096770+08:00
us10y,2026-04-28,4.36,FRED,https://fred.stlouisfed.org/series/DGS10,2026-09-03T13:09:38.096770+08:00
us10y,2026-04-29,4.42,FRED,https://fred.stlouisfed.org/series/DGS10,2026-09-03T13:09:38.096770+08:00
us10y,2026-04-30,4.4,FRED,https://fred.stlouisfed.org/series/DGS10,2026-09-03T13:09:38.096770+08:00
us10y,2026-05-01,4.39,FRED,https://fred.stlouisfed.org/series/DGS10,2026-09-03T13:09:38.096770+08:00
us10y,2026-05-04,4.45,FRED,https://fred.stlouisfed.org/series/DGS10,2026-09-03T13:09:38.096770+08:00
us10y,2026-05-05,4.43,FRED,https://fred.stlouisfed.org/series/DGS10,2026-09-03T13:09:38.096770+08:00
us10y,2026-05-06,4.36,FRED,https://fred.stlouisfed.org/series/DGS10,2026-09-03T13:09:38.096770+08:00
us10y,2026-05-07,4.41,FRED,https://fred.stlouisfed.org/series/DGS10,2026-09-03T13:09:38.096770+08:00
us10y,2026-05-08,4.38,FRED,https://fred.stlouisfed.org/series/DGS10,2026-09-03T13:09:38.096770+08:00
us10y,2026-05-11,4.42,FRED,https://fred.stlouisfed.org/series/DGS10,2026-09-03T13:09:38.096770+08:00
us10y,2026-05-12,4.46,FRED,https://fred.stlouisfed.org/series/DGS10,2026-09-03T13:09:38.096770+08:00
us10y,2026-05-13,4.46,FRED,https://fred.stlouisfed.org/series/DGS10,2026-09-03T13:09:38.096770+08:00
us10y,2026-05-14,4.47,FRED,https://fred.stlouisfed.org/series/DGS10,2026-09-03T13:09:38.096770+08:00
us10y,2026-05-15,4.59,FRED,https://fred.stlouisfed.org/series/DGS10,2026-09-03T13:09:38.096770+08:00
us10y,2026-05-18,4.61,FRED,https://fred.stlouisfed.org/series/DGS10,2026-09-03T13:09:38.096770+08:00
us10y,2026-05-19,4.67,FRED,https://fred.stlouisfed.org/series/DGS10,2026-09-03T13:09:38.096770+08:00
us10y,2026-05-20,4.57,FRED,https://fred.stlouisfed.org/series/DGS10,2026-09-03T13:09:38.096770+08:00
us10y,2026-05-21,4.57,FRED,https://fred.stlouisfed.org/series/DGS10,2026-09-03T13:09:38.096770+08:00
us10y,2026-05-22,4.56,FRED,https://fred.stlouisfed.org/series/DGS10,2026-09-03T13:09:38.096770+08:00
us10y,2026-05-26,4.5,FRED,https://fred.stlouisfed.org/series/DGS10,2026-09-03T13:09:38.096770+08:00
us10y,2026-05-27,4.48,FRED,https://fred.stlouisfed.org/series/DGS10,2026-09-03T13:09:38.096770+08:00
us10y,2026-05-28,4.45,FRED,https://fred.stlouisfed.org/series/DGS10,2026-09-03T13:09:38.096770+08:00
us10y,2026-05-29,4.45,FRED,https://fred.stlouisfed.org/series/DGS10,2026-09-03T13:09:38.096770+08:00
us10y,2026-06-01,4.47,FRED,https://fred.stlouisfed.org/series/DGS10,2026-09-03T13:09:38.096770+08:00
us10y,2026-06-02,4.46,FRED,https://fred.stlouisfed.org/series/DGS10,2026-09-03T13:09:38.096770+08:00
us10y,2026-06-03,4.49,FRED,https://fred.stlouisfed.org/series/DGS10,2026-09-03T13:09:38.096770+08:00
us10y,2026-06-04,4.47,FRED,https://fred.stlouisfed.org/series/DGS10,2026-09-03T13:09:38.096770+08:00
us10y,2026-06-05,4.55,FRED,https://fred.stlouisfed.org/series/DGS10,2026-09-03T13:09:38.096770+08:00
us10y,2026-06-08,4.56,FRED,https://fred.stlouisfed.org/series/DGS10,2026-09-03T13:09:38.096770+08:00
us10y,2026-06-09,4.53,FRED,https://fred.stlouisfed.org/series/DGS10,2026-09-03T13:09:38.096770+08:00
us10y,2026-06-10,4.55,FRED,https://fred.stlouisfed.org/series/DGS10,2026-09-03T13:09:38.096770+08:00
us10y,2026-06-11,4.45,FRED,https://fred.stlouisfed.org/series/DGS10,2026-09-03T13:09:38.096770+08:00
us10y,2026-06-12,4.48,FRED,https://fred.stlouisfed.org/series/DGS10,2026-09-03T13:09:38.096770+08:00
us10y,2026-06-15,4.47,FRED,https://fred.stlouisfed.org/series/DGS10,2026-09-03T13:09:38.096770+08:00
us10y,2026-06-16,4.43,FRED,https://fred.stlouisfed.org/series/DGS10,2026-09-03T13:09:38.096770+08:00
us10y,2026-06-17,4.49,FRED,https://fred.stlouisfed.org/series/DGS10,2026-09-03T13:09:38.096770+08:00
us10y,2026-06-18,4.46,FRED,https://fred.stlouisfed.org/series/DGS10,2026-09-03T13:09:38.096770+08:00
us10y,2026-06-22,4.51,FRED,https://fred.stlouisfed.org/series/DGS10,2026-09-03T13:09:38.096770+08:00
us10y,2026-06-23,4.5,FRED,https://fred.stlouisfed.org/series/DGS10,2026-09-03T13:09:38.096770+08:00
us10y,2026-06-24,4.41,FRED,https://fred.stlouisfed.org/series/DGS10,2026-09-03T13:09:38.096770+08:00
us10y,2026-06-25,4.4,FRED,https://fred.stlouisfed.org/series/DGS10,2026-09-03T13:09:38.096770+08:00
us10y,2026-06-26,4.38,FRED,https://fred.stlouisfed.org/series/DGS10,2026-09-03T13:09:38.096770+08:00
us10y,2026-06-29,4.38,FRED,https://fred.stlouisfed.org/series/DGS10,2026-09-03T13:09:38.096770+08:00
us10y,2026-06-30,4.44,FRED,https://fred.stlouisfed.org/series/DGS10,2026-09-03T13:09:38.096770+08:00
us10y,2026-07-01,4.48,FRED,https://fred.stlouisfed.org/series/DGS10,2026-09-03T13:09:38.096770+08:00
us10y,2026-07-02,4.49,FRED,https://fred.stlouisfed.org/series/DGS10,2026-09-03T13:09:38.096770+08:00
us10y,2026-07-06,4.48,FRED,https://fred.stlouisfed.org/series/DGS10,2026-09-03T13:09:38.096770+08:00
us10y,2026-07-07,4.55,FRED,https://fred.stlouisfed.org/series/DGS10,2026-09-03T13:09:38.096770+08:00
us10y,2026-07-08,4.56,FRED,https://fred.stlouisfed.org/series/DGS10,2026-09-03T13:09:38.096770+08:00
us10y,2026-07-09,4.54,FRED,https://fred.stlouisfed.org/series/DGS10,2026-09-03T13:09:38.096770+08:00
us10y,2026-07-10,4.56,FRED,https://fred.stlouisfed.org/series/DGS10,2026-09-03T13:09:38.096770+08:00
us10y,2026-07-13,4.62,FRED,https://fred.stlouisfed.org/series/DGS10,2026-09-03T13:09:38.096770+08:00
us10y,2026-07-14,4.58,FRED,https://fred.stlouisfed.org/series/DGS10,2026-09-03T13:09:38.096770+08:00
us10y,2026-07-15,4.55,FRED,https://fred.stlouisfed.org/series/DGS10,2026-09-03T13:09:38.096770+08:00
us10y,2026-07-16,4.57,FRED,https://fred.stlouisfed.org/series/DGS10,2026-09-03T13:09:38.096770+08:00
us10y,2026-07-17,4.55,FRED,https://fred.stlouisfed.org/series/DGS10,2026-09-03T13:09:38.096770+08:00
us10y,2026-07-20,4.6,FRED,https://fred.stlouisfed.org/series/DGS10,2026-09-03T13:09:38.096770+08:00
us10y,2026-07-21,4.63,FRED,https://fred.stlouisfed.org/series/DGS10,2026-09-03T13:09:38.096770+08:00
us10y,2026-07-22,4.67,FRED,https://fred.stlouisfed.org/series/DGS10,2026-09-03T13:09:38.096770+08:00
us10y,2026-07-23,4.71,FRED,https://fred.stlouisfed.org/series/DGS10,2026-09-03T13:09:38.096770+08:00
us10y,2026-07-24,4.69,FRED,https://fred.stlouisfed.org/series/DGS10,2026-09-03T13:09:38.096770+08:00
us10y,2026-07-27,4.65,FRED,https://fred.stlouisfed.org/series/DGS10,2026-09-03T13:09:38.096770+08:00
us10y,2026-07-28,4.61,FRED,https://fred.stlouisfed.org/series/DGS10,2026-09-03T13:09:38.096770+08:00
us10y,2026-07-29,4.67,FRED,https://fred.stlouisfed.org/series/DGS10,2026-09-03T13:09:38.096770+08:00
us10y,2026-07-30,4.68,FRED,https://fred.stlouisfed.org/series/DGS10,2026-09-03T13:09:38.096770+08:00
us10y,2026-07-31,4.75,FRED,https://fred.stlouisfed.org/series/DGS10,2026-09-03T13:09:38.096770+08:00
us10y,2026-08-03,4.7,FRED,https://fred.stlouisfed.org/series/DGS10,2026-09-03T13:09:38.096770+08:00
us10y,2026-08-04,4.63,FRED,https://fred.stlouisfed.org/series/DGS10,2026-09-03T13:09:38.096770+08:00
us10y,2026-08-05,4.63,FRED,https://fred.stlouisfed.org/series/DGS10,2026-09-03T13:09:38.096770+08:00
us10y,2026-08-06,4.69,FRED,https://fred.stlouisfed.org/series/DGS10,2026-09-03T13:09:38.096770+08:00
us10y,2026-08-07,4.65,FRED,https://fred.stlouisfed.org/series/DGS10,2026-09-03T13:09:38.096770+08:00
us10y,2026-08-10,4.72,FRED,https://fred.stlouisfed.org/series/DGS10,2026-09-03T13:09:38.096770+08:00
us10y,2026-08-11,4.7,FRED,https://fred.stlouisfed.org/series/DGS10,2026-09-03T13:09:38.096770+08:00
us10y,2026-08-12,4.68,FRED,https://fred.stlouisfed.org/series/DGS10,2026-09-03T13:09:38.096770+08:00
us10y,2026-08-13,4.63,FRED,https://fred.stlouisfed.org/series/DGS10,2026-09-03T13:09:38.096770+08:00
us10y,2026-08-14,4.68,FRED,https://fred.stlouisfed.org/series/DGS10,2026-09-03T13:09:38.096770+08:00
us10y,2026-08-17,4.72,FRED,https://fred.stlouisfed.org/series/DGS10,2026-09-03T13:09:38.096770+08:00
us10y,2026-08-18,4.71,FRED,https://fred.stlouisfed.org/series/DGS10,2026-09-03T13:09:38.096770+08:00
us10y,2026-08-19,4.65,FRED,https://fred.stlouisfed.org/series/DGS10,2026-09-03T13:09:38.096770+08:00
us10y,2026-08-20,4.69,FRED,https://fred.stlouisfed.org/series/DGS10,2026-09-03T13:09:38.096770+08:00
us10y,2026-08-21,4.74,FRED,https://fred.stlouisfed.org/series/DGS10,2026-09-03T13:09:38.096770+08:00
us10y,2026-08-24,4.7,FRED,https://fred.stlouisfed.org/series/DGS10,2026-09-03T13:09:38.096770+08:00
us10y,2026-08-25,4.64,FRED,https://fred.stlouisfed.org/series/DGS10,2026-09-03T13:09:38.096770+08:00
us10y,2026-08-26,4.66,FRED,https://fred.stlouisfed.org/series/DGS10,2026-09-03T13:09:38.096770+08:00
us10y,2026-08-27,4.67,FRED,https://fred.stlouisfed.org/series/DGS10,2026-09-03T13:09:38.096770+08:00
us10y,2026-08-28,4.73,FRED,https://fred.stlouisfed.org/series/DGS10,2026-09-03T13:09:38.096770+08:00
us10y,2026-08-31,4.75,FRED,https://fred.stlouisfed.org/series/DGS10,2026-09-03T13:09:38.096770+08:00
us10y,2026-09-01,4.79,FRED,https://fred.stlouisfed.org/series/DGS10,2026-09-03T13:09:38.096770+08:00
usd_cny,2026-01-26,6.972599983215332,Yahoo public chart endpoint,https://finance.yahoo.com/quote/CNY=X,2026-09-03T13:09:38.096770+08:00
usd_cny,2026-01-27,6.95419979095459,Yahoo public chart endpoint,https://finance.yahoo.com/quote/CNY=X,2026-09-03T13:09:38.096770+08:00
usd_cny,2026-01-28,6.954500198364258,Yahoo public chart endpoint,https://finance.yahoo.com/quote/CNY=X,2026-09-03T13:09:38.096770+08:00
usd_cny,2026-01-29,6.954500198364258,Yahoo public chart endpoint,https://finance.yahoo.com/quote/CNY=X,2026-09-03T13:09:38.096770+08:00
usd_cny,2026-01-30,6.947999954223633,Yahoo public chart endpoint,https://finance.yahoo.com/quote/CNY=X,2026-09-03T13:09:38.096770+08:00
usd_cny,2026-02-02,6.951000213623047,Yahoo public chart endpoint,https://finance.yahoo.com/quote/CNY=X,2026-09-03T13:09:38.096770+08:00
usd_cny,2026-02-03,6.946300029754639,Yahoo public chart endpoint,https://finance.yahoo.com/quote/CNY=X,2026-09-03T13:09:38.096770+08:00
usd_cny,2026-02-04,6.937699794769287,Yahoo public chart endpoint,https://finance.yahoo.com/quote/CNY=X,2026-09-03T13:09:38.096770+08:00
usd_cny,2026-02-05,6.937699794769287,Yahoo public chart endpoint,https://finance.yahoo.com/quote/CNY=X,2026-09-03T13:09:38.096770+08:00
usd_cny,2026-02-06,6.93779993057251,Yahoo public chart endpoint,https://finance.yahoo.com/quote/CNY=X,2026-09-03T13:09:38.096770+08:00
usd_cny,2026-02-09,6.938799858093262,Yahoo public chart endpoint,https://finance.yahoo.com/quote/CNY=X,2026-09-03T13:09:38.096770+08:00
usd_cny,2026-02-10,6.921999931335449,Yahoo public chart endpoint,https://finance.yahoo.com/quote/CNY=X,2026-09-03T13:09:38.096770+08:00
usd_cny,2026-02-11,6.910600185394287,Yahoo public chart endpoint,https://finance.yahoo.com/quote/CNY=X,2026-09-03T13:09:38.096770+08:00
usd_cny,2026-02-12,6.912499904632568,Yahoo public chart endpoint,https://finance.yahoo.com/quote/CNY=X,2026-09-03T13:09:38.096770+08:00
usd_cny,2026-02-13,6.900100231170654,Yahoo public chart endpoint,https://finance.yahoo.com/quote/CNY=X,2026-09-03T13:09:38.096770+08:00
usd_cny,2026-02-16,6.9079999923706055,Yahoo public chart endpoint,https://finance.yahoo.com/quote/CNY=X,2026-09-03T13:09:38.096770+08:00
usd_cny,2026-02-17,6.9079999923706055,Yahoo public chart endpoint,https://finance.yahoo.com/quote/CNY=X,2026-09-03T13:09:38.096770+08:00
usd_cny,2026-02-18,6.9079999923706055,Yahoo public chart endpoint,https://finance.yahoo.com/quote/CNY=X,2026-09-03T13:09:38.096770+08:00
usd_cny,2026-02-19,6.9079999923706055,Yahoo public chart endpoint,https://finance.yahoo.com/quote/CNY=X,2026-09-03T13:09:38.096770+08:00
usd_cny,2026-02-20,6.908100128173828,Yahoo public chart endpoint,https://finance.yahoo.com/quote/CNY=X,2026-09-03T13:09:38.096770+08:00
usd_cny,2026-02-23,6.9079999923706055,Yahoo public chart endpoint,https://finance.yahoo.com/quote/CNY=X,2026-09-03T13:09:38.096770+08:00
usd_cny,2026-02-24,6.9079999923706055,Yahoo public chart endpoint,https://finance.yahoo.com/quote/CNY=X,2026-09-03T13:09:38.096770+08:00
usd_cny,2026-02-25,6.8831000328063965,Yahoo public chart endpoint,https://finance.yahoo.com/quote/CNY=X,2026-09-03T13:09:38.096770+08:00
usd_cny,2026-02-26,6.869200229644775,Yahoo public chart endpoint,https://finance.yahoo.com/quote/CNY=X,2026-09-03T13:09:38.096770+08:00
usd_cny,2026-02-27,6.84089994430542,Yahoo public chart endpoint,https://finance.yahoo.com/quote/CNY=X,2026-09-03T13:09:38.096770+08:00
usd_cny,2026-03-02,6.857900142669678,Yahoo public chart endpoint,https://finance.yahoo.com/quote/CNY=X,2026-09-03T13:09:38.096770+08:00
usd_cny,2026-03-03,6.881999969482422,Yahoo public chart endpoint,https://finance.yahoo.com/quote/CNY=X,2026-09-03T13:09:38.096770+08:00
usd_cny,2026-03-04,6.899700164794922,Yahoo public chart endpoint,https://finance.yahoo.com/quote/CNY=X,2026-09-03T13:09:38.096770+08:00
usd_cny,2026-03-05,6.896999835968018,Yahoo public chart endpoint,https://finance.yahoo.com/quote/CNY=X,2026-09-03T13:09:38.096770+08:00
usd_cny,2026-03-06,6.896999835968018,Yahoo public chart endpoint,https://finance.yahoo.com/quote/CNY=X,2026-09-03T13:09:38.096770+08:00
usd_cny,2026-03-09,6.896500110626221,Yahoo public chart endpoint,https://finance.yahoo.com/quote/CNY=X,2026-09-03T13:09:38.096770+08:00
usd_cny,2026-03-10,6.910999774932861,Yahoo public chart endpoint,https://finance.yahoo.com/quote/CNY=X,2026-09-03T13:09:38.096770+08:00
usd_cny,2026-03-11,6.876500129699707,Yahoo public chart endpoint,https://finance.yahoo.com/quote/CNY=X,2026-09-03T13:09:38.096770+08:00
usd_cny,2026-03-12,6.865499973297119,Yahoo public chart endpoint,https://finance.yahoo.com/quote/CNY=X,2026-09-03T13:09:38.096770+08:00
usd_cny,2026-03-13,6.868899822235107,Yahoo public chart endpoint,https://finance.yahoo.com/quote/CNY=X,2026-09-03T13:09:38.096770+08:00
usd_cny,2026-03-16,6.896100044250488,Yahoo public chart endpoint,https://finance.yahoo.com/quote/CNY=X,2026-09-03T13:09:38.096770+08:00
usd_cny,2026-03-17,6.95550012588501,Yahoo public chart endpoint,https://finance.yahoo.com/quote/CNY=X,2026-09-03T13:09:38.096770+08:00
usd_cny,2026-03-18,6.886300086975098,Yahoo public chart endpoint,https://finance.yahoo.com/quote/CNY=X,2026-09-03T13:09:38.096770+08:00
usd_cny,2026-03-19,6.872600078582764,Yahoo public chart endpoint,https://finance.yahoo.com/quote/CNY=X,2026-09-03T13:09:38.096770+08:00
usd_cny,2026-03-20,6.899799823760986,Yahoo public chart endpoint,https://finance.yahoo.com/quote/CNY=X,2026-09-03T13:09:38.096770+08:00
usd_cny,2026-03-23,6.885700225830078,Yahoo public chart endpoint,https://finance.yahoo.com/quote/CNY=X,2026-09-03T13:09:38.096770+08:00
usd_cny,2026-03-24,6.880000114440918,Yahoo public chart endpoint,https://finance.yahoo.com/quote/CNY=X,2026-09-03T13:09:38.096770+08:00
usd_cny,2026-03-25,6.8917999267578125,Yahoo public chart endpoint,https://finance.yahoo.com/quote/CNY=X,2026-09-03T13:09:38.096770+08:00
usd_cny,2026-03-26,6.901000022888184,Yahoo public chart endpoint,https://finance.yahoo.com/quote/CNY=X,2026-09-03T13:09:38.096770+08:00
usd_cny,2026-03-27,6.910699844360352,Yahoo public chart endpoint,https://finance.yahoo.com/quote/CNY=X,2026-09-03T13:09:38.096770+08:00
usd_cny,2026-03-29,6.911600112915039,Yahoo public chart endpoint,https://finance.yahoo.com/quote/CNY=X,2026-09-03T13:09:38.096770+08:00
usd_cny,2026-03-30,6.911600112915039,Yahoo public chart endpoint,https://finance.yahoo.com/quote/CNY=X,2026-09-03T13:09:38.096770+08:00
usd_cny,2026-03-31,6.894199848175049,Yahoo public chart endpoint,https://finance.yahoo.com/quote/CNY=X,2026-09-03T13:09:38.096770+08:00
usd_cny,2026-04-01,6.870500087738037,Yahoo public chart endpoint,https://finance.yahoo.com/quote/CNY=X,2026-09-03T13:09:38.096770+08:00
usd_cny,2026-04-02,6.8850998878479,Yahoo public chart endpoint,https://finance.yahoo.com/quote/CNY=X,2026-09-03T13:09:38.096770+08:00
usd_cny,2026-04-05,6.882400035858154,Yahoo public chart endpoint,https://finance.yahoo.com/quote/CNY=X,2026-09-03T13:09:38.096770+08:00
usd_cny,2026-04-06,6.882299900054932,Yahoo public chart endpoint,https://finance.yahoo.com/quote/CNY=X,2026-09-03T13:09:38.096770+08:00
usd_cny,2026-04-07,6.8566999435424805,Yahoo public chart endpoint,https://finance.yahoo.com/quote/CNY=X,2026-09-03T13:09:38.096770+08:00
usd_cny,2026-04-08,6.828700065612793,Yahoo public chart endpoint,https://finance.yahoo.com/quote/CNY=X,2026-09-03T13:09:38.096770+08:00
usd_cny,2026-04-09,6.831399917602539,Yahoo public chart endpoint,https://finance.yahoo.com/quote/CNY=X,2026-09-03T13:09:38.096770+08:00
usd_cny,2026-04-12,6.8277997970581055,Yahoo public chart endpoint,https://finance.yahoo.com/quote/CNY=X,2026-09-03T13:09:38.096770+08:00
usd_cny,2026-04-13,6.8302998542785645,Yahoo public chart endpoint,https://finance.yahoo.com/quote/CNY=X,2026-09-03T13:09:38.096770+08:00
usd_cny,2026-04-14,6.815700054168701,Yahoo public chart endpoint,https://finance.yahoo.com/quote/CNY=X,2026-09-03T13:09:38.096770+08:00
usd_cny,2026-04-15,6.817999839782715,Yahoo public chart endpoint,https://finance.yahoo.com/quote/CNY=X,2026-09-03T13:09:38.096770+08:00
usd_cny,2026-04-16,6.821100234985352,Yahoo public chart endpoint,https://finance.yahoo.com/quote/CNY=X,2026-09-03T13:09:38.096770+08:00
usd_cny,2026-04-19,6.816999912261963,Yahoo public chart endpoint,https://finance.yahoo.com/quote/CNY=X,2026-09-03T13:09:38.096770+08:00
usd_cny,2026-04-20,6.817399978637695,Yahoo public chart endpoint,https://finance.yahoo.com/quote/CNY=X,2026-09-03T13:09:38.096770+08:00
usd_cny,2026-04-21,6.820799827575684,Yahoo public chart endpoint,https://finance.yahoo.com/quote/CNY=X,2026-09-03T13:09:38.096770+08:00
usd_cny,2026-04-22,6.82420015335083,Yahoo public chart endpoint,https://finance.yahoo.com/quote/CNY=X,2026-09-03T13:09:38.096770+08:00
usd_cny,2026-04-23,6.826000213623047,Yahoo public chart endpoint,https://finance.yahoo.com/quote/CNY=X,2026-09-03T13:09:38.096770+08:00
usd_cny,2026-04-26,6.835899829864502,Yahoo public chart endpoint,https://finance.yahoo.com/quote/CNY=X,2026-09-03T13:09:38.096770+08:00
usd_cny,2026-04-27,6.822800159454346,Yahoo public chart endpoint,https://finance.yahoo.com/quote/CNY=X,2026-09-03T13:09:38.096770+08:00
usd_cny,2026-04-28,6.837399959564209,Yahoo public chart endpoint,https://finance.yahoo.com/quote/CNY=X,2026-09-03T13:09:38.096770+08:00
usd_cny,2026-04-29,6.837500095367432,Yahoo public chart endpoint,https://finance.yahoo.com/quote/CNY=X,2026-09-03T13:09:38.096770+08:00
usd_cny,2026-04-30,6.827300071716309,Yahoo public chart endpoint,https://finance.yahoo.com/quote/CNY=X,2026-09-03T13:09:38.096770+08:00
usd_cny,2026-05-03,6.827499866485596,Yahoo public chart endpoint,https://finance.yahoo.com/quote/CNY=X,2026-09-03T13:09:38.096770+08:00
usd_cny,2026-05-04,6.829999923706055,Yahoo public chart endpoint,https://finance.yahoo.com/quote/CNY=X,2026-09-03T13:09:38.096770+08:00
usd_cny,2026-05-05,6.830100059509277,Yahoo public chart endpoint,https://finance.yahoo.com/quote/CNY=X,2026-09-03T13:09:38.096770+08:00
usd_cny,2026-05-06,6.810999870300293,Yahoo public chart endpoint,https://finance.yahoo.com/quote/CNY=X,2026-09-03T13:09:38.096770+08:00
usd_cny,2026-05-07,6.801400184631348,Yahoo public chart endpoint,https://finance.yahoo.com/quote/CNY=X,2026-09-03T13:09:38.096770+08:00
usd_cny,2026-05-10,6.80049991607666,Yahoo public chart endpoint,https://finance.yahoo.com/quote/CNY=X,2026-09-03T13:09:38.096770+08:00
usd_cny,2026-05-11,6.7947998046875,Yahoo public chart endpoint,https://finance.yahoo.com/quote/CNY=X,2026-09-03T13:09:38.096770+08:00
usd_cny,2026-05-12,6.791999816894531,Yahoo public chart endpoint,https://finance.yahoo.com/quote/CNY=X,2026-09-03T13:09:38.096770+08:00
usd_cny,2026-05-13,6.790800094604492,Yahoo public chart endpoint,https://finance.yahoo.com/quote/CNY=X,2026-09-03T13:09:38.096770+08:00
usd_cny,2026-05-14,6.785099983215332,Yahoo public chart endpoint,https://finance.yahoo.com/quote/CNY=X,2026-09-03T13:09:38.096770+08:00
usd_cny,2026-05-17,6.809199810028076,Yahoo public chart endpoint,https://finance.yahoo.com/quote/CNY=X,2026-09-03T13:09:38.096770+08:00
usd_cny,2026-05-18,6.800000190734863,Yahoo public chart endpoint,https://finance.yahoo.com/quote/CNY=X,2026-09-03T13:09:38.096770+08:00
usd_cny,2026-05-19,6.814499855041504,Yahoo public chart endpoint,https://finance.yahoo.com/quote/CNY=X,2026-09-03T13:09:38.096770+08:00
usd_cny,2026-05-20,6.80049991607666,Yahoo public chart endpoint,https://finance.yahoo.com/quote/CNY=X,2026-09-03T13:09:38.096770+08:00
usd_cny,2026-05-21,6.802499771118164,Yahoo public chart endpoint,https://finance.yahoo.com/quote/CNY=X,2026-09-03T13:09:38.096770+08:00
usd_cny,2026-05-24,6.79449987411499,Yahoo public chart endpoint,https://finance.yahoo.com/quote/CNY=X,2026-09-03T13:09:38.096770+08:00
usd_cny,2026-05-25,6.79449987411499,Yahoo public chart endpoint,https://finance.yahoo.com/quote/CNY=X,2026-09-03T13:09:38.096770+08:00
usd_cny,2026-05-26,6.785999774932861,Yahoo public chart endpoint,https://finance.yahoo.com/quote/CNY=X,2026-09-03T13:09:38.096770+08:00
usd_cny,2026-05-27,6.778800010681152,Yahoo public chart endpoint,https://finance.yahoo.com/quote/CNY=X,2026-09-03T13:09:38.096770+08:00
usd_cny,2026-05-28,6.7795000076293945,Yahoo public chart endpoint,https://finance.yahoo.com/quote/CNY=X,2026-09-03T13:09:38.096770+08:00
usd_cny,2026-05-31,6.766200065612793,Yahoo public chart endpoint,https://finance.yahoo.com/quote/CNY=X,2026-09-03T13:09:38.096770+08:00
usd_cny,2026-06-01,6.764999866485596,Yahoo public chart endpoint,https://finance.yahoo.com/quote/CNY=X,2026-09-03T13:09:38.096770+08:00
usd_cny,2026-06-02,6.762199878692627,Yahoo public chart endpoint,https://finance.yahoo.com/quote/CNY=X,2026-09-03T13:09:38.096770+08:00
usd_cny,2026-06-03,6.769199848175049,Yahoo public chart endpoint,https://finance.yahoo.com/quote/CNY=X,2026-09-03T13:09:38.096770+08:00
usd_cny,2026-06-04,6.773499965667725,Yahoo public chart endpoint,https://finance.yahoo.com/quote/CNY=X,2026-09-03T13:09:38.096770+08:00
usd_cny,2026-06-07,6.765500068664551,Yahoo public chart endpoint,https://finance.yahoo.com/quote/CNY=X,2026-09-03T13:09:38.096770+08:00
usd_cny,2026-06-08,6.765500068664551,Yahoo public chart endpoint,https://finance.yahoo.com/quote/CNY=X,2026-09-03T13:09:38.096770+08:00
usd_cny,2026-06-09,6.772500038146973,Yahoo public chart endpoint,https://finance.yahoo.com/quote/CNY=X,2026-09-03T13:09:38.096770+08:00
usd_cny,2026-06-10,6.772500038146973,Yahoo public chart endpoint,https://finance.yahoo.com/quote/CNY=X,2026-09-03T13:09:38.096770+08:00
usd_cny,2026-06-11,6.7754998207092285,Yahoo public chart endpoint,https://finance.yahoo.com/quote/CNY=X,2026-09-03T13:09:38.096770+08:00
usd_cny,2026-06-14,6.765999794006348,Yahoo public chart endpoint,https://finance.yahoo.com/quote/CNY=X,2026-09-03T13:09:38.096770+08:00
usd_cny,2026-06-15,6.756999969482422,Yahoo public chart endpoint,https://finance.yahoo.com/quote/CNY=X,2026-09-03T13:09:38.096770+08:00
usd_cny,2026-06-16,6.757199764251709,Yahoo public chart endpoint,https://finance.yahoo.com/quote/CNY=X,2026-09-03T13:09:38.096770+08:00
usd_cny,2026-06-17,6.757199764251709,Yahoo public chart endpoint,https://finance.yahoo.com/quote/CNY=X,2026-09-03T13:09:38.096770+08:00
usd_cny,2026-06-18,6.768599987030029,Yahoo public chart endpoint,https://finance.yahoo.com/quote/CNY=X,2026-09-03T13:09:38.096770+08:00
usd_cny,2026-06-21,6.768599987030029,Yahoo public chart endpoint,https://finance.yahoo.com/quote/CNY=X,2026-09-03T13:09:38.096770+08:00
usd_cny,2026-06-22,6.774499893188477,Yahoo public chart endpoint,https://finance.yahoo.com/quote/CNY=X,2026-09-03T13:09:38.096770+08:00
usd_cny,2026-06-23,6.789999961853027,Yahoo public chart endpoint,https://finance.yahoo.com/quote/CNY=X,2026-09-03T13:09:38.096770+08:00
usd_cny,2026-06-24,6.789999961853027,Yahoo public chart endpoint,https://finance.yahoo.com/quote/CNY=X,2026-09-03T13:09:38.096770+08:00
usd_cny,2026-06-25,6.789999961853027,Yahoo public chart endpoint,https://finance.yahoo.com/quote/CNY=X,2026-09-03T13:09:38.096770+08:00
usd_cny,2026-06-28,6.797999858856201,Yahoo public chart endpoint,https://finance.yahoo.com/quote/CNY=X,2026-09-03T13:09:38.096770+08:00
usd_cny,2026-06-29,6.793600082397461,Yahoo public chart endpoint,https://finance.yahoo.com/quote/CNY=X,2026-09-03T13:09:38.096770+08:00
usd_cny,2026-06-30,6.793600082397461,Yahoo public chart endpoint,https://finance.yahoo.com/quote/CNY=X,2026-09-03T13:09:38.096770+08:00
usd_cny,2026-07-01,6.7941999435424805,Yahoo public chart endpoint,https://finance.yahoo.com/quote/CNY=X,2026-09-03T13:09:38.096770+08:00
usd_cny,2026-07-02,6.788599967956543,Yahoo public chart endpoint,https://finance.yahoo.com/quote/CNY=X,2026-09-03T13:09:38.096770+08:00
usd_cny,2026-07-05,6.788599967956543,Yahoo public chart endpoint,https://finance.yahoo.com/quote/CNY=X,2026-09-03T13:09:38.096770+08:00
usd_cny,2026-07-06,6.79580020904541,Yahoo public chart endpoint,https://finance.yahoo.com/quote/CNY=X,2026-09-03T13:09:38.096770+08:00
usd_cny,2026-07-07,6.793399810791016,Yahoo public chart endpoint,https://finance.yahoo.com/quote/CNY=X,2026-09-03T13:09:38.096770+08:00
usd_cny,2026-07-08,6.802499771118164,Yahoo public chart endpoint,https://finance.yahoo.com/quote/CNY=X,2026-09-03T13:09:38.096770+08:00
usd_cny,2026-07-09,6.792099952697754,Yahoo public chart endpoint,https://finance.yahoo.com/quote/CNY=X,2026-09-03T13:09:38.096770+08:00
usd_cny,2026-07-12,6.776599884033203,Yahoo public chart endpoint,https://finance.yahoo.com/quote/CNY=X,2026-09-03T13:09:38.096770+08:00
usd_cny,2026-07-13,6.7795000076293945,Yahoo public chart endpoint,https://finance.yahoo.com/quote/CNY=X,2026-09-03T13:09:38.096770+08:00
usd_cny,2026-07-14,6.769999980926514,Yahoo public chart endpoint,https://finance.yahoo.com/quote/CNY=X,2026-09-03T13:09:38.096770+08:00
usd_cny,2026-07-15,6.768199920654297,Yahoo public chart endpoint,https://finance.yahoo.com/quote/CNY=X,2026-09-03T13:09:38.096770+08:00
usd_cny,2026-07-16,6.772500038146973,Yahoo public chart endpoint,https://finance.yahoo.com/quote/CNY=X,2026-09-03T13:09:38.096770+08:00
usd_cny,2026-07-19,6.772500038146973,Yahoo public chart endpoint,https://finance.yahoo.com/quote/CNY=X,2026-09-03T13:09:38.096770+08:00
usd_cny,2026-07-20,6.772500038146973,Yahoo public chart endpoint,https://finance.yahoo.com/quote/CNY=X,2026-09-03T13:09:38.096770+08:00
usd_cny,2026-07-21,6.765600204467773,Yahoo public chart endpoint,https://finance.yahoo.com/quote/CNY=X,2026-09-03T13:09:38.096770+08:00
usd_cny,2026-07-22,6.772500038146973,Yahoo public chart endpoint,https://finance.yahoo.com/quote/CNY=X,2026-09-03T13:09:38.096770+08:00
usd_cny,2026-07-23,6.772500038146973,Yahoo public chart endpoint,https://finance.yahoo.com/quote/CNY=X,2026-09-03T13:09:38.096770+08:00
usd_cny,2026-07-26,6.7718000411987305,Yahoo public chart endpoint,https://finance.yahoo.com/quote/CNY=X,2026-09-03T13:09:38.096770+08:00
usd_cny,2026-07-27,6.765699863433838,Yahoo public chart endpoint,https://finance.yahoo.com/quote/CNY=X,2026-09-03T13:09:38.096770+08:00
usd_cny,2026-07-28,6.770999908447266,Yahoo public chart endpoint,https://finance.yahoo.com/quote/CNY=X,2026-09-03T13:09:38.096770+08:00
usd_cny,2026-07-29,6.76609992980957,Yahoo public chart endpoint,https://finance.yahoo.com/quote/CNY=X,2026-09-03T13:09:38.096770+08:00
usd_cny,2026-07-30,6.755000114440918,Yahoo public chart endpoint,https://finance.yahoo.com/quote/CNY=X,2026-09-03T13:09:38.096770+08:00
usd_cny,2026-08-02,6.750899791717529,Yahoo public chart endpoint,https://finance.yahoo.com/quote/CNY=X,2026-09-03T13:09:38.096770+08:00
usd_cny,2026-08-03,6.752299785614014,Yahoo public chart endpoint,https://finance.yahoo.com/quote/CNY=X,2026-09-03T13:09:38.096770+08:00
usd_cny,2026-08-04,6.753200054168701,Yahoo public chart endpoint,https://finance.yahoo.com/quote/CNY=X,2026-09-03T13:09:38.096770+08:00
usd_cny,2026-08-05,6.74970006942749,Yahoo public chart endpoint,https://finance.yahoo.com/quote/CNY=X,2026-09-03T13:09:38.096770+08:00
usd_cny,2026-08-06,6.748799800872803,Yahoo public chart endpoint,https://finance.yahoo.com/quote/CNY=X,2026-09-03T13:09:38.096770+08:00
usd_cny,2026-08-09,6.747399806976318,Yahoo public chart endpoint,https://finance.yahoo.com/quote/CNY=X,2026-09-03T13:09:38.096770+08:00
usd_cny,2026-08-10,6.747399806976318,Yahoo public chart endpoint,https://finance.yahoo.com/quote/CNY=X,2026-09-03T13:09:38.096770+08:00
usd_cny,2026-08-11,6.744999885559082,Yahoo public chart endpoint,https://finance.yahoo.com/quote/CNY=X,2026-09-03T13:09:38.096770+08:00
usd_cny,2026-08-12,6.743299961090088,Yahoo public chart endpoint,https://finance.yahoo.com/quote/CNY=X,2026-09-03T13:09:38.096770+08:00
usd_cny,2026-08-13,6.742800235748291,Yahoo public chart endpoint,https://finance.yahoo.com/quote/CNY=X,2026-09-03T13:09:38.096770+08:00
usd_cny,2026-08-16,6.742800235748291,Yahoo public chart endpoint,https://finance.yahoo.com/quote/CNY=X,2026-09-03T13:09:38.096770+08:00
usd_cny,2026-08-17,6.7399001121521,Yahoo public chart endpoint,https://finance.yahoo.com/quote/CNY=X,2026-09-03T13:09:38.096770+08:00
usd_cny,2026-08-18,6.742599964141846,Yahoo public chart endpoint,https://finance.yahoo.com/quote/CNY=X,2026-09-03T13:09:38.096770+08:00
usd_cny,2026-08-19,6.729499816894531,Yahoo public chart endpoint,https://finance.yahoo.com/quote/CNY=X,2026-09-03T13:09:38.096770+08:00
usd_cny,2026-08-20,6.722499847412109,Yahoo public chart endpoint,https://finance.yahoo.com/quote/CNY=X,2026-09-03T13:09:38.096770+08:00
usd_cny,2026-08-23,6.7210001945495605,Yahoo public chart endpoint,https://finance.yahoo.com/quote/CNY=X,2026-09-03T13:09:38.096770+08:00
usd_cny,2026-08-24,6.72189998626709,Yahoo public chart endpoint,https://finance.yahoo.com/quote/CNY=X,2026-09-03T13:09:38.096770+08:00
usd_cny,2026-08-25,6.720300197601318,Yahoo public chart endpoint,https://finance.yahoo.com/quote/CNY=X,2026-09-03T13:09:38.096770+08:00
usd_cny,2026-08-26,6.722499847412109,Yahoo public chart endpoint,https://finance.yahoo.com/quote/CNY=X,2026-09-03T13:09:38.096770+08:00
usd_cny,2026-08-27,6.722499847412109,Yahoo public chart endpoint,https://finance.yahoo.com/quote/CNY=X,2026-09-03T13:09:38.096770+08:00
usd_cny,2026-08-30,6.72599983215332,Yahoo public chart endpoint,https://finance.yahoo.com/quote/CNY=X,2026-09-03T13:09:38.096770+08:00
usd_cny,2026-08-31,6.72599983215332,Yahoo public chart endpoint,https://finance.yahoo.com/quote/CNY=X,2026-09-03T13:09:38.096770+08:00
usd_cny,2026-09-01,6.720200061798096,Yahoo public chart endpoint,https://finance.yahoo.com/quote/CNY=X,2026-09-03T13:09:38.096770+08:00
usd_cny,2026-09-03,6.717400074005127,Yahoo public chart endpoint,https://finance.yahoo.com/quote/CNY=X,2026-09-03T13:09:38.096770+08:00
wheat,2026-01-26,522.5,Yahoo public chart endpoint,https://finance.yahoo.com/quote/ZW=F,2026-09-03T13:09:38.096770+08:00
wheat,2026-01-27,523.25,Yahoo public chart endpoint,https://finance.yahoo.com/quote/ZW=F,2026-09-03T13:09:38.096770+08:00
wheat,2026-01-28,536.0,Yahoo public chart endpoint,https://finance.yahoo.com/quote/ZW=F,2026-09-03T13:09:38.096770+08:00
wheat,2026-01-29,541.5,Yahoo public chart endpoint,https://finance.yahoo.com/quote/ZW=F,2026-09-03T13:09:38.096770+08:00
wheat,2026-01-30,538.0,Yahoo public chart endpoint,https://finance.yahoo.com/quote/ZW=F,2026-09-03T13:09:38.096770+08:00
wheat,2026-02-02,527.75,Yahoo public chart endpoint,https://finance.yahoo.com/quote/ZW=F,2026-09-03T13:09:38.096770+08:00
wheat,2026-02-03,528.75,Yahoo public chart endpoint,https://finance.yahoo.com/quote/ZW=F,2026-09-03T13:09:38.096770+08:00
wheat,2026-02-04,526.75,Yahoo public chart endpoint,https://finance.yahoo.com/quote/ZW=F,2026-09-03T13:09:38.096770+08:00
wheat,2026-02-05,535.25,Yahoo public chart endpoint,https://finance.yahoo.com/quote/ZW=F,2026-09-03T13:09:38.096770+08:00
wheat,2026-02-06,529.75,Yahoo public chart endpoint,https://finance.yahoo.com/quote/ZW=F,2026-09-03T13:09:38.096770+08:00
wheat,2026-02-09,528.75,Yahoo public chart endpoint,https://finance.yahoo.com/quote/ZW=F,2026-09-03T13:09:38.096770+08:00
wheat,2026-02-10,528.25,Yahoo public chart endpoint,https://finance.yahoo.com/quote/ZW=F,2026-09-03T13:09:38.096770+08:00
wheat,2026-02-11,537.25,Yahoo public chart endpoint,https://finance.yahoo.com/quote/ZW=F,2026-09-03T13:09:38.096770+08:00
wheat,2026-02-12,552.5,Yahoo public chart endpoint,https://finance.yahoo.com/quote/ZW=F,2026-09-03T13:09:38.096770+08:00
wheat,2026-02-13,548.75,Yahoo public chart endpoint,https://finance.yahoo.com/quote/ZW=F,2026-09-03T13:09:38.096770+08:00
wheat,2026-02-17,537.75,Yahoo public chart endpoint,https://finance.yahoo.com/quote/ZW=F,2026-09-03T13:09:38.096770+08:00
wheat,2026-02-18,547.0,Yahoo public chart endpoint,https://finance.yahoo.com/quote/ZW=F,2026-09-03T13:09:38.096770+08:00
wheat,2026-02-19,559.5,Yahoo public chart endpoint,https://finance.yahoo.com/quote/ZW=F,2026-09-03T13:09:38.096770+08:00
wheat,2026-02-20,573.5,Yahoo public chart endpoint,https://finance.yahoo.com/quote/ZW=F,2026-09-03T13:09:38.096770+08:00
wheat,2026-02-23,569.5,Yahoo public chart endpoint,https://finance.yahoo.com/quote/ZW=F,2026-09-03T13:09:38.096770+08:00
wheat,2026-02-24,567.5,Yahoo public chart endpoint,https://finance.yahoo.com/quote/ZW=F,2026-09-03T13:09:38.096770+08:00
wheat,2026-02-25,565.75,Yahoo public chart endpoint,https://finance.yahoo.com/quote/ZW=F,2026-09-03T13:09:38.096770+08:00
wheat,2026-02-26,571.75,Yahoo public chart endpoint,https://finance.yahoo.com/quote/ZW=F,2026-09-03T13:09:38.096770+08:00
wheat,2026-02-27,591.25,Yahoo public chart endpoint,https://finance.yahoo.com/quote/ZW=F,2026-09-03T13:09:38.096770+08:00
wheat,2026-03-02,574.5,Yahoo public chart endpoint,https://finance.yahoo.com/quote/ZW=F,2026-09-03T13:09:38.096770+08:00
wheat,2026-03-03,572.25,Yahoo public chart endpoint,https://finance.yahoo.com/quote/ZW=F,2026-09-03T13:09:38.096770+08:00
wheat,2026-03-04,566.75,Yahoo public chart endpoint,https://finance.yahoo.com/quote/ZW=F,2026-09-03T13:09:38.096770+08:00
wheat,2026-03-05,582.75,Yahoo public chart endpoint,https://finance.yahoo.com/quote/ZW=F,2026-09-03T13:09:38.096770+08:00
wheat,2026-03-06,611.25,Yahoo public chart endpoint,https://finance.yahoo.com/quote/ZW=F,2026-09-03T13:09:38.096770+08:00
wheat,2026-03-09,598.0,Yahoo public chart endpoint,https://finance.yahoo.com/quote/ZW=F,2026-09-03T13:09:38.096770+08:00
wheat,2026-03-10,584.75,Yahoo public chart endpoint,https://finance.yahoo.com/quote/ZW=F,2026-09-03T13:09:38.096770+08:00
wheat,2026-03-11,588.5,Yahoo public chart endpoint,https://finance.yahoo.com/quote/ZW=F,2026-09-03T13:09:38.096770+08:00
wheat,2026-03-12,592.25,Yahoo public chart endpoint,https://finance.yahoo.com/quote/ZW=F,2026-09-03T13:09:38.096770+08:00
wheat,2026-03-13,618.5,Yahoo public chart endpoint,https://finance.yahoo.com/quote/ZW=F,2026-09-03T13:09:38.096770+08:00
wheat,2026-03-16,597.25,Yahoo public chart endpoint,https://finance.yahoo.com/quote/ZW=F,2026-09-03T13:09:38.096770+08:00
wheat,2026-03-17,589.75,Yahoo public chart endpoint,https://finance.yahoo.com/quote/ZW=F,2026-09-03T13:09:38.096770+08:00
wheat,2026-03-18,604.25,Yahoo public chart endpoint,https://finance.yahoo.com/quote/ZW=F,2026-09-03T13:09:38.096770+08:00
wheat,2026-03-19,608.0,Yahoo public chart endpoint,https://finance.yahoo.com/quote/ZW=F,2026-09-03T13:09:38.096770+08:00
wheat,2026-03-20,595.25,Yahoo public chart endpoint,https://finance.yahoo.com/quote/ZW=F,2026-09-03T13:09:38.096770+08:00
wheat,2026-03-23,587.75,Yahoo public chart endpoint,https://finance.yahoo.com/quote/ZW=F,2026-09-03T13:09:38.096770+08:00
wheat,2026-03-24,590.0,Yahoo public chart endpoint,https://finance.yahoo.com/quote/ZW=F,2026-09-03T13:09:38.096770+08:00
wheat,2026-03-25,597.75,Yahoo public chart endpoint,https://finance.yahoo.com/quote/ZW=F,2026-09-03T13:09:38.096770+08:00
wheat,2026-03-26,605.0,Yahoo public chart endpoint,https://finance.yahoo.com/quote/ZW=F,2026-09-03T13:09:38.096770+08:00
wheat,2026-03-27,605.0,Yahoo public chart endpoint,https://finance.yahoo.com/quote/ZW=F,2026-09-03T13:09:38.096770+08:00
wheat,2026-03-30,607.0,Yahoo public chart endpoint,https://finance.yahoo.com/quote/ZW=F,2026-09-03T13:09:38.096770+08:00
wheat,2026-03-31,616.25,Yahoo public chart endpoint,https://finance.yahoo.com/quote/ZW=F,2026-09-03T13:09:38.096770+08:00
wheat,2026-04-01,597.5,Yahoo public chart endpoint,https://finance.yahoo.com/quote/ZW=F,2026-09-03T13:09:38.096770+08:00
wheat,2026-04-02,598.25,Yahoo public chart endpoint,https://finance.yahoo.com/quote/ZW=F,2026-09-03T13:09:38.096770+08:00
wheat,2026-04-06,595.25,Yahoo public chart endpoint,https://finance.yahoo.com/quote/ZW=F,2026-09-03T13:09:38.096770+08:00
wheat,2026-04-07,598.0,Yahoo public chart endpoint,https://finance.yahoo.com/quote/ZW=F,2026-09-03T13:09:38.096770+08:00
wheat,2026-04-08,580.25,Yahoo public chart endpoint,https://finance.yahoo.com/quote/ZW=F,2026-09-03T13:09:38.096770+08:00
wheat,2026-04-09,574.5,Yahoo public chart endpoint,https://finance.yahoo.com/quote/ZW=F,2026-09-03T13:09:38.096770+08:00
wheat,2026-04-10,571.0,Yahoo public chart endpoint,https://finance.yahoo.com/quote/ZW=F,2026-09-03T13:09:38.096770+08:00
wheat,2026-04-13,582.25,Yahoo public chart endpoint,https://finance.yahoo.com/quote/ZW=F,2026-09-03T13:09:38.096770+08:00
wheat,2026-04-14,592.0,Yahoo public chart endpoint,https://finance.yahoo.com/quote/ZW=F,2026-09-03T13:09:38.096770+08:00
wheat,2026-04-15,593.75,Yahoo public chart endpoint,https://finance.yahoo.com/quote/ZW=F,2026-09-03T13:09:38.096770+08:00
wheat,2026-04-16,598.5,Yahoo public chart endpoint,https://finance.yahoo.com/quote/ZW=F,2026-09-03T13:09:38.096770+08:00
wheat,2026-04-17,591.25,Yahoo public chart endpoint,https://finance.yahoo.com/quote/ZW=F,2026-09-03T13:09:38.096770+08:00
wheat,2026-04-20,597.0,Yahoo public chart endpoint,https://finance.yahoo.com/quote/ZW=F,2026-09-03T13:09:38.096770+08:00
wheat,2026-04-21,605.0,Yahoo public chart endpoint,https://finance.yahoo.com/quote/ZW=F,2026-09-03T13:09:38.096770+08:00
wheat,2026-04-22,599.25,Yahoo public chart endpoint,https://finance.yahoo.com/quote/ZW=F,2026-09-03T13:09:38.096770+08:00
wheat,2026-04-23,610.75,Yahoo public chart endpoint,https://finance.yahoo.com/quote/ZW=F,2026-09-03T13:09:38.096770+08:00
wheat,2026-04-24,608.25,Yahoo public chart endpoint,https://finance.yahoo.com/quote/ZW=F,2026-09-03T13:09:38.096770+08:00
wheat,2026-04-27,621.5,Yahoo public chart endpoint,https://finance.yahoo.com/quote/ZW=F,2026-09-03T13:09:38.096770+08:00
wheat,2026-04-28,649.0,Yahoo public chart endpoint,https://finance.yahoo.com/quote/ZW=F,2026-09-03T13:09:38.096770+08:00
wheat,2026-04-29,642.25,Yahoo public chart endpoint,https://finance.yahoo.com/quote/ZW=F,2026-09-03T13:09:38.096770+08:00
wheat,2026-04-30,623.75,Yahoo public chart endpoint,https://finance.yahoo.com/quote/ZW=F,2026-09-03T13:09:38.096770+08:00
wheat,2026-05-01,624.5,Yahoo public chart endpoint,https://finance.yahoo.com/quote/ZW=F,2026-09-03T13:09:38.096770+08:00
wheat,2026-05-04,629.5,Yahoo public chart endpoint,https://finance.yahoo.com/quote/ZW=F,2026-09-03T13:09:38.096770+08:00
wheat,2026-05-05,616.5,Yahoo public chart endpoint,https://finance.yahoo.com/quote/ZW=F,2026-09-03T13:09:38.096770+08:00
wheat,2026-05-06,606.0,Yahoo public chart endpoint,https://finance.yahoo.com/quote/ZW=F,2026-09-03T13:09:38.096770+08:00
wheat,2026-05-07,601.75,Yahoo public chart endpoint,https://finance.yahoo.com/quote/ZW=F,2026-09-03T13:09:38.096770+08:00
wheat,2026-05-08,607.5,Yahoo public chart endpoint,https://finance.yahoo.com/quote/ZW=F,2026-09-03T13:09:38.096770+08:00
wheat,2026-05-11,622.25,Yahoo public chart endpoint,https://finance.yahoo.com/quote/ZW=F,2026-09-03T13:09:38.096770+08:00
wheat,2026-05-12,665.0,Yahoo public chart endpoint,https://finance.yahoo.com/quote/ZW=F,2026-09-03T13:09:38.096770+08:00
wheat,2026-05-13,665.0,Yahoo public chart endpoint,https://finance.yahoo.com/quote/ZW=F,2026-09-03T13:09:38.096770+08:00
wheat,2026-05-14,647.0,Yahoo public chart endpoint,https://finance.yahoo.com/quote/ZW=F,2026-09-03T13:09:38.096770+08:00
wheat,2026-05-15,635.75,Yahoo public chart endpoint,https://finance.yahoo.com/quote/ZW=F,2026-09-03T13:09:38.096770+08:00
wheat,2026-05-18,664.5,Yahoo public chart endpoint,https://finance.yahoo.com/quote/ZW=F,2026-09-03T13:09:38.096770+08:00
wheat,2026-05-19,667.25,Yahoo public chart endpoint,https://finance.yahoo.com/quote/ZW=F,2026-09-03T13:09:38.096770+08:00
wheat,2026-05-20,660.5,Yahoo public chart endpoint,https://finance.yahoo.com/quote/ZW=F,2026-09-03T13:09:38.096770+08:00
wheat,2026-05-21,647.5,Yahoo public chart endpoint,https://finance.yahoo.com/quote/ZW=F,2026-09-03T13:09:38.096770+08:00
wheat,2026-05-22,646.25,Yahoo public chart endpoint,https://finance.yahoo.com/quote/ZW=F,2026-09-03T13:09:38.096770+08:00
wheat,2026-05-26,635.5,Yahoo public chart endpoint,https://finance.yahoo.com/quote/ZW=F,2026-09-03T13:09:38.096770+08:00
wheat,2026-05-27,622.5,Yahoo public chart endpoint,https://finance.yahoo.com/quote/ZW=F,2026-09-03T13:09:38.096770+08:00
wheat,2026-05-28,624.0,Yahoo public chart endpoint,https://finance.yahoo.com/quote/ZW=F,2026-09-03T13:09:38.096770+08:00
wheat,2026-05-29,610.5,Yahoo public chart endpoint,https://finance.yahoo.com/quote/ZW=F,2026-09-03T13:09:38.096770+08:00
wheat,2026-06-01,608.75,Yahoo public chart endpoint,https://finance.yahoo.com/quote/ZW=F,2026-09-03T13:09:38.096770+08:00
wheat,2026-06-02,603.0,Yahoo public chart endpoint,https://finance.yahoo.com/quote/ZW=F,2026-09-03T13:09:38.096770+08:00
wheat,2026-06-03,587.25,Yahoo public chart endpoint,https://finance.yahoo.com/quote/ZW=F,2026-09-03T13:09:38.096770+08:00
wheat,2026-06-04,581.75,Yahoo public chart endpoint,https://finance.yahoo.com/quote/ZW=F,2026-09-03T13:09:38.096770+08:00
wheat,2026-06-05,580.0,Yahoo public chart endpoint,https://finance.yahoo.com/quote/ZW=F,2026-09-03T13:09:38.096770+08:00
wheat,2026-06-08,583.25,Yahoo public chart endpoint,https://finance.yahoo.com/quote/ZW=F,2026-09-03T13:09:38.096770+08:00
wheat,2026-06-09,585.25,Yahoo public chart endpoint,https://finance.yahoo.com/quote/ZW=F,2026-09-03T13:09:38.096770+08:00
wheat,2026-06-10,587.5,Yahoo public chart endpoint,https://finance.yahoo.com/quote/ZW=F,2026-09-03T13:09:38.096770+08:00
wheat,2026-06-11,586.75,Yahoo public chart endpoint,https://finance.yahoo.com/quote/ZW=F,2026-09-03T13:09:38.096770+08:00
wheat,2026-06-12,584.5,Yahoo public chart endpoint,https://finance.yahoo.com/quote/ZW=F,2026-09-03T13:09:38.096770+08:00
wheat,2026-06-15,589.75,Yahoo public chart endpoint,https://finance.yahoo.com/quote/ZW=F,2026-09-03T13:09:38.096770+08:00
wheat,2026-06-16,596.0,Yahoo public chart endpoint,https://finance.yahoo.com/quote/ZW=F,2026-09-03T13:09:38.096770+08:00
wheat,2026-06-17,612.75,Yahoo public chart endpoint,https://finance.yahoo.com/quote/ZW=F,2026-09-03T13:09:38.096770+08:00
wheat,2026-06-18,605.75,Yahoo public chart endpoint,https://finance.yahoo.com/quote/ZW=F,2026-09-03T13:09:38.096770+08:00
wheat,2026-06-22,597.5,Yahoo public chart endpoint,https://finance.yahoo.com/quote/ZW=F,2026-09-03T13:09:38.096770+08:00
wheat,2026-06-23,586.75,Yahoo public chart endpoint,https://finance.yahoo.com/quote/ZW=F,2026-09-03T13:09:38.096770+08:00
wheat,2026-06-24,585.75,Yahoo public chart endpoint,https://finance.yahoo.com/quote/ZW=F,2026-09-03T13:09:38.096770+08:00
wheat,2026-06-25,591.0,Yahoo public chart endpoint,https://finance.yahoo.com/quote/ZW=F,2026-09-03T13:09:38.096770+08:00
wheat,2026-06-26,578.25,Yahoo public chart endpoint,https://finance.yahoo.com/quote/ZW=F,2026-09-03T13:09:38.096770+08:00
wheat,2026-06-29,569.5,Yahoo public chart endpoint,https://finance.yahoo.com/quote/ZW=F,2026-09-03T13:09:38.096770+08:00
wheat,2026-06-30,580.75,Yahoo public chart endpoint,https://finance.yahoo.com/quote/ZW=F,2026-09-03T13:09:38.096770+08:00
wheat,2026-07-01,592.0,Yahoo public chart endpoint,https://finance.yahoo.com/quote/ZW=F,2026-09-03T13:09:38.096770+08:00
wheat,2026-07-02,590.5,Yahoo public chart endpoint,https://finance.yahoo.com/quote/ZW=F,2026-09-03T13:09:38.096770+08:00
wheat,2026-07-06,606.0,Yahoo public chart endpoint,https://finance.yahoo.com/quote/ZW=F,2026-09-03T13:09:38.096770+08:00
wheat,2026-07-07,609.25,Yahoo public chart endpoint,https://finance.yahoo.com/quote/ZW=F,2026-09-03T13:09:38.096770+08:00
wheat,2026-07-08,599.5,Yahoo public chart endpoint,https://finance.yahoo.com/quote/ZW=F,2026-09-03T13:09:38.096770+08:00
wheat,2026-07-09,611.25,Yahoo public chart endpoint,https://finance.yahoo.com/quote/ZW=F,2026-09-03T13:09:38.096770+08:00
wheat,2026-07-10,632.0,Yahoo public chart endpoint,https://finance.yahoo.com/quote/ZW=F,2026-09-03T13:09:38.096770+08:00
wheat,2026-07-13,627.0,Yahoo public chart endpoint,https://finance.yahoo.com/quote/ZW=F,2026-09-03T13:09:38.096770+08:00
wheat,2026-07-14,631.25,Yahoo public chart endpoint,https://finance.yahoo.com/quote/ZW=F,2026-09-03T13:09:38.096770+08:00
wheat,2026-07-15,677.5,Yahoo public chart endpoint,https://finance.yahoo.com/quote/ZW=F,2026-09-03T13:09:38.096770+08:00
wheat,2026-07-16,674.75,Yahoo public chart endpoint,https://finance.yahoo.com/quote/ZW=F,2026-09-03T13:09:38.096770+08:00
wheat,2026-07-17,682.75,Yahoo public chart endpoint,https://finance.yahoo.com/quote/ZW=F,2026-09-03T13:09:38.096770+08:00
wheat,2026-07-20,674.0,Yahoo public chart endpoint,https://finance.yahoo.com/quote/ZW=F,2026-09-03T13:09:38.096770+08:00
wheat,2026-07-21,678.0,Yahoo public chart endpoint,https://finance.yahoo.com/quote/ZW=F,2026-09-03T13:09:38.096770+08:00
wheat,2026-07-22,705.75,Yahoo public chart endpoint,https://finance.yahoo.com/quote/ZW=F,2026-09-03T13:09:38.096770+08:00
wheat,2026-07-23,696.25,Yahoo public chart endpoint,https://finance.yahoo.com/quote/ZW=F,2026-09-03T13:09:38.096770+08:00
wheat,2026-07-24,678.0,Yahoo public chart endpoint,https://finance.yahoo.com/quote/ZW=F,2026-09-03T13:09:38.096770+08:00
wheat,2026-07-27,660.0,Yahoo public chart endpoint,https://finance.yahoo.com/quote/ZW=F,2026-09-03T13:09:38.096770+08:00
wheat,2026-07-28,662.5,Yahoo public chart endpoint,https://finance.yahoo.com/quote/ZW=F,2026-09-03T13:09:38.096770+08:00
wheat,2026-07-29,660.75,Yahoo public chart endpoint,https://finance.yahoo.com/quote/ZW=F,2026-09-03T13:09:38.096770+08:00
wheat,2026-07-30,663.5,Yahoo public chart endpoint,https://finance.yahoo.com/quote/ZW=F,2026-09-03T13:09:38.096770+08:00
wheat,2026-07-31,639.25,Yahoo public chart endpoint,https://finance.yahoo.com/quote/ZW=F,2026-09-03T13:09:38.096770+08:00
wheat,2026-08-03,651.0,Yahoo public chart endpoint,https://finance.yahoo.com/quote/ZW=F,2026-09-03T13:09:38.096770+08:00
wheat,2026-08-04,638.5,Yahoo public chart endpoint,https://finance.yahoo.com/quote/ZW=F,2026-09-03T13:09:38.096770+08:00
wheat,2026-08-05,642.25,Yahoo public chart endpoint,https://finance.yahoo.com/quote/ZW=F,2026-09-03T13:09:38.096770+08:00
wheat,2026-08-06,631.25,Yahoo public chart endpoint,https://finance.yahoo.com/quote/ZW=F,2026-09-03T13:09:38.096770+08:00
wheat,2026-08-07,639.75,Yahoo public chart endpoint,https://finance.yahoo.com/quote/ZW=F,2026-09-03T13:09:38.096770+08:00
wheat,2026-08-10,640.5,Yahoo public chart endpoint,https://finance.yahoo.com/quote/ZW=F,2026-09-03T13:09:38.096770+08:00
wheat,2026-08-11,630.25,Yahoo public chart endpoint,https://finance.yahoo.com/quote/ZW=F,2026-09-03T13:09:38.096770+08:00
wheat,2026-08-12,652.75,Yahoo public chart endpoint,https://finance.yahoo.com/quote/ZW=F,2026-09-03T13:09:38.096770+08:00
wheat,2026-08-13,652.75,Yahoo public chart endpoint,https://finance.yahoo.com/quote/ZW=F,2026-09-03T13:09:38.096770+08:00
wheat,2026-08-14,674.75,Yahoo public chart endpoint,https://finance.yahoo.com/quote/ZW=F,2026-09-03T13:09:38.096770+08:00
wheat,2026-08-17,674.75,Yahoo public chart endpoint,https://finance.yahoo.com/quote/ZW=F,2026-09-03T13:09:38.096770+08:00
wheat,2026-08-18,664.5,Yahoo public chart endpoint,https://finance.yahoo.com/quote/ZW=F,2026-09-03T13:09:38.096770+08:00
wheat,2026-08-19,680.25,Yahoo public chart endpoint,https://finance.yahoo.com/quote/ZW=F,2026-09-03T13:09:38.096770+08:00
wheat,2026-08-20,682.75,Yahoo public chart endpoint,https://finance.yahoo.com/quote/ZW=F,2026-09-03T13:09:38.096770+08:00
wheat,2026-08-21,681.5,Yahoo public chart endpoint,https://finance.yahoo.com/quote/ZW=F,2026-09-03T13:09:38.096770+08:00
wheat,2026-08-24,681.75,Yahoo public chart endpoint,https://finance.yahoo.com/quote/ZW=F,2026-09-03T13:09:38.096770+08:00
wheat,2026-08-25,685.5,Yahoo public chart endpoint,https://finance.yahoo.com/quote/ZW=F,2026-09-03T13:09:38.096770+08:00
wheat,2026-08-26,730.5,Yahoo public chart endpoint,https://finance.yahoo.com/quote/ZW=F,2026-09-03T13:09:38.096770+08:00
wheat,2026-08-27,742.75,Yahoo public chart endpoint,https://finance.yahoo.com/quote/ZW=F,2026-09-03T13:09:38.096770+08:00
wheat,2026-08-28,767.0,Yahoo public chart endpoint,https://finance.yahoo.com/quote/ZW=F,2026-09-03T13:09:38.096770+08:00
wheat,2026-08-31,756.5,Yahoo public chart endpoint,https://finance.yahoo.com/quote/ZW=F,2026-09-03T13:09:38.096770+08:00
wheat,2026-09-01,764.0,Yahoo public chart endpoint,https://finance.yahoo.com/quote/ZW=F,2026-09-03T13:09:38.096770+08:00
wheat,2026-09-02,754.75,Yahoo public chart endpoint,https://finance.yahoo.com/quote/ZW=F,2026-09-03T13:09:38.096770+08:00
wheat,2026-09-03,773.0,Yahoo public chart endpoint,https://finance.yahoo.com/quote/ZW=F,2026-09-03T13:09:38.096770+08:00
wti,2025-11-13,59.54,FRED,https://fred.stlouisfed.org/series/DCOILWTICO,2026-09-03T13:09:38.096770+08:00
wti,2025-11-14,60.87,FRED,https://fred.stlouisfed.org/series/DCOILWTICO,2026-09-03T13:09:38.096770+08:00
wti,2025-11-17,60.66,FRED,https://fred.stlouisfed.org/series/DCOILWTICO,2026-09-03T13:09:38.096770+08:00
wti,2025-11-18,61.51,FRED,https://fred.stlouisfed.org/series/DCOILWTICO,2026-09-03T13:09:38.096770+08:00
wti,2025-11-19,60.27,FRED,https://fred.stlouisfed.org/series/DCOILWTICO,2026-09-03T13:09:38.096770+08:00
wti,2025-11-20,60.07,FRED,https://fred.stlouisfed.org/series/DCOILWTICO,2026-09-03T13:09:38.096770+08:00
wti,2025-11-21,58.86,FRED,https://fred.stlouisfed.org/series/DCOILWTICO,2026-09-03T13:09:38.096770+08:00
wti,2025-11-24,59.11,FRED,https://fred.stlouisfed.org/series/DCOILWTICO,2026-09-03T13:09:38.096770+08:00
wti,2025-11-25,58.25,FRED,https://fred.stlouisfed.org/series/DCOILWTICO,2026-09-03T13:09:38.096770+08:00
wti,2025-11-26,58.81,FRED,https://fred.stlouisfed.org/series/DCOILWTICO,2026-09-03T13:09:38.096770+08:00
wti,2025-11-28,58.58,FRED,https://fred.stlouisfed.org/series/DCOILWTICO,2026-09-03T13:09:38.096770+08:00
wti,2025-12-01,59.47,FRED,https://fred.stlouisfed.org/series/DCOILWTICO,2026-09-03T13:09:38.096770+08:00
wti,2025-12-02,58.81,FRED,https://fred.stlouisfed.org/series/DCOILWTICO,2026-09-03T13:09:38.096770+08:00
wti,2025-12-03,59.09,FRED,https://fred.stlouisfed.org/series/DCOILWTICO,2026-09-03T13:09:38.096770+08:00
wti,2025-12-04,59.82,FRED,https://fred.stlouisfed.org/series/DCOILWTICO,2026-09-03T13:09:38.096770+08:00
wti,2025-12-05,60.23,FRED,https://fred.stlouisfed.org/series/DCOILWTICO,2026-09-03T13:09:38.096770+08:00
wti,2025-12-08,59.04,FRED,https://fred.stlouisfed.org/series/DCOILWTICO,2026-09-03T13:09:38.096770+08:00
wti,2025-12-09,58.4,FRED,https://fred.stlouisfed.org/series/DCOILWTICO,2026-09-03T13:09:38.096770+08:00
wti,2025-12-10,58.67,FRED,https://fred.stlouisfed.org/series/DCOILWTICO,2026-09-03T13:09:38.096770+08:00
wti,2025-12-11,57.76,FRED,https://fred.stlouisfed.org/series/DCOILWTICO,2026-09-03T13:09:38.096770+08:00
wti,2025-12-12,57.61,FRED,https://fred.stlouisfed.org/series/DCOILWTICO,2026-09-03T13:09:38.096770+08:00
wti,2025-12-15,56.97,FRED,https://fred.stlouisfed.org/series/DCOILWTICO,2026-09-03T13:09:38.096770+08:00
wti,2025-12-16,55.44,FRED,https://fred.stlouisfed.org/series/DCOILWTICO,2026-09-03T13:09:38.096770+08:00
wti,2025-12-17,56.07,FRED,https://fred.stlouisfed.org/series/DCOILWTICO,2026-09-03T13:09:38.096770+08:00
wti,2025-12-18,56.22,FRED,https://fred.stlouisfed.org/series/DCOILWTICO,2026-09-03T13:09:38.096770+08:00
wti,2025-12-19,56.8,FRED,https://fred.stlouisfed.org/series/DCOILWTICO,2026-09-03T13:09:38.096770+08:00
wti,2025-12-22,58.18,FRED,https://fred.stlouisfed.org/series/DCOILWTICO,2026-09-03T13:09:38.096770+08:00
wti,2025-12-23,58.55,FRED,https://fred.stlouisfed.org/series/DCOILWTICO,2026-09-03T13:09:38.096770+08:00
wti,2025-12-24,58.72,FRED,https://fred.stlouisfed.org/series/DCOILWTICO,2026-09-03T13:09:38.096770+08:00
wti,2025-12-26,56.6,FRED,https://fred.stlouisfed.org/series/DCOILWTICO,2026-09-03T13:09:38.096770+08:00
wti,2025-12-29,57.89,FRED,https://fred.stlouisfed.org/series/DCOILWTICO,2026-09-03T13:09:38.096770+08:00
wti,2025-12-30,57.79,FRED,https://fred.stlouisfed.org/series/DCOILWTICO,2026-09-03T13:09:38.096770+08:00
wti,2025-12-31,57.26,FRED,https://fred.stlouisfed.org/series/DCOILWTICO,2026-09-03T13:09:38.096770+08:00
wti,2026-01-02,57.21,FRED,https://fred.stlouisfed.org/series/DCOILWTICO,2026-09-03T13:09:38.096770+08:00
wti,2026-01-05,58.1,FRED,https://fred.stlouisfed.org/series/DCOILWTICO,2026-09-03T13:09:38.096770+08:00
wti,2026-01-06,56.97,FRED,https://fred.stlouisfed.org/series/DCOILWTICO,2026-09-03T13:09:38.096770+08:00
wti,2026-01-07,56.01,FRED,https://fred.stlouisfed.org/series/DCOILWTICO,2026-09-03T13:09:38.096770+08:00
wti,2026-01-08,57.74,FRED,https://fred.stlouisfed.org/series/DCOILWTICO,2026-09-03T13:09:38.096770+08:00
wti,2026-01-09,58.96,FRED,https://fred.stlouisfed.org/series/DCOILWTICO,2026-09-03T13:09:38.096770+08:00
wti,2026-01-12,59.39,FRED,https://fred.stlouisfed.org/series/DCOILWTICO,2026-09-03T13:09:38.096770+08:00
wti,2026-01-13,60.85,FRED,https://fred.stlouisfed.org/series/DCOILWTICO,2026-09-03T13:09:38.096770+08:00
wti,2026-01-14,61.84,FRED,https://fred.stlouisfed.org/series/DCOILWTICO,2026-09-03T13:09:38.096770+08:00
wti,2026-01-15,59.13,FRED,https://fred.stlouisfed.org/series/DCOILWTICO,2026-09-03T13:09:38.096770+08:00
wti,2026-01-16,59.4,FRED,https://fred.stlouisfed.org/series/DCOILWTICO,2026-09-03T13:09:38.096770+08:00
wti,2026-01-20,60.3,FRED,https://fred.stlouisfed.org/series/DCOILWTICO,2026-09-03T13:09:38.096770+08:00
wti,2026-01-21,60.38,FRED,https://fred.stlouisfed.org/series/DCOILWTICO,2026-09-03T13:09:38.096770+08:00
wti,2026-01-22,59.24,FRED,https://fred.stlouisfed.org/series/DCOILWTICO,2026-09-03T13:09:38.096770+08:00
wti,2026-01-23,60.7,FRED,https://fred.stlouisfed.org/series/DCOILWTICO,2026-09-03T13:09:38.096770+08:00
wti,2026-01-26,60.46,FRED,https://fred.stlouisfed.org/series/DCOILWTICO,2026-09-03T13:09:38.096770+08:00
wti,2026-01-27,62.04,FRED,https://fred.stlouisfed.org/series/DCOILWTICO,2026-09-03T13:09:38.096770+08:00
wti,2026-01-28,62.75,FRED,https://fred.stlouisfed.org/series/DCOILWTICO,2026-09-03T13:09:38.096770+08:00
wti,2026-01-29,64.77,FRED,https://fred.stlouisfed.org/series/DCOILWTICO,2026-09-03T13:09:38.096770+08:00
wti,2026-01-30,64.5,FRED,https://fred.stlouisfed.org/series/DCOILWTICO,2026-09-03T13:09:38.096770+08:00
wti,2026-02-02,61.6,FRED,https://fred.stlouisfed.org/series/DCOILWTICO,2026-09-03T13:09:38.096770+08:00
wti,2026-02-03,62.62,FRED,https://fred.stlouisfed.org/series/DCOILWTICO,2026-09-03T13:09:38.096770+08:00
wti,2026-02-04,64.56,FRED,https://fred.stlouisfed.org/series/DCOILWTICO,2026-09-03T13:09:38.096770+08:00
wti,2026-02-05,62.9,FRED,https://fred.stlouisfed.org/series/DCOILWTICO,2026-09-03T13:09:38.096770+08:00
wti,2026-02-06,63.77,FRED,https://fred.stlouisfed.org/series/DCOILWTICO,2026-09-03T13:09:38.096770+08:00
wti,2026-02-09,64.53,FRED,https://fred.stlouisfed.org/series/DCOILWTICO,2026-09-03T13:09:38.096770+08:00
wti,2026-02-10,64.2,FRED,https://fred.stlouisfed.org/series/DCOILWTICO,2026-09-03T13:09:38.096770+08:00
wti,2026-02-11,64.8,FRED,https://fred.stlouisfed.org/series/DCOILWTICO,2026-09-03T13:09:38.096770+08:00
wti,2026-02-12,63.08,FRED,https://fred.stlouisfed.org/series/DCOILWTICO,2026-09-03T13:09:38.096770+08:00
wti,2026-02-13,63.05,FRED,https://fred.stlouisfed.org/series/DCOILWTICO,2026-09-03T13:09:38.096770+08:00
wti,2026-02-17,62.53,FRED,https://fred.stlouisfed.org/series/DCOILWTICO,2026-09-03T13:09:38.096770+08:00
wti,2026-02-18,65.33,FRED,https://fred.stlouisfed.org/series/DCOILWTICO,2026-09-03T13:09:38.096770+08:00
wti,2026-02-19,66.66,FRED,https://fred.stlouisfed.org/series/DCOILWTICO,2026-09-03T13:09:38.096770+08:00
wti,2026-02-20,66.69,FRED,https://fred.stlouisfed.org/series/DCOILWTICO,2026-09-03T13:09:38.096770+08:00
wti,2026-02-23,66.36,FRED,https://fred.stlouisfed.org/series/DCOILWTICO,2026-09-03T13:09:38.096770+08:00
wti,2026-02-24,65.62,FRED,https://fred.stlouisfed.org/series/DCOILWTICO,2026-09-03T13:09:38.096770+08:00
wti,2026-02-25,65.3,FRED,https://fred.stlouisfed.org/series/DCOILWTICO,2026-09-03T13:09:38.096770+08:00
wti,2026-02-26,65.1,FRED,https://fred.stlouisfed.org/series/DCOILWTICO,2026-09-03T13:09:38.096770+08:00
wti,2026-02-27,66.96,FRED,https://fred.stlouisfed.org/series/DCOILWTICO,2026-09-03T13:09:38.096770+08:00
wti,2026-03-02,71.13,FRED,https://fred.stlouisfed.org/series/DCOILWTICO,2026-09-03T13:09:38.096770+08:00
wti,2026-03-03,74.48,FRED,https://fred.stlouisfed.org/series/DCOILWTICO,2026-09-03T13:09:38.096770+08:00
wti,2026-03-04,74.58,FRED,https://fred.stlouisfed.org/series/DCOILWTICO,2026-09-03T13:09:38.096770+08:00
wti,2026-03-05,80.88,FRED,https://fred.stlouisfed.org/series/DCOILWTICO,2026-09-03T13:09:38.096770+08:00
wti,2026-03-06,90.77,FRED,https://fred.stlouisfed.org/series/DCOILWTICO,2026-09-03T13:09:38.096770+08:00
wti,2026-03-09,94.65,FRED,https://fred.stlouisfed.org/series/DCOILWTICO,2026-09-03T13:09:38.096770+08:00
wti,2026-03-10,83.71,FRED,https://fred.stlouisfed.org/series/DCOILWTICO,2026-09-03T13:09:38.096770+08:00
wti,2026-03-11,86.8,FRED,https://fred.stlouisfed.org/series/DCOILWTICO,2026-09-03T13:09:38.096770+08:00
wti,2026-03-12,95.61,FRED,https://fred.stlouisfed.org/series/DCOILWTICO,2026-09-03T13:09:38.096770+08:00
wti,2026-03-13,98.48,FRED,https://fred.stlouisfed.org/series/DCOILWTICO,2026-09-03T13:09:38.096770+08:00
wti,2026-03-16,93.39,FRED,https://fred.stlouisfed.org/series/DCOILWTICO,2026-09-03T13:09:38.096770+08:00
wti,2026-03-17,96.01,FRED,https://fred.stlouisfed.org/series/DCOILWTICO,2026-09-03T13:09:38.096770+08:00
wti,2026-03-18,96.12,FRED,https://fred.stlouisfed.org/series/DCOILWTICO,2026-09-03T13:09:38.096770+08:00
wti,2026-03-19,96.11,FRED,https://fred.stlouisfed.org/series/DCOILWTICO,2026-09-03T13:09:38.096770+08:00
wti,2026-03-20,98.71,FRED,https://fred.stlouisfed.org/series/DCOILWTICO,2026-09-03T13:09:38.096770+08:00
wti,2026-03-23,89.33,FRED,https://fred.stlouisfed.org/series/DCOILWTICO,2026-09-03T13:09:38.096770+08:00
wti,2026-03-24,93.18,FRED,https://fred.stlouisfed.org/series/DCOILWTICO,2026-09-03T13:09:38.096770+08:00
wti,2026-03-25,91.51,FRED,https://fred.stlouisfed.org/series/DCOILWTICO,2026-09-03T13:09:38.096770+08:00
wti,2026-03-26,96.18,FRED,https://fred.stlouisfed.org/series/DCOILWTICO,2026-09-03T13:09:38.096770+08:00
wti,2026-03-27,101.26,FRED,https://fred.stlouisfed.org/series/DCOILWTICO,2026-09-03T13:09:38.096770+08:00
wti,2026-03-30,104.69,FRED,https://fred.stlouisfed.org/series/DCOILWTICO,2026-09-03T13:09:38.096770+08:00
wti,2026-03-31,102.86,FRED,https://fred.stlouisfed.org/series/DCOILWTICO,2026-09-03T13:09:38.096770+08:00
wti,2026-04-01,101.9,FRED,https://fred.stlouisfed.org/series/DCOILWTICO,2026-09-03T13:09:38.096770+08:00
wti,2026-04-02,113.23,FRED,https://fred.stlouisfed.org/series/DCOILWTICO,2026-09-03T13:09:38.096770+08:00
wti,2026-04-06,114.01,FRED,https://fred.stlouisfed.org/series/DCOILWTICO,2026-09-03T13:09:38.096770+08:00
wti,2026-04-07,114.58,FRED,https://fred.stlouisfed.org/series/DCOILWTICO,2026-09-03T13:09:38.096770+08:00
wti,2026-04-08,96.17,FRED,https://fred.stlouisfed.org/series/DCOILWTICO,2026-09-03T13:09:38.096770+08:00
wti,2026-04-09,99.62,FRED,https://fred.stlouisfed.org/series/DCOILWTICO,2026-09-03T13:09:38.096770+08:00
wti,2026-04-10,98.34,FRED,https://fred.stlouisfed.org/series/DCOILWTICO,2026-09-03T13:09:38.096770+08:00
wti,2026-04-13,100.72,FRED,https://fred.stlouisfed.org/series/DCOILWTICO,2026-09-03T13:09:38.096770+08:00
wti,2026-04-14,93.07,FRED,https://fred.stlouisfed.org/series/DCOILWTICO,2026-09-03T13:09:38.096770+08:00
wti,2026-04-15,93.04,FRED,https://fred.stlouisfed.org/series/DCOILWTICO,2026-09-03T13:09:38.096770+08:00
wti,2026-04-16,96.46,FRED,https://fred.stlouisfed.org/series/DCOILWTICO,2026-09-03T13:09:38.096770+08:00
wti,2026-04-17,85.91,FRED,https://fred.stlouisfed.org/series/DCOILWTICO,2026-09-03T13:09:38.096770+08:00
wti,2026-04-20,91.06,FRED,https://fred.stlouisfed.org/series/DCOILWTICO,2026-09-03T13:09:38.096770+08:00
wti,2026-04-21,93.64,FRED,https://fred.stlouisfed.org/series/DCOILWTICO,2026-09-03T13:09:38.096770+08:00
wti,2026-04-22,94.76,FRED,https://fred.stlouisfed.org/series/DCOILWTICO,2026-09-03T13:09:38.096770+08:00
wti,2026-04-23,99.27,FRED,https://fred.stlouisfed.org/series/DCOILWTICO,2026-09-03T13:09:38.096770+08:00
wti,2026-04-24,98.42,FRED,https://fred.stlouisfed.org/series/DCOILWTICO,2026-09-03T13:09:38.096770+08:00
wti,2026-04-27,99.89,FRED,https://fred.stlouisfed.org/series/DCOILWTICO,2026-09-03T13:09:38.096770+08:00
wti,2026-04-28,103.45,FRED,https://fred.stlouisfed.org/series/DCOILWTICO,2026-09-03T13:09:38.096770+08:00
wti,2026-04-29,110.47,FRED,https://fred.stlouisfed.org/series/DCOILWTICO,2026-09-03T13:09:38.096770+08:00
wti,2026-04-30,108.64,FRED,https://fred.stlouisfed.org/series/DCOILWTICO,2026-09-03T13:09:38.096770+08:00
wti,2026-05-01,105.38,FRED,https://fred.stlouisfed.org/series/DCOILWTICO,2026-09-03T13:09:38.096770+08:00
wti,2026-05-04,109.76,FRED,https://fred.stlouisfed.org/series/DCOILWTICO,2026-09-03T13:09:38.096770+08:00
wti,2026-05-05,105.66,FRED,https://fred.stlouisfed.org/series/DCOILWTICO,2026-09-03T13:09:38.096770+08:00
wti,2026-05-06,98.75,FRED,https://fred.stlouisfed.org/series/DCOILWTICO,2026-09-03T13:09:38.096770+08:00
wti,2026-05-07,98.38,FRED,https://fred.stlouisfed.org/series/DCOILWTICO,2026-09-03T13:09:38.096770+08:00
wti,2026-05-08,98.87,FRED,https://fred.stlouisfed.org/series/DCOILWTICO,2026-09-03T13:09:38.096770+08:00
wti,2026-05-11,101.56,FRED,https://fred.stlouisfed.org/series/DCOILWTICO,2026-09-03T13:09:38.096770+08:00
wti,2026-05-12,105.78,FRED,https://fred.stlouisfed.org/series/DCOILWTICO,2026-09-03T13:09:38.096770+08:00
wti,2026-05-13,104.52,FRED,https://fred.stlouisfed.org/series/DCOILWTICO,2026-09-03T13:09:38.096770+08:00
wti,2026-05-14,104.66,FRED,https://fred.stlouisfed.org/series/DCOILWTICO,2026-09-03T13:09:38.096770+08:00
wti,2026-05-15,108.99,FRED,https://fred.stlouisfed.org/series/DCOILWTICO,2026-09-03T13:09:38.096770+08:00
wti,2026-05-18,112.25,FRED,https://fred.stlouisfed.org/series/DCOILWTICO,2026-09-03T13:09:38.096770+08:00
wti,2026-05-19,112.09,FRED,https://fred.stlouisfed.org/series/DCOILWTICO,2026-09-03T13:09:38.096770+08:00
wti,2026-05-20,101.69,FRED,https://fred.stlouisfed.org/series/DCOILWTICO,2026-09-03T13:09:38.096770+08:00
wti,2026-05-21,100.2,FRED,https://fred.stlouisfed.org/series/DCOILWTICO,2026-09-03T13:09:38.096770+08:00
wti,2026-05-22,100.35,FRED,https://fred.stlouisfed.org/series/DCOILWTICO,2026-09-03T13:09:38.096770+08:00
wti,2026-05-26,97.63,FRED,https://fred.stlouisfed.org/series/DCOILWTICO,2026-09-03T13:09:38.096770+08:00
wti,2026-05-27,92.35,FRED,https://fred.stlouisfed.org/series/DCOILWTICO,2026-09-03T13:09:38.096770+08:00
wti,2026-05-28,92.65,FRED,https://fred.stlouisfed.org/series/DCOILWTICO,2026-09-03T13:09:38.096770+08:00
wti,2026-05-29,91.16,FRED,https://fred.stlouisfed.org/series/DCOILWTICO,2026-09-03T13:09:38.096770+08:00
wti,2026-06-01,95.96,FRED,https://fred.stlouisfed.org/series/DCOILWTICO,2026-09-03T13:09:38.096770+08:00
wti,2026-06-02,97.47,FRED,https://fred.stlouisfed.org/series/DCOILWTICO,2026-09-03T13:09:38.096770+08:00
wti,2026-06-03,99.76,FRED,https://fred.stlouisfed.org/series/DCOILWTICO,2026-09-03T13:09:38.096770+08:00
wti,2026-06-04,96.83,FRED,https://fred.stlouisfed.org/series/DCOILWTICO,2026-09-03T13:09:38.096770+08:00
wti,2026-06-05,94.32,FRED,https://fred.stlouisfed.org/series/DCOILWTICO,2026-09-03T13:09:38.096770+08:00
wti,2026-06-08,95.0,FRED,https://fred.stlouisfed.org/series/DCOILWTICO,2026-09-03T13:09:38.096770+08:00
wti,2026-06-09,91.9,FRED,https://fred.stlouisfed.org/series/DCOILWTICO,2026-09-03T13:09:38.096770+08:00
wti,2026-06-10,93.68,FRED,https://fred.stlouisfed.org/series/DCOILWTICO,2026-09-03T13:09:38.096770+08:00
wti,2026-06-11,91.58,FRED,https://fred.stlouisfed.org/series/DCOILWTICO,2026-09-03T13:09:38.096770+08:00
wti,2026-06-12,88.62,FRED,https://fred.stlouisfed.org/series/DCOILWTICO,2026-09-03T13:09:38.096770+08:00
wti,2026-06-15,84.65,FRED,https://fred.stlouisfed.org/series/DCOILWTICO,2026-09-03T13:09:38.096770+08:00
wti,2026-06-16,79.8,FRED,https://fred.stlouisfed.org/series/DCOILWTICO,2026-09-03T13:09:38.096770+08:00
wti,2026-06-17,80.65,FRED,https://fred.stlouisfed.org/series/DCOILWTICO,2026-09-03T13:09:38.096770+08:00
wti,2026-06-18,80.35,FRED,https://fred.stlouisfed.org/series/DCOILWTICO,2026-09-03T13:09:38.096770+08:00
wti,2026-06-22,78.94,FRED,https://fred.stlouisfed.org/series/DCOILWTICO,2026-09-03T13:09:38.096770+08:00
wti,2026-06-23,74.62,FRED,https://fred.stlouisfed.org/series/DCOILWTICO,2026-09-03T13:09:38.096770+08:00
wti,2026-06-24,71.42,FRED,https://fred.stlouisfed.org/series/DCOILWTICO,2026-09-03T13:09:38.096770+08:00
wti,2026-06-25,72.67,FRED,https://fred.stlouisfed.org/series/DCOILWTICO,2026-09-03T13:09:38.096770+08:00
wti,2026-06-26,70.3,FRED,https://fred.stlouisfed.org/series/DCOILWTICO,2026-09-03T13:09:38.096770+08:00
wti,2026-06-29,71.87,FRED,https://fred.stlouisfed.org/series/DCOILWTICO,2026-09-03T13:09:38.096770+08:00
wti,2026-06-30,70.56,FRED,https://fred.stlouisfed.org/series/DCOILWTICO,2026-09-03T13:09:38.096770+08:00
wti,2026-07-01,69.74,FRED,https://fred.stlouisfed.org/series/DCOILWTICO,2026-09-03T13:09:38.096770+08:00
wti,2026-07-02,69.73,FRED,https://fred.stlouisfed.org/series/DCOILWTICO,2026-09-03T13:09:38.096770+08:00
wti,2026-07-06,69.6,FRED,https://fred.stlouisfed.org/series/DCOILWTICO,2026-09-03T13:09:38.096770+08:00
wti,2026-07-07,71.53,FRED,https://fred.stlouisfed.org/series/DCOILWTICO,2026-09-03T13:09:38.096770+08:00
wti,2026-07-08,74.56,FRED,https://fred.stlouisfed.org/series/DCOILWTICO,2026-09-03T13:09:38.096770+08:00
wti,2026-07-09,73.15,FRED,https://fred.stlouisfed.org/series/DCOILWTICO,2026-09-03T13:09:38.096770+08:00
wti,2026-07-10,72.45,FRED,https://fred.stlouisfed.org/series/DCOILWTICO,2026-09-03T13:09:38.096770+08:00
wti,2026-07-13,79.2,FRED,https://fred.stlouisfed.org/series/DCOILWTICO,2026-09-03T13:09:38.096770+08:00
wti,2026-07-14,80.44,FRED,https://fred.stlouisfed.org/series/DCOILWTICO,2026-09-03T13:09:38.096770+08:00
wti,2026-07-15,80.73,FRED,https://fred.stlouisfed.org/series/DCOILWTICO,2026-09-03T13:09:38.096770+08:00
wti,2026-07-16,80.03,FRED,https://fred.stlouisfed.org/series/DCOILWTICO,2026-09-03T13:09:38.096770+08:00
wti,2026-07-17,83.43,FRED,https://fred.stlouisfed.org/series/DCOILWTICO,2026-09-03T13:09:38.096770+08:00
wti,2026-07-20,84.38,FRED,https://fred.stlouisfed.org/series/DCOILWTICO,2026-09-03T13:09:38.096770+08:00
wti,2026-07-21,86.04,FRED,https://fred.stlouisfed.org/series/DCOILWTICO,2026-09-03T13:09:38.096770+08:00
wti,2026-07-22,87.66,FRED,https://fred.stlouisfed.org/series/DCOILWTICO,2026-09-03T13:09:38.096770+08:00
wti,2026-07-23,93.08,FRED,https://fred.stlouisfed.org/series/DCOILWTICO,2026-09-03T13:09:38.096770+08:00
wti,2026-07-24,91.74,FRED,https://fred.stlouisfed.org/series/DCOILWTICO,2026-09-03T13:09:38.096770+08:00
wti,2026-07-27,84.25,FRED,https://fred.stlouisfed.org/series/DCOILWTICO,2026-09-03T13:09:38.096770+08:00
wti,2026-07-28,80.91,FRED,https://fred.stlouisfed.org/series/DCOILWTICO,2026-09-03T13:09:38.096770+08:00
wti,2026-07-29,86.08,FRED,https://fred.stlouisfed.org/series/DCOILWTICO,2026-09-03T13:09:38.096770+08:00
wti,2026-07-30,85.15,FRED,https://fred.stlouisfed.org/series/DCOILWTICO,2026-09-03T13:09:38.096770+08:00
wti,2026-07-31,86.16,FRED,https://fred.stlouisfed.org/series/DCOILWTICO,2026-09-03T13:09:38.096770+08:00
wti,2026-08-03,81.96,FRED,https://fred.stlouisfed.org/series/DCOILWTICO,2026-09-03T13:09:38.096770+08:00
wti,2026-08-04,77.33,FRED,https://fred.stlouisfed.org/series/DCOILWTICO,2026-09-03T13:09:38.096770+08:00
wti,2026-08-05,76.78,FRED,https://fred.stlouisfed.org/series/DCOILWTICO,2026-09-03T13:09:38.096770+08:00
wti,2026-08-06,78.88,FRED,https://fred.stlouisfed.org/series/DCOILWTICO,2026-09-03T13:09:38.096770+08:00
wti,2026-08-07,79.77,FRED,https://fred.stlouisfed.org/series/DCOILWTICO,2026-09-03T13:09:38.096770+08:00
wti,2026-08-10,83.76,FRED,https://fred.stlouisfed.org/series/DCOILWTICO,2026-09-03T13:09:38.096770+08:00
wti,2026-08-11,84.77,FRED,https://fred.stlouisfed.org/series/DCOILWTICO,2026-09-03T13:09:38.096770+08:00
wti,2026-08-12,84.97,FRED,https://fred.stlouisfed.org/series/DCOILWTICO,2026-09-03T13:09:38.096770+08:00
wti,2026-08-13,82.77,FRED,https://fred.stlouisfed.org/series/DCOILWTICO,2026-09-03T13:09:38.096770+08:00
wti,2026-08-14,83.99,FRED,https://fred.stlouisfed.org/series/DCOILWTICO,2026-09-03T13:09:38.096770+08:00
wti,2026-08-17,86.04,FRED,https://fred.stlouisfed.org/series/DCOILWTICO,2026-09-03T13:09:38.096770+08:00
wti,2026-08-18,86.48,FRED,https://fred.stlouisfed.org/series/DCOILWTICO,2026-09-03T13:09:38.096770+08:00
wti,2026-08-19,87.28,FRED,https://fred.stlouisfed.org/series/DCOILWTICO,2026-09-03T13:09:38.096770+08:00
wti,2026-08-20,89.75,FRED,https://fred.stlouisfed.org/series/DCOILWTICO,2026-09-03T13:09:38.096770+08:00
wti,2026-08-21,87.21,FRED,https://fred.stlouisfed.org/series/DCOILWTICO,2026-09-03T13:09:38.096770+08:00
wti,2026-08-24,86.34,FRED,https://fred.stlouisfed.org/series/DCOILWTICO,2026-09-03T13:09:38.096770+08:00
wti,2026-08-25,83.9,FRED,https://fred.stlouisfed.org/series/DCOILWTICO,2026-09-03T13:09:38.096770+08:00
wti,2026-08-26,83.46,FRED,https://fred.stlouisfed.org/series/DCOILWTICO,2026-09-03T13:09:38.096770+08:00
wti,2026-08-27,84.81,FRED,https://fred.stlouisfed.org/series/DCOILWTICO,2026-09-03T13:09:38.096770+08:00
wti,2026-08-28,84.57,FRED,https://fred.stlouisfed.org/series/DCOILWTICO,2026-09-03T13:09:38.096770+08:00
wti,2026-08-31,87.03,FRED,https://fred.stlouisfed.org/series/DCOILWTICO,2026-09-03T13:09:38.096770+08:00
wti,2026-09-01,91.48,FRED,https://fred.stlouisfed.org/series/DCOILWTICO,2026-09-03T13:09:38.096770+08:00
